﻿IdExterno,CUIT,Denominacion,Fuente,Direccion
CUIT30607032978,30607032978,MARCOS FERNANDEZ SOCIEDAD DE RESPONSABILIDAD LIMITADA,Cablevision,federico@marcosfernandezserl.com.ar
CUIT30703557674,30703557674,IONES COMUNICACIONES  SRL,Cablevision,administracion@ionesweb.com.ar
CUIT30703557674,30703557674,IONES COMUNICACIONES  SRL,Cablevision,nfanari@ionesweb.com.ar
CUIT30709854263,30709854263,RESTAURANT RANCHO GRANDE SRL,Cablevision,ranchogrande1960@gmail.com
CUIT30709854263,30709854263,RESTAURANT RANCHO GRANDE SRL,Cablevision,ranchogrande@uolsinectis.com
CUIT30711119716,30711119716,LA HISPANA SRL.,Cablevision,soleestudio@hotmail.com
CUIT30711119716,30711119716,LA HISPANA SRL.,Cablevision,altogas.com@hotmail.com
CUIT30711845565,30711845565,PENNISI & CARRO CORP SOCIEDAD ANONIMA,Cablevision,administracion@pennisicarrocorp.com
CUIT30711845565,30711845565,PENNISI & CARRO CORP SOCIEDAD ANONIMA,Cablevision,francisco@pennisicarrocorp.com
CUIT30712292446,30712292446,GRAN MARACANA S.A.,Cablevision,smercerat@fanaticoscamisetas.com
CUIT30712292446,30712292446,GRAN MARACANA S.A.,Cablevision,santiago@granmaracana.com.ar
CUIT30712292446,30712292446,GRAN MARACANA S.A.,Cablevision,admin@fanaticoscamisetas.com
CUIT30712292446,30712292446,GRAN MARACANA S.A.,Cablevision,rdefazio@granmaracana.com.ar
CUIT30712292446,30712292446,GRAN MARACANA S.A.,Cablevision,ermandemasi@gmail.com
CUIT30714105910,30714105910,GANADERA DEL LITORAL S.R.L.,Cablevision,ganaderadellitoral.s.r.l@gmail.com
CUIT30714105910,30714105910,GANADERA DEL LITORAL S.R.L.,Cablevision,bernal@oliviapizzas.com
CUIT30714422029,30714422029,CORDOBA AMBIENTAL S.R.L.,Cablevision,limpiezaredser1@hotmail.com
CUIT30714768316,30714768316,RIQUELME RAMONA Y RIQUELME DELIA SH,Cablevision,rominariquelme@yahoo.com.ar
CUIT30715695339,30715695339,JEDICRI S.R.L.,Cablevision,cristianyaru@hotmail.com
CUIT30715982893,30715982893,SIG SRL,Cablevision,pablocarreranqn@gmail.com
CUIT30715982893,30715982893,SIG SRL,Cablevision,carrerapablo@hotmail.com.ar
CUIT30715982893,30715982893,SIG SRL,Cablevision,blito20@hotmail.com
CUIT33709762309,33709762309,AGROFORESTAL EL VIVERO S.R.L.,Cablevision,agroforestalesvivero@hotmail.com.ar
CUIT33709762309,33709762309,AGROFORESTAL EL VIVERO S.R.L.,Cablevision,agroforestal@hotmail.com.ar
CUIT33711409799,33711409799,3 Y PICO SRL,Cablevision,info@tresypico.com.ar
RMS376454818172004,30707057617,WELL LOG S.R.L.,Cablevision,alejandra.spiegel@well-log.com.ar
RMS376454818172004,30707057617,WELL LOG S.R.L.,Cablevision,Oximinus@outlook.com
RMS376455123611008,30685895362,ISS ARGENTINA SA,Cablevision,info@ar.issworld.com
RMS376455123611008,30685895362,ISS ARGENTINA SA,Cablevision,mariasol.cozzi@ar.issworld.com
RMS376455123611008,30685895362,ISS ARGENTINA SA,Cablevision,natalia.logaffo@ar.issworld.com
RMS376455123611008,30685895362,ISS ARGENTINA SA,Cablevision,apedrozo@ar.issworld.com
RMS376455123611008,30685895362,ISS ARGENTINA SA,Cablevision,issar.facturaselectronicas@ar.issworld.c
RMS376455123611008,30685895362,ISS ARGENTINA SA,,vsanchez@ar.issworld.com
RMS376455123611008,30685895362,ISS ARGENTINA SA,,rrhh@ar.iss.com
RMS376456026802009,30709145785,FLEXI PLAS S.R.L.,Cablevision,carlosisola@fibertel.com.ar
RMS376456624391009,30709417262,NIC - PUBLICIDAD S.R.L.,Cablevision,nicadm@hotmail.com
RMS376456677791006,30503961268,IBM ARGENTINA SRL,Cablevision,jonaroza@ar.ibm.com
RMS376456677791006,30503961268,IBM ARGENTINA SRL,Cablevision,cafelix@ar.ibm.com
RMS376457424502001,30710033281,MANHATTAN VIAJES  S.R.L.,Cablevision,rrodriguez@manhattan.com.ar
RMS376457424502001,30710033281,MANHATTAN VIAJES  S.R.L.,Cablevision,sanina@manhattan.com.ar
RMS376457424502001,30710033281,MANHATTAN VIAJES  S.R.L.,Cablevision,administracion@manhattan.com.ar
RMS376457424502001,30710033281,MANHATTAN VIAJES  S.R.L.,Cablevision,yanina@manhattan.com.ar
RMS376457424502001,30710033281,MANHATTAN VIAJES  S.R.L.,Cablevision,l.audala@manhattan.com.ar
RMS376457424502001,30710033281,MANHATTAN VIAJES  S.R.L.,Cablevision,kankex@hotmail.com
RMS376454897522004,30711892555,UNEL SA,Cablevision,esteban1977@live.com
RMS376454897522004,30711892555,UNEL SA,Cablevision,sebastiandelafuente@hotmail.com
RMS376455550803003,30714159166,E-LOGISTICA SRL,Cablevision,atencion.proveedores@elogistica.com
RMS376455766011003,30564304065,ASOCIACION DEL PERSONAL SUPERIOR DE LA ORGANIZACION TECHINT,Cablevision,sistemas@apsot.com
RMS376456011231008,30715497944,PUNTO DOS S.R.L.,Cablevision,diego_gaitte@hotmail.com
RMS376456011231008,30715497944,PUNTO DOS S.R.L.,Cablevision,agustin.costanzo@punto2.com.ar
RMS376456011231008,30715497944,PUNTO DOS S.R.L.,Cablevision,dgaite@inforcom.com.ar
RMS376456011231008,30715497944,PUNTO DOS S.R.L.,Cablevision,diego_gaite@hotmail.com
RMS376456011231008,30715497944,PUNTO DOS S.R.L.,Cablevision,alejandra.bonis@punto2.com.ar
RMS376456011231008,30715497944,PUNTO DOS S.R.L.,Cablevision,jazmin.pastor@punto2.com.ar
RMS376456093535003,30710059825,SANATORIO MEDICO LOS TILOS SA,Cablevision,lostilosdepcompras@gmail.com
RMS376456093535003,30710059825,SANATORIO MEDICO LOS TILOS SA,Cablevision,sanatoriolostilos@gmail.com
RMS376456466173002,30506792165,CARGILL SOCIEDAD ANONIMA COMERCIAL E INDUSTRIAL,Cablevision,pablo_thurler@cargill.com
RMS376456466173002,30506792165,CARGILL SOCIEDAD ANONIMA COMERCIAL E INDUSTRIAL,Cablevision,lucia_ruiz@cargill.com
RMS376456466173002,30506792165,CARGILL SOCIEDAD ANONIMA COMERCIAL E INDUSTRIAL,Cablevision,victoria_gonzalez@cargill.com
RMS376456466173002,30506792165,CARGILL SOCIEDAD ANONIMA COMERCIAL E INDUSTRIAL,Cablevision,juan-carlos_lopez@cargill.com
RMS376456466173002,30506792165,CARGILL SOCIEDAD ANONIMA COMERCIAL E INDUSTRIAL,Cablevision,javier_pellegrini@cargill.com
RMS376456466173002,30506792165,CARGILL SOCIEDAD ANONIMA COMERCIAL E INDUSTRIAL,Cablevision,ariel_hernandez3@cargill.com
RMS376456466173002,30506792165,CARGILL SOCIEDAD ANONIMA COMERCIAL E INDUSTRIAL,Cablevision,diego_perafan@cargill.com
RMS376456466173002,30506792165,CARGILL SOCIEDAD ANONIMA COMERCIAL E INDUSTRIAL,Cablevision,alberto_dipierro@cargill.com
RMS376456466173002,30506792165,CARGILL SOCIEDAD ANONIMA COMERCIAL E INDUSTRIAL,Cablevision,georgina_pac@cargill.com
RMS376456466173002,30506792165,CARGILL SOCIEDAD ANONIMA COMERCIAL E INDUSTRIAL,Cablevision,sabrina_spagnolo@cargill.com
RMS376456466173002,30506792165,CARGILL SOCIEDAD ANONIMA COMERCIAL E INDUSTRIAL,Cablevision,martin_diambri@cargill.com
RMS376456466173002,30506792165,CARGILL SOCIEDAD ANONIMA COMERCIAL E INDUSTRIAL,Cablevision,gonzalo_daghero@cargill.com
RMS376456466173002,30506792165,CARGILL SOCIEDAD ANONIMA COMERCIAL E INDUSTRIAL,Cablevision,matias_caballero@cargill.com
RMS376456466173002,30506792165,CARGILL SOCIEDAD ANONIMA COMERCIAL E INDUSTRIAL,Cablevision,javier_pellegrini06@yahoo.com.ar
RMS376456466173002,30506792165,CARGILL SOCIEDAD ANONIMA COMERCIAL E INDUSTRIAL,,Viviana_Gioacchini@cargill.com
RMS376457452532003,30715214721,CREAZY SA,Cablevision,creazysa@gmail.com
RMS376457452532003,30715214721,CREAZY SA,Cablevision,gcordoba@cormetgroup.com.ar
RMS376450287821006,30713954205,CODECOP S.A,Cablevision,ivan.gutierrez@codecop.com.ar
RMS376450287821006,30713954205,CODECOP S.A,Cablevision,federicojrago@hotmail.com
RMS376450824021003,30710235925,NOKIA SOLUTIONS AND NETWORKS ARGENTINA SA,Cablevision,msanxa@gmail.com
RMS376450824021003,30710235925,NOKIA SOLUTIONS AND NETWORKS ARGENTINA SA,Cablevision,almuviguesa@yahoo.com.ar
RMS376450824021003,30710235925,NOKIA SOLUTIONS AND NETWORKS ARGENTINA SA,Cablevision,carmen.acosta.ext@nsn.com
RMS376452485021009,30659079468,PANALPINA TRANSPORTES MUNDIALES SA,Cablevision,ar-it@panalpina.com
RMS376452485021009,30659079468,PANALPINA TRANSPORTES MUNDIALES SA,Cablevision,mario.arias@panalpina.com
RMS376453202531007,30713746505,GRUPO PAMPATECH S.A.,Cablevision,lpanci@grupopamatech.com
RMS376453973222000,30710471319,DIETAR ARGENTINA SRL,Cablevision,evensur84@hotmail.com
RMS376453973222000,30710471319,DIETAR ARGENTINA SRL,Cablevision,contaduria@fullfitness.la
RMS376453973222000,30710471319,DIETAR ARGENTINA SRL,Cablevision,sol1@flechamail.com.ar
