﻿IdExterno,Documento,CUIL,Apellido,Nombre,RazonSocial
CUIT30607032978,60703297,30607032978,,,",MARCOS FERNANDEZ SRL"
CUIT30698087648,69808764,30698087648,,,",ITACUA CONSTRUCCIONES SRL"
CUIT30703557674,70355767,30703557674,,,",IONES COMUNICACIONES SRL"
CUIT30707047085,70704708,30707047085,,,",PATER SHOW SRL"
CUIT30707185208,70718520,30707185208,,,",GRUPO SCHENEIDER Y ASOC SRL"
CUIT30708710705,70871070,30708710705,,,",COMPACTO CONSTRUCC SECAS SRL"
CUIT30708747420,70874742,30708747420,,,",ASOC CIVIL APOYO FAMILIAR SG"
CUIT30709449571,70944957,30709449571,,,",AREBRERA SA"
CUIT30709524638,70952463,30709524638,,,",GRANDANOS SRL"
CUIT30709825735,70982573,30709825735,,,",DIEZ DISTRIBUCIONES SRL"
CUIT30709854263,70985426,30709854263,,,",RESTAURANT RANCHO G SRL"
CUIT30710404034,71040403,30710404034,,,",AGROFEDERAL SA"
CUIT30710634846,71063484,30710634846,,,",FULL BUS SRL"
CUIT30710792573,71079257,30710792573,,,",AWCA CUERO SA"
CUIT30711119716,71111971,30711119716,,,",LA HISPANA SRL"
CUIT30711845565,71184556,30711845565,,,",PENNISI Y CARRO CORP SA"
CUIT30712240012,71224001,30712240012,,,",VIA BIMBI SRL"
CUIT30712270337,71227033,30712270337,,,",HERDAR SRL"
CUIT30712292446,71229244,30712292446,,,",GRAN MARACANA SA"
CUIT30714105910,71410591,30714105910,,,",GANADERA DEL LITORAL SRL"
CUIT30714337870,71433787,30714337870,,,",DISTRI LEVA SRL"
CUIT30714422029,71442202,30714422029,,,",CORDOBA AMBIENTAL SRL"
CUIT30714643750,71464375,30714643750,,,",DAD SRL"
CUIT30714768316,71476831,30714768316,,,",RIQUELME R Y RIQUELME D SH"
CUIT30714995150,71499515,30714995150,,,",INSUFAST SRL"
CUIT30715139940,71513994,30715139940,,,",ON AIR CONTENIDOS SA"
CUIT30715150804,71515080,30715150804,,,",GUTEGEL SA"
CUIT30715224476,71522447,30715224476,,,",HAWEL SRL"
CUIT30715231251,71523125,30715231251,,,",AL BUEN GUSTO SRL"
CUIT30715324772,71532477,30715324772,,,",IL MARE FIAMBRES SC"
CUIT30715358529,71535852,30715358529,,,",PUERTO SECO SRL"
CUIT30715413929,71541392,30715413929,,,",EMPRENDIM TRES A TOOLS SA"
CUIT30715471872,71547187,30715471872,,,",FRANCOS CONSTRUCCIONES SRL"
CUIT30715527991,71552799,30715527991,,,",ACTIVO SA EF"
CUIT30715600850,71560085,30715600850,,,",GUSTAVO OSPER Y MARTIN TORTONE"
CUIT30715603264,71560326,30715603264,,,",OMEGA INTERCAMBIOS SRL"
CUIT30715608193,71560819,30715608193,,,",LIMA FOOD SRL"
CUIT30715695339,71569533,30715695339,,,",JEDICRI SRL"
CUIT30715772058,71577205,30715772058,,,",DARIO GORDO SA"
CUIT30715795414,71579541,30715795414,,,",LEPOR TEAM SA EN FORMACION"
CUIT30715896733,71589673,30715896733,,,",EVA ESTETICA INTEGRAL"
CUIT30715972170,71597217,30715972170,,,",TELEENERGIA SRL"
CUIT30715982893,71598289,30715982893,,,",SIG SRL EN FORMACION"
CUIT30715990233,71599023,30715990233,,,",HOLZ MIN SRL"
CUIT30716004968,71600496,30716004968,,,",PARADISUS SAS"
CUIT30716064006,71606400,30716064006,,,",GK INGENIERIA SRL"
CUIT30716067781,71606778,30716067781,,,",LO DE PE#A SAS"
CUIT30716107066,71610706,30716107066,,,",ASOCIACION CIVIL WILLIAM ALEXI"
CUIT30716132559,71613255,30716132559,,,",NATUS BIENES RAICES SAS"
CUIT30716134683,71613468,30716134683,,,",PUNTO VERDE FRESH SRL"
CUIT30716296284,71629628,30716296284,,,",BAO TAVERNA ASIATICA SAS"
CUIT30716314444,71631444,30716314444,,,",INFINITY SOLUTIONS SAS"
CUIT30716334313,71633431,30716334313,,,",ABASTECEDORA PORCINA MB SRL"
CUIT30716341042,71634104,30716341042,,,",A TOBIA Y F MARTIN Y HERR LGS"
CUIT30716390795,71639079,30716390795,,,",FEDECAM AGROPECUARIA SRL"
CUIT30716511843,71651184,30716511843,,,",NETWORKING SAS"
CUIT30716516438,71651643,30716516438,,,",BIEN ESTAR CONSTRUCCIONES SAS"
CUIT30716556960,71655696,30716556960,,,",REINO COMERCIAL SAS"
CUIT30716558815,71655881,30716558815,,,",GABAME DISTRIBUIDORA SRL"
CUIT30716572117,71657211,30716572117,,,",PCK TRANSPORTE SAS"
CUIT30716606674,71660667,30716606674,,,",VILOAGRAR SA EN FORMACION"
CUIT30716633884,71663388,30716633884,,,",REPUESTO DEL OESTE SAS"
CUIT33709762309,70976230,33709762309,,,",AGROFORESTAL EL VIVERO SRL"
CUIT33711409799,71140979,33711409799,,,",3 Y PICO SRL"
CUIT33716298189,71629818,33716298189,,,",LOGISTICA Y DISTRIBUCION SAN C"
RMS376454818172004,70705761,30707057617,,,ALEJANDRA SPIEGEL
RMS376455123611008,68589536,30685895362,,,BTA FINANZAS
RMS376456026802009,70914578,30709145785,,,HUGO WALTER KRINNER
RMS376456624391009,70941726,30709417262,,,SILVIA GRACIELA KONRAD
RMS376456677791006,50396126,30503961268,,,CAMILA AGUSTINA ALVAREZ
RMS376457424502001,71003328,30710033281,,,EMMANUEL DOMINGUEZ MAKUC
RMS376458419902008,50016615,30500166157,,,DANIEL ROBERTO CARMUEGA
RMS376454812601008,71604230,30716042304,,,JESUS DE LA CRUZ QUIROZ
RMS376454897522004,71189255,30711892555,,,ESTEBAN LEZCANO GARCIA
RMS376455550803003,71415916,30714159166,,,VERONICA GILONI
RMS376455766011003,56430406,30564304065,,,BTA: MARTA L PUJADAS
RMS376456011231008,71549794,30715497944,,,DIEGO L GARCIA VAAMONDE
RMS376456093535003,71005982,30710059825,,,SILVIA ANALIA ARZUAGA
RMS376456466173002,50679216,30506792165,,,MARIA ROSARIO VEGA
RMS376457452532003,71521472,30715214721,,,HECTOR ANIBAL GANDO
RMS376450287821006,71395420,30713954205,,,FRANCISCO AYERZA
RMS376450824021003,71023592,30710235925,,,ALFONSO ANGEL VERA
RMS376452485021009,65907946,30659079468,,,FERNANDO LOUREIRO
RMS376453202531007,71374650,30713746505,,,VICTOR HUGO MENDIZABAL
RMS376453973222000,71047131,30710471319,,,EZEQUIEL M HIPPERDINGER
