﻿IdExterno,CUIT,Denominacion,Domicilio,Cp,Localidad,Partido,Provincia,Origen,DetOrigen
CUIT30607032978,30607032978,MARCOS FERNANDEZ SOCIEDAD DE RESPONSABILIDAD LIMITADA,"PELLEGRINI 001905  ",2600,VENADO TUERTO,,SANTA FE,ANSES,
CUIT30607032978,30607032978,MARCOS FERNANDEZ SOCIEDAD DE RESPONSABILIDAD LIMITADA,"RIOJA 1068 PA ",,ROSARIO / ROSARIO,,SANTA FE,Cablevision,
CUIT30607032978,30607032978,MARCOS FERNANDEZ SOCIEDAD DE RESPONSABILIDAD LIMITADA,PELLEGRINI 01905,2600,VENADO TUERTO,,SANTA FE,Reg. Automotor (AHO167),
CUIT30698087648,30698087648,ITACUA CONSTRUCCIONES S R L,BOLIVAR-U.F 02-06 LOCAL 25 1941,3300,POSADAS/CAPITAL,,MISIONES,Reg. Automotor (N0013164),
CUIT30703557674,30703557674,IONES COMUNICACIONES  SRL,"MAIPU 000926  ",2000,ROSARIO NORTE,,SANTA FE,ANSES,
CUIT30703557674,30703557674,IONES COMUNICACIONES  SRL,"LAVALLE GRAL JUAN 965 PB ",,CANADA DE GOMEZ / IRIONDO,,SANTA FE,Cablevision,
CUIT30703557674,30703557674,IONES COMUNICACIONES  SRL,"LOPEZ E, AV. 2671 33 ",,ROSARIO / ROSARIO,,SANTA FE,Cablevision,
CUIT30703557674,30703557674,IONES COMUNICACIONES  SRL,"MAIPU 926  ",,ROSARIO / ROSARIO,,SANTA FE,Cablevision,
CUIT30703557674,30703557674,IONES COMUNICACIONES  SRL,MAIPU 926,2000,ROSARIO,,SANTA FE,Reg. Automotor (MCU016),
CUIT30703557674,30703557674,IONES COMUNICACIONES  SRL,Maipu 926,S2000CGJ,Rosario,,Santa Fe,Telefonia celular (Telecom Personal),Telecom Personal
CUIT30707185208,30707185208,GRUPO SCHENEIDER Y ASOCIADOS SRL,"MAIPU Y FALCON 000000  ",2900,SAN NICOLAS,,BUENOS AIRES,ANSES,
CUIT30708710705,30708710705,COMPACTO CONSTRUCCIONES SECAS S.R.L.,"JUAN MOREIRA 000111  ",8336,VILLA REGINA,,"RIO NEGRO ",ANSES,
CUIT30708710705,30708710705,COMPACTO CONSTRUCCIONES SECAS S.R.L.,JUAN MOREIRA 111,8336,VILLA REGINA,,RIO NEGRO,Reg. Automotor (AB740NR),
CUIT30708710705,30708710705,COMPACTO CONSTRUCCIONES SECAS S.R.L.,JUAN MOREIRA 111,8336,VILLA REGINA,,,Telefonia celular (AMX ARGENTINA),AMX ARGENTINA
CUIT30708710705,30708710705,COMPACTO CONSTRUCCIONES SECAS S.R.L.,RUTA 22 S/N,8336,GENERAL ENRIQUE GODOY,,LA PAMPA,Telefonia fija (Telefonica Argentina),Telefonica Argentina
CUIT30709449571,30709449571,AREBRERA S.A.,"MEDRANO 1046  ",,CAPITAL FEDERAL / CAPITAL FEDERAL,,CAPITAL FEDERAL,Cablevision,
CUIT30709825735,30709825735,DIEZ DISTRIBUCIONES SRL,"CIUDAD DE ESTECO 002934  ",5009,BARRIO LAS MARGARITA,,CORDOBA,ANSES,
CUIT30709825735,30709825735,DIEZ DISTRIBUCIONES SRL,"DIEZ NORA NANCIY COLOMBO LUIS  CIUDAD  00 ",BARRIO LAS,,,"5009,CORDOBA",ANSES,
CUIT30709854263,30709854263,RESTAURANT RANCHO GRANDE SRL,"AV RAFAEL NUðEZ 004142  ",5009,CERRO DE LAS ROSAS,,"CORDOBA ",ANSES,
CUIT30709854263,30709854263,RESTAURANT RANCHO GRANDE SRL,"NUNEZ RAFAEL, AV. 4142  ",,CORDOBA / CAPITAL,,CORDOBA,Cablevision,
CUIT30709854263,30709854263,RESTAURANT RANCHO GRANDE SRL,AV RAFAEL NUÑEZ 4142,5000,CORDOBA,,,Telefonia celular (AMX ARGENTINA),AMX ARGENTINA
CUIT30710404034,30710404034,AGROFEDERAL SA,MITRE 000930 4 01,2000,ROSARIO NORTE,,SANTA FE,ANSES,
CUIT30710404034,30710404034,AGROFEDERAL SA,ALBERTO J. PAZ BIS 1065,2000,ROSARIO,,SANTA FE,Reg. Automotor (GHU899),
CUIT30710404034,30710404034,AGROFEDERAL SA,SAN MARTIN 1579,5507,LUJAN DE CUYO,,MENDOZA,Telefonia fija (Telefonica Argentina),Telefonica Argentina
CUIT30710634846,30710634846,FULL BUS S.R.L.,"BELGRANO 001285  ",1854,LONGCHAMPS,,BUENOS AIRES,ANSES,
CUIT30710634846,30710634846,FULL BUS S.R.L.,MAIPU 42,1084,C.AUTONOMA DE BS.AS,,CABA,Reg. Automotor (OBR576),
CUIT30710634846,30710634846,FULL BUS S.R.L.,BELGRANO 1285,1854,LONGCHAMPS - ALTE BROWN,,BUENOS AIRES,Reg. Automotor (JVW715),
CUIT30710634846,30710634846,FULL BUS S.R.L.,BELGRANO MANUEL 1285,1854,LONGCHAMPS,,BUENOS AIRES,Telefonia fija (Telefonica Argentina),Telefonica Argentina
CUIT30710634846,30710634846,FULL BUS S.R.L.,BELGRANO MANUEL 1285 PB,1854,LONGCHAMPS,,BUENOS AIRES,Telefonia fija (Telefonica Argentina),Telefonica Argentina
CUIT30711119716,30711119716,LA HISPANA SRL.,"LAINEZ 000456  ",8316,PLOTTIER,,"NEUQUEN ",ANSES,
CUIT30711119716,30711119716,LA HISPANA SRL.,"LAINEZ 456  ",,PLOTTIER / CONFLUENCIA,,NEUQUEN,Cablevision,
CUIT30711119716,30711119716,LA HISPANA SRL.,LAINEZ 456,8316,PLOTTIER,,NEUQUEN,Reg. Automotor (AE231ST),
CUIT30711845565,30711845565,PENNISI & CARRO CORP SOCIEDAD ANONIMA,"CATAMARCA 1579 4 ",,MAR DEL PLATA / GRAL. PUEYRREDON,,BUENOS AIRES,Cablevision,
CUIT30711845565,30711845565,PENNISI & CARRO CORP SOCIEDAD ANONIMA,"ROFFO ANGEL 2295  ",,MAR DEL PLATA / GRAL. PUEYRREDON,,BUENOS AIRES,Cablevision,
CUIT30711845565,30711845565,PENNISI & CARRO CORP SOCIEDAD ANONIMA,"GAVIER GREGORIO 1988  ",,CORDOBA / CAPITAL,,CORDOBA,Cablevision,
CUIT30711845565,30711845565,PENNISI & CARRO CORP SOCIEDAD ANONIMA,"HUMBERTO I 132 PB ",,CORDOBA / CAPITAL,,CORDOBA,Cablevision,
CUIT30711845565,30711845565,PENNISI & CARRO CORP SOCIEDAD ANONIMA,"BROWN GUILLERMO 364  ",,NEUQUEN / CONFLUENCIA,,NEUQUEN,Cablevision,
CUIT30711845565,30711845565,PENNISI & CARRO CORP SOCIEDAD ANONIMA,"SAN JUAN 555  ",,NEUQUEN / CONFLUENCIA,,NEUQUEN,Cablevision,
CUIT30711845565,30711845565,PENNISI & CARRO CORP SOCIEDAD ANONIMA,"SAN MARTIN GRAL JOSE DE 3077  ",,NEUQUEN / CONFLUENCIA,,NEUQUEN,Cablevision,
CUIT30712240012,30712240012,VIA BIMBI S.R.L.,"MONROE 005216  ",1431,CAPITAL FEDERAL,,"CAPITAL FEDERAL ",ANSES,
CUIT30712270337,30712270337,HERDAR S.R.L.,"CORRIENTES AV.       002767        ","1046      ","CAPITAL FEDERAL     ",,"CAPITAL FEDERAL     ",ANSES,
CUIT30712292446,30712292446,GRAN MARACANA S.A.,"007, AV. 121  ",,LA PLATA / LA PLATA,,BUENOS AIRES,Cablevision,
CUIT30712292446,30712292446,GRAN MARACANA S.A.,"013, AV. 266  ",,LA PLATA / LA PLATA,,BUENOS AIRES,Cablevision,
CUIT30712292446,30712292446,GRAN MARACANA S.A.,"047 736  ",,LA PLATA / LA PLATA,,BUENOS AIRES,Cablevision,
CUIT30712292446,30712292446,GRAN MARACANA S.A.,"053, AV. 632 7 ",,LA PLATA / LA PLATA,,BUENOS AIRES,Cablevision,
CUIT30712292446,30712292446,GRAN MARACANA S.A.,"060, AV. 1919  ",,LA PLATA / LA PLATA,,BUENOS AIRES,Cablevision,
CUIT30712292446,30712292446,GRAN MARACANA S.A.,"074, DIAG. 1241  ",,LA PLATA / LA PLATA,,BUENOS AIRES,Cablevision,
CUIT30714105910,30714105910,GANADERA DEL LITORAL S.R.L.,"BARRUFALDI 2055  ",,POSADAS / LA CAPITAL,,MISIONES,Cablevision,
CUIT30714105910,30714105910,GANADERA DEL LITORAL S.R.L.,NORUEGA 3875,3300,POSADAS,,MISIONES,Reg. Automotor (AD548SL),
CUIT30714422029,30714422029,CORDOBA AMBIENTAL S.R.L.,"LAS HERAS, BVD. 955  ",,CORDOBA / CAPITAL,,CORDOBA,Cablevision,
CUIT30714643750,30714643750,DAD SRL,Avenida General Paz 144 Pb 14,5000,Córdoba,,Córdoba,Telefonia celular (Telecom Personal),Telecom Personal
CUIT30714768316,30714768316,RIQUELME RAMONA Y RIQUELME DELIA SH,"SANCHEZ DE BUSTAMANTE 1604  ",,CAPITAL FEDERAL / CAPITAL FEDERAL,,CAPITAL FEDERAL,Cablevision,
CUIT30715224476,30715224476,HAWEL SRL,Av Directorio 36,C1424CIN,Ciudad Autónoma Buenos Aires,,Ciudad Autónoma De B,Telefonia celular (Telefonica Movistar),Telefonica Movistar
CUIT30715695339,30715695339,JEDICRI S.R.L.,"SAN JUAN, AV. 1500 PB ",,CAPITAL FEDERAL / CAPITAL FEDERAL,,CAPITAL FEDERAL,Cablevision,
CUIT30715982893,30715982893,SIG SRL,"OLASCOAGA CNEL, AV. 2150  ",,NEUQUEN / CONFLUENCIA,,NEUQUEN,Cablevision,
CUIT30715982893,30715982893,SIG SRL,"SALTA 27  ",,NEUQUEN / CONFLUENCIA,,NEUQUEN,Cablevision,
CUIT33709762309,33709762309,AGROFORESTAL EL VIVERO S.R.L.,"JOULE JACOBO 5769  ",,CORDOBA / CAPITAL,,CORDOBA,Cablevision,
CUIT33709762309,33709762309,AGROFORESTAL EL VIVERO S.R.L.,FRAY MOCHO 2723,5000,CORDOBA,,,Telefonia celular (AMX ARGENTINA),AMX ARGENTINA
CUIT33711409799,33711409799,3 Y PICO SRL,CALLAO AV. 001371 1 A,1023,CAPITAL FEDERAL,,"CAPITAL FEDERAL ",ANSES,
CUIT33711409799,33711409799,3 Y PICO SRL,"CALLAO, AV.  4 ",,CAPITAL FEDERAL / CAPITAL FEDERAL,,CAPITAL FEDERAL,Cablevision,
CUIT33711409799,33711409799,3 Y PICO SRL,AV.CALLAO 1371,1023,,,CABA,Reg. Automotor (DIY841),
RMS376454818172004,30707057617,WELL LOG S.R.L.,"12 DE SEPTIEMBRE 004307  ",8300,NEUQUEN,,"NEUQUEN ",ANSES,
RMS376454818172004,30707057617,WELL LOG S.R.L.,"SAN MARTIN GRAL JOSE DE 4308  ",,NEUQUEN / CONFLUENCIA,,NEUQUEN,Cablevision,
RMS376454818172004,30707057617,WELL LOG S.R.L.,SAN MARTIN 4308,8300,NEUQUEN,,NEUQUEN,Reg. Automotor (LSY130),
RMS376454818172004,30707057617,WELL LOG S.R.L.,12 DE SEPTIEMBRE 4307,8300,NEUQUEN,,,Telefonia celular (AMX ARGENTINA),AMX ARGENTINA
RMS376454818172004,30707057617,WELL LOG S.R.L.,SAN MARTIN GRAL 4308,8300,NEUQUEN,,NEUQUEN,Telefonia fija (Telefonica Argentina),Telefonica Argentina
RMS376454818172004,30707057617,WELL LOG S.R.L.,SAN MARTIN GRAL 4332,8300,NEUQUEN,,NEUQUEN,Telefonia fija (Telefonica Argentina),Telefonica Argentina
RMS376455123611008,30685895362,ISS ARGENTINA SA,"BAZURCO 002355  ",1419,CAPITAL FEDERAL,,"CAPITAL FEDERAL ",ANSES,
RMS376455123611008,30685895362,ISS ARGENTINA SA,"ARENALES 2667  ",,CAPITAL FEDERAL / CAPITAL FEDERAL,,CAPITAL FEDERAL,Cablevision,
RMS376455123611008,30685895362,ISS ARGENTINA SA,"BAZURCO 2355  ",,CAPITAL FEDERAL / CAPITAL FEDERAL,,CAPITAL FEDERAL,Cablevision,
RMS376455123611008,30685895362,ISS ARGENTINA SA,"SANTA MARIA DE ORO FRAY J 2835 6 ",,CAPITAL FEDERAL / CAPITAL FEDERAL,,CAPITAL FEDERAL,Cablevision,
RMS376455123611008,30685895362,ISS ARGENTINA SA,BAZURCO 2355,1419,Ciudad de Buenos Aires,,CABA,Reg. Automotor (IOX501),
RMS376455123611008,30685895362,ISS ARGENTINA SA,ARENALES 02667,1425,,,CABA,Reg. Automotor (CZZ956),
RMS376455123611008,30685895362,ISS ARGENTINA SA,ARENALES 2667,1425,,,CABA,Reg. Automotor (AUO280),
RMS376455123611008,30685895362,ISS ARGENTINA SA,Jose Antonio Bazurco Y Herrera 2355,C1419FKC,Raíces,,Entre Ríos,Telefonia celular (Telecom Personal),Telecom Personal
RMS376455123611008,30685895362,ISS ARGENTINA SA,"JOSE A BAZURCO 2355,P:1,C1419FKC/ 1419,CAPITAL FEDERAL     (CAPITA-C),Capital Federal,Argentina",1419,Capital Federal,,Capital Federal,Telefonia celular (Telefonica Movistar),Telefonica Movistar
RMS376455123611008,30685895362,ISS ARGENTINA SA,BAZURCO 2335 PB,1419,CABA,,CABA,Telefonia fija (Telecom Argentina),Telecom Argentina
RMS376455123611008,30685895362,ISS ARGENTINA SA,9 DE JULIO 313,5500,MENDOZA,,MENDOZA,Telefonia fija (Telefonica Argentina),Telefonica Argentina
RMS376456026802009,30709145785,FLEXI PLAS S.R.L.,"NECOCHEA 542  ",,SAN MIGUEL DE TUCUMAN / CAPITAL,,TUCUMAN,Cablevision,
RMS376456026802009,30709145785,FLEXI PLAS S.R.L.,NECOCHEA 00542,4000,S.M.DE TUCUMAN*TUUCMAN,,TUCUMAN,Reg. Automotor (FBZ685),
RMS376456624391009,30709417262,NIC - PUBLICIDAD S.R.L.,"ITALIA 000431  ",1406,CAPITAL FEDERAL,,"CAPITAL FEDERAL ",ANSES,
RMS376456624391009,30709417262,NIC - PUBLICIDAD S.R.L.,"CUENCA 64  ",,CAPITAL FEDERAL / CAPITAL FEDERAL,,CAPITAL FEDERAL,Cablevision,
RMS376456624391009,30709417262,NIC - PUBLICIDAD S.R.L.,"CUENCA 64,1,1406,CAPITAL FEDERAL,Capital Federal,Argentina",1406,Capital Federal,,Capital Federal,Telefonia celular (Telefonica Argentina),Telefonica Argentina
RMS376456624391009,30709417262,NIC - PUBLICIDAD S.R.L.,"CUENCA 64,,1407,CAPITAL FEDERAL     (CAPITA-C),Capital Federal,Argentina",1407,Capital Federal,,Capital Federal,Telefonia celular (Telefonica Movistar),Telefonica Movistar
RMS376456677791006,30503961268,IBM ARGENTINA SRL,"BUTTY ENRIQUE ING. 000275  ",1001,CAPITAL FEDERAL,,"CAPITAL FEDERAL ",ANSES,
RMS376456677791006,30503961268,IBM ARGENTINA SRL,"YRIGOYEN PTE HIPOLITO 2149  ",,MARTINEZ / SAN ISIDRO,,BUENOS AIRES,Cablevision,
RMS376456677791006,30503961268,IBM ARGENTINA SRL,"BUTTY ING E 275  ",,CAPITAL FEDERAL / CAPITAL FEDERAL,,CAPITAL FEDERAL,Cablevision,
RMS376456677791006,30503961268,IBM ARGENTINA SRL,ING. BUTTY 275,1001,C.AUTONOMA DE BS.AS,,CABA,Reg. Automotor (LJL338),
RMS376456677791006,30503961268,IBM ARGENTINA SRL,INGENIERO BUTTY 275,1001,,,CABA,Reg. Automotor (GEH236),
RMS376456677791006,30503961268,IBM ARGENTINA SRL,ING ENRIQUE BUTTY 00275,1054,,,CABA,Reg. Automotor (DSB100),
RMS376456677791006,30503961268,IBM ARGENTINA SRL,TABARE 2470 PB,1437,CABA,,CABA,Telefonia fija (Telefonica Argentina),Telefonica Argentina
RMS376456677791006,30503961268,IBM ARGENTINA SRL,ZAPIOLA JOSE M 293,1663,MUÑIZ,,BUENOS AIRES,Telefonia fija (Telefonica Argentina),Telefonica Argentina
RMS376456677791006,30503961268,IBM ARGENTINA SRL,BILBAO FRANCISCO 1822 1 A,1406,CABA,,CABA,Telefonia fija (Telefonica Argentina),Telefonica Argentina
RMS376456677791006,30503961268,IBM ARGENTINA SRL,SARMIENTO 2362,1044,CABA,,CABA,Telefonia fija (Telefonica Argentina),Telefonica Argentina
RMS376456677791006,30503961268,IBM ARGENTINA SRL,AGRELO 4361 2 5,1224,CABA,,CABA,Telefonia fija (Telefonica Argentina),Telefonica Argentina
RMS376456677791006,30503961268,IBM ARGENTINA SRL,CAÑADA DE GOMEZ 738,1686,HURLINGHAM,,BUENOS AIRES,Telefonia fija (Telefonica Argentina),Telefonica Argentina
RMS376456677791006,30503961268,IBM ARGENTINA SRL,LAINEZ 1625,8001,BAHIA BLANCA,,,Telefonia fija (Telefonica Argentina),Telefonica Argentina
RMS376456677791006,30503961268,IBM ARGENTINA SRL,ROCA JULIO A GRAL 2046,1686,HURLINGHAM,,BUENOS AIRES,Telefonia fija (Telefonica Argentina),Telefonica Argentina
RMS376456677791006,30503961268,IBM ARGENTINA SRL,TOLOSA 135,1900,LA PLATA,,BUENOS AIRES,Telefonia fija (Telefonica Argentina),Telefonica Argentina
RMS376456677791006,30503961268,IBM ARGENTINA SRL,AV BELGRANO 2462 5 B,1096,CABA,,CABA,Telefonia fija (Telefonica Argentina),Telefonica Argentina
RMS376456677791006,30503961268,IBM ARGENTINA SRL,ING ENRIQUE BUTTY 275,1001,CABA,,CABA,Telefonia fija (Telefonica Argentina),Telefonica Argentina
RMS376456677791006,30503961268,IBM ARGENTINA SRL,AV HUERGO ING 839 PB,1107,CABA,,CABA,Telefonia fija (Telefonica Argentina),Telefonica Argentina
RMS376456677791006,30503961268,IBM ARGENTINA SRL,TUCUMAN 1952,1824,LANUS,,BUENOS AIRES,Telefonia fija (Telefonica Argentina),Telefonica Argentina
RMS376456677791006,30503961268,IBM ARGENTINA SRL,SCHUMANN 373,1686,HURLINGHAM,,BUENOS AIRES,Telefonia fija (Telefonica Argentina),Telefonica Argentina
RMS376456677791006,30503961268,IBM ARGENTINA SRL,MOISES LEBENSOHN 570,1868,PIÑEYRO,,,Telefonia fija (Telefonica Argentina),Telefonica Argentina
RMS376456677791006,30503961268,IBM ARGENTINA SRL,BARR: BARRIO SANTA BARBARA - LOTES - LOTM: 0096 -,1617,GENERAL PACHECO,,BUENOS AIRES,Telefonia fija (Telefonica Argentina),Telefonica Argentina
RMS376456677791006,30503961268,IBM ARGENTINA SRL,HIPOLITO YRIGOYEN 2147,1640,MARTINEZ,,BUENOS AIRES,Telefonia fija (Telefonica Argentina),Telefonica Argentina
RMS376456677791006,30503961268,IBM ARGENTINA SRL,DEFENSA 117 PB,1065,CABA,,CABA,Telefonia fija (Telefonica Argentina),Telefonica Argentina
RMS376456677791006,30503961268,IBM ARGENTINA SRL,DIAG 76 764 3 B,1900,LA PLATA,,BUENOS AIRES,Telefonia fija (Telefonica Argentina),Telefonica Argentina
RMS376456677791006,30503961268,IBM ARGENTINA SRL,DR SALK 4146,1636,OLIVOS,,BUENOS AIRES,Telefonia fija (Telecom Argentina),Telecom Argentina
RMS376456677791006,30503961268,IBM ARGENTINA SRL,ONCATIVO 532,1704,RAMOS MEJIA,,BUENOS AIRES,Telefonia fija (Telefonica Argentina),Telefonica Argentina
RMS376456677791006,30503961268,IBM ARGENTINA SRL,CALLE 3 772,6600,MERCEDES,,BUENOS AIRES,Telefonia fija (Telefonica Argentina),Telefonica Argentina
RMS376456677791006,30503961268,IBM ARGENTINA SRL,MANUEL ARTIGAS 5106 17 6,1440,CABA,,CABA,Telefonia fija (Telefonica Argentina),Telefonica Argentina
RMS376456677791006,30503961268,IBM ARGENTINA SRL,PAMPA 2857,1754,SAN JUSTO,,BUENOS AIRES,Telefonia fija (Telefonica Argentina),Telefonica Argentina
RMS376456677791006,30503961268,IBM ARGENTINA SRL,AV RIVADAVIA 3510,1204,CABA,,CABA,Telefonia fija (Telefonica Argentina),Telefonica Argentina
RMS376456677791006,30503961268,IBM ARGENTINA SRL,MANUELA PEDRAZA 590,7600,MAR DEL PLATA,,BUENOS AIRES,Telefonia fija (Telefonica Argentina),Telefonica Argentina
RMS376456677791006,30503961268,IBM ARGENTINA SRL,AV ALVEAR 1773 1 J,1014,CABA,,CABA,Telefonia fija (Telefonica Argentina),Telefonica Argentina
RMS376456677791006,30503961268,IBM ARGENTINA SRL,DEL B CENTENERA 910 3 E,1424,CABA,,CABA,Telefonia fija (Telefonica Argentina),Telefonica Argentina
RMS376456677791006,30503961268,IBM ARGENTINA SRL,CALLE 25 166,1900,LA PLATA,,BUENOS AIRES,Telefonia fija (Telefonica Argentina),Telefonica Argentina
RMS376456677791006,30503961268,IBM ARGENTINA SRL,CONSTITUCION 1069 PB 12,7000,TANDIL,,BUENOS AIRES,Telefonia fija (Telefonica Argentina),Telefonica Argentina
RMS376456677791006,30503961268,IBM ARGENTINA SRL,REPETTO 3656,1636,OLIVOS,,BUENOS AIRES,Telefonia fija (Telecom Argentina),Telecom Argentina
RMS376456677791006,30503961268,IBM ARGENTINA SRL,CASTELLI 768,1702,CIUDADELA,,BUENOS AIRES,Telefonia fija (Telefonica Argentina),Telefonica Argentina
RMS376456677791006,30503961268,IBM ARGENTINA SRL,GUIDO Y SPANO 3252,1754,VILLA LUZURIAGA,,BUENOS AIRES,Telefonia fija (Telefonica Argentina),Telefonica Argentina
RMS376456677791006,30503961268,IBM ARGENTINA SRL,ESPORA TOMAS 1076,1714,ITUZAINGO,,BUENOS AIRES,Telefonia fija (Telefonica Argentina),Telefonica Argentina
RMS376456677791006,30503961268,IBM ARGENTINA SRL,BELGRANO 285 4 E,1704,RAMOS MEJIA,,BUENOS AIRES,Telefonia fija (Telefonica Argentina),Telefonica Argentina
RMS376456677791006,30503961268,IBM ARGENTINA SRL,ROSARIO 74 5,1424,CABA,,CABA,Telefonia fija (Telefonica Argentina),Telefonica Argentina
RMS376456677791006,30503961268,IBM ARGENTINA SRL,ZUVIRIA 245 5 C,1424,CABA,,CABA,Telefonia fija (Telefonica Argentina),Telefonica Argentina
RMS376456677791006,30503961268,IBM ARGENTINA SRL,RIVELLO JULIO 29,1876,BERNAL ESTE,,BUENOS AIRES,Telefonia fija (Telefonica Argentina),Telefonica Argentina
RMS376456677791006,30503961268,IBM ARGENTINA SRL,CALLE 24 3720,6600,MERCEDES,,BUENOS AIRES,Telefonia fija (Telefonica Argentina),Telefonica Argentina
RMS376456677791006,30503961268,IBM ARGENTINA SRL,AV ESPAÑA 1043 PB,5700,SAN LUIS,,SAN LUIS,Telefonia fija (Telefonica Argentina),Telefonica Argentina
RMS376456677791006,30503961268,IBM ARGENTINA SRL,LABARDEN 624,1876,BERNAL ESTE,,BUENOS AIRES,Telefonia fija (Telefonica Argentina),Telefonica Argentina
RMS376456677791006,30503961268,IBM ARGENTINA SRL,CNEL RAMON FALCON 1190,1832,LOMAS DE ZAMORA,,BUENOS AIRES,Telefonia fija (Telefonica Argentina),Telefonica Argentina
RMS376456677791006,30503961268,IBM ARGENTINA SRL,VIDAL 3559,1826,REMEDIOS DE ESCALADA,,BUENOS AIRES,Telefonia fija (Telefonica Argentina),Telefonica Argentina
RMS376456677791006,30503961268,IBM ARGENTINA SRL,ROCA 1359,1852,BURZACO,,BUENOS AIRES,Telefonia fija (Telefonica Argentina),Telefonica Argentina
RMS376456677791006,30503961268,IBM ARGENTINA SRL,BOERO FELIPE 4075,1713,PARQUE LELOIR,,BUENOS AIRES,Telefonia fija (Telefonica Argentina),Telefonica Argentina
RMS376456677791006,30503961268,IBM ARGENTINA SRL,JUNCAL 1919 4 B,1116,CABA,,CABA,Telefonia fija (Telefonica Argentina),Telefonica Argentina
RMS376456677791006,30503961268,IBM ARGENTINA SRL,CASTELLI 1166,1832,LOMAS DE ZAMORA,,BUENOS AIRES,Telefonia fija (Telefonica Argentina),Telefonica Argentina
RMS376456677791006,30503961268,IBM ARGENTINA SRL,OLASCOAGA 1480 PB,5500,MENDOZA,,MENDOZA,Telefonia fija (Telefonica Argentina),Telefonica Argentina
RMS376456677791006,30503961268,IBM ARGENTINA SRL,MAIPU 241 5,1084,CABA,,CABA,Telefonia fija (Telefonica Argentina),Telefonica Argentina
RMS376456677791006,30503961268,IBM ARGENTINA SRL,BARR: BARRIO SANTA BARBARA - LOTES - LOTM: 3034 - ACL: BANCALARI BENAVIDEZ 3901 -,1617,GENERAL PACHECO,,BUENOS AIRES,Telefonia fija (Telefonica Argentina),Telefonica Argentina
RMS376456677791006,30503961268,IBM ARGENTINA SRL,BARTOLOME MITRE 2271 1 F,1712,CASTELAR,,BUENOS AIRES,Telefonia fija (Telefonica Argentina),Telefonica Argentina
RMS376456677791006,30503961268,IBM ARGENTINA SRL,COMB DE LOS POZOS 983 9 D,1222,CABA,,CABA,Telefonia fija (Telefonica Argentina),Telefonica Argentina
RMS376456677791006,30503961268,IBM ARGENTINA SRL,POSADAS GERVASIO 1746,1714,ITUZAINGO,,BUENOS AIRES,Telefonia fija (Telefonica Argentina),Telefonica Argentina
RMS376456677791006,30503961268,IBM ARGENTINA SRL,MARIANO MORENO 4570,1874,VILLA DOMINICO,,BUENOS AIRES,Telefonia fija (Telefonica Argentina),Telefonica Argentina
RMS376456677791006,30503961268,IBM ARGENTINA SRL,25 DE MAYO 140,1002,CABA,,CABA,Telefonia fija (Telefonica Argentina),Telefonica Argentina
RMS376456677791006,30503961268,IBM ARGENTINA SRL,PARRAL 260 4,1405,CABA,,CABA,Telefonia fija (Telefonica Argentina),Telefonica Argentina
RMS376456677791006,30503961268,IBM ARGENTINA SRL,MASCAGNI 2781,1686,HURLINGHAM,,BUENOS AIRES,Telefonia fija (Telefonica Argentina),Telefonica Argentina
RMS376456677791006,30503961268,IBM ARGENTINA SRL,SAN LORENZO 983,9400,RIO GALLEGOS,,SANTA CRUZ,Telefonia fija (Telefonica Argentina),Telefonica Argentina
RMS376456677791006,30503961268,IBM ARGENTINA SRL,AV PTE R S PE?A 567 3,1352,CABA,,CABA,Telefonia fija (Telefonica Argentina),Telefonica Argentina
RMS376456677791006,30503961268,IBM ARGENTINA SRL,BARR: COUNTRY LA CAMPIÑA - UNID: 0024 - ACL: LOTE 24 -,1629,PILAR,,BUENOS AIRES,Telefonia fija (Telefonica Argentina),Telefonica Argentina
RMS376456677791006,30503961268,IBM ARGENTINA SRL,AV GOYENA PEDRO 1494 5 A,1406,CABA,,CABA,Telefonia fija (Telefonica Argentina),Telefonica Argentina
RMS376456677791006,30503961268,IBM ARGENTINA SRL,EIZAGUIRRE DR 1974 PB,1754,SAN JUSTO,,BUENOS AIRES,Telefonia fija (Telefonica Argentina),Telefonica Argentina
RMS376456677791006,30503961268,IBM ARGENTINA SRL,RIO NEGRO 14,1704,RAMOS MEJIA,,BUENOS AIRES,Telefonia fija (Telefonica Argentina),Telefonica Argentina
RMS376456677791006,30503961268,IBM ARGENTINA SRL,TRES ARROYOS 818,1706,HAEDO,,BUENOS AIRES,Telefonia fija (Telefonica Argentina),Telefonica Argentina
RMS376456677791006,30503961268,IBM ARGENTINA SRL,AV JOSE M MORENO 429 8 A,1424,CABA,,CABA,Telefonia fija (Telefonica Argentina),Telefonica Argentina
RMS376456677791006,30503961268,IBM ARGENTINA SRL,MEXICO 1812 1 D,1222,CABA,,CABA,Telefonia fija (Telefonica Argentina),Telefonica Argentina
RMS376456677791006,30503961268,IBM ARGENTINA SRL,ANDRADE OLEGARIO 5681,1757,GREGORIO DE LAFERRERE,,BUENOS AIRES,Telefonia fija (Telefonica Argentina),Telefonica Argentina
RMS376456677791006,30503961268,IBM ARGENTINA SRL,HIPOLITO YRIGOYEN 2149,1640,MARTINEZ,,BUENOS AIRES,Telefonia fija (Telefonica Argentina),Telefonica Argentina
RMS376456677791006,30503961268,IBM ARGENTINA SRL,ROSARIO 2006,1712,CASTELAR,,BUENOS AIRES,Telefonia fija (Telefonica Argentina),Telefonica Argentina
RMS376456677791006,30503961268,IBM ARGENTINA SRL,TEMPLE 2044,1704,RAMOS MEJIA,,BUENOS AIRES,Telefonia fija (Telefonica Argentina),Telefonica Argentina
RMS376456677791006,30503961268,IBM ARGENTINA SRL,DON BOSCO 3818 PA,7600,MAR DEL PLATA,,BUENOS AIRES,Telefonia fija (Telefonica Argentina),Telefonica Argentina
RMS376456677791006,30503961268,IBM ARGENTINA SRL,AV HUERGO ING 839 1 TP,1107,CABA,,CABA,Telefonia fija (Telefonica Argentina),Telefonica Argentina
RMS376456677791006,30503961268,IBM ARGENTINA SRL,LOMAS DE ZAMORA 26 PB,1877,DON BOSCO,,,Telefonia fija (Telefonica Argentina),Telefonica Argentina
RMS376456677791006,30503961268,IBM ARGENTINA SRL,SANTIAGO D ESTERO 3164 PB,1824,LANUS,,BUENOS AIRES,Telefonia fija (Telefonica Argentina),Telefonica Argentina
RMS376456677791006,30503961268,IBM ARGENTINA SRL,AV INDEPENDENCIA 315 5 A,1099,CABA,,CABA,Telefonia fija (Telefonica Argentina),Telefonica Argentina
RMS376456677791006,30503961268,IBM ARGENTINA SRL,NEUQUEN 1460 3 A,1405,CABA,,CABA,Telefonia fija (Telefonica Argentina),Telefonica Argentina
RMS376456677791006,30503961268,IBM ARGENTINA SRL,LAPRIDA 1280 4 A,1425,CABA,,CABA,Telefonia fija (Telefonica Argentina),Telefonica Argentina
RMS376456677791006,30503961268,IBM ARGENTINA SRL,AV CASEROS 565 PB,1152,CABA,,CABA,Telefonia fija (Telefonica Argentina),Telefonica Argentina
RMS376456677791006,30503961268,IBM ARGENTINA SRL,MARIA 1971,1611,DON TORCUATO,,BUENOS AIRES,Telefonia fija (Telecom Argentina),Telecom Argentina
RMS376456677791006,30503961268,IBM ARGENTINA SRL,BARR: COUNTRY CLUB LA MARTINICA - LOTE: S/N - ACL: KM 54.5 -,1629,PILAR,,BUENOS AIRES,Telefonia fija (Telefonica Argentina),Telefonica Argentina
RMS376456677791006,30503961268,IBM ARGENTINA SRL,CALLE 26 3925,1897,MANUEL B GONNET,,BUENOS AIRES,Telefonia fija (Telefonica Argentina),Telefonica Argentina
RMS376456677791006,30503961268,IBM ARGENTINA SRL,COSQUIN 3060,1714,ITUZAINGO,,BUENOS AIRES,Telefonia fija (Telefonica Argentina),Telefonica Argentina
RMS376456677791006,30503961268,IBM ARGENTINA SRL,PATRICIOS 245 2 1,1870,AVELLANEDA,,BUENOS AIRES,Telefonia fija (Telefonica Argentina),Telefonica Argentina
RMS376456677791006,30503961268,IBM ARGENTINA SRL,LAGOS GARCIA 4470 PB,1839,NUEVE DE ABRIL,,,Telefonia fija (Telefonica Argentina),Telefonica Argentina
RMS376456677791006,30503961268,IBM ARGENTINA SRL,ALEM 165 1 5,7000,TANDIL,,BUENOS AIRES,Telefonia fija (Telefonica Argentina),Telefonica Argentina
RMS376456677791006,30503961268,IBM ARGENTINA SRL,CALLE 19 722 PB B,1900,LA PLATA,,BUENOS AIRES,Telefonia fija (Telefonica Argentina),Telefonica Argentina
RMS376456677791006,30503961268,IBM ARGENTINA SRL,PIEDRAS 1088 4 E,1070,CABA,,CABA,Telefonia fija (Telefonica Argentina),Telefonica Argentina
RMS376456677791006,30503961268,IBM ARGENTINA SRL,ALEM 666 4 A,7000,TANDIL,,BUENOS AIRES,Telefonia fija (Telefonica Argentina),Telefonica Argentina
RMS376456677791006,30503961268,IBM ARGENTINA SRL,RIO IGUAZU 889 PB,1661,BELLA VISTA GBA,,BUENOS AIRES,Telefonia fija (Telefonica Argentina),Telefonica Argentina
RMS376456677791006,30503961268,IBM ARGENTINA SRL,FARREL JUAN 182,1822,VALENTIN ALSINA,,BUENOS AIRES,Telefonia fija (Telefonica Argentina),Telefonica Argentina
RMS376456677791006,30503961268,IBM ARGENTINA SRL,AV HUERGO ING 1039,1107,CABA,,CABA,Telefonia fija (Telefonica Argentina),Telefonica Argentina
RMS376456677791006,30503961268,IBM ARGENTINA SRL,AV EVA PERON 1741 8,1406,CABA,,CABA,Telefonia fija (Telefonica Argentina),Telefonica Argentina
RMS376456677791006,30503961268,IBM ARGENTINA SRL,BARTOLOME MITRE 480 PB,1036,CABA,,CABA,Telefonia fija (Telefonica Argentina),Telefonica Argentina
RMS376456677791006,30503961268,IBM ARGENTINA SRL,CNEL RAMON FALCON 1455 3 A,1406,CABA,,CABA,Telefonia fija (Telefonica Argentina),Telefonica Argentina
RMS376456677791006,30503961268,IBM ARGENTINA SRL,CNEL UZAL 4235,1636,OLIVOS,,BUENOS AIRES,Telefonia fija (Telecom Argentina),Telecom Argentina
RMS376456677791006,30503961268,IBM ARGENTINA SRL,AV DIRECTORIO 666 3 2,1424,CABA,,CABA,Telefonia fija (Telefonica Argentina),Telefonica Argentina
RMS376456677791006,30503961268,IBM ARGENTINA SRL,FORMOSA 2353 1 B,5501,GODOY CRUZ,,MENDOZA,Telefonia fija (Telefonica Argentina),Telefonica Argentina
RMS376456677791006,30503961268,IBM ARGENTINA SRL,CASARIEGO 2105,6550,BOLIVAR,,BUENOS AIRES,Telefonia fija (Telefonica Argentina),Telefonica Argentina
RMS376456677791006,30503961268,IBM ARGENTINA SRL,BALCARCE 479 1,1064,CABA,,CABA,Telefonia fija (Telefonica Argentina),Telefonica Argentina
RMS376456677791006,30503961268,IBM ARGENTINA SRL,CARLOS PELLEGRINI 354 1,1704,RAMOS MEJIA,,BUENOS AIRES,Telefonia fija (Telefonica Argentina),Telefonica Argentina
RMS376456677791006,30503961268,IBM ARGENTINA SRL,FALUCHO 2167,1884,BERAZATEGUI,,BUENOS AIRES,Telefonia fija (Telefonica Argentina),Telefonica Argentina
RMS376456677791006,30503961268,IBM ARGENTINA SRL,CABILDO 432,1768,VILLA MADERO,,BUENOS AIRES,Telefonia fija (Telefonica Argentina),Telefonica Argentina
RMS376456677791006,30503961268,IBM ARGENTINA SRL,BARR: BO COUNTRY SAN ELISEO-R58 KM18 - LOTM: 0341 - ACL: EN SITIO ABONADO 2225 480084 -,1865,SAN VICENTE,,BUENOS AIRES,Telefonia fija (Telefonica Argentina),Telefonica Argentina
RMS376456677791006,30503961268,IBM ARGENTINA SRL,MAIPU 365,1876,BERNAL ESTE,,BUENOS AIRES,Telefonia fija (Telefonica Argentina),Telefonica Argentina
RMS376456677791006,30503961268,IBM ARGENTINA SRL,BARR: BARRIO COUNTRY VALLE ESCONDIDO - MAZG: 0032 - LOTE: 014 - ACL: BARRIO INTERNO  LA CIGARRA -,5000,CORDOBA,,CORDOBA,Telefonia fija (Telefonica Argentina),Telefonica Argentina
RMS376456677791006,30503961268,IBM ARGENTINA SRL,CALLE 460 1198,1890,JUAN MARIA GUTIERREZ,,BUENOS AIRES,Telefonia fija (Telefonica Argentina),Telefonica Argentina
RMS376456677791006,30503961268,IBM ARGENTINA SRL,O'BRIEN GRAL 783,1752,LOMAS DEL MIRADOR,,BUENOS AIRES,Telefonia fija (Telefonica Argentina),Telefonica Argentina
RMS376456677791006,30503961268,IBM ARGENTINA SRL,CORDOBA 1973 8 F,7600,MAR DEL PLATA,,BUENOS AIRES,Telefonia fija (Telefonica Argentina),Telefonica Argentina
RMS376456677791006,30503961268,IBM ARGENTINA SRL,MIRO 124,1406,CABA,,CABA,Telefonia fija (Telefonica Argentina),Telefonica Argentina
RMS376456677791006,30503961268,IBM ARGENTINA SRL,LAMADRID 542,1704,RAMOS MEJIA,,BUENOS AIRES,Telefonia fija (Telefonica Argentina),Telefonica Argentina
RMS376457424502001,30710033281,MANHATTAN VIAJES  S.R.L.,"NUEVA YORK 004305  ",1419,CAPITAL FEDERAL,,"CAPITAL FEDERAL ",ANSES,
RMS376457424502001,30710033281,MANHATTAN VIAJES  S.R.L.,"CIUDAD DE LA PAZ 3796  ",,CAPITAL FEDERAL / CAPITAL FEDERAL,,CAPITAL FEDERAL,Cablevision,
RMS376457424502001,30710033281,MANHATTAN VIAJES  S.R.L.,"CIUDAD DE LA PAZ 3796 PB ",,CAPITAL FEDERAL / CAPITAL FEDERAL,,CAPITAL FEDERAL,Cablevision,
RMS376457424502001,30710033281,MANHATTAN VIAJES  S.R.L.,"GOYENA PEDRO, AV. 797  ",,CAPITAL FEDERAL / CAPITAL FEDERAL,,CAPITAL FEDERAL,Cablevision,
RMS376457424502001,30710033281,MANHATTAN VIAJES  S.R.L.,"NUEVA YORK 4305  ",,CAPITAL FEDERAL / CAPITAL FEDERAL,,CAPITAL FEDERAL,Cablevision,
RMS376457424502001,30710033281,MANHATTAN VIAJES  S.R.L.,"VUELTA DE OBLIGADO 4496  ",,CAPITAL FEDERAL / CAPITAL FEDERAL,,CAPITAL FEDERAL,Cablevision,
RMS376457424502001,30710033281,MANHATTAN VIAJES  S.R.L.,NUEVA YORK 4305,1419,CIUDAD AUTONOMA BUENOS AIRES,,,Telefonia celular (AMX ARGENTINA),AMX ARGENTINA
RMS376457424502001,30710033281,MANHATTAN VIAJES  S.R.L.,AV GOYENA PEDRO 799 PB,1424,CABA,,CABA,Telefonia fija (Telefonica Argentina),Telefonica Argentina
RMS376457424502001,30710033281,MANHATTAN VIAJES  S.R.L.,AV GOYENA PEDRO 799,1424,CABA,,CABA,Telefonia fija (Telefonica Argentina),Telefonica Argentina
RMS376458419902008,30500166157,REVISTA VIVIENDA SRL,"YRIGOYEN HIPOLITO 001180 PB ",1086,CAPITAL FEDERAL,,"CAPITAL FEDERAL ",ANSES,
RMS376458419902008,30500166157,REVISTA VIVIENDA SRL,HIPOLITO YRIGOYEN 1180,1086,CIUDAD AUTONOMA BUENOS AIRES,,,Telefonia celular (),
RMS376458419902008,30500166157,REVISTA VIVIENDA SRL,HIPOLITO YRIGOYEN 1180 PB,1086,CABA,,CABA,Telefonia fija (Telefonica Argentina),Telefonica Argentina
RMS376454897522004,30711892555,UNEL SA,"DON BOSCO 003834  ",1206,CAPITAL FEDERAL,,"CAPITAL FEDERAL ",ANSES,
RMS376454897522004,30711892555,UNEL SA,"TUCUMAN 1039  ",,MORON / MORON,,BUENOS AIRES,Cablevision,
RMS376454897522004,30711892555,UNEL SA,DON BOSCO 3834 PB LOC,1206,CABA,,CABA,Telefonia fija (Telefonica Argentina),Telefonica Argentina
RMS376455550803003,30714159166,E-LOGISTICA SRL,AVENIDA CORRIENTES 2164 20 G,1045,CIUDAD AUTONOMA,,CAPITAL FEDERAL,ANSES,
RMS376455550803003,30714159166,E-LOGISTICA SRL,"CHACABUCO 430 PB ",,CAPITAL FEDERAL / CAPITAL FEDERAL,,CAPITAL FEDERAL,Cablevision,
RMS376455550803003,30714159166,E-LOGISTICA SRL,"CHACABUCO 430  ",,CAPITAL FEDERAL / CAPITAL FEDERAL,,CAPITAL FEDERAL,Cablevision,
RMS376455550803003,30714159166,E-LOGISTICA SRL,CHACABUCO 430,1425,C.AUTONOMA DE BS.AS,,CABA,Reg. Automotor (AD724LC),
RMS376455550803003,30714159166,E-LOGISTICA SRL,Batalla De Chacabuco 430,C1069AAJ,Ciudad Aut¾noma Buenos Aires,,Ciudad Aut¾noma De B,Telefonia celular (Telefonica Movistar),Telefonica Movistar
RMS376455766011003,30564304065,ASOCIACION DEL PERSONAL SUPERIOR DE LA ORGANIZACION TECHINT,"DELLA PAOLERA CARLOS 000297 1 ",1001,CAPITAL FEDERAL,,"CAPITAL FEDERAL ",ANSES,
RMS376455766011003,30564304065,ASOCIACION DEL PERSONAL SUPERIOR DE LA ORGANIZACION TECHINT,"CORDOBA, AV. 320 1 ",,CAPITAL FEDERAL / CAPITAL FEDERAL,,CAPITAL FEDERAL,Cablevision,
RMS376455766011003,30564304065,ASOCIACION DEL PERSONAL SUPERIOR DE LA ORGANIZACION TECHINT,AV. CORDOBA 320,1054,C.AUTONOMA DE BS.AS,,CABA,Reg. Automotor (AB357KL),
RMS376455766011003,30564304065,ASOCIACION DEL PERSONAL SUPERIOR DE LA ORGANIZACION TECHINT,DELLA PAOLERA 299,1001,,,CABA,Reg. Automotor (LAR010),
RMS376456011231008,30715497944,PUNTO DOS S.R.L.,"091-SAN LORENZO, DIAG. 4101  ",,VILLA BALLESTER / GRAL. SAN MARTIN,,BUENOS AIRES,Cablevision,
RMS376456011231008,30715497944,PUNTO DOS S.R.L.,"ANTARTIDA ARGENTINA, AV. 799  ",,LLAVALLOL / LOMAS DE ZAMORA,,BUENOS AIRES,Cablevision,
RMS376456011231008,30715497944,PUNTO DOS S.R.L.,"ANTARTIDA ARGENTINA, AV. 801 PB ",,LLAVALLOL / LOMAS DE ZAMORA,,BUENOS AIRES,Cablevision,
RMS376456011231008,30715497944,PUNTO DOS S.R.L.,"ROSAS JUAN MANUEL, BVD. 658  ",,CASTELAR / MORON,,BUENOS AIRES,Cablevision,
RMS376456011231008,30715497944,PUNTO DOS S.R.L.,"ROSAS JUAN MANUEL, BVD. 658 1 ",,CASTELAR / MORON,,BUENOS AIRES,Cablevision,
RMS376456011231008,30715497944,PUNTO DOS S.R.L.,"RIVADAVIA 151  ",,QUILMES / QUILMES,,BUENOS AIRES,Cablevision,
RMS376456011231008,30715497944,PUNTO DOS S.R.L.,"PARANA, AV. 3745  ",,MARTINEZ / SAN ISIDRO,,BUENOS AIRES,Cablevision,
RMS376456011231008,30715497944,PUNTO DOS S.R.L.,"CORRIENTES, AV. 3247  ",,CAPITAL FEDERAL / CAPITAL FEDERAL,,CAPITAL FEDERAL,Cablevision,
RMS376456011231008,30715497944,PUNTO DOS S.R.L.,"CORRIENTES, AV. 3247 NPB ",,CAPITAL FEDERAL / CAPITAL FEDERAL,,CAPITAL FEDERAL,Cablevision,
RMS376456011231008,30715497944,PUNTO DOS S.R.L.,"FLORIDA 555  ",,CAPITAL FEDERAL / CAPITAL FEDERAL,,CAPITAL FEDERAL,Cablevision,
RMS376456011231008,30715497944,PUNTO DOS S.R.L.,"FLORIDA 555 349 ",,CAPITAL FEDERAL / CAPITAL FEDERAL,,CAPITAL FEDERAL,Cablevision,
RMS376456011231008,30715497944,PUNTO DOS S.R.L.,"PUEYRREDON JUAN, AV. 2501 1 ",,CAPITAL FEDERAL / CAPITAL FEDERAL,,CAPITAL FEDERAL,Cablevision,
RMS376456011231008,30715497944,PUNTO DOS S.R.L.,"PUEYRREDON JUAN, AV. 2501  ",,CAPITAL FEDERAL / CAPITAL FEDERAL,,CAPITAL FEDERAL,Cablevision,
RMS376456011231008,30715497944,PUNTO DOS S.R.L.,"QUEVEDO 3365 PB ",,CAPITAL FEDERAL / CAPITAL FEDERAL,,CAPITAL FEDERAL,Cablevision,
RMS376456011231008,30715497944,PUNTO DOS S.R.L.,"SANTA FE, AV. 3253 PB ",,CAPITAL FEDERAL / CAPITAL FEDERAL,,CAPITAL FEDERAL,Cablevision,
RMS376456011231008,30715497944,PUNTO DOS S.R.L.,"SARMIENTO 760 2 ",,CAPITAL FEDERAL / CAPITAL FEDERAL,,CAPITAL FEDERAL,Cablevision,
RMS376456011231008,30715497944,PUNTO DOS S.R.L.,"SARMIENTO 760  ",,CAPITAL FEDERAL / CAPITAL FEDERAL,,CAPITAL FEDERAL,Cablevision,
RMS376456011231008,30715497944,PUNTO DOS S.R.L.,AV. SAN MARTIN 7236,1491,C.AUTONOMA DE BS.AS,,CABA,Reg. Automotor (AA406UR),
RMS376456011231008,30715497944,PUNTO DOS S.R.L.,AV SAN MARTIN 7236,1419,CIUDAD DE BUENOS AIRES,,CABA,Reg. Automotor (AC700GV),
RMS376456011231008,30715497944,PUNTO DOS S.R.L.,AV.SAN MARTIN 7236,1419,C.AUTONOMA DE BS.AS,,CABA,Reg. Automotor (422HPL),
RMS376456093535003,30710059825,SANATORIO MEDICO LOS TILOS SA,"41 000347  ",1900,LA PLATA NOROESTE CA,,BUENOS AIRES,ANSES,
RMS376456093535003,30710059825,SANATORIO MEDICO LOS TILOS SA,"041 347  ",,LA PLATA / LA PLATA,,BUENOS AIRES,Cablevision,
RMS376456093535003,30710059825,SANATORIO MEDICO LOS TILOS SA,CALLE 41 347,1900,LA PLATA,,BUENOS AIRES,Telefonia fija (Telefonica Argentina),Telefonica Argentina
RMS376456093535003,30710059825,SANATORIO MEDICO LOS TILOS SA,CALLE 41 347 PB FTE,1900,LA PLATA,,BUENOS AIRES,Telefonia fija (Telefonica Argentina),Telefonica Argentina
RMS376456466173002,30506792165,CARGILL SOCIEDAD ANONIMA COMERCIAL E INDUSTRIAL,"ALEM LEANDRO N. AV. 000928 01 ",1001,CAPITAL FEDERAL,,"CAPITAL FEDERAL ",ANSES,
RMS376456466173002,30506792165,CARGILL SOCIEDAD ANONIMA COMERCIAL E INDUSTRIAL,"FOURNIER 951  ",,9 DE JULIO / 9 DE JULIO,,BUENOS AIRES,Cablevision,
RMS376456466173002,30506792165,CARGILL SOCIEDAD ANONIMA COMERCIAL E INDUSTRIAL,"006 136  ",,FRENCH / 9 DE JULIO,,BUENOS AIRES,Cablevision,
RMS376456466173002,30506792165,CARGILL SOCIEDAD ANONIMA COMERCIAL E INDUSTRIAL,"BELGRANO MANUEL 899  ",,FRENCH / 9 DE JULIO,,BUENOS AIRES,Cablevision,
RMS376456466173002,30506792165,CARGILL SOCIEDAD ANONIMA COMERCIAL E INDUSTRIAL,"SANTA ROSA 1155  ",,BRAGADO / BRAGADO,,BUENOS AIRES,Cablevision,
RMS376456466173002,30506792165,CARGILL SOCIEDAD ANONIMA COMERCIAL E INDUSTRIAL,"311-ELGUEA ROMAN, AV. 305  ",,CHACABUCO / CHACABUCO,,BUENOS AIRES,Cablevision,
RMS376456466173002,30506792165,CARGILL SOCIEDAD ANONIMA COMERCIAL E INDUSTRIAL,"311-ELGUEA ROMAN, AV. 501  ",,CHACABUCO / CHACABUCO,,BUENOS AIRES,Cablevision,
RMS376456466173002,30506792165,CARGILL SOCIEDAD ANONIMA COMERCIAL E INDUSTRIAL,"ALBERDI JUAN BAUTISTA 389  ",,JUNIN / JUNIN,,BUENOS AIRES,Cablevision,
RMS376456466173002,30506792165,CARGILL SOCIEDAD ANONIMA COMERCIAL E INDUSTRIAL,"TORMEY J P, AV. 951  ",,ROJAS / ROJAS,,BUENOS AIRES,Cablevision,
RMS376456466173002,30506792165,CARGILL SOCIEDAD ANONIMA COMERCIAL E INDUSTRIAL,"DEAN FUNES 475  ",,TRES ARROYOS / TRES ARROYOS,,BUENOS AIRES,Cablevision,
RMS376456466173002,30506792165,CARGILL SOCIEDAD ANONIMA COMERCIAL E INDUSTRIAL,"SAAVEDRA 841  ",,TRES ARROYOS / TRES ARROYOS,,BUENOS AIRES,Cablevision,
RMS376456466173002,30506792165,CARGILL SOCIEDAD ANONIMA COMERCIAL E INDUSTRIAL,"ALEM LEANDRO N, AV. 928 9 ",,CAPITAL FEDERAL / CAPITAL FEDERAL,,CAPITAL FEDERAL,Cablevision,
RMS376456466173002,30506792165,CARGILL SOCIEDAD ANONIMA COMERCIAL E INDUSTRIAL,"ALEM LEANDRO N, AV. 928 10 ",,CAPITAL FEDERAL / CAPITAL FEDERAL,,CAPITAL FEDERAL,Cablevision,
RMS376456466173002,30506792165,CARGILL SOCIEDAD ANONIMA COMERCIAL E INDUSTRIAL,"ALEM LEANDRO N, AV. 928 8 ",,CAPITAL FEDERAL / CAPITAL FEDERAL,,CAPITAL FEDERAL,Cablevision,
RMS376456466173002,30506792165,CARGILL SOCIEDAD ANONIMA COMERCIAL E INDUSTRIAL,"ALEM LEANDRO N, AV. 928 PB ",,CAPITAL FEDERAL / CAPITAL FEDERAL,,CAPITAL FEDERAL,Cablevision,
RMS376456466173002,30506792165,CARGILL SOCIEDAD ANONIMA COMERCIAL E INDUSTRIAL,"ALEM LEANDRO N, AV. 928  ",,CAPITAL FEDERAL / CAPITAL FEDERAL,,CAPITAL FEDERAL,Cablevision,
RMS376456466173002,30506792165,CARGILL SOCIEDAD ANONIMA COMERCIAL E INDUSTRIAL,"ALEM LEANDRO N, AV. 928 2 ",,CAPITAL FEDERAL / CAPITAL FEDERAL,,CAPITAL FEDERAL,Cablevision,
RMS376456466173002,30506792165,CARGILL SOCIEDAD ANONIMA COMERCIAL E INDUSTRIAL,"DEL LIBERTADOR, AV. 6802 11 ",,CAPITAL FEDERAL / CAPITAL FEDERAL,,CAPITAL FEDERAL,Cablevision,
RMS376456466173002,30506792165,CARGILL SOCIEDAD ANONIMA COMERCIAL E INDUSTRIAL,"GIMENEZ GAGO 1185  ",,REALICO / REALICO,,LA PAMPA,Cablevision,
RMS376456466173002,30506792165,CARGILL SOCIEDAD ANONIMA COMERCIAL E INDUSTRIAL,"CORDOBA 2441  ",,ROSARIO / ROSARIO,,SANTA FE,Cablevision,
RMS376456466173002,30506792165,CARGILL SOCIEDAD ANONIMA COMERCIAL E INDUSTRIAL,"CORDOBA 2441 PB ",,ROSARIO / ROSARIO,,SANTA FE,Cablevision,
RMS376456466173002,30506792165,CARGILL SOCIEDAD ANONIMA COMERCIAL E INDUSTRIAL,"PARAGUAY 777 8 ",,ROSARIO / ROSARIO,,SANTA FE,Cablevision,
RMS376456466173002,30506792165,CARGILL SOCIEDAD ANONIMA COMERCIAL E INDUSTRIAL,"PARAGUAY 777 5 ",,ROSARIO / ROSARIO,,SANTA FE,Cablevision,
RMS376456466173002,30506792165,CARGILL SOCIEDAD ANONIMA COMERCIAL E INDUSTRIAL,"PARAGUAY 777 9 ",,ROSARIO / ROSARIO,,SANTA FE,Cablevision,
RMS376456466173002,30506792165,CARGILL SOCIEDAD ANONIMA COMERCIAL E INDUSTRIAL,"PARAGUAY 777 07 ",,ROSARIO / ROSARIO,,SANTA FE,Cablevision,
RMS376456466173002,30506792165,CARGILL SOCIEDAD ANONIMA COMERCIAL E INDUSTRIAL,"PARAGUAY 777 6 ",,ROSARIO / ROSARIO,,SANTA FE,Cablevision,
RMS376456466173002,30506792165,CARGILL SOCIEDAD ANONIMA COMERCIAL E INDUSTRIAL,"SALTA, AV. 3508  ",,ROSARIO / ROSARIO,,SANTA FE,Cablevision,
RMS376456466173002,30506792165,CARGILL SOCIEDAD ANONIMA COMERCIAL E INDUSTRIAL,AV LEANDRO N ALEM 928,1001,CABA,,CABA,Reg. Automotor (AE560FG),
RMS376456466173002,30506792165,CARGILL SOCIEDAD ANONIMA COMERCIAL E INDUSTRIAL,AV. LEANDRO N. ALEM 00928,1001,CABA,,CABA,Reg. Automotor (AE524TN),
RMS376456466173002,30506792165,CARGILL SOCIEDAD ANONIMA COMERCIAL E INDUSTRIAL,LEANDRO N ALEM 928,1001,CABA,,CABA,Reg. Automotor (AE524TH),
RMS376456466173002,30506792165,CARGILL SOCIEDAD ANONIMA COMERCIAL E INDUSTRIAL,AV. L.N. ALEM 928,99999,,,CABA,Reg. Automotor (PQC360),
RMS376456466173002,30506792165,CARGILL SOCIEDAD ANONIMA COMERCIAL E INDUSTRIAL,AV LEANDRO N ALEM 925,1001,C.AUTONOMA DE BS.AS,,CABA,Reg. Automotor (AE237GW),
RMS376456466173002,30506792165,CARGILL SOCIEDAD ANONIMA COMERCIAL E INDUSTRIAL,AV.LEANDRO N ALEM 928,1001,CABA,,CABA,Reg. Automotor (AE221PT),
RMS376456466173002,30506792165,CARGILL SOCIEDAD ANONIMA COMERCIAL E INDUSTRIAL,AV. LENADRO N. ALEM 928,1001,C.AUTONOMA DE BS.AS,,CABA,Reg. Automotor (PQC481),
RMS376456466173002,30506792165,CARGILL SOCIEDAD ANONIMA COMERCIAL E INDUSTRIAL,AV LEANDRO N ALEMM 928,1001,C.AUTONOMA DE BS.AS,,CABA,Reg. Automotor (GII777),
RMS376456466173002,30506792165,CARGILL SOCIEDAD ANONIMA COMERCIAL E INDUSTRIAL,AV LEANDRO N. ALEM 928,1001,CABA,,CABA,Reg. Automotor (AE157SF),
RMS376456466173002,30506792165,CARGILL SOCIEDAD ANONIMA COMERCIAL E INDUSTRIAL,AV. LEANDRO N. ALEM 928,1001,CABA,,CABA,Reg. Automotor (AD758XA),
RMS376456466173002,30506792165,CARGILL SOCIEDAD ANONIMA COMERCIAL E INDUSTRIAL,AV. LEANDRO N ALEM 928,1001,CABA,,CABA,Reg. Automotor (AD730HY),
RMS376456466173002,30506792165,CARGILL SOCIEDAD ANONIMA COMERCIAL E INDUSTRIAL,AV LEANDRO N  ALEM 928,1001,C.AUTONOMA DE BS.AS,,CABA,Reg. Automotor (AD550BL),
RMS376456466173002,30506792165,CARGILL SOCIEDAD ANONIMA COMERCIAL E INDUSTRIAL,AV.L.N.ALEM 00928,1001,C.AUTONOMA DE BS.AS,,CABA,Reg. Automotor (GII778),
RMS376456466173002,30506792165,CARGILL SOCIEDAD ANONIMA COMERCIAL E INDUSTRIAL,ALEM 928,1001,CAPITAL FEDERAL,,CABA,Reg. Automotor (AD597EB),
RMS376456466173002,30506792165,CARGILL SOCIEDAD ANONIMA COMERCIAL E INDUSTRIAL,AV.L.N.ALEM 928,1001,C.AUTONOMA DE BS.AS,,CABA,Reg. Automotor (FEV368),
RMS376456466173002,30506792165,CARGILL SOCIEDAD ANONIMA COMERCIAL E INDUSTRIAL,AV.LEANDRO N. ALEM 928,1001,C.AUTONOMA DE BS.AS,,CABA,Reg. Automotor (GII787),
RMS376456466173002,30506792165,CARGILL SOCIEDAD ANONIMA COMERCIAL E INDUSTRIAL,AV.LEANDRO N. ALEM 00928,1001,C.AUTONOMA DE BS.AS,,CABA,Reg. Automotor (AC242LW),
RMS376456466173002,30506792165,CARGILL SOCIEDAD ANONIMA COMERCIAL E INDUSTRIAL,LEANDRO N. ALEM 928,1001,C.AUTONOMA DE BS.AS,,CABA,Reg. Automotor (AB916TP),
RMS376456466173002,30506792165,CARGILL SOCIEDAD ANONIMA COMERCIAL E INDUSTRIAL,L.N.ALEM 00928,1001,CAPITAL FEDERAL,,CABA,Reg. Automotor (AB700QA),
RMS376456466173002,30506792165,CARGILL SOCIEDAD ANONIMA COMERCIAL E INDUSTRIAL,AV LEANDRO ALEM 928,1001,C.AUTONOMA DE BS.AS,,CABA,Reg. Automotor (AB700QB),
RMS376456466173002,30506792165,CARGILL SOCIEDAD ANONIMA COMERCIAL E INDUSTRIAL,AV. LEANDRO N. ALEM. 928,1001,C.AUTONOMA DE BS.AS,,CABA,Reg. Automotor (AB659TT),
RMS376456466173002,30506792165,CARGILL SOCIEDAD ANONIMA COMERCIAL E INDUSTRIAL,AV. LEANDRO ALEM 928,1001,C.AUTONOMA DE BS.AS,,CABA,Reg. Automotor (AB653VX),
RMS376456466173002,30506792165,CARGILL SOCIEDAD ANONIMA COMERCIAL E INDUSTRIAL,L.N.ALEM 928,1001,,,CABA,Reg. Automotor (AB152HC),
RMS376456466173002,30506792165,CARGILL SOCIEDAD ANONIMA COMERCIAL E INDUSTRIAL,AV. L. N. ALEM 928,1001,C.AUTONOMA DE BS.AS,,CABA,Reg. Automotor (AB117MS),
RMS376456466173002,30506792165,CARGILL SOCIEDAD ANONIMA COMERCIAL E INDUSTRIAL,AV.LEANDRO N.ALEM 928,1001,C.AUTONOMA DE BS.AS,,CABA,Reg. Automotor (AB074KU),
RMS376456466173002,30506792165,CARGILL SOCIEDAD ANONIMA COMERCIAL E INDUSTRIAL,AV.L.N. ALEM 928,1001,C.AUTONOMA DE BS.AS,,CABA,Reg. Automotor (NOE476),
RMS376456466173002,30506792165,CARGILL SOCIEDAD ANONIMA COMERCIAL E INDUSTRIAL,L. N. ALEM 928,1001,,,CABA,Reg. Automotor (POV397),
RMS376456466173002,30506792165,CARGILL SOCIEDAD ANONIMA COMERCIAL E INDUSTRIAL,AV. L.N.ALEM 928,1001,,,CABA,Reg. Automotor (NOE517),
RMS376456466173002,30506792165,CARGILL SOCIEDAD ANONIMA COMERCIAL E INDUSTRIAL,L.N. ALEM 928,1001,C.AUTONOMA DE BS.AS,,CABA,Reg. Automotor (AD016KF),
RMS376456466173002,30506792165,CARGILL SOCIEDAD ANONIMA COMERCIAL E INDUSTRIAL,LEANDRO N.ALEM 928,1001,CAPITAL FEDERAL,,CABA,Reg. Automotor (AC744VT),
RMS376456466173002,30506792165,CARGILL SOCIEDAD ANONIMA COMERCIAL E INDUSTRIAL,AV. LEANDRO N.ALEM 928,1001,CAPITAL FEDERAL,,CABA,Reg. Automotor (AC881DD),
RMS376456466173002,30506792165,CARGILL SOCIEDAD ANONIMA COMERCIAL E INDUSTRIAL,L.N ALEM 928,1001,C.AUTONOMA DE BS.AS,,CABA,Reg. Automotor (AC618QC),
RMS376456466173002,30506792165,CARGILL SOCIEDAD ANONIMA COMERCIAL E INDUSTRIAL,AV LENADRO N ALEM 928,1001,CABA,,CABA,Reg. Automotor (AD256IN),
RMS376456466173002,30506792165,CARGILL SOCIEDAD ANONIMA COMERCIAL E INDUSTRIAL,V LEANDRO N. ALEM 928,1001,,,CABA,Reg. Automotor (LSA190),
RMS376456466173002,30506792165,CARGILL SOCIEDAD ANONIMA COMERCIAL E INDUSTRIAL,AVDA. LEANDRO ALEM 00928,1001,,,CABA,Reg. Automotor (DNL558),
RMS376456466173002,30506792165,CARGILL SOCIEDAD ANONIMA COMERCIAL E INDUSTRIAL,AV. ALEM 00928,1001,CAP. FED.,,CABA,Reg. Automotor (DKK615),
RMS376456466173002,30506792165,CARGILL SOCIEDAD ANONIMA COMERCIAL E INDUSTRIAL,Av L. N. Alem 928 8,C1001AAR,Ciudad Aut¾noma Buenos Aires,,Ciudad Aut¾noma De B,Telefonia celular (Telecom Personal),Telecom Personal
RMS376456466173002,30506792165,CARGILL SOCIEDAD ANONIMA COMERCIAL E INDUSTRIAL,AV L N ALEM 928  13,1001,CIUDAD AUTONOMA BUENOS AIRES,,,Telefonia celular (AMX ARGENTINA),AMX ARGENTINA
RMS376456466173002,30506792165,CARGILL SOCIEDAD ANONIMA COMERCIAL E INDUSTRIAL,"AV L. N. ALEM 928,8,C1001AAR/ 1001,CAPITAL FEDERAL     (CAPITA-C),Capital Federal,Argentina",1001,Capital Federal,,Capital Federal,Telefonia celular (Telefonica Movistar),Telefonica Movistar
RMS376456466173002,30506792165,CARGILL SOCIEDAD ANONIMA COMERCIAL E INDUSTRIAL,AV RIVADAVIA S/N,7265,DEL CARRIL,,BUENOS AIRES,Telefonia fija (Telefonica Argentina),Telefonica Argentina
RMS376456466173002,30506792165,CARGILL SOCIEDAD ANONIMA COMERCIAL E INDUSTRIAL,SAAVEDRA 841,7500,TRES ARROYOS,,BUENOS AIRES,Telefonia fija (Telefonica Argentina),Telefonica Argentina
RMS376456466173002,30506792165,CARGILL SOCIEDAD ANONIMA COMERCIAL E INDUSTRIAL,SAAVEDRA 841 PB,7500,TRES ARROYOS,,BUENOS AIRES,Telefonia fija (Telefonica Argentina),Telefonica Argentina
RMS376456466173002,30506792165,CARGILL SOCIEDAD ANONIMA COMERCIAL E INDUSTRIAL,AV J ELGUEA ROMAN S/N,6740,CHACABUCO,,BUENOS AIRES,Telefonia fija (Telefonica Argentina),Telefonica Argentina
RMS376456466173002,30506792165,CARGILL SOCIEDAD ANONIMA COMERCIAL E INDUSTRIAL,RUTA 33 S/N,6237,AMERICA,,BUENOS AIRES,Telefonia fija (Telefonica Argentina),Telefonica Argentina
RMS376456466173002,30506792165,CARGILL SOCIEDAD ANONIMA COMERCIAL E INDUSTRIAL,SANTA LUCIA S/N,3503,PUERTO VILELAS,,,Telefonia fija (Telecom Argentina),Telecom Argentina
RMS376456466173002,30506792165,CARGILL SOCIEDAD ANONIMA COMERCIAL E INDUSTRIAL,AV LEANDRO N ALEM 928 8,1001,CABA,,CABA,Telefonia fija (Telefonica Argentina),Telefonica Argentina
RMS376456466173002,30506792165,CARGILL SOCIEDAD ANONIMA COMERCIAL E INDUSTRIAL,AV J ELGUEA ROMAN 1,6740,CHACABUCO,,BUENOS AIRES,Telefonia fija (Telefonica Argentina),Telefonica Argentina
RMS376456466173002,30506792165,CARGILL SOCIEDAD ANONIMA COMERCIAL E INDUSTRIAL,CALLE 9 S/N,1629,PILAR,,BUENOS AIRES,Telefonia fija (Telefonica Argentina),Telefonica Argentina
RMS376456466173002,30506792165,CARGILL SOCIEDAD ANONIMA COMERCIAL E INDUSTRIAL,CALLE 1 S/N,8103,INGENIERO WHITE,,BUENOS AIRES,Telefonia fija (Telefonica Argentina),Telefonica Argentina
RMS376456466173002,30506792165,CARGILL SOCIEDAD ANONIMA COMERCIAL E INDUSTRIAL,ACC RUTA 7 S/N,6030,VEDIA,,BUENOS AIRES,Telefonia fija (Telefonica Argentina),Telefonica Argentina
RMS376456466173002,30506792165,CARGILL SOCIEDAD ANONIMA COMERCIAL E INDUSTRIAL,2 DE ABRIL 1879,1852,BURZACO,,BUENOS AIRES,Telefonia fija (Telefonica Argentina),Telefonica Argentina
RMS376456466173002,30506792165,CARGILL SOCIEDAD ANONIMA COMERCIAL E INDUSTRIAL,LAVALLEJA GRAL 2883,1824,LANUS,,BUENOS AIRES,Telefonia fija (Telefonica Argentina),Telefonica Argentina
RMS376456466173002,30506792165,CARGILL SOCIEDAD ANONIMA COMERCIAL E INDUSTRIAL,RUTA 188 S/N,2700,PERGAMINO,,BUENOS AIRES,Telefonia fija (Telefonica Argentina),Telefonica Argentina
RMS376456466173002,30506792165,CARGILL SOCIEDAD ANONIMA COMERCIAL E INDUSTRIAL,ACC EX C MALVINAS S/N PB,6015,LOS TOLDOS,,BUENOS AIRES,Telefonia fija (Telefonica Argentina),Telefonica Argentina
RMS376456466173002,30506792165,CARGILL SOCIEDAD ANONIMA COMERCIAL E INDUSTRIAL,AV JUAN TORMEY 951,2705,ROJAS,,BUENOS AIRES,Telefonia fija (Telefonica Argentina),Telefonica Argentina
RMS376456466173002,30506792165,CARGILL SOCIEDAD ANONIMA COMERCIAL E INDUSTRIAL,SANTA ROSA 1200 PB,6640,BRAGADO,,BUENOS AIRES,Telefonia fija (Telefonica Argentina),Telefonica Argentina
RMS376456466173002,30506792165,CARGILL SOCIEDAD ANONIMA COMERCIAL E INDUSTRIAL,RUTA 33 385,6237,AMERICA,,BUENOS AIRES,Telefonia fija (Telefonica Argentina),Telefonica Argentina
RMS376456466173002,30506792165,CARGILL SOCIEDAD ANONIMA COMERCIAL E INDUSTRIAL,GOROSTIAGA 105,6450,PEHUAJO,,BUENOS AIRES,Telefonia fija (Telefonica Argentina),Telefonica Argentina
RMS376456466173002,30506792165,CARGILL SOCIEDAD ANONIMA COMERCIAL E INDUSTRIAL,FOURNIER S/N  PB,6500,NUEVE DE JULIO,,BUENOS AIRES,Telefonia fija (Telefonica Argentina),Telefonica Argentina
RMS376456466173002,30506792165,CARGILL SOCIEDAD ANONIMA COMERCIAL E INDUSTRIAL,CALLE SIN NOMBRE S/N,7631,QUEQUEN,,BUENOS AIRES,Telefonia fija (Telefonica Argentina),Telefonica Argentina
RMS376456466173002,30506792165,CARGILL SOCIEDAD ANONIMA COMERCIAL E INDUSTRIAL,AV 18 DE JULIO S/N,8103,INGENIERO WHITE,,BUENOS AIRES,Telefonia fija (Telefonica Argentina),Telefonica Argentina
RMS376456466173002,30506792165,CARGILL SOCIEDAD ANONIMA COMERCIAL E INDUSTRIAL,RUTA 5 KM 446,6400,TRENQUE LAUQUEN,,BUENOS AIRES,Telefonia fija (Telefonica Argentina),Telefonica Argentina
RMS376456466173002,30506792165,CARGILL SOCIEDAD ANONIMA COMERCIAL E INDUSTRIAL,MUELLE DE CARGA MTRO CARRANZA S/N PB,8103,INGENIERO WHITE,,BUENOS AIRES,Telefonia fija (Telefonica Argentina),Telefonica Argentina
RMS376456466173002,30506792165,CARGILL SOCIEDAD ANONIMA COMERCIAL E INDUSTRIAL,RUTA NAC 227 9,7631,QUEQUEN,,BUENOS AIRES,Telefonia fija (Telefonica Argentina),Telefonica Argentina
RMS376456466173002,30506792165,CARGILL SOCIEDAD ANONIMA COMERCIAL E INDUSTRIAL,ZAPIOLA 3498 PB,1754,SAN JUSTO,,BUENOS AIRES,Telefonia fija (Telefonica Argentina),Telefonica Argentina
RMS376456466173002,30506792165,CARGILL SOCIEDAD ANONIMA COMERCIAL E INDUSTRIAL,GENERAL PAZ 2600 PB,6640,BRAGADO,,BUENOS AIRES,Telefonia fija (Telefonica Argentina),Telefonica Argentina
RMS376456466173002,30506792165,CARGILL SOCIEDAD ANONIMA COMERCIAL E INDUSTRIAL,ZAPIOLA 3498,1754,SAN JUSTO,,BUENOS AIRES,Telefonia fija (Telefonica Argentina),Telefonica Argentina
RMS376456466173002,30506792165,CARGILL SOCIEDAD ANONIMA COMERCIAL E INDUSTRIAL,RUTA NAC 5 S/N,6620,CHIVILCOY,,BUENOS AIRES,Telefonia fija (Telefonica Argentina),Telefonica Argentina
RMS376456466173002,30506792165,CARGILL SOCIEDAD ANONIMA COMERCIAL E INDUSTRIAL,PUERTO GALVAN S/N,8103,INGENIERO WHITE,,BUENOS AIRES,Telefonia fija (Telefonica Argentina),Telefonica Argentina
RMS376456466173002,30506792165,CARGILL SOCIEDAD ANONIMA COMERCIAL E INDUSTRIAL,AV SAN MARTIN S/N,6220,BERNARDO LARROUDE,,LA PAMPA,Telefonia fija (Telefonica Argentina),Telefonica Argentina
RMS376456466173002,30506792165,CARGILL SOCIEDAD ANONIMA COMERCIAL E INDUSTRIAL,PUEYRREDON 840,7500,TRES ARROYOS,,BUENOS AIRES,Telefonia fija (Telefonica Argentina),Telefonica Argentina
RMS376456466173002,30506792165,CARGILL SOCIEDAD ANONIMA COMERCIAL E INDUSTRIAL,MUELLE DE CARGA MTRO CARRANZA S/N,8103,INGENIERO WHITE,,BUENOS AIRES,Telefonia fija (Telefonica Argentina),Telefonica Argentina
RMS376456466173002,30506792165,CARGILL SOCIEDAD ANONIMA COMERCIAL E INDUSTRIAL,FOURNIER S/N,6500,NUEVE DE JULIO,,BUENOS AIRES,Telefonia fija (Telefonica Argentina),Telefonica Argentina
RMS376456466173002,30506792165,CARGILL SOCIEDAD ANONIMA COMERCIAL E INDUSTRIAL,RUTA 188 7750,2700,PERGAMINO,,BUENOS AIRES,Telefonia fija (Telefonica Argentina),Telefonica Argentina
RMS376456466173002,30506792165,CARGILL SOCIEDAD ANONIMA COMERCIAL E INDUSTRIAL,RUTA NAC 188 S/N,6070,LINCOLN,,BUENOS AIRES,Telefonia fija (Telefonica Argentina),Telefonica Argentina
RMS376456466173002,30506792165,CARGILL SOCIEDAD ANONIMA COMERCIAL E INDUSTRIAL,CALLE SIN NOMBRE S/N PB,6450,PEHUAJO,,BUENOS AIRES,Telefonia fija (Telefonica Argentina),Telefonica Argentina
RMS376456466173002,30506792165,CARGILL SOCIEDAD ANONIMA COMERCIAL E INDUSTRIAL,SECCION QUINTAS S/N PB,6200,REALICO,,LA PAMPA,Telefonia fija (Telefonica Argentina),Telefonica Argentina
RMS376456466173002,30506792165,CARGILL SOCIEDAD ANONIMA COMERCIAL E INDUSTRIAL,SECCION QUINTAS 1,6740,CHACABUCO,,BUENOS AIRES,Telefonia fija (Telefonica Argentina),Telefonica Argentina
RMS376456466173002,30506792165,CARGILL SOCIEDAD ANONIMA COMERCIAL E INDUSTRIAL,RUTA NAC 7 S/N,6030,VEDIA,,BUENOS AIRES,Telefonia fija (Telefonica Argentina),Telefonica Argentina
RMS376456466173002,30506792165,CARGILL SOCIEDAD ANONIMA COMERCIAL E INDUSTRIAL,SARMIENTO 1480,6075,ROBERTS,,BUENOS AIRES,Telefonia fija (Telefonica Argentina),Telefonica Argentina
RMS376456466173002,30506792165,CARGILL SOCIEDAD ANONIMA COMERCIAL E INDUSTRIAL,CALLE 9 S/N PB,1629,PILAR,,BUENOS AIRES,Telefonia fija (Telefonica Argentina),Telefonica Argentina
RMS376456466173002,30506792165,CARGILL SOCIEDAD ANONIMA COMERCIAL E INDUSTRIAL,GUIDO TOMAS S/N,8103,INGENIERO WHITE,,BUENOS AIRES,Telefonia fija (Telefonica Argentina),Telefonica Argentina
RMS376456466173002,30506792165,CARGILL SOCIEDAD ANONIMA COMERCIAL E INDUSTRIAL,CMTE FRANCO 4901,1883,BERNAL OESTE,,,Telefonia fija (Telefonica Argentina),Telefonica Argentina
RMS376456466173002,30506792165,CARGILL SOCIEDAD ANONIMA COMERCIAL E INDUSTRIAL,RUTA 65 S/N,6000,JUNIN,,BUENOS AIRES,Telefonia fija (Telefonica Argentina),Telefonica Argentina
RMS376456466173002,30506792165,CARGILL SOCIEDAD ANONIMA COMERCIAL E INDUSTRIAL,BLVD G GUIDO S/N PB,8000,BAHIA BLANCA,,BUENOS AIRES,Telefonia fija (Telefonica Argentina),Telefonica Argentina
RMS376456466173002,30506792165,CARGILL SOCIEDAD ANONIMA COMERCIAL E INDUSTRIAL,BELGRANO S/N,6516,FRENCH,,BUENOS AIRES,Telefonia fija (Telefonica Argentina),Telefonica Argentina
RMS376456466173002,30506792165,CARGILL SOCIEDAD ANONIMA COMERCIAL E INDUSTRIAL,CALLE 587 3875,7631,QUEQUEN,,BUENOS AIRES,Telefonia fija (Telefonica Argentina),Telefonica Argentina
RMS376456466173002,30506792165,CARGILL SOCIEDAD ANONIMA COMERCIAL E INDUSTRIAL,BLVD 50 S/N PB,2720,COLON,,BUENOS AIRES,Telefonia fija (Telefonica Argentina),Telefonica Argentina
RMS376456466173002,30506792165,CARGILL SOCIEDAD ANONIMA COMERCIAL E INDUSTRIAL,FOURNIER S/N PB,6500,NUEVE DE JULIO,,BUENOS AIRES,Telefonia fija (Telefonica Argentina),Telefonica Argentina
RMS376456466173002,30506792165,CARGILL SOCIEDAD ANONIMA COMERCIAL E INDUSTRIAL,RUTA NAC 227 S/N,7631,QUEQUEN,,BUENOS AIRES,Telefonia fija (Telefonica Argentina),Telefonica Argentina
RMS376456466173002,30506792165,CARGILL SOCIEDAD ANONIMA COMERCIAL E INDUSTRIAL,BARR: BARRIO PARQUE INDUSTRIAL PILAR - FRAC: 0001 - LOTE: 018 - ACL: CALLE 9 Y 13 LOTE 18 SECC 1 -,1629,PILAR,,BUENOS AIRES,Telefonia fija (Telefonica Argentina),Telefonica Argentina
RMS376456466173002,30506792165,CARGILL SOCIEDAD ANONIMA COMERCIAL E INDUSTRIAL,RUTA 205 S/N,7265,DEL CARRIL,,BUENOS AIRES,Telefonia fija (Telefonica Argentina),Telefonica Argentina
RMS376456466173002,30506792165,CARGILL SOCIEDAD ANONIMA COMERCIAL E INDUSTRIAL,SANTA ROSA 1155 PB,6640,BRAGADO,,BUENOS AIRES,Telefonia fija (Telefonica Argentina),Telefonica Argentina
RMS376456466173002,30506792165,CARGILL SOCIEDAD ANONIMA COMERCIAL E INDUSTRIAL,CORBETA AGREABLE 5045,1439,CABA,,CABA,Telefonia fija (Telefonica Argentina),Telefonica Argentina
RMS376456466173002,30506792165,CARGILL SOCIEDAD ANONIMA COMERCIAL E INDUSTRIAL,SECCION QUINTAS S/N,6200,REALICO,,LA PAMPA,Telefonia fija (Telefonica Argentina),Telefonica Argentina
RMS376456466173002,30506792165,CARGILL SOCIEDAD ANONIMA COMERCIAL E INDUSTRIAL,ZAPIOLA 3569,1754,SAN JUSTO,,BUENOS AIRES,Telefonia fija (Telefonica Argentina),Telefonica Argentina
RMS376456466173002,30506792165,CARGILL SOCIEDAD ANONIMA COMERCIAL E INDUSTRIAL,RUTA PROV 50 S/N,2720,COLON,,BUENOS AIRES,Telefonia fija (Telefonica Argentina),Telefonica Argentina
RMS376456466173002,30506792165,CARGILL SOCIEDAD ANONIMA COMERCIAL E INDUSTRIAL,SARMIENTO S/N,6050,GENERAL PINTO,,BUENOS AIRES,Telefonia fija (Telefonica Argentina),Telefonica Argentina
RMS376456466173002,30506792165,CARGILL SOCIEDAD ANONIMA COMERCIAL E INDUSTRIAL,ACC EX C MALVINAS S/N,6015,LOS TOLDOS,,BUENOS AIRES,Telefonia fija (Telefonica Argentina),Telefonica Argentina
RMS376456466173002,30506792165,CARGILL SOCIEDAD ANONIMA COMERCIAL E INDUSTRIAL,RUTA 252 KM S/N PB,8000,BAHIA BLANCA,,BUENOS AIRES,Telefonia fija (Telefonica Argentina),Telefonica Argentina
RMS376456466173002,30506792165,CARGILL SOCIEDAD ANONIMA COMERCIAL E INDUSTRIAL,RUTA 252 KM S/N,8000,BAHIA BLANCA,,BUENOS AIRES,Telefonia fija (Telefonica Argentina),Telefonica Argentina
RMS376456466173002,30506792165,CARGILL SOCIEDAD ANONIMA COMERCIAL E INDUSTRIAL,CALLE 507 1035,7631,QUEQUEN,,BUENOS AIRES,Telefonia fija (Telefonica Argentina),Telefonica Argentina
RMS376456466173002,30506792165,CARGILL SOCIEDAD ANONIMA COMERCIAL E INDUSTRIAL,ZAPIOLA 3598,1754,SAN JUSTO,,BUENOS AIRES,Telefonia fija (Telefonica Argentina),Telefonica Argentina
RMS376456466173002,30506792165,CARGILL SOCIEDAD ANONIMA COMERCIAL E INDUSTRIAL,RUTA 65 S/N PB,6000,JUNIN,,BUENOS AIRES,Telefonia fija (Telefonica Argentina),Telefonica Argentina
RMS376456466173002,30506792165,CARGILL SOCIEDAD ANONIMA COMERCIAL E INDUSTRIAL,RUTA NAC 5 S/N PB,6620,CHIVILCOY,,BUENOS AIRES,Telefonia fija (Telefonica Argentina),Telefonica Argentina
RMS376456466173002,30506792165,CARGILL SOCIEDAD ANONIMA COMERCIAL E INDUSTRIAL,AMOROSO MICAELA 483,1686,HURLINGHAM,,BUENOS AIRES,Telefonia fija (Telefonica Argentina),Telefonica Argentina
RMS376456466173002,30506792165,CARGILL SOCIEDAD ANONIMA COMERCIAL E INDUSTRIAL,AV JUAN TORMEY 951 PB,2705,ROJAS,,BUENOS AIRES,Telefonia fija (Telefonica Argentina),Telefonica Argentina
RMS376456466173002,30506792165,CARGILL SOCIEDAD ANONIMA COMERCIAL E INDUSTRIAL,GARCIA M S/N,6050,GENERAL PINTO,,BUENOS AIRES,Telefonia fija (Telefonica Argentina),Telefonica Argentina
RMS376456466173002,30506792165,CARGILL SOCIEDAD ANONIMA COMERCIAL E INDUSTRIAL,AV SAN JUAN 4160 8 A,1233,CABA,,CABA,Telefonia fija (Telefonica Argentina),Telefonica Argentina
RMS376456466173002,30506792165,CARGILL SOCIEDAD ANONIMA COMERCIAL E INDUSTRIAL,SANTA ROSA 1155,6640,BRAGADO,,BUENOS AIRES,Telefonia fija (Telefonica Argentina),Telefonica Argentina
RMS376456466173002,30506792165,CARGILL SOCIEDAD ANONIMA COMERCIAL E INDUSTRIAL,CALLE 416 S/N,6360,GENERAL PICO,,LA PAMPA,Telefonia fija (Telefonica Argentina),Telefonica Argentina
RMS376457452532003,30715214721,CREAZY SA,"LAVALLE 422 8 ",,CAPITAL FEDERAL / CAPITAL FEDERAL,,CAPITAL FEDERAL,Cablevision,
RMS376450287821006,30713954205,CODECOP S.A,BERMUDEZ CAP JUSTO GERMAN 2589 0 0,1636,OLIVOS,,PCIA BUENOS AIRES,ANSES,
RMS376450287821006,30713954205,CODECOP S.A,"FLEMING ALEJANDRO 355  ",,MAR DEL PLATA / GRAL. PUEYRREDON,,BUENOS AIRES,Cablevision,
RMS376450287821006,30713954205,CODECOP S.A,TALCAHUANO 464,1013,C.AUTONOMA DE BS.AS,,CABA,Reg. Automotor (AE554YP),
RMS376450287821006,30713954205,CODECOP S.A,SARMIENTO 1169,1040,C.AUTONOMA DE BS.AS,,CABA,Reg. Automotor (AA429RY),
RMS376450287821006,30713954205,CODECOP S.A,ESMERALDA 339,1035,C.AUTONOMA DE BS.AS,,CABA,Reg. Automotor (974LMY),
RMS376450287821006,30713954205,CODECOP S.A,"CALLE 413 B. 140,,1890,JUAN MARIA GUTIERREZ(BERAZA-B),Buenos Aires,Argentina",1890,Buenos Aires,,Buenos Aires,Telefonia celular (Telefonica Movistar),Telefonica Movistar
RMS376450824021003,30710235925,NOKIA SOLUTIONS AND NETWORKS ARGENTINA SA,"CORRIENTES AV. 000420 7 ",1043,CAPITAL FEDERAL,,"CAPITAL FEDERAL ",ANSES,
RMS376450824021003,30710235925,NOKIA SOLUTIONS AND NETWORKS ARGENTINA SA,"CORRIENTES, AV. 420 8 ",,CAPITAL FEDERAL / CAPITAL FEDERAL,,CAPITAL FEDERAL,Cablevision,
RMS376450824021003,30710235925,NOKIA SOLUTIONS AND NETWORKS ARGENTINA SA,"CORRIENTES, AV. 420 6 ",,CAPITAL FEDERAL / CAPITAL FEDERAL,,CAPITAL FEDERAL,Cablevision,
RMS376450824021003,30710235925,NOKIA SOLUTIONS AND NETWORKS ARGENTINA SA,"CORRIENTES, AV. 420 7 ",,CAPITAL FEDERAL / CAPITAL FEDERAL,,CAPITAL FEDERAL,Cablevision,
RMS376450824021003,30710235925,NOKIA SOLUTIONS AND NETWORKS ARGENTINA SA,"CORRIENTES, AV. 420 9 ",,CAPITAL FEDERAL / CAPITAL FEDERAL,,CAPITAL FEDERAL,Cablevision,
RMS376450824021003,30710235925,NOKIA SOLUTIONS AND NETWORKS ARGENTINA SA,AV CASEROS 3039,1264,CABA,,BUENOS AIRES,Reg. Automotor (AA797QC),
RMS376450824021003,30710235925,NOKIA SOLUTIONS AND NETWORKS ARGENTINA SA,AV. CASEROS 3039,1264,C.AUTONOMA DE BS.AS,,CABA,Reg. Automotor (AE275VD),
RMS376450824021003,30710235925,NOKIA SOLUTIONS AND NETWORKS ARGENTINA SA,AV.  CASEROS 3039,1264,C.AUTONOMA DE BS.AS,,CABA,Reg. Automotor (AE275VB),
RMS376450824021003,30710235925,NOKIA SOLUTIONS AND NETWORKS ARGENTINA SA,AVENIDA CASEROS 3039,1264,CAPITAL FEDERAL,,CABA,Reg. Automotor (AE275VC),
RMS376450824021003,30710235925,NOKIA SOLUTIONS AND NETWORKS ARGENTINA SA,ING ENRIQUE BUTTY 240  14,1001,CIUDAD AUTONOMA BUENOS AIRES,,,Telefonia celular (AMX ARGENTINA),AMX ARGENTINA
RMS376450824021003,30710235925,NOKIA SOLUTIONS AND NETWORKS ARGENTINA SA,"AV CASEROS 3039,P:6,C1264AAK/ 1264,CAPITAL FEDERAL     (CAPITA-C),Capital Federal,Argentina",1264,Capital Federal,,Capital Federal,Telefonia celular (Telefonica Movistar),Telefonica Movistar
RMS376450824021003,30710235925,NOKIA SOLUTIONS AND NETWORKS ARGENTINA SA,AV CIRCUNVALACION S/N,5000,CORDOBA,,CORDOBA,Telefonia fija (Telecom Argentina),Telecom Argentina
RMS376450824021003,30710235925,NOKIA SOLUTIONS AND NETWORKS ARGENTINA SA,RECONQUISTA 360 7,1003,CABA,,CABA,Telefonia fija (Telefonica Argentina),Telefonica Argentina
RMS376450824021003,30710235925,NOKIA SOLUTIONS AND NETWORKS ARGENTINA SA,MAIPU 2375,5800,RIO CUARTO,,CORDOBA,Telefonia fija (Telecom Argentina),Telecom Argentina
RMS376450824021003,30710235925,NOKIA SOLUTIONS AND NETWORKS ARGENTINA SA,AVELLANEDA MARCO 1045,4000,SAN MIGUEL DE TUCUMAN,,,Telefonia fija (Telecom Argentina),Telecom Argentina
RMS376452485021009,30659079468,PANALPINA TRANSPORTES MUNDIALES SA,"PELLEGRINI CARLOS 000713 2 ",1009,CAPITAL FEDERAL,,"CAPITAL FEDERAL ",ANSES,
RMS376452485021009,30659079468,PANALPINA TRANSPORTES MUNDIALES SA,"BOUCHARD 547 3 ",,CAPITAL FEDERAL / CAPITAL FEDERAL,,CAPITAL FEDERAL,Cablevision,
RMS376452485021009,30659079468,PANALPINA TRANSPORTES MUNDIALES SA,"PELLEGRINI CARLOS 713 2 ",,CAPITAL FEDERAL / CAPITAL FEDERAL,,CAPITAL FEDERAL,Cablevision,
RMS376452485021009,30659079468,PANALPINA TRANSPORTES MUNDIALES SA,"PELLEGRINI CARLOS 713 4 ",,CAPITAL FEDERAL / CAPITAL FEDERAL,,CAPITAL FEDERAL,Cablevision,
RMS376452485021009,30659079468,PANALPINA TRANSPORTES MUNDIALES SA,"PELLEGRINI CARLOS 713 1 ",,CAPITAL FEDERAL / CAPITAL FEDERAL,,CAPITAL FEDERAL,Cablevision,
RMS376452485021009,30659079468,PANALPINA TRANSPORTES MUNDIALES SA,PASEO COLON 00728,1063,,,CABA,Reg. Automotor (EOD739),
RMS376452485021009,30659079468,PANALPINA TRANSPORTES MUNDIALES SA,AV. PASEO COLON 00728,1063,,,CABA,Reg. Automotor (BNC502),
RMS376452485021009,30659079468,PANALPINA TRANSPORTES MUNDIALES SA,CARLOS PELLEGRINI 713 1,1009,CABA,,CABA,Telefonia fija (Telefonica Argentina),Telefonica Argentina
RMS376452485021009,30659079468,PANALPINA TRANSPORTES MUNDIALES SA,ESPORA 655 1,9420,RIO GRANDE,,TIERRA DEL FUEGO,Telefonia fija (Telefonica Argentina),Telefonica Argentina
RMS376452485021009,30659079468,PANALPINA TRANSPORTES MUNDIALES SA,CARLOS PELLEGRINI 713,1009,CABA,,CABA,Telefonia fija (Telefonica Argentina),Telefonica Argentina
RMS376452485021009,30659079468,PANALPINA TRANSPORTES MUNDIALES SA,AEROPUERTO EZEIZA S/N,1802,AEROPUERTO EZEIZA,,BUENOS AIRES,Telefonia fija (Telefonica Argentina),Telefonica Argentina
RMS376453202531007,30713746505,GRUPO PAMPATECH S.A.,AVENIDA SAENZ PEÑA PRES ROQUE 1110 3 5,1035,CIUDAD AUTONOMA,,CAPITAL FEDERAL,ANSES,
RMS376453202531007,30713746505,GRUPO PAMPATECH S.A.,"DEL LIBERTADOR, AV. 222 7 ",,CAPITAL FEDERAL / CAPITAL FEDERAL,,CAPITAL FEDERAL,Cablevision,
RMS376453202531007,30713746505,GRUPO PAMPATECH S.A.,Av Del Libertador 222 7 A,C1001ABP,Ciudad Autónoma Buenos Aires,,Ciudad Autónoma De B,Telefonia celular (Telecom Personal),Telecom Personal
RMS376453973222000,30710471319,DIETAR ARGENTINA SRL,"O HIGGINS 000380  ",8000,BAHIA BLANCA,,BUENOS AIRES,ANSES,
RMS376453973222000,30710471319,DIETAR ARGENTINA SRL,"COLON, AV. 36  ",,BAHIA BLANCA / BAHIA BLANCA,,BUENOS AIRES,Cablevision,
RMS376453973222000,30710471319,DIETAR ARGENTINA SRL,"OHIGGINS GRAL BERNARDO 380  ",,BAHIA BLANCA / BAHIA BLANCA,,BUENOS AIRES,Cablevision,
RMS376453973222000,30710471319,DIETAR ARGENTINA SRL,ALSINA 95,8000,BAH�A BLANCA,,BUENOS AIRES,Reg. Automotor (AE399PY),
RMS376453973222000,30710471319,DIETAR ARGENTINA SRL,O'HIGGINS 370 PB,8000,BAHIA BLANCA,,BUENOS AIRES,Telefonia fija (Telefonica Argentina),Telefonica Argentina
RMS376453973222000,30710471319,DIETAR ARGENTINA SRL,CORONEL SUAREZ 2840,7400,OLAVARRIA,,BUENOS AIRES,Telefonia fija (Telefonica Argentina),Telefonica Argentina
