﻿IdExterno,CUIT,Denominacion,Tipo,Ganancias,Iva,Monotributo,IntegranteSociedad,Empleador,Codigo,Actividad,Categoria
CUIT30607032978,30607032978,MARCOS FERNANDEZ SOCIEDAD DE RESPONSABILIDAD LIMITADA,,Activo,Activo,,,,422200,,
CUIT30698087648,30698087648,ITACUA CONSTRUCCIONES S R L,,Activo,Activo,,,,431210,,
CUIT30703557674,30703557674,IONES COMUNICACIONES  SRL,,Activo,Activo,,,,474020,,
CUIT30707047085,30707047085,PATER SHOW S R L,,,,,,,476130,,
CUIT30707185208,30707185208,GRUPO SCHENEIDER Y ASOCIADOS SRL,,Activo,Activo,,,,476400,,
CUIT30708710705,30708710705,COMPACTO CONSTRUCCIONES SECAS S.R.L.,,Activo,Activo,,,,239592,,
CUIT30708747420,30708747420,"ASOCIACION CIVIL APOYO FAMILIAR "" SAN GABRIEL""",,Exento,Exento,,,,949990,,
CUIT30709449571,30709449571,AREBRERA S.A.,,Activo,Activo,,,,410021,,
CUIT30709524638,30709524638,GRANDANOS S.R.L,,Activo,Activo,,,,12490,,
CUIT30709825735,30709825735,DIEZ DISTRIBUCIONES SRL,,Activo,Activo,,,,453100,,
CUIT30709854263,30709854263,RESTAURANT RANCHO GRANDE SRL,,Activo,Activo,,,,561011,,
CUIT30710404034,30710404034,AGROFEDERAL SA,,Activo,Activo,,,,461011,,
CUIT30710634846,30710634846,FULL BUS S.R.L.,,Activo,Activo,,,,492140,,
CUIT30710792573,30710792573,AWCA CUERO S.A.,,Activo,Activo,,,,464130,,
CUIT30711119716,30711119716,LA HISPANA SRL.,,Activo,Activo,,,,472171,,
CUIT30711845565,30711845565,PENNISI & CARRO CORP SOCIEDAD ANONIMA,,Activo,Activo,,,,102001,,
CUIT30712240012,30712240012,VIA BIMBI S.R.L.,,Activo,Activo,,,,477130,,
CUIT30712270337,30712270337,HERDAR S.R.L.,,Activo,Activo,,,,477130,,
CUIT30712292446,30712292446,GRAN MARACANA S.A.,,Activo,Activo,,,,477140,,
CUIT30714105910,30714105910,GANADERA DEL LITORAL S.R.L.,,Activo,Activo,,,,461021,,
CUIT30714337870,30714337870,DISTRI-LEVA S.R.L.,,Activo,Activo,,,,478010,,
CUIT30714422029,30714422029,CORDOBA AMBIENTAL S.R.L.,,,,,,,812010,,
CUIT30714643750,30714643750,DAD SRL,,Activo,Activo,,,,711003,,
CUIT30714768316,30714768316,RIQUELME RAMONA Y RIQUELME DELIA SH,,No corresponde,Activo,,,,561019,,
CUIT30714995150,30714995150,INSUFAST S.R.L.,,No Inscripto,Activo,,,,464330,,
CUIT30715139940,30715139940,ON AIR CONTENIDOS S.A.,,Activo,Activo,,,,602900,,
CUIT30715150804,30715150804,GUTEGEL S.A.,,Activo,Activo,,,,222090,,
CUIT30715224476,30715224476,HAWEL SRL,,Activo,Activo,,,,931020,,
CUIT30715231251,30715231251,AL BUEN GUSTO SRL,,Activo,Activo,,,,562099,,
CUIT30715324772,30715324772,IL MARE FIAMBRES S.C.,,No Inscripto,Activo,,,,472112,,
CUIT30715358529,30715358529,PUERTO SECO SRL,,Activo,Activo,,,,522099,,
CUIT30715413929,30715413929,EMPRENDIMIENTOS TRES A TOOLS S.A.,,Activo,Activo,,,,475230,,
CUIT30715471872,30715471872,FRANCOS CONSTRUCCIONES S.R.L.,,Activo,Activo,,,,251102,,
CUIT30715527991,30715527991,ACTIVO SA EN FORMACION,,Activo,Activo,,,,812090,,
CUIT30715600850,30715600850,GUSTAVO OSPER Y MARTIN TORTONESE SOCIEDAD LEY 19550 CAPITULO I SECCION IV,,No Inscripto,Activo,,,,464610,,
CUIT30715603264,30715603264,OMEGA INTERCAMBIOS S.R.L,,Activo,Activo,,,,855000,,
CUIT30715608193,30715608193,LIMA FOOD SRL,,Activo,Activo,,,,561019,,
CUIT30715695339,30715695339,JEDICRI S.R.L.,,Activo,Activo,,,,561013,,
CUIT30715772058,30715772058,DARIO GORDO SA,,Activo,Activo,,,,451210,,
CUIT30715795414,30715795414,LEPOR TEAM S.A. EN FORMACION,,Activo,Activo,,,,452990,,
CUIT30715896733,30715896733,EVA ESTETICA INTEGRAL,,No Inscripto,Activo,,,,960910,,
CUIT30715972170,30715972170,TELE-ENERGIA S.R.L.,,Activo,Activo,,,,822000,,
CUIT30715982893,30715982893,SIG SRL,,Activo,Activo,,,,561012,,
CUIT30715990233,30715990233,HOLZ. MIN S.R.L.,,Activo,Activo,,,,310010,,
CUIT30716004968,30716004968,PARADISUS SAS,,Activo,Activo,,,,561019,,
CUIT30716064006,30716064006,GK INGENIERIA SRL,,Activo,Activo,,,,410011,,
CUIT30716067781,30716067781,LO DE PEÑA S.A.S.,,Activo,Activo,,,,472200,,
CUIT30716107066,30716107066,ASOCIACION CIVIL WILLIAM ALEXIS VAMOS JUNTOS,,No Inscripto,Exento,,,,949990,,
CUIT30716132559,30716132559,NATUS BIENES RAICES S.A.S,,Activo,Activo,,,,681098,,
CUIT30716134683,30716134683,PUNTO VERDE FRESH SRL,,Activo,Activo,,,,561019,,
CUIT30716296284,30716296284,BAO TAVERNA ASIATICA S.A.S.,,,,,,,561020,,
CUIT30716314444,30716314444,INFINITY SOLUTIONS S.A.S,,,,,,,869090,,
CUIT30716334313,30716334313,ABASTECEDORA PORCINA MB SRL,,,,,,,463121,,
CUIT30716341042,30716341042,A. TOBIA Y F. MARTIN Y HERRERA SOCIEDAD DEL CAPITULO I SECCION IV LGS,,,,,,,561011,,
CUIT30716390795,30716390795,FEDECAM AGROPECUARIA SOCIEDAD DE RESPONSABILIDAD LTDA,,,,,,,14113,,
CUIT30716511843,30716511843,NETWORKING S.A.S.,,Activo,Activo,,,,620100,,
CUIT30716516438,30716516438,BIEN ESTAR CONSTRUCCIONES S.A.S.,,Activo,Activo,,,,410011,,
CUIT30716556960,30716556960,REINO COMERCIAL,,Activo,Activo,,,,469090,,
CUIT30716558815,30716558815,GABAME DISTRIBUIDORA SRL,,Activo,Activo,,,,463121,,
CUIT30716572117,30716572117,PCK TRANSPORTE S.A.S.,,Activo,Activo,,,,492290,,
CUIT30716606674,30716606674,VILOAGRAR S.A EN FORMACION,,Activo,Activo,,,,11119,,
CUIT30716633884,30716633884,REPUESTOS DEL OESTE SAS,,,,,,,479101,,
CUIT33709762309,33709762309,AGROFORESTAL EL VIVERO S.R.L.,,Activo,Activo,,,,11211,,
CUIT33711409799,33711409799,3 Y PICO SRL,,Activo,Activo,,,,829900,,
CUIT33716298189,33716298189,LOGISTICA Y DISTRIBUCION SAN CEFERINO DE CHILLAR SRL EN FORMACION,,,,,,,492229,,
RMS376454818172004,30707057617,WELL LOG S.R.L.,,Activo,Activo,,,,711002,,
RMS376455123611008,30685895362,ISS ARGENTINA SA,,Activo,Activo,,,,812010,,
RMS376456026802009,30709145785,FLEXI PLAS S.R.L.,,,,,,,410021,,
RMS376456624391009,30709417262,NIC - PUBLICIDAD S.R.L.,,Activo,Activo,,,,141199,,
RMS376456677791006,30503961268,IBM ARGENTINA SRL,,Activo,Activo,,,,620900,,
RMS376457424502001,30710033281,MANHATTAN VIAJES  S.R.L.,,Activo,Activo,,,,791100,,
RMS376458419902008,30500166157,REVISTA VIVIENDA SRL,,Activo,Activo,,,,581300,,
RMS376454812601008,30716042304,ALFA 2006 BUSINESS ARGENTINA S.A. SERV. IND. MIN. AG. EN FORMACION DE BALMACEDA SANDRA NOEMI Y OT.,,Activo,Activo,,,,461099,,
RMS376454897522004,30711892555,UNEL SA,,Activo,Activo,,,,477120,,
RMS376455550803003,30714159166,E-LOGISTICA SRL,,Activo,Activo,,,,530010,,
RMS376455766011003,30564304065,ASOCIACION DEL PERSONAL SUPERIOR DE LA ORGANIZACION TECHINT,,Exento,Exento,,,,651310,,
RMS376456011231008,30715497944,PUNTO DOS S.R.L.,,Activo,Activo,,,,474020,,
RMS376456093535003,30710059825,SANATORIO MEDICO LOS TILOS SA,,Activo,Activo,,,,861010,,
RMS376456466173002,30506792165,CARGILL SOCIEDAD ANONIMA COMERCIAL E INDUSTRIAL,,Activo,Activo,,,,104011,,
RMS376457452532003,30715214721,CREAZY SA,,Activo,Activo,,,,439990,,
RMS376450287821006,30713954205,CODECOP S.A,,Activo,Activo,,,,801010,,
RMS376450824021003,30710235925,NOKIA SOLUTIONS AND NETWORKS ARGENTINA SA,,Activo,Activo,,,,432990,,
RMS376452485021009,30659079468,PANALPINA TRANSPORTES MUNDIALES SA,,Activo,Activo,,,,523090,,
RMS376453202531007,30713746505,GRUPO PAMPATECH S.A.,,Activo,Activo,,,,465100,,
RMS376453973222000,30710471319,DIETAR ARGENTINA SRL,,Activo,Activo,,,,931010,,
