﻿IdExterno,CUIT,Denominacion,Entidad,Periodo,Monto,Situacion,SituacionDesc
CUIT30607032978,30607032978,MARCOS FERNANDEZ SOCIEDAD DE RESPONSABILIDAD LIMITADA,BANCO MUNICIPAL DE ROSARIO,05-2021,62000.00,5,Irrecuperable
CUIT30607032978,30607032978,MARCOS FERNANDEZ SOCIEDAD DE RESPONSABILIDAD LIMITADA,BANCO SANTANDER RIO S.A.,05-2021,134000.00,5,Irrecuperable
CUIT30698087648,30698087648,ITACUA CONSTRUCCIONES S R L,BANCO SANTANDER RIO S.A.,05-2021,8000.00,5,Irrecuperable
CUIT30703557674,30703557674,IONES COMUNICACIONES  SRL,BBVA BANCO FRANCES S.A.,05-2021,5000.00,5,Irrecuperable
CUIT30703557674,30703557674,IONES COMUNICACIONES  SRL,BANCO SANTANDER RIO S.A.,05-2021,9000.00,5,Irrecuperable
CUIT30707185208,30707185208,GRUPO SCHENEIDER Y ASOCIADOS SRL,BANCO SANTANDER RIO S.A.,05-2021,73000.00,5,Irrecuperable
CUIT30708710705,30708710705,COMPACTO CONSTRUCCIONES SECAS S.R.L.,BANCO PATAGONIA S.A.,05-2021,37000.00,1,En situación normal
CUIT30708710705,30708710705,COMPACTO CONSTRUCCIONES SECAS S.R.L.,BANCO SANTANDER RIO S.A.,05-2021,4000.00,5,Irrecuperable
CUIT30709449571,30709449571,AREBRERA S.A.,BANCO DE GALICIA Y BUENOS AIRES S.A.U.,05-2021,69000.00,1,En situación normal
CUIT30709449571,30709449571,AREBRERA S.A.,BANCO SANTANDER RIO S.A.,05-2021,8000.00,5,Irrecuperable
CUIT30709524638,30709524638,GRANDANOS S.R.L,BANCO SANTANDER RIO S.A.,05-2021,8000.00,5,Irrecuperable
CUIT30709825735,30709825735,DIEZ DISTRIBUCIONES SRL,BANCO SANTANDER RIO S.A.,05-2021,2000.00,5,Irrecuperable
CUIT30709854263,30709854263,RESTAURANT RANCHO GRANDE SRL,BANCO SANTANDER RIO S.A.,05-2021,71000.00,5,Irrecuperable
CUIT30710404034,30710404034,AGROFEDERAL SA,BANCO DE GALICIA Y BUENOS AIRES S.A.U.,05-2021,6208000.00,5,Irrecuperable
CUIT30710404034,30710404034,AGROFEDERAL SA,BANCO DE LA NACION ARGENTINA,05-2021,26044000.00,5,Irrecuperable
CUIT30710404034,30710404034,AGROFEDERAL SA,BANCO DE LA PROVINCIA DE BUENOS AIRES,05-2021,33140000.00,5,Irrecuperable
CUIT30710404034,30710404034,AGROFEDERAL SA,INDUSTRIAL AND COMMERCIAL BANK OF CHINA (ARGENTINA) S.A.,05-2021,30985000.00,5,Irrecuperable
CUIT30710404034,30710404034,AGROFEDERAL SA,BBVA BANCO FRANCES S.A.,05-2021,32828000.00,5,Irrecuperable
CUIT30710404034,30710404034,AGROFEDERAL SA,BANCO SUPERVIELLE S.A.,05-2021,10417000.00,5,Irrecuperable
CUIT30710404034,30710404034,AGROFEDERAL SA,BANCO SANTANDER RIO S.A.,05-2021,4000.00,5,Irrecuperable
CUIT30710404034,30710404034,AGROFEDERAL SA,BANCO CREDICOOP COOPERATIVO LIMITADO,05-2021,654000.00,5,Irrecuperable
CUIT30710404034,30710404034,AGROFEDERAL SA,BANCO MACRO S.A.,05-2021,39576000.00,5,Irrecuperable
CUIT30710404034,30710404034,AGROFEDERAL SA,BANCO DE INVERSION Y COMERCIO EXTERIOR S.A.,05-2021,38240000.00,5,Irrecuperable
CUIT30710404034,30710404034,AGROFEDERAL SA,NUEVO BANCO DE SANTA FE SOCIEDAD ANONIMA,05-2021,910000.00,5,Irrecuperable
CUIT30710404034,30710404034,AGROFEDERAL SA,TOYOTA COMPAÑÍA FINANCIERA DE ARGENTINA S.A.,05-2021,175000.00,4,Con alto riesgo de insolvencia
CUIT30710404034,30710404034,AGROFEDERAL SA,GARANTIZAR SGR,05-2021,1052000.00,4,Con alto riesgo de insolvencia
CUIT30710404034,30710404034,AGROFEDERAL SA,ACINDAR PYMES SGR,03-2021,5755000.00,5,Irrecuperable
CUIT30710404034,30710404034,AGROFEDERAL SA,AMERICAN EXPRESS ARGENTINA S.A.,05-2021,98000.00,1,En situación normal
CUIT30710634846,30710634846,FULL BUS S.R.L.,BANCO SANTANDER RIO S.A.,05-2021,46000.00,5,Irrecuperable
CUIT30710792573,30710792573,AWCA CUERO S.A.,BANCO SANTANDER RIO S.A.,05-2021,2000.00,5,Irrecuperable
CUIT30711119716,30711119716,LA HISPANA SRL.,BANCO SANTANDER RIO S.A.,05-2021,4000.00,5,Irrecuperable
CUIT30711119716,30711119716,LA HISPANA SRL.,BANCO PROVINCIA DEL NEUQUÉN SOCIEDAD ANÓNIMA,05-2021,31000.00,1,En situación normal
CUIT30711845565,30711845565,PENNISI & CARRO CORP SOCIEDAD ANONIMA,BANCO DE GALICIA Y BUENOS AIRES S.A.U.,05-2021,1146000.00,5,Irrecuperable
CUIT30711845565,30711845565,PENNISI & CARRO CORP SOCIEDAD ANONIMA,BANCO SANTANDER RIO S.A.,05-2021,417000.00,5,Irrecuperable
CUIT30712240012,30712240012,VIA BIMBI S.R.L.,BANCO SANTANDER RIO S.A.,05-2021,69000.00,5,Irrecuperable
CUIT30712240012,30712240012,VIA BIMBI S.R.L.,BANCO COMAFI SOCIEDAD ANONIMA,05-2021,66000.00,5,Irrecuperable
CUIT30712240012,30712240012,VIA BIMBI S.R.L.,AMERICAN EXPRESS ARGENTINA S.A.,05-2021,642000.00,1,En situación normal
CUIT30712270337,30712270337,HERDAR S.R.L.,BANCO SANTANDER RIO S.A.,05-2021,31000.00,5,Irrecuperable
CUIT30712292446,30712292446,GRAN MARACANA S.A.,BANCO SANTANDER RIO S.A.,05-2021,13000.00,5,Irrecuperable
CUIT30714105910,30714105910,GANADERA DEL LITORAL S.R.L.,BANCO DE GALICIA Y BUENOS AIRES S.A.U.,05-2021,58000.00,5,Irrecuperable
CUIT30714105910,30714105910,GANADERA DEL LITORAL S.R.L.,BBVA BANCO FRANCES S.A.,05-2021,134000.00,5,Irrecuperable
CUIT30714105910,30714105910,GANADERA DEL LITORAL S.R.L.,BANCO SANTANDER RIO S.A.,05-2021,357000.00,5,Irrecuperable
CUIT30714337870,30714337870,DISTRI-LEVA S.R.L.,BANCO SANTANDER RIO S.A.,05-2021,7000.00,5,Irrecuperable
CUIT30714643750,30714643750,DAD SRL,BANCO DE GALICIA Y BUENOS AIRES S.A.U.,05-2021,182000.00,5,Irrecuperable
CUIT30714643750,30714643750,DAD SRL,BANCO SANTANDER RIO S.A.,05-2021,4000.00,5,Irrecuperable
CUIT30714768316,30714768316,RIQUELME RAMONA Y RIQUELME DELIA SH,BANCO SANTANDER RIO S.A.,05-2021,9000.00,5,Irrecuperable
CUIT30714995150,30714995150,INSUFAST S.R.L.,BANCO SANTANDER RIO S.A.,05-2021,2000.00,5,Irrecuperable
CUIT30715139940,30715139940,ON AIR CONTENIDOS S.A.,BANCO SANTANDER RIO S.A.,05-2021,56000.00,5,Irrecuperable
CUIT30715150804,30715150804,GUTEGEL S.A.,BANCO SANTANDER RIO S.A.,05-2021,1000.00,5,Irrecuperable
CUIT30715224476,30715224476,HAWEL SRL,BANCO SANTANDER RIO S.A.,05-2021,57000.00,5,Irrecuperable
CUIT30715231251,30715231251,AL BUEN GUSTO SRL,BANCO DE LA NACION ARGENTINA,05-2021,1000.00,5,Irrecuperable
CUIT30715231251,30715231251,AL BUEN GUSTO SRL,BANCO SANTANDER RIO S.A.,05-2021,5000.00,5,Irrecuperable
CUIT30715324772,30715324772,IL MARE FIAMBRES S.C.,BANCO SANTANDER RIO S.A.,05-2021,102000.00,5,Irrecuperable
CUIT30715358529,30715358529,PUERTO SECO SRL,BANCO DE GALICIA Y BUENOS AIRES S.A.U.,05-2021,8000.00,5,Irrecuperable
CUIT30715358529,30715358529,PUERTO SECO SRL,BANCO SANTANDER RIO S.A.,05-2021,9000.00,5,Irrecuperable
CUIT30715413929,30715413929,EMPRENDIMIENTOS TRES A TOOLS S.A.,BANCO DE GALICIA Y BUENOS AIRES S.A.U.,05-2021,4000.00,5,Irrecuperable
CUIT30715413929,30715413929,EMPRENDIMIENTOS TRES A TOOLS S.A.,BBVA BANCO FRANCES S.A.,05-2021,62000.00,5,Irrecuperable
CUIT30715413929,30715413929,EMPRENDIMIENTOS TRES A TOOLS S.A.,BANCO SANTANDER RIO S.A.,05-2021,88000.00,5,Irrecuperable
CUIT30715471872,30715471872,FRANCOS CONSTRUCCIONES S.R.L.,BANCO SANTANDER RIO S.A.,05-2021,256000.00,5,Irrecuperable
CUIT30715527991,30715527991,ACTIVO SA EN FORMACION,BANCO SANTANDER RIO S.A.,05-2021,4000.00,5,Irrecuperable
CUIT30715600850,30715600850,GUSTAVO OSPER Y MARTIN TORTONESE SOCIEDAD LEY 19550 CAPITULO I SECCION IV,BANCO SANTANDER RIO S.A.,05-2021,9000.00,5,Irrecuperable
CUIT30715603264,30715603264,OMEGA INTERCAMBIOS S.R.L,BANCO SANTANDER RIO S.A.,05-2021,4000.00,5,Irrecuperable
CUIT30715608193,30715608193,LIMA FOOD SRL,BANCO SANTANDER RIO S.A.,05-2021,55000.00,5,Irrecuperable
CUIT30715695339,30715695339,JEDICRI S.R.L.,BANCO SANTANDER RIO S.A.,05-2021,126000.00,5,Irrecuperable
CUIT30715772058,30715772058,DARIO GORDO SA,BANCO DE GALICIA Y BUENOS AIRES S.A.U.,05-2021,127000.00,1,En situación normal
CUIT30715772058,30715772058,DARIO GORDO SA,BANCO SANTANDER RIO S.A.,05-2021,7000.00,5,Irrecuperable
CUIT30715795414,30715795414,LEPOR TEAM S.A. EN FORMACION,BANCO SANTANDER RIO S.A.,05-2021,9000.00,5,Irrecuperable
CUIT30715896733,30715896733,EVA ESTETICA INTEGRAL,BANCO SANTANDER RIO S.A.,05-2021,57000.00,5,Irrecuperable
CUIT30715972170,30715972170,TELE-ENERGIA S.R.L.,BANCO SANTANDER RIO S.A.,05-2021,4000.00,5,Irrecuperable
CUIT30715982893,30715982893,SIG SRL,BANCO SANTANDER RIO S.A.,05-2021,2000.00,4,Con alto riesgo de insolvencia
CUIT30715990233,30715990233,HOLZ. MIN S.R.L.,BANCO SANTANDER RIO S.A.,05-2021,32000.00,5,Irrecuperable
CUIT30716004968,30716004968,PARADISUS SAS,BANCO SANTANDER RIO S.A.,05-2021,4000.00,5,Irrecuperable
CUIT30716064006,30716064006,GK INGENIERIA SRL,BANCO SANTANDER RIO S.A.,05-2021,80000.00,5,Irrecuperable
CUIT30716067781,30716067781,LO DE PEÑA S.A.S.,BANCO SANTANDER RIO S.A.,05-2021,3000.00,5,Irrecuperable
CUIT30716107066,30716107066,ASOCIACION CIVIL WILLIAM ALEXIS VAMOS JUNTOS,BANCO SANTANDER RIO S.A.,05-2021,3000.00,5,Irrecuperable
CUIT30716132559,30716132559,NATUS BIENES RAICES S.A.S,BANCO SANTANDER RIO S.A.,05-2021,4000.00,5,Irrecuperable
CUIT30716134683,30716134683,PUNTO VERDE FRESH SRL,BANCO SANTANDER RIO S.A.,05-2021,4000.00,5,Irrecuperable
CUIT30716296284,30716296284,BAO TAVERNA ASIATICA S.A.S.,BANCO DE LA NACION ARGENTINA,05-2021,6000.00,1,En situación normal
CUIT30716296284,30716296284,BAO TAVERNA ASIATICA S.A.S.,BANCO SANTANDER RIO S.A.,05-2021,3000.00,5,Irrecuperable
CUIT30716314444,30716314444,INFINITY SOLUTIONS S.A.S,BANCO SANTANDER RIO S.A.,05-2021,22000.00,5,Irrecuperable
CUIT30716334313,30716334313,ABASTECEDORA PORCINA MB SRL,BANCO SANTANDER RIO S.A.,05-2021,463000.00,5,Irrecuperable
CUIT30716341042,30716341042,A. TOBIA Y F. MARTIN Y HERRERA SOCIEDAD DEL CAPITULO I SECCION IV LGS,BANCO SANTANDER RIO S.A.,05-2021,5000.00,5,Irrecuperable
CUIT30716390795,30716390795,FEDECAM AGROPECUARIA SOCIEDAD DE RESPONSABILIDAD LTDA,BANCO SANTANDER RIO S.A.,05-2021,235000.00,5,Irrecuperable
CUIT30716511843,30716511843,NETWORKING S.A.S.,BANCO PATAGONIA S.A.,05-2021,14000.00,5,Irrecuperable
CUIT30716511843,30716511843,NETWORKING S.A.S.,BANCO SANTANDER RIO S.A.,05-2021,7000.00,5,Irrecuperable
CUIT30716516438,30716516438,BIEN ESTAR CONSTRUCCIONES S.A.S.,BANCO SANTANDER RIO S.A.,05-2021,1000.00,5,Irrecuperable
CUIT30716556960,30716556960,REINO COMERCIAL,BANCO DE GALICIA Y BUENOS AIRES S.A.U.,05-2021,30000.00,2,Con seguimiento especial
CUIT30716556960,30716556960,REINO COMERCIAL,BBVA BANCO FRANCES S.A.,05-2021,80000.00,4,Con alto riesgo de insolvencia
CUIT30716556960,30716556960,REINO COMERCIAL,BANCO SANTANDER RIO S.A.,05-2021,9000.00,5,Irrecuperable
CUIT30716558815,30716558815,GABAME DISTRIBUIDORA SRL,BANCO SANTANDER RIO S.A.,05-2021,46000.00,5,Irrecuperable
CUIT30716572117,30716572117,PCK TRANSPORTE S.A.S.,BANCO SANTANDER RIO S.A.,05-2021,64000.00,5,Irrecuperable
CUIT30716572117,30716572117,PCK TRANSPORTE S.A.S.,BANCO MACRO S.A.,05-2021,62000.00,5,Irrecuperable
CUIT30716606674,30716606674,VILOAGRAR S.A EN FORMACION,BANCO SANTANDER RIO S.A.,05-2021,7000.00,5,Irrecuperable
CUIT30716606674,30716606674,VILOAGRAR S.A EN FORMACION,HSBC BANK ARGENTINA S.A.,05-2021,3000.00,1,En situación normal
CUIT30716633884,30716633884,REPUESTOS DEL OESTE SAS,BANCO SANTANDER RIO S.A.,05-2021,2000.00,5,Irrecuperable
CUIT33709762309,33709762309,AGROFORESTAL EL VIVERO S.R.L.,BANCO DE GALICIA Y BUENOS AIRES S.A.U.,05-2021,627000.00,5,Irrecuperable
CUIT33709762309,33709762309,AGROFORESTAL EL VIVERO S.R.L.,BANCO DE LA NACION ARGENTINA,05-2021,121000.00,1,En situación normal
CUIT33709762309,33709762309,AGROFORESTAL EL VIVERO S.R.L.,BANCO PATAGONIA S.A.,05-2021,219000.00,5,Irrecuperable
CUIT33709762309,33709762309,AGROFORESTAL EL VIVERO S.R.L.,BANCO SANTANDER RIO S.A.,05-2021,149000.00,5,Irrecuperable
CUIT33711409799,33711409799,3 Y PICO SRL,BANCO SANTANDER RIO S.A.,05-2021,152000.00,5,Irrecuperable
CUIT33716298189,33716298189,LOGISTICA Y DISTRIBUCION SAN CEFERINO DE CHILLAR SRL EN FORMACION,BANCO SANTANDER RIO S.A.,05-2021,4000.00,5,Irrecuperable
RMS376454818172004,30707057617,WELL LOG S.R.L.,BANCO DE GALICIA Y BUENOS AIRES S.A.U.,05-2021,39000.00,3,Con problemas
RMS376454818172004,30707057617,WELL LOG S.R.L.,BBVA BANCO FRANCES S.A.,05-2021,114000.00,5,Irrecuperable
RMS376454818172004,30707057617,WELL LOG S.R.L.,BANCO PROVINCIA DEL NEUQUÉN SOCIEDAD ANÓNIMA,05-2021,862000.00,4,Con alto riesgo de insolvencia
RMS376454818172004,30707057617,WELL LOG S.R.L.,"FONDO DE GARANTÍA PARA LA MICRO, PEQUEÑA Y MEDIANA EMPRESA (FOGAPYME)",03-2021,2029000.00,1,En situación normal
RMS376454818172004,30707057617,WELL LOG S.R.L.,AMERICAN EXPRESS ARGENTINA S.A.,05-2021,151000.00,1,En situación normal
RMS376455123611008,30685895362,ISS ARGENTINA SA,BANCO SANTANDER RIO S.A.,05-2021,38000.00,11,Situación mal informada
RMS376455123611008,30685895362,ISS ARGENTINA SA,TRANSATLANTICA COMPAÑIA FINANCIERA S.A.,05-2021,410000.00,1,En situación normal
RMS376455123611008,30685895362,ISS ARGENTINA SA,Development Corp S.A.,05-2021,8383000.00,1,En situación normal
RMS376456026802009,30709145785,FLEXI PLAS S.R.L.,BANCO DE GALICIA Y BUENOS AIRES S.A.U.,05-2021,84000.00,5,Irrecuperable
RMS376456026802009,30709145785,FLEXI PLAS S.R.L.,BANCO DE LA PROVINCIA DE BUENOS AIRES,05-2021,2599000.00,5,Irrecuperable
RMS376456026802009,30709145785,FLEXI PLAS S.R.L.,FONDO DE GARANTÍAS BUENOS AIRES SAPEM (FOGABA SAPEM),04-2021,1250000.00,2,Con seguimiento especial
RMS376456026802009,30709145785,FLEXI PLAS S.R.L.,GARANTIZAR SGR,05-2021,1242000.00,4,Con alto riesgo de insolvencia
RMS376456026802009,30709145785,FLEXI PLAS S.R.L.,AMERICAN EXPRESS ARGENTINA S.A.,05-2021,546000.00,5,Irrecuperable
RMS376456624391009,30709417262,NIC - PUBLICIDAD S.R.L.,BANCO SUPERVIELLE S.A.,05-2021,148000.00,1,En situación normal
RMS376456624391009,30709417262,NIC - PUBLICIDAD S.R.L.,AMERICAN EXPRESS ARGENTINA S.A.,05-2021,67000.00,1,En situación normal
RMS376456677791006,30503961268,IBM ARGENTINA SRL,BANCO DE GALICIA Y BUENOS AIRES S.A.U.,05-2021,4000.00,1,En situación normal
RMS376456677791006,30503961268,IBM ARGENTINA SRL,INDUSTRIAL AND COMMERCIAL BANK OF CHINA (ARGENTINA) S.A.,05-2021,11730000.00,1,En situación normal
RMS376456677791006,30503961268,IBM ARGENTINA SRL,AMERICAN EXPRESS ARGENTINA S.A.,05-2021,11836000.00,1,En situación normal
RMS376457424502001,30710033281,MANHATTAN VIAJES  S.R.L.,BANCO DE LA PROVINCIA DE BUENOS AIRES,05-2021,970000.00,3,Con problemas
RMS376457424502001,30710033281,MANHATTAN VIAJES  S.R.L.,INDUSTRIAL AND COMMERCIAL BANK OF CHINA (ARGENTINA) S.A.,05-2021,614000.00,3,Con problemas
RMS376457424502001,30710033281,MANHATTAN VIAJES  S.R.L.,BBVA BANCO FRANCES S.A.,05-2021,696000.00,5,Irrecuperable
RMS376457424502001,30710033281,MANHATTAN VIAJES  S.R.L.,BANCO PATAGONIA S.A.,05-2021,332000.00,4,Con alto riesgo de insolvencia
RMS376457424502001,30710033281,MANHATTAN VIAJES  S.R.L.,BANCO ITAU ARGENTINA S.A.,05-2021,155000.00,1,En situación normal
RMS376457424502001,30710033281,MANHATTAN VIAJES  S.R.L.,AMERICAN EXPRESS ARGENTINA S.A.,05-2021,164000.00,1,En situación normal
RMS376458419902008,30500166157,REVISTA VIVIENDA SRL,BANCO DE GALICIA Y BUENOS AIRES S.A.U.,05-2021,654000.00,1,En situación normal
RMS376458419902008,30500166157,REVISTA VIVIENDA SRL,BANCO SANTANDER RIO S.A.,05-2021,22000.00,5,Irrecuperable
RMS376458419902008,30500166157,REVISTA VIVIENDA SRL,AMERICAN EXPRESS ARGENTINA S.A.,05-2021,129000.00,1,En situación normal
RMS376458419902008,30500166157,REVISTA VIVIENDA SRL,YPF S.A.,05-2021,79000.00,1,En situación normal
RMS376454812601008,30716042304,ALFA 2006 BUSINESS ARGENTINA S.A. SERV. IND. MIN. AG. EN FORMACION DE BALMACEDA SANDRA NOEMI Y OT.,AMERICAN EXPRESS ARGENTINA S.A.,05-2021,574000.00,2,Con seguimiento especial
RMS376454897522004,30711892555,UNEL SA,BANCO DE GALICIA Y BUENOS AIRES S.A.U.,05-2021,9000.00,1,En situación normal
RMS376454897522004,30711892555,UNEL SA,BANCO SUPERVIELLE S.A.,05-2021,40000.00,4,Con alto riesgo de insolvencia
RMS376454897522004,30711892555,UNEL SA,AMERICAN EXPRESS ARGENTINA S.A.,05-2021,153000.00,1,En situación normal
RMS376455550803003,30714159166,E-LOGISTICA SRL,BANCO DE LA CIUDAD DE BUENOS AIRES,05-2021,1993000.00,1,En situación normal
RMS376455550803003,30714159166,E-LOGISTICA SRL,BANCO SANTANDER RIO S.A.,05-2021,1674000.00,1,En situación normal
RMS376455550803003,30714159166,E-LOGISTICA SRL,AMERICAN EXPRESS ARGENTINA S.A.,05-2021,56000.00,1,En situación normal
RMS376455550803003,30714159166,E-LOGISTICA SRL,YPF S.A.,05-2021,112000.00,1,En situación normal
RMS376455766011003,30564304065,ASOCIACION DEL PERSONAL SUPERIOR DE LA ORGANIZACION TECHINT,AMERICAN EXPRESS ARGENTINA S.A.,05-2021,84000.00,1,En situación normal
RMS376456011231008,30715497944,PUNTO DOS S.R.L.,BANCO DE GALICIA Y BUENOS AIRES S.A.U.,05-2021,6376000.00,1,En situación normal
RMS376456011231008,30715497944,PUNTO DOS S.R.L.,BANCO DE LA PROVINCIA DE BUENOS AIRES,05-2021,4000.00,1,En situación normal
RMS376456011231008,30715497944,PUNTO DOS S.R.L.,BANCO DE LA CIUDAD DE BUENOS AIRES,05-2021,2232000.00,1,En situación normal
RMS376456011231008,30715497944,PUNTO DOS S.R.L.,BANCO SANTANDER RIO S.A.,05-2021,2958000.00,2,Con seguimiento especial
RMS376456011231008,30715497944,PUNTO DOS S.R.L.,AMERICAN EXPRESS ARGENTINA S.A.,05-2021,492000.00,1,En situación normal
RMS376456093535003,30710059825,SANATORIO MEDICO LOS TILOS SA,AMERICAN EXPRESS ARGENTINA S.A.,05-2021,340000.00,3,Con problemas
RMS376456466173002,30506792165,CARGILL SOCIEDAD ANONIMA COMERCIAL E INDUSTRIAL,BANCO DE GALICIA Y BUENOS AIRES S.A.U.,05-2021,7000.00,1,En situación normal
RMS376456466173002,30506792165,CARGILL SOCIEDAD ANONIMA COMERCIAL E INDUSTRIAL,INDUSTRIAL AND COMMERCIAL BANK OF CHINA (ARGENTINA) S.A.,05-2021,16000.00,1,En situación normal
RMS376456466173002,30506792165,CARGILL SOCIEDAD ANONIMA COMERCIAL E INDUSTRIAL,BBVA BANCO FRANCES S.A.,05-2021,9000.00,1,En situación normal
RMS376456466173002,30506792165,CARGILL SOCIEDAD ANONIMA COMERCIAL E INDUSTRIAL,BANCO SANTANDER RIO S.A.,05-2021,1000.00,1,En situación normal
RMS376456466173002,30506792165,CARGILL SOCIEDAD ANONIMA COMERCIAL E INDUSTRIAL,HSBC BANK ARGENTINA S.A.,05-2021,2834000.00,1,En situación normal
RMS376456466173002,30506792165,CARGILL SOCIEDAD ANONIMA COMERCIAL E INDUSTRIAL,Naldo Lombardi S.A.,05-2021,197000.00,1,En situación normal
RMS376456466173002,30506792165,CARGILL SOCIEDAD ANONIMA COMERCIAL E INDUSTRIAL,AMERICAN EXPRESS ARGENTINA S.A.,05-2021,3003000.00,1,En situación normal
RMS376456466173002,30506792165,CARGILL SOCIEDAD ANONIMA COMERCIAL E INDUSTRIAL,YPF S.A.,05-2021,6014000.00,1,En situación normal
RMS376457452532003,30715214721,CREAZY SA,BANCO DE LA CIUDAD DE BUENOS AIRES,05-2021,6302000.00,2,Con seguimiento especial
RMS376457452532003,30715214721,CREAZY SA,BANCO CREDICOOP COOPERATIVO LIMITADO,05-2021,27000.00,1,En situación normal
RMS376457452532003,30715214721,CREAZY SA,BANCO MACRO S.A.,05-2021,3000.00,1,En situación normal
RMS376457452532003,30715214721,CREAZY SA,GARANTIZAR SGR,05-2021,126000.00,1,En situación normal
RMS376457452532003,30715214721,CREAZY SA,Cooperativa de Crédito y Vivienda Unicred Ltda.,05-2021,1659000.00,1,En situación normal
RMS376457452532003,30715214721,CREAZY SA,AMERICAN EXPRESS ARGENTINA S.A.,05-2021,492000.00,1,En situación normal
RMS376450287821006,30713954205,CODECOP S.A,BANCO DE GALICIA Y BUENOS AIRES S.A.U.,05-2021,2000.00,1,En situación normal
RMS376450287821006,30713954205,CODECOP S.A,INDUSTRIAL AND COMMERCIAL BANK OF CHINA (ARGENTINA) S.A.,05-2021,26949000.00,1,En situación normal
RMS376450287821006,30713954205,CODECOP S.A,BANCO SANTANDER RIO S.A.,05-2021,11000.00,3,Con problemas
RMS376450287821006,30713954205,CODECOP S.A,AMERICAN EXPRESS ARGENTINA S.A.,05-2021,7399000.00,1,En situación normal
RMS376450287821006,30713954205,CODECOP S.A,YPF S.A.,05-2021,12000.00,1,En situación normal
RMS376450824021003,30710235925,NOKIA SOLUTIONS AND NETWORKS ARGENTINA SA,CITIBANK N.A.,05-2021,1349000.00,1,En situación normal
RMS376450824021003,30710235925,NOKIA SOLUTIONS AND NETWORKS ARGENTINA SA,BANCO COMAFI SOCIEDAD ANONIMA,05-2021,1223000.00,1,En situación normal
RMS376450824021003,30710235925,NOKIA SOLUTIONS AND NETWORKS ARGENTINA SA,AMERICAN EXPRESS ARGENTINA S.A.,05-2021,1825000.00,1,En situación normal
RMS376452485021009,30659079468,PANALPINA TRANSPORTES MUNDIALES SA,AMERICAN EXPRESS ARGENTINA S.A.,05-2021,8000.00,1,En situación normal
RMS376453202531007,30713746505,GRUPO PAMPATECH S.A.,BANCO DE GALICIA Y BUENOS AIRES S.A.U.,05-2021,11604000.00,5,Irrecuperable
RMS376453202531007,30713746505,GRUPO PAMPATECH S.A.,BANCO SUPERVIELLE S.A.,05-2021,3243000.00,5,Irrecuperable
RMS376453202531007,30713746505,GRUPO PAMPATECH S.A.,BANCO PATAGONIA S.A.,05-2021,4000.00,3,Con problemas
RMS376453202531007,30713746505,GRUPO PAMPATECH S.A.,BANCO SANTANDER RIO S.A.,05-2021,11000.00,1,En situación normal
RMS376453202531007,30713746505,GRUPO PAMPATECH S.A.,BANCO DE LA PAMPA SOCIEDAD DE ECONOMÍA MIXTA,05-2021,974000.00,5,Irrecuperable
RMS376453202531007,30713746505,GRUPO PAMPATECH S.A.,BANCO CREDICOOP COOPERATIVO LIMITADO,05-2021,48000.00,3,Con problemas
RMS376453202531007,30713746505,GRUPO PAMPATECH S.A.,BANCO ITAU ARGENTINA S.A.,05-2021,450000.00,3,Con problemas
RMS376453202531007,30713746505,GRUPO PAMPATECH S.A.,BANCO MACRO S.A.,05-2021,1289000.00,5,Irrecuperable
RMS376453202531007,30713746505,GRUPO PAMPATECH S.A.,BANCO DE INVERSION Y COMERCIO EXTERIOR S.A.,05-2021,381000.00,1,En situación normal
RMS376453202531007,30713746505,GRUPO PAMPATECH S.A.,"Cooperativa Interamericana de Credito, Vivienda y Consumo Limitada",05-2021,137000.00,1,En situación normal
RMS376453202531007,30713746505,GRUPO PAMPATECH S.A.,AMERICAN EXPRESS ARGENTINA S.A.,05-2021,182000.00,1,En situación normal
RMS376453973222000,30710471319,DIETAR ARGENTINA SRL,BANCO DE LA NACION ARGENTINA,05-2021,869000.00,1,En situación normal
RMS376453973222000,30710471319,DIETAR ARGENTINA SRL,BANCO DE LA PROVINCIA DE BUENOS AIRES,05-2021,6166000.00,3,Con problemas
RMS376453973222000,30710471319,DIETAR ARGENTINA SRL,BANCO CREDICOOP COOPERATIVO LIMITADO,05-2021,5457000.00,1,En situación normal
RMS376453973222000,30710471319,DIETAR ARGENTINA SRL,BANCO COMAFI SOCIEDAD ANONIMA,05-2021,1189000.00,1,En situación normal
RMS376453973222000,30710471319,DIETAR ARGENTINA SRL,BANCO DE INVERSION Y COMERCIO EXTERIOR S.A.,05-2021,6626000.00,11,Situación mal informada
RMS376453973222000,30710471319,DIETAR ARGENTINA SRL,AMERICAN EXPRESS ARGENTINA S.A.,05-2021,236000.00,1,En situación normal
