﻿IdExterno,CUIT,Denominacion,Numero,Domicilio,Localidad,Provincia,CP,TelefonoReferencia,TelefonoReferenciaTipo,Proveedor,Plan,Fuente
CUIT30708710705,30708710705,COMPACTO CONSTRUCCIONES SECAS S.R.L.,02984480297,RUTA 22 S/N,GENERAL ENRIQUE GODOY,LA PAMPA,8336,,,Telefonica Argentina,-,Telefonica
CUIT30710404034,30710404034,AGROFEDERAL SA,02614983080,SAN MARTIN 1579,LUJAN DE CUYO,MENDOZA,5507,,,Telefonica Argentina,-,Telefonica
CUIT30710634846,30710634846,FULL BUS S.R.L.,01142336124,BELGRANO MANUEL 1285,LONGCHAMPS,BUENOS AIRES,1854,,,Telefonica Argentina,-,Telefonica
CUIT30710634846,30710634846,FULL BUS S.R.L.,01142338143,BELGRANO MANUEL 1285,LONGCHAMPS,BUENOS AIRES,1854,,,Telefonica Argentina,-,Telefonica
CUIT30710634846,30710634846,FULL BUS S.R.L.,01142339074,BELGRANO MANUEL 1285 PB,LONGCHAMPS,BUENOS AIRES,1854,,,Telefonica Argentina,-,Telefonica
CUIT30710634846,30710634846,FULL BUS S.R.L.,01142339017,BELGRANO MANUEL 1285 PB,LONGCHAMPS,BUENOS AIRES,1854,,,Telefonica Argentina,-,Telefonica
RMS376454818172004,30707057617,WELL LOG S.R.L.,02994460345,SAN MARTIN GRAL 4308,NEUQUEN,NEUQUEN,8300,,,Telefonica Argentina,-,Telefonica
RMS376454818172004,30707057617,WELL LOG S.R.L.,02994464895,SAN MARTIN GRAL 4308,NEUQUEN,NEUQUEN,8300,,,Telefonica Argentina,-,Telefonica
RMS376454818172004,30707057617,WELL LOG S.R.L.,02994464941,SAN MARTIN GRAL 4308,NEUQUEN,NEUQUEN,8300,,,Telefonica Argentina,-,Telefonica
RMS376454818172004,30707057617,WELL LOG S.R.L.,02994464673,SAN MARTIN GRAL 4332,NEUQUEN,NEUQUEN,8300,,,Telefonica Argentina,-,Telefonica
RMS376455123611008,30685895362,ISS ARGENTINA SA,01145743211,BAZURCO 2335 PB,CABA,CABA,1419,,,Telecom Argentina,-,Telefonica
RMS376455123611008,30685895362,ISS ARGENTINA SA,01145743149,BAZURCO 2335 PB,CABA,CABA,1419,,,Telecom Argentina,-,Telefonica
RMS376455123611008,30685895362,ISS ARGENTINA SA,01145735430,BAZURCO 2335 PB,CABA,CABA,1419,,,Telecom Argentina,-,Telefonica
RMS376455123611008,30685895362,ISS ARGENTINA SA,01145735429,BAZURCO 2335 PB,CABA,CABA,1419,,,Telecom Argentina,-,Telefonica
RMS376455123611008,30685895362,ISS ARGENTINA SA,02614249574,9 DE JULIO 313,MENDOZA,MENDOZA,5500,,,Telefonica Argentina,-,Telefonica
RMS376455123611008,30685895362,ISS ARGENTINA SA,02614242879,9 DE JULIO 313,MENDOZA,MENDOZA,5500,,,Telefonica Argentina,-,Telefonica
RMS376455123611008,30685895362,ISS ARGENTINA SA,01143003731,,,,,01143003731,,Telefonica Argentina,-,Movistar / Cablevision
RMS376456624391009,30709417262,NIC - PUBLICIDAD S.R.L.,01146191916,"CUENCA 64,1,1406,CAPITAL FEDERAL,Capital Federal,Argentina",Capital Federal,Capital Federal,1406,0111554523758,Celular,Telefonica Argentina,-,Movistar
RMS376456677791006,30503961268,IBM ARGENTINA SRL,01149194369,TABARE 2470 PB,CABA,CABA,1437,,,Telefonica Argentina,-,Telefonica
RMS376456677791006,30503961268,IBM ARGENTINA SRL,01146676037,ZAPIOLA JOSE M 293,MUÑIZ,BUENOS AIRES,1663,,,Telefonica Argentina,-,Telefonica
RMS376456677791006,30503961268,IBM ARGENTINA SRL,01146321466,BILBAO FRANCISCO 1822 1 A,CABA,CABA,1406,,,Telefonica Argentina,-,Telefonica
RMS376456677791006,30503961268,IBM ARGENTINA SRL,01149500910,SARMIENTO 2362,CABA,CABA,1044,,,Telefonica Argentina,-,Telefonica
RMS376456677791006,30503961268,IBM ARGENTINA SRL,01149500202,SARMIENTO 2362,CABA,CABA,1044,,,Telefonica Argentina,-,Telefonica
RMS376456677791006,30503961268,IBM ARGENTINA SRL,01149500013,SARMIENTO 2362,CABA,CABA,1044,,,Telefonica Argentina,-,Telefonica
RMS376456677791006,30503961268,IBM ARGENTINA SRL,01149822775,AGRELO 4361 2 5,CABA,CABA,1224,,,Telefonica Argentina,-,Telefonica
RMS376456677791006,30503961268,IBM ARGENTINA SRL,01146623055,CAÑADA DE GOMEZ 738,HURLINGHAM,BUENOS AIRES,1686,,,Telefonica Argentina,-,Telefonica
RMS376456677791006,30503961268,IBM ARGENTINA SRL,02914816036,LAINEZ 1625,BAHIA BLANCA,,8001,,,Telefonica Argentina,-,Telefonica
RMS376456677791006,30503961268,IBM ARGENTINA SRL,01146656356,ROCA JULIO A GRAL 2046,HURLINGHAM,BUENOS AIRES,1686,,,Telefonica Argentina,-,Telefonica
RMS376456677791006,30503961268,IBM ARGENTINA SRL,02214247108,TOLOSA 135,LA PLATA,BUENOS AIRES,1900,,,Telefonica Argentina,-,Telefonica
RMS376456677791006,30503961268,IBM ARGENTINA SRL,01149416390,AV BELGRANO 2462 5 B,CABA,CABA,1096,,,Telefonica Argentina,-,Telefonica
RMS376456677791006,30503961268,IBM ARGENTINA SRL,01143415400,ING ENRIQUE BUTTY 275,CABA,CABA,1001,,,Telefonica Argentina,-,Telefonica
RMS376456677791006,30503961268,IBM ARGENTINA SRL,01150701500,ING ENRIQUE BUTTY 275,CABA,CABA,1001,,,Telefonica Argentina,-,Telefonica
RMS376456677791006,30503961268,IBM ARGENTINA SRL,01143486200,AV HUERGO ING 839 PB,CABA,CABA,1107,,,Telefonica Argentina,-,Telefonica
RMS376456677791006,30503961268,IBM ARGENTINA SRL,01142408969,TUCUMAN 1952,LANUS,BUENOS AIRES,1824,,,Telefonica Argentina,-,Telefonica
RMS376456677791006,30503961268,IBM ARGENTINA SRL,01144524816,SCHUMANN 373,HURLINGHAM,BUENOS AIRES,1686,,,Telefonica Argentina,-,Telefonica
RMS376456677791006,30503961268,IBM ARGENTINA SRL,01143582283,MOISES LEBENSOHN 570,PIÑEYRO,,1868,,,Telefonica Argentina,-,Telefonica
RMS376456677791006,30503961268,IBM ARGENTINA SRL,01141013288,BARR: BARRIO SANTA BARBARA - LOTES - LOTM: 0096 -,GENERAL PACHECO,BUENOS AIRES,1617,,,Telefonica Argentina,-,Telefonica
RMS376456677791006,30503961268,IBM ARGENTINA SRL,01150702200,HIPOLITO YRIGOYEN 2147,MARTINEZ,BUENOS AIRES,1640,,,Telefonica Argentina,-,Telefonica
RMS376456677791006,30503961268,IBM ARGENTINA SRL,01143430261,DEFENSA 117 PB,CABA,CABA,1065,,,Telefonica Argentina,-,Telefonica
RMS376456677791006,30503961268,IBM ARGENTINA SRL,02214140984,DIAG 76 764 3 B,LA PLATA,BUENOS AIRES,1900,,,Telefonica Argentina,-,Telefonica
RMS376456677791006,30503961268,IBM ARGENTINA SRL,01145121564,DR SALK 4146,OLIVOS,BUENOS AIRES,1636,,,Telecom Argentina,-,Telefonica
RMS376456677791006,30503961268,IBM ARGENTINA SRL,01146549998,ONCATIVO 532,RAMOS MEJIA,BUENOS AIRES,1704,,,Telefonica Argentina,-,Telefonica
RMS376456677791006,30503961268,IBM ARGENTINA SRL,02324435667,CALLE 3 772,MERCEDES,BUENOS AIRES,6600,,,Telefonica Argentina,-,Telefonica
RMS376456677791006,30503961268,IBM ARGENTINA SRL,01146833196,MANUEL ARTIGAS 5106 17 6,CABA,CABA,1440,,,Telefonica Argentina,-,Telefonica
RMS376456677791006,30503961268,IBM ARGENTINA SRL,01144826120,PAMPA 2857,SAN JUSTO,BUENOS AIRES,1754,,,Telefonica Argentina,-,Telefonica
RMS376456677791006,30503961268,IBM ARGENTINA SRL,01148625906,AV RIVADAVIA 3510,CABA,CABA,1204,,,Telefonica Argentina,-,Telefonica
RMS376456677791006,30503961268,IBM ARGENTINA SRL,02234741742,MANUELA PEDRAZA 590,MAR DEL PLATA,BUENOS AIRES,7600,,,Telefonica Argentina,-,Telefonica
RMS376456677791006,30503961268,IBM ARGENTINA SRL,01148152874,AV ALVEAR 1773 1 J,CABA,CABA,1014,,,Telefonica Argentina,-,Telefonica
RMS376456677791006,30503961268,IBM ARGENTINA SRL,01149223108,DEL B CENTENERA 910 3 E,CABA,CABA,1424,,,Telefonica Argentina,-,Telefonica
RMS376456677791006,30503961268,IBM ARGENTINA SRL,02214703667,CALLE 25 166,LA PLATA,BUENOS AIRES,1900,,,Telefonica Argentina,-,Telefonica
RMS376456677791006,30503961268,IBM ARGENTINA SRL,02494437844,CONSTITUCION 1069 PB 12,TANDIL,BUENOS AIRES,7000,,,Telefonica Argentina,-,Telefonica
RMS376456677791006,30503961268,IBM ARGENTINA SRL,01147945316,REPETTO 3656,OLIVOS,BUENOS AIRES,1636,,,Telecom Argentina,-,Telefonica
RMS376456677791006,30503961268,IBM ARGENTINA SRL,01144888065,CASTELLI 768,CIUDADELA,BUENOS AIRES,1702,,,Telefonica Argentina,-,Telefonica
RMS376456677791006,30503961268,IBM ARGENTINA SRL,01146963726,GUIDO Y SPANO 3252,VILLA LUZURIAGA,BUENOS AIRES,1754,,,Telefonica Argentina,-,Telefonica
RMS376456677791006,30503961268,IBM ARGENTINA SRL,01144586288,ESPORA TOMAS 1076,ITUZAINGO,BUENOS AIRES,1714,,,Telefonica Argentina,-,Telefonica
RMS376456677791006,30503961268,IBM ARGENTINA SRL,01144641022,BELGRANO 285 4 E,RAMOS MEJIA,BUENOS AIRES,1704,,,Telefonica Argentina,-,Telefonica
RMS376456677791006,30503961268,IBM ARGENTINA SRL,01149017393,ROSARIO 74 5,CABA,CABA,1424,,,Telefonica Argentina,-,Telefonica
RMS376456677791006,30503961268,IBM ARGENTINA SRL,01149224785,ZUVIRIA 245 5 C,CABA,CABA,1424,,,Telefonica Argentina,-,Telefonica
RMS376456677791006,30503961268,IBM ARGENTINA SRL,01142519744,RIVELLO JULIO 29,BERNAL ESTE,BUENOS AIRES,1876,,,Telefonica Argentina,-,Telefonica
RMS376456677791006,30503961268,IBM ARGENTINA SRL,02324435007,CALLE 24 3720,MERCEDES,BUENOS AIRES,6600,,,Telefonica Argentina,-,Telefonica
RMS376456677791006,30503961268,IBM ARGENTINA SRL,02664444895,AV ESPAÑA 1043 PB,SAN LUIS,SAN LUIS,5700,,,Telefonica Argentina,-,Telefonica
RMS376456677791006,30503961268,IBM ARGENTINA SRL,01142519676,LABARDEN 624,BERNAL ESTE,BUENOS AIRES,1876,,,Telefonica Argentina,-,Telefonica
RMS376456677791006,30503961268,IBM ARGENTINA SRL,01142922730,CNEL RAMON FALCON 1190,LOMAS DE ZAMORA,BUENOS AIRES,1832,,,Telefonica Argentina,-,Telefonica
RMS376456677791006,30503961268,IBM ARGENTINA SRL,01142883479,VIDAL 3559,REMEDIOS DE ESCALADA,BUENOS AIRES,1826,,,Telefonica Argentina,-,Telefonica
RMS376456677791006,30503961268,IBM ARGENTINA SRL,01150830866,ROCA 1359,BURZACO,BUENOS AIRES,1852,,,Telefonica Argentina,-,Telefonica
RMS376456677791006,30503961268,IBM ARGENTINA SRL,01144818916,BOERO FELIPE 4075,PARQUE LELOIR,BUENOS AIRES,1713,,,Telefonica Argentina,-,Telefonica
RMS376456677791006,30503961268,IBM ARGENTINA SRL,01148136169,JUNCAL 1919 4 B,CABA,CABA,1116,,,Telefonica Argentina,-,Telefonica
RMS376456677791006,30503961268,IBM ARGENTINA SRL,01142450182,CASTELLI 1166,LOMAS DE ZAMORA,BUENOS AIRES,1832,,,Telefonica Argentina,-,Telefonica
RMS376456677791006,30503961268,IBM ARGENTINA SRL,02614380052,OLASCOAGA 1480 PB,MENDOZA,MENDOZA,5500,,,Telefonica Argentina,-,Telefonica
RMS376456677791006,30503961268,IBM ARGENTINA SRL,02614380088,OLASCOAGA 1480 PB,MENDOZA,MENDOZA,5500,,,Telefonica Argentina,-,Telefonica
RMS376456677791006,30503961268,IBM ARGENTINA SRL,02614380089,OLASCOAGA 1480 PB,MENDOZA,MENDOZA,5500,,,Telefonica Argentina,-,Telefonica
RMS376456677791006,30503961268,IBM ARGENTINA SRL,02614380042,OLASCOAGA 1480 PB,MENDOZA,MENDOZA,5500,,,Telefonica Argentina,-,Telefonica
RMS376456677791006,30503961268,IBM ARGENTINA SRL,01143934148,MAIPU 241 5,CABA,CABA,1084,,,Telefonica Argentina,-,Telefonica
RMS376456677791006,30503961268,IBM ARGENTINA SRL,01141017211,BARR: BARRIO SANTA BARBARA - LOTES - LOTM: 3034 - ACL: BANCALARI BENAVIDEZ 3901 -,GENERAL PACHECO,BUENOS AIRES,1617,,,Telefonica Argentina,-,Telefonica
RMS376456677791006,30503961268,IBM ARGENTINA SRL,01144831131,BARTOLOME MITRE 2271 1 F,CASTELAR,BUENOS AIRES,1712,,,Telefonica Argentina,-,Telefonica
RMS376456677791006,30503961268,IBM ARGENTINA SRL,01149422184,COMB DE LOS POZOS 983 9 D,CABA,CABA,1222,,,Telefonica Argentina,-,Telefonica
RMS376456677791006,30503961268,IBM ARGENTINA SRL,01144582401,POSADAS GERVASIO 1746,ITUZAINGO,BUENOS AIRES,1714,,,Telefonica Argentina,-,Telefonica
RMS376456677791006,30503961268,IBM ARGENTINA SRL,01142070910,MARIANO MORENO 4570,VILLA DOMINICO,BUENOS AIRES,1874,,,Telefonica Argentina,-,Telefonica
RMS376456677791006,30503961268,IBM ARGENTINA SRL,01143431712,25 DE MAYO 140,CABA,CABA,1002,,,Telefonica Argentina,-,Telefonica
RMS376456677791006,30503961268,IBM ARGENTINA SRL,01144334992,PARRAL 260 4,CABA,CABA,1405,,,Telefonica Argentina,-,Telefonica
RMS376456677791006,30503961268,IBM ARGENTINA SRL,01144521138,MASCAGNI 2781,HURLINGHAM,BUENOS AIRES,1686,,,Telefonica Argentina,-,Telefonica
RMS376456677791006,30503961268,IBM ARGENTINA SRL,02966435659,SAN LORENZO 983,RIO GALLEGOS,SANTA CRUZ,9400,,,Telefonica Argentina,-,Telefonica
RMS376456677791006,30503961268,IBM ARGENTINA SRL,01143433616,AV PTE R S PE?A 567 3,CABA,CABA,1352,,,Telefonica Argentina,-,Telefonica
RMS376456677791006,30503961268,IBM ARGENTINA SRL,02304424237,BARR: COUNTRY LA CAMPIÑA - UNID: 0024 - ACL: LOTE 24 -,PILAR,BUENOS AIRES,1629,,,Telefonica Argentina,-,Telefonica
RMS376456677791006,30503961268,IBM ARGENTINA SRL,01149881327,AV GOYENA PEDRO 1494 5 A,CABA,CABA,1406,,,Telefonica Argentina,-,Telefonica
RMS376456677791006,30503961268,IBM ARGENTINA SRL,01144411776,EIZAGUIRRE DR 1974 PB,SAN JUSTO,BUENOS AIRES,1754,,,Telefonica Argentina,-,Telefonica
RMS376456677791006,30503961268,IBM ARGENTINA SRL,01146546602,RIO NEGRO 14,RAMOS MEJIA,BUENOS AIRES,1704,,,Telefonica Argentina,-,Telefonica
RMS376456677791006,30503961268,IBM ARGENTINA SRL,01146291879,TRES ARROYOS 818,HAEDO,BUENOS AIRES,1706,,,Telefonica Argentina,-,Telefonica
RMS376456677791006,30503961268,IBM ARGENTINA SRL,01149040763,AV JOSE M MORENO 429 8 A,CABA,CABA,1424,,,Telefonica Argentina,-,Telefonica
RMS376456677791006,30503961268,IBM ARGENTINA SRL,01143818901,MEXICO 1812 1 D,CABA,CABA,1222,,,Telefonica Argentina,-,Telefonica
RMS376456677791006,30503961268,IBM ARGENTINA SRL,01144570122,ANDRADE OLEGARIO 5681,GREGORIO DE LAFERRERE,BUENOS AIRES,1757,,,Telefonica Argentina,-,Telefonica
RMS376456677791006,30503961268,IBM ARGENTINA SRL,01143384800,HIPOLITO YRIGOYEN 2149,MARTINEZ,BUENOS AIRES,1640,,,Telefonica Argentina,-,Telefonica
RMS376456677791006,30503961268,IBM ARGENTINA SRL,01150708000,HIPOLITO YRIGOYEN 2149,MARTINEZ,BUENOS AIRES,1640,,,Telefonica Argentina,-,Telefonica
RMS376456677791006,30503961268,IBM ARGENTINA SRL,01150709600,HIPOLITO YRIGOYEN 2149,MARTINEZ,BUENOS AIRES,1640,,,Telefonica Argentina,-,Telefonica
RMS376456677791006,30503961268,IBM ARGENTINA SRL,01146298217,ROSARIO 2006,CASTELAR,BUENOS AIRES,1712,,,Telefonica Argentina,-,Telefonica
RMS376456677791006,30503961268,IBM ARGENTINA SRL,01146549709,TEMPLE 2044,RAMOS MEJIA,BUENOS AIRES,1704,,,Telefonica Argentina,-,Telefonica
RMS376456677791006,30503961268,IBM ARGENTINA SRL,02234764503,DON BOSCO 3818 PA,MAR DEL PLATA,BUENOS AIRES,7600,,,Telefonica Argentina,-,Telefonica
RMS376456677791006,30503961268,IBM ARGENTINA SRL,01143348264,AV HUERGO ING 839 1 TP,CABA,CABA,1107,,,Telefonica Argentina,-,Telefonica
RMS376456677791006,30503961268,IBM ARGENTINA SRL,01143348265,AV HUERGO ING 839 1 TP,CABA,CABA,1107,,,Telefonica Argentina,-,Telefonica
RMS376456677791006,30503961268,IBM ARGENTINA SRL,01143348257,AV HUERGO ING 839 1 TP,CABA,CABA,1107,,,Telefonica Argentina,-,Telefonica
RMS376456677791006,30503961268,IBM ARGENTINA SRL,01143342464,AV HUERGO ING 839 1 TP,CABA,CABA,1107,,,Telefonica Argentina,-,Telefonica
RMS376456677791006,30503961268,IBM ARGENTINA SRL,01143348263,AV HUERGO ING 839 1 TP,CABA,CABA,1107,,,Telefonica Argentina,-,Telefonica
RMS376456677791006,30503961268,IBM ARGENTINA SRL,01143342463,AV HUERGO ING 839 1 TP,CABA,CABA,1107,,,Telefonica Argentina,-,Telefonica
RMS376456677791006,30503961268,IBM ARGENTINA SRL,01143348258,AV HUERGO ING 839 1 TP,CABA,CABA,1107,,,Telefonica Argentina,-,Telefonica
RMS376456677791006,30503961268,IBM ARGENTINA SRL,01142515346,LOMAS DE ZAMORA 26 PB,DON BOSCO,,1877,,,Telefonica Argentina,-,Telefonica
RMS376456677791006,30503961268,IBM ARGENTINA SRL,01142418631,SANTIAGO D ESTERO 3164 PB,LANUS,BUENOS AIRES,1824,,,Telefonica Argentina,-,Telefonica
RMS376456677791006,30503961268,IBM ARGENTINA SRL,01143074399,AV INDEPENDENCIA 315 5 A,CABA,CABA,1099,,,Telefonica Argentina,-,Telefonica
RMS376456677791006,30503961268,IBM ARGENTINA SRL,01144334352,NEUQUEN 1460 3 A,CABA,CABA,1405,,,Telefonica Argentina,-,Telefonica
RMS376456677791006,30503961268,IBM ARGENTINA SRL,01157780202,LAPRIDA 1280 4 A,CABA,CABA,1425,,,Telefonica Argentina,-,Telefonica
RMS376456677791006,30503961268,IBM ARGENTINA SRL,01150702000,AV CASEROS 565 PB,CABA,CABA,1152,,,Telefonica Argentina,-,Telefonica
RMS376456677791006,30503961268,IBM ARGENTINA SRL,01145132581,MARIA 1971,DON TORCUATO,BUENOS AIRES,1611,,,Telecom Argentina,-,Telefonica
RMS376456677791006,30503961268,IBM ARGENTINA SRL,02304424495,BARR: COUNTRY CLUB LA MARTINICA - LOTE: S/N - ACL: KM 54.5 -,PILAR,BUENOS AIRES,1629,,,Telefonica Argentina,-,Telefonica
RMS376456677791006,30503961268,IBM ARGENTINA SRL,02214846678,CALLE 26 3925,MANUEL B GONNET,BUENOS AIRES,1897,,,Telefonica Argentina,-,Telefonica
RMS376456677791006,30503961268,IBM ARGENTINA SRL,01144816704,COSQUIN 3060,ITUZAINGO,BUENOS AIRES,1714,,,Telefonica Argentina,-,Telefonica
RMS376456677791006,30503961268,IBM ARGENTINA SRL,01142229247,PATRICIOS 245 2 1,AVELLANEDA,BUENOS AIRES,1870,,,Telefonica Argentina,-,Telefonica
RMS376456677791006,30503961268,IBM ARGENTINA SRL,01146934333,LAGOS GARCIA 4470 PB,NUEVE DE ABRIL,,1839,,,Telefonica Argentina,-,Telefonica
RMS376456677791006,30503961268,IBM ARGENTINA SRL,01146932620,LAGOS GARCIA 4470 PB,NUEVE DE ABRIL,,1839,,,Telefonica Argentina,-,Telefonica
RMS376456677791006,30503961268,IBM ARGENTINA SRL,01146930450,LAGOS GARCIA 4470 PB,NUEVE DE ABRIL,,1839,,,Telefonica Argentina,-,Telefonica
RMS376456677791006,30503961268,IBM ARGENTINA SRL,01146931403,LAGOS GARCIA 4470 PB,NUEVE DE ABRIL,,1839,,,Telefonica Argentina,-,Telefonica
RMS376456677791006,30503961268,IBM ARGENTINA SRL,02494438317,ALEM 165 1 5,TANDIL,BUENOS AIRES,7000,,,Telefonica Argentina,-,Telefonica
RMS376456677791006,30503961268,IBM ARGENTINA SRL,02214895499,CALLE 19 722 PB B,LA PLATA,BUENOS AIRES,1900,,,Telefonica Argentina,-,Telefonica
RMS376456677791006,30503961268,IBM ARGENTINA SRL,01143617527,PIEDRAS 1088 4 E,CABA,CABA,1070,,,Telefonica Argentina,-,Telefonica
RMS376456677791006,30503961268,IBM ARGENTINA SRL,02494433017,ALEM 666 4 A,TANDIL,BUENOS AIRES,7000,,,Telefonica Argentina,-,Telefonica
RMS376456677791006,30503961268,IBM ARGENTINA SRL,01146684508,RIO IGUAZU 889 PB,BELLA VISTA GBA,BUENOS AIRES,1661,,,Telefonica Argentina,-,Telefonica
RMS376456677791006,30503961268,IBM ARGENTINA SRL,01143686328,FARREL JUAN 182,VALENTIN ALSINA,BUENOS AIRES,1822,,,Telefonica Argentina,-,Telefonica
RMS376456677791006,30503961268,IBM ARGENTINA SRL,01143618653,AV HUERGO ING 1039,CABA,CABA,1107,,,Telefonica Argentina,-,Telefonica
RMS376456677791006,30503961268,IBM ARGENTINA SRL,01143006582,AV HUERGO ING 1039,CABA,CABA,1107,,,Telefonica Argentina,-,Telefonica
RMS376456677791006,30503961268,IBM ARGENTINA SRL,01146318585,AV EVA PERON 1741 8,CABA,CABA,1406,,,Telefonica Argentina,-,Telefonica
RMS376456677791006,30503961268,IBM ARGENTINA SRL,01143431722,BARTOLOME MITRE 480 PB,CABA,CABA,1036,,,Telefonica Argentina,-,Telefonica
RMS376456677791006,30503961268,IBM ARGENTINA SRL,01149881358,CNEL RAMON FALCON 1455 3 A,CABA,CABA,1406,,,Telefonica Argentina,-,Telefonica
RMS376456677791006,30503961268,IBM ARGENTINA SRL,01147920023,CNEL UZAL 4235,OLIVOS,BUENOS AIRES,1636,,,Telecom Argentina,-,Telefonica
RMS376456677791006,30503961268,IBM ARGENTINA SRL,01149224370,AV DIRECTORIO 666 3 2,CABA,CABA,1424,,,Telefonica Argentina,-,Telefonica
RMS376456677791006,30503961268,IBM ARGENTINA SRL,02614527380,FORMOSA 2353 1 B,GODOY CRUZ,MENDOZA,5501,,,Telefonica Argentina,-,Telefonica
RMS376456677791006,30503961268,IBM ARGENTINA SRL,02314424480,CASARIEGO 2105,BOLIVAR,BUENOS AIRES,6550,,,Telefonica Argentina,-,Telefonica
RMS376456677791006,30503961268,IBM ARGENTINA SRL,01143430526,BALCARCE 479 1,CABA,CABA,1064,,,Telefonica Argentina,-,Telefonica
RMS376456677791006,30503961268,IBM ARGENTINA SRL,01143430542,BALCARCE 479 1,CABA,CABA,1064,,,Telefonica Argentina,-,Telefonica
RMS376456677791006,30503961268,IBM ARGENTINA SRL,01143310167,BALCARCE 479 1,CABA,CABA,1064,,,Telefonica Argentina,-,Telefonica
RMS376456677791006,30503961268,IBM ARGENTINA SRL,01143310139,BALCARCE 479 1,CABA,CABA,1064,,,Telefonica Argentina,-,Telefonica
RMS376456677791006,30503961268,IBM ARGENTINA SRL,01143310195,BALCARCE 479 1,CABA,CABA,1064,,,Telefonica Argentina,-,Telefonica
RMS376456677791006,30503961268,IBM ARGENTINA SRL,01143430534,BALCARCE 479 1,CABA,CABA,1064,,,Telefonica Argentina,-,Telefonica
RMS376456677791006,30503961268,IBM ARGENTINA SRL,01143429334,BALCARCE 479 1,CABA,CABA,1064,,,Telefonica Argentina,-,Telefonica
RMS376456677791006,30503961268,IBM ARGENTINA SRL,01143430511,BALCARCE 479 1,CABA,CABA,1064,,,Telefonica Argentina,-,Telefonica
RMS376456677791006,30503961268,IBM ARGENTINA SRL,01146531099,CARLOS PELLEGRINI 354 1,RAMOS MEJIA,BUENOS AIRES,1704,,,Telefonica Argentina,-,Telefonica
RMS376456677791006,30503961268,IBM ARGENTINA SRL,01142265599,FALUCHO 2167,BERAZATEGUI,BUENOS AIRES,1884,,,Telefonica Argentina,-,Telefonica
RMS376456677791006,30503961268,IBM ARGENTINA SRL,01150707500,AV HUERGO ING 1039,CABA,CABA,1107,,,Telefonica Argentina,-,Telefonica
RMS376456677791006,30503961268,IBM ARGENTINA SRL,01146521780,CABILDO 432,VILLA MADERO,BUENOS AIRES,1768,,,Telefonica Argentina,-,Telefonica
RMS376456677791006,30503961268,IBM ARGENTINA SRL,02225480195,BARR: BO COUNTRY SAN ELISEO-R58 KM18 - LOTM: 0341 - ACL: EN SITIO ABONADO 2225 480084 -,SAN VICENTE,BUENOS AIRES,1865,,,Telefonica Argentina,-,Telefonica
RMS376456677791006,30503961268,IBM ARGENTINA SRL,01142517454,MAIPU 365,BERNAL ESTE,BUENOS AIRES,1876,,,Telefonica Argentina,-,Telefonica
RMS376456677791006,30503961268,IBM ARGENTINA SRL,03514112909,BARR: BARRIO COUNTRY VALLE ESCONDIDO - MAZG: 0032 - LOTE: 014 - ACL: BARRIO INTERNO  LA CIGARRA -,CORDOBA,CORDOBA,5000,,,Telefonica Argentina,-,Telefonica
RMS376456677791006,30503961268,IBM ARGENTINA SRL,02229443151,CALLE 460 1198,JUAN MARIA GUTIERREZ,BUENOS AIRES,1890,,,Telefonica Argentina,-,Telefonica
RMS376456677791006,30503961268,IBM ARGENTINA SRL,01144547884,O'BRIEN GRAL 783,LOMAS DEL MIRADOR,BUENOS AIRES,1752,,,Telefonica Argentina,-,Telefonica
RMS376456677791006,30503961268,IBM ARGENTINA SRL,02234959906,CORDOBA 1973 8 F,MAR DEL PLATA,BUENOS AIRES,7600,,,Telefonica Argentina,-,Telefonica
RMS376456677791006,30503961268,IBM ARGENTINA SRL,01149881642,MIRO 124,CABA,CABA,1406,,,Telefonica Argentina,-,Telefonica
RMS376456677791006,30503961268,IBM ARGENTINA SRL,01146549639,LAMADRID 542,RAMOS MEJIA,BUENOS AIRES,1704,,,Telefonica Argentina,-,Telefonica
RMS376457424502001,30710033281,MANHATTAN VIAJES  S.R.L.,01144313038,AV GOYENA PEDRO 799 PB,CABA,CABA,1424,,,Telefonica Argentina,-,Telefonica
RMS376457424502001,30710033281,MANHATTAN VIAJES  S.R.L.,01144312065,AV GOYENA PEDRO 799 PB,CABA,CABA,1424,,,Telefonica Argentina,-,Telefonica
RMS376457424502001,30710033281,MANHATTAN VIAJES  S.R.L.,01144318395,AV GOYENA PEDRO 799,CABA,CABA,1424,,,Telefonica Argentina,-,Telefonica
RMS376457424502001,30710033281,MANHATTAN VIAJES  S.R.L.,0478075777,NUEVA YORK 4305,CIUDAD AUTONOMA BUENOS AIRES,,1419,,,,-,Claro
RMS376457424502001,30710033281,MANHATTAN VIAJES  S.R.L.,0478358004,NUEVA YORK 4305,CIUDAD AUTONOMA BUENOS AIRES,,1419,,,,-,Claro
RMS376458419902008,30500166157,REVISTA VIVIENDA SRL,01143810567,HIPOLITO YRIGOYEN 1180 PB,CABA,CABA,1086,,,Telefonica Argentina,-,Telefonica
RMS376458419902008,30500166157,REVISTA VIVIENDA SRL,01143814980,HIPOLITO YRIGOYEN 1180 PB,CABA,CABA,1086,,,Telefonica Argentina,-,Telefonica
RMS376458419902008,30500166157,REVISTA VIVIENDA SRL,01143831434,HIPOLITO YRIGOYEN 1180 PB,CABA,CABA,1086,,,Telefonica Argentina,-,Telefonica
RMS376458419902008,30500166157,REVISTA VIVIENDA SRL,01143833492,HIPOLITO YRIGOYEN 1180 PB,CABA,CABA,1086,,,Telefonica Argentina,-,Telefonica
RMS376458419902008,30500166157,REVISTA VIVIENDA SRL,01143811813,HIPOLITO YRIGOYEN 1180 PB,CABA,CABA,1086,,,Telefonica Argentina,-,Telefonica
RMS376458419902008,30500166157,REVISTA VIVIENDA SRL,01143836127,HIPOLITO YRIGOYEN 1180 PB,CABA,CABA,1086,,,Telefonica Argentina,-,Telefonica
RMS376458419902008,30500166157,REVISTA VIVIENDA SRL,01137508265,HIPOLITO YRIGOYEN 1180 PB,CABA,CABA,1086,,,Telefonica Argentina,-,Telefonica
RMS376458419902008,30500166157,REVISTA VIVIENDA SRL,01143834628,HIPOLITO YRIGOYEN 1180 PB,CABA,CABA,1086,,,Telefonica Argentina,-,Telefonica
RMS376458419902008,30500166157,REVISTA VIVIENDA SRL,01143814864,HIPOLITO YRIGOYEN 1180 PB,CABA,CABA,1086,,,Telefonica Argentina,-,Telefonica
RMS376458419902008,30500166157,REVISTA VIVIENDA SRL,0478268130,HIPOLITO YRIGOYEN 1180,CIUDAD AUTONOMA BUENOS AIRES,,1086,,,,-,Claro
RMS376458419902008,30500166157,REVISTA VIVIENDA SRL,0478268129,HIPOLITO YRIGOYEN 1180,CIUDAD AUTONOMA BUENOS AIRES,,1086,,,,-,Claro
RMS376458419902008,30500166157,REVISTA VIVIENDA SRL,0478268126,HIPOLITO YRIGOYEN 1180,CIUDAD AUTONOMA BUENOS AIRES,,1086,,,,-,Claro
RMS376454897522004,30711892555,UNEL SA,01149820722,DON BOSCO 3834 PB LOC,CABA,CABA,1206,,,Telefonica Argentina,-,Telefonica
RMS376454897522004,30711892555,UNEL SA,01149829770,DON BOSCO 3834 PB LOC,CABA,CABA,1206,,,Telefonica Argentina,-,Telefonica
RMS376454897522004,30711892555,UNEL SA,01149829216,DON BOSCO 3834 PB LOC,CABA,CABA,1206,,,Telefonica Argentina,-,Telefonica
RMS376456093535003,30710059825,SANATORIO MEDICO LOS TILOS SA,02214891786,CALLE 41 347,LA PLATA,BUENOS AIRES,1900,,,Telefonica Argentina,-,Telefonica
RMS376456093535003,30710059825,SANATORIO MEDICO LOS TILOS SA,02214834151,CALLE 41 347,LA PLATA,BUENOS AIRES,1900,,,Telefonica Argentina,-,Telefonica
RMS376456093535003,30710059825,SANATORIO MEDICO LOS TILOS SA,02214224023,CALLE 41 347 PB FTE,LA PLATA,BUENOS AIRES,1900,,,Telefonica Argentina,-,Telefonica
RMS376456093535003,30710059825,SANATORIO MEDICO LOS TILOS SA,02214251929,CALLE 41 347,LA PLATA,BUENOS AIRES,1900,,,Telefonica Argentina,-,Telefonica
RMS376456093535003,30710059825,SANATORIO MEDICO LOS TILOS SA,02214211952,CALLE 41 347,LA PLATA,BUENOS AIRES,1900,,,Telefonica Argentina,-,Telefonica
RMS376456466173002,30506792165,CARGILL SOCIEDAD ANONIMA COMERCIAL E INDUSTRIAL,02344495203,AV RIVADAVIA S/N,DEL CARRIL,BUENOS AIRES,7265,,,Telefonica Argentina,-,Telefonica
RMS376456466173002,30506792165,CARGILL SOCIEDAD ANONIMA COMERCIAL E INDUSTRIAL,02344495189,AV RIVADAVIA S/N,DEL CARRIL,BUENOS AIRES,7265,,,Telefonica Argentina,-,Telefonica
RMS376456466173002,30506792165,CARGILL SOCIEDAD ANONIMA COMERCIAL E INDUSTRIAL,02983423958,SAAVEDRA 841,TRES ARROYOS,BUENOS AIRES,7500,,,Telefonica Argentina,-,Telefonica
RMS376456466173002,30506792165,CARGILL SOCIEDAD ANONIMA COMERCIAL E INDUSTRIAL,02983432990,SAAVEDRA 841 PB,TRES ARROYOS,BUENOS AIRES,7500,,,Telefonica Argentina,-,Telefonica
RMS376456466173002,30506792165,CARGILL SOCIEDAD ANONIMA COMERCIAL E INDUSTRIAL,02983426743,SAAVEDRA 841 PB,TRES ARROYOS,BUENOS AIRES,7500,,,Telefonica Argentina,-,Telefonica
RMS376456466173002,30506792165,CARGILL SOCIEDAD ANONIMA COMERCIAL E INDUSTRIAL,02983432705,SAAVEDRA 841 PB,TRES ARROYOS,BUENOS AIRES,7500,,,Telefonica Argentina,-,Telefonica
RMS376456466173002,30506792165,CARGILL SOCIEDAD ANONIMA COMERCIAL E INDUSTRIAL,02352451567,AV J ELGUEA ROMAN S/N,CHACABUCO,BUENOS AIRES,6740,,,Telefonica Argentina,-,Telefonica
RMS376456466173002,30506792165,CARGILL SOCIEDAD ANONIMA COMERCIAL E INDUSTRIAL,02352450891,AV J ELGUEA ROMAN S/N,CHACABUCO,BUENOS AIRES,6740,,,Telefonica Argentina,-,Telefonica
RMS376456466173002,30506792165,CARGILL SOCIEDAD ANONIMA COMERCIAL E INDUSTRIAL,02337453647,RUTA 33 S/N,AMERICA,BUENOS AIRES,6237,,,Telefonica Argentina,-,Telefonica
RMS376456466173002,30506792165,CARGILL SOCIEDAD ANONIMA COMERCIAL E INDUSTRIAL,03624481132,SANTA LUCIA S/N,PUERTO VILELAS,,3503,,,Telecom Argentina,-,Telefonica
RMS376456466173002,30506792165,CARGILL SOCIEDAD ANONIMA COMERCIAL E INDUSTRIAL,01141317200,AV LEANDRO N ALEM 928 8,CABA,CABA,1001,,,Telefonica Argentina,-,Telefonica
RMS376456466173002,30506792165,CARGILL SOCIEDAD ANONIMA COMERCIAL E INDUSTRIAL,02352450896,AV J ELGUEA ROMAN 1,CHACABUCO,BUENOS AIRES,6740,,,Telefonica Argentina,-,Telefonica
RMS376456466173002,30506792165,CARGILL SOCIEDAD ANONIMA COMERCIAL E INDUSTRIAL,02304439100,CALLE 9 S/N,PILAR,BUENOS AIRES,1629,,,Telefonica Argentina,-,Telefonica
RMS376456466173002,30506792165,CARGILL SOCIEDAD ANONIMA COMERCIAL E INDUSTRIAL,02914573264,CALLE 1 S/N,INGENIERO WHITE,BUENOS AIRES,8103,,,Telefonica Argentina,-,Telefonica
RMS376456466173002,30506792165,CARGILL SOCIEDAD ANONIMA COMERCIAL E INDUSTRIAL,02354420740,ACC RUTA 7 S/N,VEDIA,BUENOS AIRES,6030,,,Telefonica Argentina,-,Telefonica
RMS376456466173002,30506792165,CARGILL SOCIEDAD ANONIMA COMERCIAL E INDUSTRIAL,01142993072,2 DE ABRIL 1879,BURZACO,BUENOS AIRES,1852,,,Telefonica Argentina,-,Telefonica
RMS376456466173002,30506792165,CARGILL SOCIEDAD ANONIMA COMERCIAL E INDUSTRIAL,01142479989,LAVALLEJA GRAL 2883,LANUS,BUENOS AIRES,1824,,,Telefonica Argentina,-,Telefonica
RMS376456466173002,30506792165,CARGILL SOCIEDAD ANONIMA COMERCIAL E INDUSTRIAL,02477440731,RUTA 188 S/N,PERGAMINO,BUENOS AIRES,2700,,,Telefonica Argentina,-,Telefonica
RMS376456466173002,30506792165,CARGILL SOCIEDAD ANONIMA COMERCIAL E INDUSTRIAL,02477440860,RUTA 188 S/N,PERGAMINO,BUENOS AIRES,2700,,,Telefonica Argentina,-,Telefonica
RMS376456466173002,30506792165,CARGILL SOCIEDAD ANONIMA COMERCIAL E INDUSTRIAL,02337454010,RUTA 33 S/N,AMERICA,BUENOS AIRES,6237,,,Telefonica Argentina,-,Telefonica
RMS376456466173002,30506792165,CARGILL SOCIEDAD ANONIMA COMERCIAL E INDUSTRIAL,02358442700,ACC EX C MALVINAS S/N PB,LOS TOLDOS,BUENOS AIRES,6015,,,Telefonica Argentina,-,Telefonica
RMS376456466173002,30506792165,CARGILL SOCIEDAD ANONIMA COMERCIAL E INDUSTRIAL,02358444777,ACC EX C MALVINAS S/N PB,LOS TOLDOS,BUENOS AIRES,6015,,,Telefonica Argentina,-,Telefonica
RMS376456466173002,30506792165,CARGILL SOCIEDAD ANONIMA COMERCIAL E INDUSTRIAL,02475465765,AV JUAN TORMEY 951,ROJAS,BUENOS AIRES,2705,,,Telefonica Argentina,-,Telefonica
RMS376456466173002,30506792165,CARGILL SOCIEDAD ANONIMA COMERCIAL E INDUSTRIAL,02342427476,SANTA ROSA 1200 PB,BRAGADO,BUENOS AIRES,6640,,,Telefonica Argentina,-,Telefonica
RMS376456466173002,30506792165,CARGILL SOCIEDAD ANONIMA COMERCIAL E INDUSTRIAL,02337453712,RUTA 33 385,AMERICA,BUENOS AIRES,6237,,,Telefonica Argentina,-,Telefonica
RMS376456466173002,30506792165,CARGILL SOCIEDAD ANONIMA COMERCIAL E INDUSTRIAL,02396478484,GOROSTIAGA 105,PEHUAJO,BUENOS AIRES,6450,,,Telefonica Argentina,-,Telefonica
RMS376456466173002,30506792165,CARGILL SOCIEDAD ANONIMA COMERCIAL E INDUSTRIAL,02337454548,RUTA 33 S/N,AMERICA,BUENOS AIRES,6237,,,Telefonica Argentina,-,Telefonica
RMS376456466173002,30506792165,CARGILL SOCIEDAD ANONIMA COMERCIAL E INDUSTRIAL,02317431332,FOURNIER S/N  PB,NUEVE DE JULIO,BUENOS AIRES,6500,,,Telefonica Argentina,-,Telefonica
RMS376456466173002,30506792165,CARGILL SOCIEDAD ANONIMA COMERCIAL E INDUSTRIAL,02317431181,FOURNIER S/N  PB,NUEVE DE JULIO,BUENOS AIRES,6500,,,Telefonica Argentina,-,Telefonica
RMS376456466173002,30506792165,CARGILL SOCIEDAD ANONIMA COMERCIAL E INDUSTRIAL,02262452202,CALLE SIN NOMBRE S/N,QUEQUEN,BUENOS AIRES,7631,,,Telefonica Argentina,-,Telefonica
RMS376456466173002,30506792165,CARGILL SOCIEDAD ANONIMA COMERCIAL E INDUSTRIAL,02914573209,AV 18 DE JULIO S/N,INGENIERO WHITE,BUENOS AIRES,8103,,,Telefonica Argentina,-,Telefonica
RMS376456466173002,30506792165,CARGILL SOCIEDAD ANONIMA COMERCIAL E INDUSTRIAL,02914573126,AV 18 DE JULIO S/N,INGENIERO WHITE,BUENOS AIRES,8103,,,Telefonica Argentina,-,Telefonica
RMS376456466173002,30506792165,CARGILL SOCIEDAD ANONIMA COMERCIAL E INDUSTRIAL,02914573318,AV 18 DE JULIO S/N,INGENIERO WHITE,BUENOS AIRES,8103,,,Telefonica Argentina,-,Telefonica
RMS376456466173002,30506792165,CARGILL SOCIEDAD ANONIMA COMERCIAL E INDUSTRIAL,02337452683,RUTA 33 S/N,AMERICA,BUENOS AIRES,6237,,,Telefonica Argentina,-,Telefonica
RMS376456466173002,30506792165,CARGILL SOCIEDAD ANONIMA COMERCIAL E INDUSTRIAL,02392423695,RUTA 5 KM 446,TRENQUE LAUQUEN,BUENOS AIRES,6400,,,Telefonica Argentina,-,Telefonica
RMS376456466173002,30506792165,CARGILL SOCIEDAD ANONIMA COMERCIAL E INDUSTRIAL,02392425321,RUTA 5 KM 446,TRENQUE LAUQUEN,BUENOS AIRES,6400,,,Telefonica Argentina,-,Telefonica
RMS376456466173002,30506792165,CARGILL SOCIEDAD ANONIMA COMERCIAL E INDUSTRIAL,02914573139,CALLE SIN NOMBRE S/N,INGENIERO WHITE,BUENOS AIRES,8103,,,Telefonica Argentina,-,Telefonica
RMS376456466173002,30506792165,CARGILL SOCIEDAD ANONIMA COMERCIAL E INDUSTRIAL,02914573187,CALLE SIN NOMBRE S/N,INGENIERO WHITE,BUENOS AIRES,8103,,,Telefonica Argentina,-,Telefonica
RMS376456466173002,30506792165,CARGILL SOCIEDAD ANONIMA COMERCIAL E INDUSTRIAL,02914573371,MUELLE DE CARGA MTRO CARRANZA S/N PB,INGENIERO WHITE,BUENOS AIRES,8103,,,Telefonica Argentina,-,Telefonica
RMS376456466173002,30506792165,CARGILL SOCIEDAD ANONIMA COMERCIAL E INDUSTRIAL,02262450026,RUTA NAC 227 9,QUEQUEN,BUENOS AIRES,7631,,,Telefonica Argentina,-,Telefonica
RMS376456466173002,30506792165,CARGILL SOCIEDAD ANONIMA COMERCIAL E INDUSTRIAL,01144419427,ZAPIOLA 3498 PB,SAN JUSTO,BUENOS AIRES,1754,,,Telefonica Argentina,-,Telefonica
RMS376456466173002,30506792165,CARGILL SOCIEDAD ANONIMA COMERCIAL E INDUSTRIAL,02342422134,GENERAL PAZ 2600 PB,BRAGADO,BUENOS AIRES,6640,,,Telefonica Argentina,-,Telefonica
RMS376456466173002,30506792165,CARGILL SOCIEDAD ANONIMA COMERCIAL E INDUSTRIAL,01144419812,ZAPIOLA 3498,SAN JUSTO,BUENOS AIRES,1754,,,Telefonica Argentina,-,Telefonica
RMS376456466173002,30506792165,CARGILL SOCIEDAD ANONIMA COMERCIAL E INDUSTRIAL,01144419539,ZAPIOLA 3498,SAN JUSTO,BUENOS AIRES,1754,,,Telefonica Argentina,-,Telefonica
RMS376456466173002,30506792165,CARGILL SOCIEDAD ANONIMA COMERCIAL E INDUSTRIAL,02346436199,RUTA NAC 5 S/N,CHIVILCOY,BUENOS AIRES,6620,,,Telefonica Argentina,-,Telefonica
RMS376456466173002,30506792165,CARGILL SOCIEDAD ANONIMA COMERCIAL E INDUSTRIAL,02914573299,PUERTO GALVAN S/N,INGENIERO WHITE,BUENOS AIRES,8103,,,Telefonica Argentina,-,Telefonica
RMS376456466173002,30506792165,CARGILL SOCIEDAD ANONIMA COMERCIAL E INDUSTRIAL,02914573177,PUERTO GALVAN S/N,INGENIERO WHITE,BUENOS AIRES,8103,,,Telefonica Argentina,-,Telefonica
RMS376456466173002,30506792165,CARGILL SOCIEDAD ANONIMA COMERCIAL E INDUSTRIAL,02477426250,RUTA 188 S/N,PERGAMINO,BUENOS AIRES,2700,,,Telefonica Argentina,-,Telefonica
RMS376456466173002,30506792165,CARGILL SOCIEDAD ANONIMA COMERCIAL E INDUSTRIAL,02354420538,ACC RUTA 7 S/N,VEDIA,BUENOS AIRES,6030,,,Telefonica Argentina,-,Telefonica
RMS376456466173002,30506792165,CARGILL SOCIEDAD ANONIMA COMERCIAL E INDUSTRIAL,02302492441,AV SAN MARTIN S/N,BERNARDO LARROUDE,LA PAMPA,6220,,,Telefonica Argentina,-,Telefonica
RMS376456466173002,30506792165,CARGILL SOCIEDAD ANONIMA COMERCIAL E INDUSTRIAL,02302492440,AV SAN MARTIN S/N,BERNARDO LARROUDE,LA PAMPA,6220,,,Telefonica Argentina,-,Telefonica
RMS376456466173002,30506792165,CARGILL SOCIEDAD ANONIMA COMERCIAL E INDUSTRIAL,02302492439,AV SAN MARTIN S/N,BERNARDO LARROUDE,LA PAMPA,6220,,,Telefonica Argentina,-,Telefonica
RMS376456466173002,30506792165,CARGILL SOCIEDAD ANONIMA COMERCIAL E INDUSTRIAL,02914573017,CALLE SIN NOMBRE S/N,INGENIERO WHITE,BUENOS AIRES,8103,,,Telefonica Argentina,-,Telefonica
RMS376456466173002,30506792165,CARGILL SOCIEDAD ANONIMA COMERCIAL E INDUSTRIAL,02983432993,PUEYRREDON 840,TRES ARROYOS,BUENOS AIRES,7500,,,Telefonica Argentina,-,Telefonica
RMS376456466173002,30506792165,CARGILL SOCIEDAD ANONIMA COMERCIAL E INDUSTRIAL,02304496035,CALLE 9 S/N,PILAR,BUENOS AIRES,1629,,,Telefonica Argentina,-,Telefonica
RMS376456466173002,30506792165,CARGILL SOCIEDAD ANONIMA COMERCIAL E INDUSTRIAL,02914573127,MUELLE DE CARGA MTRO CARRANZA S/N,INGENIERO WHITE,BUENOS AIRES,8103,,,Telefonica Argentina,-,Telefonica
RMS376456466173002,30506792165,CARGILL SOCIEDAD ANONIMA COMERCIAL E INDUSTRIAL,02317423229,FOURNIER S/N,NUEVE DE JULIO,BUENOS AIRES,6500,,,Telefonica Argentina,-,Telefonica
RMS376456466173002,30506792165,CARGILL SOCIEDAD ANONIMA COMERCIAL E INDUSTRIAL,02477421918,RUTA 188 7750,PERGAMINO,BUENOS AIRES,2700,,,Telefonica Argentina,-,Telefonica
RMS376456466173002,30506792165,CARGILL SOCIEDAD ANONIMA COMERCIAL E INDUSTRIAL,02355430575,RUTA NAC 188 S/N,LINCOLN,BUENOS AIRES,6070,,,Telefonica Argentina,-,Telefonica
RMS376456466173002,30506792165,CARGILL SOCIEDAD ANONIMA COMERCIAL E INDUSTRIAL,02304496689,CALLE 9 S/N,PILAR,BUENOS AIRES,1629,,,Telefonica Argentina,-,Telefonica
RMS376456466173002,30506792165,CARGILL SOCIEDAD ANONIMA COMERCIAL E INDUSTRIAL,02304496687,CALLE 9 S/N,PILAR,BUENOS AIRES,1629,,,Telefonica Argentina,-,Telefonica
RMS376456466173002,30506792165,CARGILL SOCIEDAD ANONIMA COMERCIAL E INDUSTRIAL,02914573313,PUERTO GALVAN S/N,INGENIERO WHITE,BUENOS AIRES,8103,,,Telefonica Argentina,-,Telefonica
RMS376456466173002,30506792165,CARGILL SOCIEDAD ANONIMA COMERCIAL E INDUSTRIAL,02477421781,RUTA 188 7750,PERGAMINO,BUENOS AIRES,2700,,,Telefonica Argentina,-,Telefonica
RMS376456466173002,30506792165,CARGILL SOCIEDAD ANONIMA COMERCIAL E INDUSTRIAL,02396474261,CALLE SIN NOMBRE S/N PB,PEHUAJO,BUENOS AIRES,6450,,,Telefonica Argentina,-,Telefonica
RMS376456466173002,30506792165,CARGILL SOCIEDAD ANONIMA COMERCIAL E INDUSTRIAL,02396473771,CALLE SIN NOMBRE S/N PB,PEHUAJO,BUENOS AIRES,6450,,,Telefonica Argentina,-,Telefonica
RMS376456466173002,30506792165,CARGILL SOCIEDAD ANONIMA COMERCIAL E INDUSTRIAL,02331460431,SECCION QUINTAS S/N PB,REALICO,LA PAMPA,6200,,,Telefonica Argentina,-,Telefonica
RMS376456466173002,30506792165,CARGILL SOCIEDAD ANONIMA COMERCIAL E INDUSTRIAL,02331460313,SECCION QUINTAS S/N PB,REALICO,LA PAMPA,6200,,,Telefonica Argentina,-,Telefonica
RMS376456466173002,30506792165,CARGILL SOCIEDAD ANONIMA COMERCIAL E INDUSTRIAL,02352450887,SECCION QUINTAS 1,CHACABUCO,BUENOS AIRES,6740,,,Telefonica Argentina,-,Telefonica
RMS376456466173002,30506792165,CARGILL SOCIEDAD ANONIMA COMERCIAL E INDUSTRIAL,02477420050,RUTA 188 7750,PERGAMINO,BUENOS AIRES,2700,,,Telefonica Argentina,-,Telefonica
RMS376456466173002,30506792165,CARGILL SOCIEDAD ANONIMA COMERCIAL E INDUSTRIAL,02477421290,RUTA 188 7750,PERGAMINO,BUENOS AIRES,2700,,,Telefonica Argentina,-,Telefonica
RMS376456466173002,30506792165,CARGILL SOCIEDAD ANONIMA COMERCIAL E INDUSTRIAL,02352450917,AV J ELGUEA ROMAN S/N,CHACABUCO,BUENOS AIRES,6740,,,Telefonica Argentina,-,Telefonica
RMS376456466173002,30506792165,CARGILL SOCIEDAD ANONIMA COMERCIAL E INDUSTRIAL,02354420982,RUTA NAC 7 S/N,VEDIA,BUENOS AIRES,6030,,,Telefonica Argentina,-,Telefonica
RMS376456466173002,30506792165,CARGILL SOCIEDAD ANONIMA COMERCIAL E INDUSTRIAL,02355498150,SARMIENTO 1480,ROBERTS,BUENOS AIRES,6075,,,Telefonica Argentina,-,Telefonica
RMS376456466173002,30506792165,CARGILL SOCIEDAD ANONIMA COMERCIAL E INDUSTRIAL,02355498260,SARMIENTO 1480,ROBERTS,BUENOS AIRES,6075,,,Telefonica Argentina,-,Telefonica
RMS376456466173002,30506792165,CARGILL SOCIEDAD ANONIMA COMERCIAL E INDUSTRIAL,02304496450,CALLE 9 S/N PB,PILAR,BUENOS AIRES,1629,,,Telefonica Argentina,-,Telefonica
RMS376456466173002,30506792165,CARGILL SOCIEDAD ANONIMA COMERCIAL E INDUSTRIAL,02304496451,CALLE 9 S/N PB,PILAR,BUENOS AIRES,1629,,,Telefonica Argentina,-,Telefonica
RMS376456466173002,30506792165,CARGILL SOCIEDAD ANONIMA COMERCIAL E INDUSTRIAL,02346434113,RUTA NAC 5 S/N,CHIVILCOY,BUENOS AIRES,6620,,,Telefonica Argentina,-,Telefonica
RMS376456466173002,30506792165,CARGILL SOCIEDAD ANONIMA COMERCIAL E INDUSTRIAL,02346434112,RUTA NAC 5 S/N,CHIVILCOY,BUENOS AIRES,6620,,,Telefonica Argentina,-,Telefonica
RMS376456466173002,30506792165,CARGILL SOCIEDAD ANONIMA COMERCIAL E INDUSTRIAL,02914573276,GUIDO TOMAS S/N,INGENIERO WHITE,BUENOS AIRES,8103,,,Telefonica Argentina,-,Telefonica
RMS376456466173002,30506792165,CARGILL SOCIEDAD ANONIMA COMERCIAL E INDUSTRIAL,02354420304,ACC RUTA 7 S/N,VEDIA,BUENOS AIRES,6030,,,Telefonica Argentina,-,Telefonica
RMS376456466173002,30506792165,CARGILL SOCIEDAD ANONIMA COMERCIAL E INDUSTRIAL,02354421014,ACC RUTA 7 S/N,VEDIA,BUENOS AIRES,6030,,,Telefonica Argentina,-,Telefonica
RMS376456466173002,30506792165,CARGILL SOCIEDAD ANONIMA COMERCIAL E INDUSTRIAL,01142700505,CMTE FRANCO 4901,BERNAL OESTE,,1883,,,Telefonica Argentina,-,Telefonica
RMS376456466173002,30506792165,CARGILL SOCIEDAD ANONIMA COMERCIAL E INDUSTRIAL,02355432600,RUTA NAC 188 S/N,LINCOLN,BUENOS AIRES,6070,,,Telefonica Argentina,-,Telefonica
RMS376456466173002,30506792165,CARGILL SOCIEDAD ANONIMA COMERCIAL E INDUSTRIAL,02914570563,GUIDO TOMAS S/N,INGENIERO WHITE,BUENOS AIRES,8103,,,Telefonica Argentina,-,Telefonica
RMS376456466173002,30506792165,CARGILL SOCIEDAD ANONIMA COMERCIAL E INDUSTRIAL,02302492438,AV SAN MARTIN S/N,BERNARDO LARROUDE,LA PAMPA,6220,,,Telefonica Argentina,-,Telefonica
RMS376456466173002,30506792165,CARGILL SOCIEDAD ANONIMA COMERCIAL E INDUSTRIAL,02302492450,AV SAN MARTIN S/N,BERNARDO LARROUDE,LA PAMPA,6220,,,Telefonica Argentina,-,Telefonica
RMS376456466173002,30506792165,CARGILL SOCIEDAD ANONIMA COMERCIAL E INDUSTRIAL,02364432908,RUTA 65 S/N,JUNIN,BUENOS AIRES,6000,,,Telefonica Argentina,-,Telefonica
RMS376456466173002,30506792165,CARGILL SOCIEDAD ANONIMA COMERCIAL E INDUSTRIAL,02914599200,BLVD G GUIDO S/N PB,BAHIA BLANCA,BUENOS AIRES,8000,,,Telefonica Argentina,-,Telefonica
RMS376456466173002,30506792165,CARGILL SOCIEDAD ANONIMA COMERCIAL E INDUSTRIAL,02317495055,BELGRANO S/N,FRENCH,BUENOS AIRES,6516,,,Telefonica Argentina,-,Telefonica
RMS376456466173002,30506792165,CARGILL SOCIEDAD ANONIMA COMERCIAL E INDUSTRIAL,02337454589,RUTA 33 S/N,AMERICA,BUENOS AIRES,6237,,,Telefonica Argentina,-,Telefonica
RMS376456466173002,30506792165,CARGILL SOCIEDAD ANONIMA COMERCIAL E INDUSTRIAL,02262452201,CALLE 587 3875,QUEQUEN,BUENOS AIRES,7631,,,Telefonica Argentina,-,Telefonica
RMS376456466173002,30506792165,CARGILL SOCIEDAD ANONIMA COMERCIAL E INDUSTRIAL,02262452200,CALLE 587 3875,QUEQUEN,BUENOS AIRES,7631,,,Telefonica Argentina,-,Telefonica
RMS376456466173002,30506792165,CARGILL SOCIEDAD ANONIMA COMERCIAL E INDUSTRIAL,02473421747,BLVD 50 S/N PB,COLON,BUENOS AIRES,2720,,,Telefonica Argentina,-,Telefonica
RMS376456466173002,30506792165,CARGILL SOCIEDAD ANONIMA COMERCIAL E INDUSTRIAL,02473430339,BLVD 50 S/N PB,COLON,BUENOS AIRES,2720,,,Telefonica Argentina,-,Telefonica
RMS376456466173002,30506792165,CARGILL SOCIEDAD ANONIMA COMERCIAL E INDUSTRIAL,02473430055,BLVD 50 S/N PB,COLON,BUENOS AIRES,2720,,,Telefonica Argentina,-,Telefonica
RMS376456466173002,30506792165,CARGILL SOCIEDAD ANONIMA COMERCIAL E INDUSTRIAL,02473430452,BLVD 50 S/N PB,COLON,BUENOS AIRES,2720,,,Telefonica Argentina,-,Telefonica
RMS376456466173002,30506792165,CARGILL SOCIEDAD ANONIMA COMERCIAL E INDUSTRIAL,02317423684,FOURNIER S/N PB,NUEVE DE JULIO,BUENOS AIRES,6500,,,Telefonica Argentina,-,Telefonica
RMS376456466173002,30506792165,CARGILL SOCIEDAD ANONIMA COMERCIAL E INDUSTRIAL,02317426989,FOURNIER S/N PB,NUEVE DE JULIO,BUENOS AIRES,6500,,,Telefonica Argentina,-,Telefonica
RMS376456466173002,30506792165,CARGILL SOCIEDAD ANONIMA COMERCIAL E INDUSTRIAL,02317427965,FOURNIER S/N PB,NUEVE DE JULIO,BUENOS AIRES,6500,,,Telefonica Argentina,-,Telefonica
RMS376456466173002,30506792165,CARGILL SOCIEDAD ANONIMA COMERCIAL E INDUSTRIAL,02262438542,RUTA NAC 227 S/N,QUEQUEN,BUENOS AIRES,7631,,,Telefonica Argentina,-,Telefonica
RMS376456466173002,30506792165,CARGILL SOCIEDAD ANONIMA COMERCIAL E INDUSTRIAL,02304466103,BARR: BARRIO PARQUE INDUSTRIAL PILAR - FRAC: 0001 - LOTE: 018 - ACL: CALLE 9 Y 13 LOTE 18 SECC 1 -,PILAR,BUENOS AIRES,1629,,,Telefonica Argentina,-,Telefonica
RMS376456466173002,30506792165,CARGILL SOCIEDAD ANONIMA COMERCIAL E INDUSTRIAL,02304466100,BARR: BARRIO PARQUE INDUSTRIAL PILAR - FRAC: 0001 - LOTE: 018 - ACL: CALLE 9 Y 13 LOTE 18 SECC 1 -,PILAR,BUENOS AIRES,1629,,,Telefonica Argentina,-,Telefonica
RMS376456466173002,30506792165,CARGILL SOCIEDAD ANONIMA COMERCIAL E INDUSTRIAL,02304496008,BARR: BARRIO PARQUE INDUSTRIAL PILAR - FRAC: 0001 - LOTE: 018 - ACL: CALLE 9 Y 13 LOTE 18 SECC 1 -,PILAR,BUENOS AIRES,1629,,,Telefonica Argentina,-,Telefonica
RMS376456466173002,30506792165,CARGILL SOCIEDAD ANONIMA COMERCIAL E INDUSTRIAL,02304466104,BARR: BARRIO PARQUE INDUSTRIAL PILAR - FRAC: 0001 - LOTE: 018 - ACL: CALLE 9 Y 13 LOTE 18 SECC 1 -,PILAR,BUENOS AIRES,1629,,,Telefonica Argentina,-,Telefonica
RMS376456466173002,30506792165,CARGILL SOCIEDAD ANONIMA COMERCIAL E INDUSTRIAL,02304466101,BARR: BARRIO PARQUE INDUSTRIAL PILAR - FRAC: 0001 - LOTE: 018 - ACL: CALLE 9 Y 13 LOTE 18 SECC 1 -,PILAR,BUENOS AIRES,1629,,,Telefonica Argentina,-,Telefonica
RMS376456466173002,30506792165,CARGILL SOCIEDAD ANONIMA COMERCIAL E INDUSTRIAL,02304466105,BARR: BARRIO PARQUE INDUSTRIAL PILAR - FRAC: 0001 - LOTE: 018 - ACL: CALLE 9 Y 13 LOTE 18 SECC 1 -,PILAR,BUENOS AIRES,1629,,,Telefonica Argentina,-,Telefonica
RMS376456466173002,30506792165,CARGILL SOCIEDAD ANONIMA COMERCIAL E INDUSTRIAL,02304466102,BARR: BARRIO PARQUE INDUSTRIAL PILAR - FRAC: 0001 - LOTE: 018 - ACL: CALLE 9 Y 13 LOTE 18 SECC 1 -,PILAR,BUENOS AIRES,1629,,,Telefonica Argentina,-,Telefonica
RMS376456466173002,30506792165,CARGILL SOCIEDAD ANONIMA COMERCIAL E INDUSTRIAL,02344495204,RUTA 205 S/N,DEL CARRIL,BUENOS AIRES,7265,,,Telefonica Argentina,-,Telefonica
RMS376456466173002,30506792165,CARGILL SOCIEDAD ANONIMA COMERCIAL E INDUSTRIAL,02342422945,SANTA ROSA 1155 PB,BRAGADO,BUENOS AIRES,6640,,,Telefonica Argentina,-,Telefonica
RMS376456466173002,30506792165,CARGILL SOCIEDAD ANONIMA COMERCIAL E INDUSTRIAL,01146053135,CORBETA AGREABLE 5045,CABA,CABA,1439,,,Telefonica Argentina,-,Telefonica
RMS376456466173002,30506792165,CARGILL SOCIEDAD ANONIMA COMERCIAL E INDUSTRIAL,02331460454,SECCION QUINTAS S/N,REALICO,LA PAMPA,6200,,,Telefonica Argentina,-,Telefonica
RMS376456466173002,30506792165,CARGILL SOCIEDAD ANONIMA COMERCIAL E INDUSTRIAL,02983426460,SAAVEDRA 841,TRES ARROYOS,BUENOS AIRES,7500,,,Telefonica Argentina,-,Telefonica
RMS376456466173002,30506792165,CARGILL SOCIEDAD ANONIMA COMERCIAL E INDUSTRIAL,02477440977,RUTA 188 7750,PERGAMINO,BUENOS AIRES,2700,,,Telefonica Argentina,-,Telefonica
RMS376456466173002,30506792165,CARGILL SOCIEDAD ANONIMA COMERCIAL E INDUSTRIAL,02477440978,RUTA 188 7750,PERGAMINO,BUENOS AIRES,2700,,,Telefonica Argentina,-,Telefonica
RMS376456466173002,30506792165,CARGILL SOCIEDAD ANONIMA COMERCIAL E INDUSTRIAL,02331462219,SECCION QUINTAS S/N,REALICO,LA PAMPA,6200,,,Telefonica Argentina,-,Telefonica
RMS376456466173002,30506792165,CARGILL SOCIEDAD ANONIMA COMERCIAL E INDUSTRIAL,01144417545,ZAPIOLA 3569,SAN JUSTO,BUENOS AIRES,1754,,,Telefonica Argentina,-,Telefonica
RMS376456466173002,30506792165,CARGILL SOCIEDAD ANONIMA COMERCIAL E INDUSTRIAL,02473423176,RUTA PROV 50 S/N,COLON,BUENOS AIRES,2720,,,Telefonica Argentina,-,Telefonica
RMS376456466173002,30506792165,CARGILL SOCIEDAD ANONIMA COMERCIAL E INDUSTRIAL,02337453718,RUTA 33 S/N,CASILDA,SANTA FE,2170,,,Telefonica Argentina,-,Telefonica
RMS376456466173002,30506792165,CARGILL SOCIEDAD ANONIMA COMERCIAL E INDUSTRIAL,02337454009,RUTA 33 S/N,CASILDA,SANTA FE,2170,,,Telefonica Argentina,-,Telefonica
RMS376456466173002,30506792165,CARGILL SOCIEDAD ANONIMA COMERCIAL E INDUSTRIAL,02356420950,SARMIENTO S/N,GENERAL PINTO,BUENOS AIRES,6050,,,Telefonica Argentina,-,Telefonica
RMS376456466173002,30506792165,CARGILL SOCIEDAD ANONIMA COMERCIAL E INDUSTRIAL,02355432033,RUTA NAC 188 S/N,LINCOLN,BUENOS AIRES,6070,,,Telefonica Argentina,-,Telefonica
RMS376456466173002,30506792165,CARGILL SOCIEDAD ANONIMA COMERCIAL E INDUSTRIAL,02358444758,ACC EX C MALVINAS S/N,LOS TOLDOS,BUENOS AIRES,6015,,,Telefonica Argentina,-,Telefonica
RMS376456466173002,30506792165,CARGILL SOCIEDAD ANONIMA COMERCIAL E INDUSTRIAL,02358443404,ACC EX C MALVINAS S/N,LOS TOLDOS,BUENOS AIRES,6015,,,Telefonica Argentina,-,Telefonica
RMS376456466173002,30506792165,CARGILL SOCIEDAD ANONIMA COMERCIAL E INDUSTRIAL,02396470905,CALLE SIN NOMBRE S/N PB,PEHUAJO,BUENOS AIRES,6450,,,Telefonica Argentina,-,Telefonica
RMS376456466173002,30506792165,CARGILL SOCIEDAD ANONIMA COMERCIAL E INDUSTRIAL,02914820336,RUTA 252 KM S/N PB,BAHIA BLANCA,BUENOS AIRES,8000,,,Telefonica Argentina,-,Telefonica
RMS376456466173002,30506792165,CARGILL SOCIEDAD ANONIMA COMERCIAL E INDUSTRIAL,02475465766,CALLE SIN NOMBRE S/N,ROJAS,BUENOS AIRES,2705,,,Telefonica Argentina,-,Telefonica
RMS376456466173002,30506792165,CARGILL SOCIEDAD ANONIMA COMERCIAL E INDUSTRIAL,01144848299,ZAPIOLA 3498,SAN JUSTO,BUENOS AIRES,1754,,,Telefonica Argentina,-,Telefonica
RMS376456466173002,30506792165,CARGILL SOCIEDAD ANONIMA COMERCIAL E INDUSTRIAL,02914573190,CALLE 1 S/N,INGENIERO WHITE,BUENOS AIRES,8103,,,Telefonica Argentina,-,Telefonica
RMS376456466173002,30506792165,CARGILL SOCIEDAD ANONIMA COMERCIAL E INDUSTRIAL,02914823735,RUTA 252 KM S/N,BAHIA BLANCA,BUENOS AIRES,8000,,,Telefonica Argentina,-,Telefonica
RMS376456466173002,30506792165,CARGILL SOCIEDAD ANONIMA COMERCIAL E INDUSTRIAL,02262450439,CALLE 507 1035,QUEQUEN,BUENOS AIRES,7631,,,Telefonica Argentina,-,Telefonica
RMS376456466173002,30506792165,CARGILL SOCIEDAD ANONIMA COMERCIAL E INDUSTRIAL,02337453911,RUTA 33 385,AMERICA,BUENOS AIRES,6237,,,Telefonica Argentina,-,Telefonica
RMS376456466173002,30506792165,CARGILL SOCIEDAD ANONIMA COMERCIAL E INDUSTRIAL,02262451424,RUTA NAC 227 S/N,QUEQUEN,BUENOS AIRES,7631,,,Telefonica Argentina,-,Telefonica
RMS376456466173002,30506792165,CARGILL SOCIEDAD ANONIMA COMERCIAL E INDUSTRIAL,01144417544,ZAPIOLA 3598,SAN JUSTO,BUENOS AIRES,1754,,,Telefonica Argentina,-,Telefonica
RMS376456466173002,30506792165,CARGILL SOCIEDAD ANONIMA COMERCIAL E INDUSTRIAL,02355432272,RUTA NAC 188 S/N,LINCOLN,BUENOS AIRES,6070,,,Telefonica Argentina,-,Telefonica
RMS376456466173002,30506792165,CARGILL SOCIEDAD ANONIMA COMERCIAL E INDUSTRIAL,02355432700,RUTA NAC 188 S/N,LINCOLN,BUENOS AIRES,6070,,,Telefonica Argentina,-,Telefonica
RMS376456466173002,30506792165,CARGILL SOCIEDAD ANONIMA COMERCIAL E INDUSTRIAL,02355432369,RUTA NAC 188 S/N,LINCOLN,BUENOS AIRES,6070,,,Telefonica Argentina,-,Telefonica
RMS376456466173002,30506792165,CARGILL SOCIEDAD ANONIMA COMERCIAL E INDUSTRIAL,02983431396,SAAVEDRA 841,TRES ARROYOS,BUENOS AIRES,7500,,,Telefonica Argentina,-,Telefonica
RMS376456466173002,30506792165,CARGILL SOCIEDAD ANONIMA COMERCIAL E INDUSTRIAL,02983431397,SAAVEDRA 841,TRES ARROYOS,BUENOS AIRES,7500,,,Telefonica Argentina,-,Telefonica
RMS376456466173002,30506792165,CARGILL SOCIEDAD ANONIMA COMERCIAL E INDUSTRIAL,02983431395,SAAVEDRA 841,TRES ARROYOS,BUENOS AIRES,7500,,,Telefonica Argentina,-,Telefonica
RMS376456466173002,30506792165,CARGILL SOCIEDAD ANONIMA COMERCIAL E INDUSTRIAL,02983431394,SAAVEDRA 841,TRES ARROYOS,BUENOS AIRES,7500,,,Telefonica Argentina,-,Telefonica
RMS376456466173002,30506792165,CARGILL SOCIEDAD ANONIMA COMERCIAL E INDUSTRIAL,02983431393,SAAVEDRA 841,TRES ARROYOS,BUENOS AIRES,7500,,,Telefonica Argentina,-,Telefonica
RMS376456466173002,30506792165,CARGILL SOCIEDAD ANONIMA COMERCIAL E INDUSTRIAL,02364422246,RUTA 65 S/N PB,JUNIN,BUENOS AIRES,6000,,,Telefonica Argentina,-,Telefonica
RMS376456466173002,30506792165,CARGILL SOCIEDAD ANONIMA COMERCIAL E INDUSTRIAL,02352450885,AV J ELGUEA ROMAN S/N,CHACABUCO,BUENOS AIRES,6740,,,Telefonica Argentina,-,Telefonica
RMS376456466173002,30506792165,CARGILL SOCIEDAD ANONIMA COMERCIAL E INDUSTRIAL,02352450881,AV J ELGUEA ROMAN S/N,CHACABUCO,BUENOS AIRES,6740,,,Telefonica Argentina,-,Telefonica
RMS376456466173002,30506792165,CARGILL SOCIEDAD ANONIMA COMERCIAL E INDUSTRIAL,02352450884,AV J ELGUEA ROMAN S/N,CHACABUCO,BUENOS AIRES,6740,,,Telefonica Argentina,-,Telefonica
RMS376456466173002,30506792165,CARGILL SOCIEDAD ANONIMA COMERCIAL E INDUSTRIAL,02352450882,AV J ELGUEA ROMAN S/N,CHACABUCO,BUENOS AIRES,6740,,,Telefonica Argentina,-,Telefonica
RMS376456466173002,30506792165,CARGILL SOCIEDAD ANONIMA COMERCIAL E INDUSTRIAL,02352450890,AV J ELGUEA ROMAN S/N,CHACABUCO,BUENOS AIRES,6740,,,Telefonica Argentina,-,Telefonica
RMS376456466173002,30506792165,CARGILL SOCIEDAD ANONIMA COMERCIAL E INDUSTRIAL,02346435510,RUTA NAC 5 S/N PB,CHIVILCOY,BUENOS AIRES,6620,,,Telefonica Argentina,-,Telefonica
RMS376456466173002,30506792165,CARGILL SOCIEDAD ANONIMA COMERCIAL E INDUSTRIAL,02346435443,RUTA NAC 5 S/N PB,CHIVILCOY,BUENOS AIRES,6620,,,Telefonica Argentina,-,Telefonica
RMS376456466173002,30506792165,CARGILL SOCIEDAD ANONIMA COMERCIAL E INDUSTRIAL,02262449300,CALLE 507 1035,QUEQUEN,BUENOS AIRES,7631,,,Telefonica Argentina,-,Telefonica
RMS376456466173002,30506792165,CARGILL SOCIEDAD ANONIMA COMERCIAL E INDUSTRIAL,01146626834,AMOROSO MICAELA 483,HURLINGHAM,BUENOS AIRES,1686,,,Telefonica Argentina,-,Telefonica
RMS376456466173002,30506792165,CARGILL SOCIEDAD ANONIMA COMERCIAL E INDUSTRIAL,02392434215,RUTA 5 KM 446,TRENQUE LAUQUEN,BUENOS AIRES,6400,,,Telefonica Argentina,-,Telefonica
RMS376456466173002,30506792165,CARGILL SOCIEDAD ANONIMA COMERCIAL E INDUSTRIAL,02392433670,RUTA 5 KM 446,TRENQUE LAUQUEN,BUENOS AIRES,6400,,,Telefonica Argentina,-,Telefonica
RMS376456466173002,30506792165,CARGILL SOCIEDAD ANONIMA COMERCIAL E INDUSTRIAL,02392434240,RUTA 5 KM 446,TRENQUE LAUQUEN,BUENOS AIRES,6400,,,Telefonica Argentina,-,Telefonica
RMS376456466173002,30506792165,CARGILL SOCIEDAD ANONIMA COMERCIAL E INDUSTRIAL,02392423210,RUTA 5 KM 446,TRENQUE LAUQUEN,BUENOS AIRES,6400,,,Telefonica Argentina,-,Telefonica
RMS376456466173002,30506792165,CARGILL SOCIEDAD ANONIMA COMERCIAL E INDUSTRIAL,02331460187,CALLE SIN NOMBRE S/N,SAN NICOLAS DE LOS ARROYOS,BUENOS AIRES,2900,,,Telefonica Argentina,-,Telefonica
RMS376456466173002,30506792165,CARGILL SOCIEDAD ANONIMA COMERCIAL E INDUSTRIAL,02331460201,CALLE SIN NOMBRE S/N,SAN NICOLAS DE LOS ARROYOS,BUENOS AIRES,2900,,,Telefonica Argentina,-,Telefonica
RMS376456466173002,30506792165,CARGILL SOCIEDAD ANONIMA COMERCIAL E INDUSTRIAL,02331460239,CALLE SIN NOMBRE S/N,SAN NICOLAS DE LOS ARROYOS,BUENOS AIRES,2900,,,Telefonica Argentina,-,Telefonica
RMS376456466173002,30506792165,CARGILL SOCIEDAD ANONIMA COMERCIAL E INDUSTRIAL,02475466015,AV JUAN TORMEY 951 PB,ROJAS,BUENOS AIRES,2705,,,Telefonica Argentina,-,Telefonica
RMS376456466173002,30506792165,CARGILL SOCIEDAD ANONIMA COMERCIAL E INDUSTRIAL,02475466017,AV JUAN TORMEY 951 PB,ROJAS,BUENOS AIRES,2705,,,Telefonica Argentina,-,Telefonica
RMS376456466173002,30506792165,CARGILL SOCIEDAD ANONIMA COMERCIAL E INDUSTRIAL,01144848294,ZAPIOLA 3498,SAN JUSTO,BUENOS AIRES,1754,,,Telefonica Argentina,-,Telefonica
RMS376456466173002,30506792165,CARGILL SOCIEDAD ANONIMA COMERCIAL E INDUSTRIAL,02331460166,CALLE SIN NOMBRE S/N,PELLEGRINI,BUENOS AIRES,6346,,,Telefonica Argentina,-,Telefonica
RMS376456466173002,30506792165,CARGILL SOCIEDAD ANONIMA COMERCIAL E INDUSTRIAL,02331460288,CALLE SIN NOMBRE S/N,PELLEGRINI,BUENOS AIRES,6346,,,Telefonica Argentina,-,Telefonica
RMS376456466173002,30506792165,CARGILL SOCIEDAD ANONIMA COMERCIAL E INDUSTRIAL,02331460282,CALLE SIN NOMBRE S/N,PELLEGRINI,BUENOS AIRES,6346,,,Telefonica Argentina,-,Telefonica
RMS376456466173002,30506792165,CARGILL SOCIEDAD ANONIMA COMERCIAL E INDUSTRIAL,02356420398,GARCIA M S/N,GENERAL PINTO,BUENOS AIRES,6050,,,Telefonica Argentina,-,Telefonica
RMS376456466173002,30506792165,CARGILL SOCIEDAD ANONIMA COMERCIAL E INDUSTRIAL,01149210619,AV SAN JUAN 4160 8 A,CABA,CABA,1233,,,Telefonica Argentina,-,Telefonica
RMS376456466173002,30506792165,CARGILL SOCIEDAD ANONIMA COMERCIAL E INDUSTRIAL,02342424736,SANTA ROSA 1155,BRAGADO,BUENOS AIRES,6640,,,Telefonica Argentina,-,Telefonica
RMS376456466173002,30506792165,CARGILL SOCIEDAD ANONIMA COMERCIAL E INDUSTRIAL,02342425040,SANTA ROSA 1155,BRAGADO,BUENOS AIRES,6640,,,Telefonica Argentina,-,Telefonica
RMS376456466173002,30506792165,CARGILL SOCIEDAD ANONIMA COMERCIAL E INDUSTRIAL,02342424731,SANTA ROSA 1155,BRAGADO,BUENOS AIRES,6640,,,Telefonica Argentina,-,Telefonica
RMS376456466173002,30506792165,CARGILL SOCIEDAD ANONIMA COMERCIAL E INDUSTRIAL,02342426390,SANTA ROSA 1155 PB,BRAGADO,BUENOS AIRES,6640,,,Telefonica Argentina,-,Telefonica
RMS376456466173002,30506792165,CARGILL SOCIEDAD ANONIMA COMERCIAL E INDUSTRIAL,02342426378,SANTA ROSA 1155 PB,BRAGADO,BUENOS AIRES,6640,,,Telefonica Argentina,-,Telefonica
RMS376456466173002,30506792165,CARGILL SOCIEDAD ANONIMA COMERCIAL E INDUSTRIAL,02342426327,SANTA ROSA 1155 PB,BRAGADO,BUENOS AIRES,6640,,,Telefonica Argentina,-,Telefonica
RMS376456466173002,30506792165,CARGILL SOCIEDAD ANONIMA COMERCIAL E INDUSTRIAL,02342431130,SANTA ROSA 1155 PB,BRAGADO,BUENOS AIRES,6640,,,Telefonica Argentina,-,Telefonica
RMS376456466173002,30506792165,CARGILL SOCIEDAD ANONIMA COMERCIAL E INDUSTRIAL,02302426753,CALLE 416 S/N,GENERAL PICO,LA PAMPA,6360,,,Telefonica Argentina,-,Telefonica
RMS376456466173002,30506792165,CARGILL SOCIEDAD ANONIMA COMERCIAL E INDUSTRIAL,02302430022,CALLE 416 S/N,GENERAL PICO,LA PAMPA,6360,,,Telefonica Argentina,-,Telefonica
RMS376456466173002,30506792165,CARGILL SOCIEDAD ANONIMA COMERCIAL E INDUSTRIAL,02302426609,CALLE 416 S/N,GENERAL PICO,LA PAMPA,6360,,,Telefonica Argentina,-,Telefonica
RMS376456466173002,30506792165,CARGILL SOCIEDAD ANONIMA COMERCIAL E INDUSTRIAL,02302426970,CALLE 416 S/N,GENERAL PICO,LA PAMPA,6360,,,Telefonica Argentina,-,Telefonica
RMS376456466173002,30506792165,CARGILL SOCIEDAD ANONIMA COMERCIAL E INDUSTRIAL,02358444250,ACC EX C MALVINAS S/N,LOS TOLDOS,BUENOS AIRES,6015,,,Telefonica Argentina,-,Telefonica
RMS376456466173002,30506792165,CARGILL SOCIEDAD ANONIMA COMERCIAL E INDUSTRIAL,02344495138,RUTA 205 S/N,DEL CARRIL,BUENOS AIRES,7265,,,Telefonica Argentina,-,Telefonica
RMS376456466173002,30506792165,CARGILL SOCIEDAD ANONIMA COMERCIAL E INDUSTRIAL,02344495147,RUTA 205 S/N,DEL CARRIL,BUENOS AIRES,7265,,,Telefonica Argentina,-,Telefonica
RMS376456466173002,30506792165,CARGILL SOCIEDAD ANONIMA COMERCIAL E INDUSTRIAL,02344495178,RUTA 205 S/N,DEL CARRIL,BUENOS AIRES,7265,,,Telefonica Argentina,-,Telefonica
RMS376456466173002,30506792165,CARGILL SOCIEDAD ANONIMA COMERCIAL E INDUSTRIAL,02344495179,RUTA 205 S/N,DEL CARRIL,BUENOS AIRES,7265,,,Telefonica Argentina,-,Telefonica
RMS376456466173002,30506792165,CARGILL SOCIEDAD ANONIMA COMERCIAL E INDUSTRIAL,02396477280,CALLE SIN NOMBRE S/N PB,PEHUAJO,BUENOS AIRES,6450,,,Telefonica Argentina,-,Telefonica
RMS376456466173002,30506792165,CARGILL SOCIEDAD ANONIMA COMERCIAL E INDUSTRIAL,02396477245,CALLE SIN NOMBRE S/N PB,PEHUAJO,BUENOS AIRES,6450,,,Telefonica Argentina,-,Telefonica
RMS376456466173002,30506792165,CARGILL SOCIEDAD ANONIMA COMERCIAL E INDUSTRIAL,02396477279,CALLE SIN NOMBRE S/N PB,PEHUAJO,BUENOS AIRES,6450,,,Telefonica Argentina,-,Telefonica
RMS376456466173002,30506792165,CARGILL SOCIEDAD ANONIMA COMERCIAL E INDUSTRIAL,02914011005,CALLE 1 S/N,INGENIERO WHITE,BUENOS AIRES,8103,,,Telefonica Argentina,-,Telefonica
RMS376456466173002,30506792165,CARGILL SOCIEDAD ANONIMA COMERCIAL E INDUSTRIAL,02914011000,CALLE 1 S/N,INGENIERO WHITE,BUENOS AIRES,8103,,,Telefonica Argentina,-,Telefonica
RMS376456466173002,30506792165,CARGILL SOCIEDAD ANONIMA COMERCIAL E INDUSTRIAL,03573653560,AV L N ALEM 928  13,CIUDAD AUTONOMA BUENOS AIRES,,1001,,,,-,Claro
RMS376456466173002,30506792165,CARGILL SOCIEDAD ANONIMA COMERCIAL E INDUSTRIAL,01143177000,,,,,01143177000,,Telecom Argentina,-,Movistar
RMS376450824021003,30710235925,NOKIA SOLUTIONS AND NETWORKS ARGENTINA SA,03514565033,AV CIRCUNVALACION S/N,CORDOBA,CORDOBA,5000,,,Telecom Argentina,-,Telefonica
RMS376450824021003,30710235925,NOKIA SOLUTIONS AND NETWORKS ARGENTINA SA,03514550503,AV CIRCUNVALACION S/N,CORDOBA,CORDOBA,5000,,,Telecom Argentina,-,Telefonica
RMS376450824021003,30710235925,NOKIA SOLUTIONS AND NETWORKS ARGENTINA SA,01141319500,RECONQUISTA 360 7,CABA,CABA,1003,,,Telefonica Argentina,-,Telefonica
RMS376450824021003,30710235925,NOKIA SOLUTIONS AND NETWORKS ARGENTINA SA,03584636900,MAIPU 2375,RIO CUARTO,CORDOBA,5800,,,Telecom Argentina,-,Telefonica
RMS376450824021003,30710235925,NOKIA SOLUTIONS AND NETWORKS ARGENTINA SA,03814325636,AVELLANEDA MARCO 1045,SAN MIGUEL DE TUCUMAN,,4000,,,Telecom Argentina,-,Telefonica
RMS376450824021003,30710235925,NOKIA SOLUTIONS AND NETWORKS ARGENTINA SA,01141319700,RECONQUISTA 360 7,CABA,CABA,1003,,,Telefonica Argentina,-,Telefonica
RMS376450824021003,30710235925,NOKIA SOLUTIONS AND NETWORKS ARGENTINA SA,0470633073,ING ENRIQUE BUTTY 240  14,CIUDAD AUTONOMA BUENOS AIRES,,1001,,,,-,Claro
RMS376450824021003,30710235925,NOKIA SOLUTIONS AND NETWORKS ARGENTINA SA,0470557145,ING ENRIQUE BUTTY 240  14,CIUDAD AUTONOMA BUENOS AIRES,,1001,,,,-,Claro
RMS376450824021003,30710235925,NOKIA SOLUTIONS AND NETWORKS ARGENTINA SA,0475998130,ING ENRIQUE BUTTY 240  14,CIUDAD AUTONOMA BUENOS AIRES,,1001,,,,-,Claro
RMS376450824021003,30710235925,NOKIA SOLUTIONS AND NETWORKS ARGENTINA SA,0478120233,ING ENRIQUE BUTTY 240  14,CIUDAD AUTONOMA BUENOS AIRES,,1001,,,,-,Claro
RMS376450824021003,30710235925,NOKIA SOLUTIONS AND NETWORKS ARGENTINA SA,0476578019,ING ENRIQUE BUTTY 240  14,CIUDAD AUTONOMA BUENOS AIRES,,1001,,,,-,Claro
RMS376450824021003,30710235925,NOKIA SOLUTIONS AND NETWORKS ARGENTINA SA,0470554458,ING ENRIQUE BUTTY 240  14,CIUDAD AUTONOMA BUENOS AIRES,,1001,,,,-,Claro
RMS376450824021003,30710235925,NOKIA SOLUTIONS AND NETWORKS ARGENTINA SA,0478142980,ING ENRIQUE BUTTY 240  14,CIUDAD AUTONOMA BUENOS AIRES,,1001,,,,-,Claro
RMS376450824021003,30710235925,NOKIA SOLUTIONS AND NETWORKS ARGENTINA SA,0478074114,ING ENRIQUE BUTTY 240  14,CIUDAD AUTONOMA BUENOS AIRES,,1001,,,,-,Claro
RMS376450824021003,30710235925,NOKIA SOLUTIONS AND NETWORKS ARGENTINA SA,0470106499,ING ENRIQUE BUTTY 240  14,CIUDAD AUTONOMA BUENOS AIRES,,1001,,,,-,Claro
RMS376450824021003,30710235925,NOKIA SOLUTIONS AND NETWORKS ARGENTINA SA,0470633123,ING ENRIQUE BUTTY 240  14,CIUDAD AUTONOMA BUENOS AIRES,,1001,,,,-,Claro
RMS376450824021003,30710235925,NOKIA SOLUTIONS AND NETWORKS ARGENTINA SA,0476133340,ING ENRIQUE BUTTY 240  14,CIUDAD AUTONOMA BUENOS AIRES,,1001,,,,-,Claro
RMS376450824021003,30710235925,NOKIA SOLUTIONS AND NETWORKS ARGENTINA SA,0478084395,ING ENRIQUE BUTTY 240  14,CIUDAD AUTONOMA BUENOS AIRES,,1001,,,,-,Claro
RMS376450824021003,30710235925,NOKIA SOLUTIONS AND NETWORKS ARGENTINA SA,0478301874,ING ENRIQUE BUTTY 240  14,CIUDAD AUTONOMA BUENOS AIRES,,1001,,,,-,Claro
RMS376450824021003,30710235925,NOKIA SOLUTIONS AND NETWORKS ARGENTINA SA,0478013511,ING ENRIQUE BUTTY 240  14,CIUDAD AUTONOMA BUENOS AIRES,,1001,,,,-,Claro
RMS376450824021003,30710235925,NOKIA SOLUTIONS AND NETWORKS ARGENTINA SA,0475466701,ING ENRIQUE BUTTY 240  14,CIUDAD AUTONOMA BUENOS AIRES,,1001,,,,-,Claro
RMS376450824021003,30710235925,NOKIA SOLUTIONS AND NETWORKS ARGENTINA SA,0478025059,ING ENRIQUE BUTTY 240  14,CIUDAD AUTONOMA BUENOS AIRES,,1001,,,,-,Claro
RMS376452485021009,30659079468,PANALPINA TRANSPORTES MUNDIALES SA,01143934570,CARLOS PELLEGRINI 713 1,CABA,CABA,1009,,,Telefonica Argentina,-,Telefonica
RMS376452485021009,30659079468,PANALPINA TRANSPORTES MUNDIALES SA,01143280737,CARLOS PELLEGRINI 713 1,CABA,CABA,1009,,,Telefonica Argentina,-,Telefonica
RMS376452485021009,30659079468,PANALPINA TRANSPORTES MUNDIALES SA,01143930021,CARLOS PELLEGRINI 713 1,CABA,CABA,1009,,,Telefonica Argentina,-,Telefonica
RMS376452485021009,30659079468,PANALPINA TRANSPORTES MUNDIALES SA,01143287648,CARLOS PELLEGRINI 713 1,CABA,CABA,1009,,,Telefonica Argentina,-,Telefonica
RMS376452485021009,30659079468,PANALPINA TRANSPORTES MUNDIALES SA,01143289784,CARLOS PELLEGRINI 713 1,CABA,CABA,1009,,,Telefonica Argentina,-,Telefonica
RMS376452485021009,30659079468,PANALPINA TRANSPORTES MUNDIALES SA,01143280817,CARLOS PELLEGRINI 713 1,CABA,CABA,1009,,,Telefonica Argentina,-,Telefonica
RMS376452485021009,30659079468,PANALPINA TRANSPORTES MUNDIALES SA,01143934571,CARLOS PELLEGRINI 713 1,CABA,CABA,1009,,,Telefonica Argentina,-,Telefonica
RMS376452485021009,30659079468,PANALPINA TRANSPORTES MUNDIALES SA,01143288392,CARLOS PELLEGRINI 713 1,CABA,CABA,1009,,,Telefonica Argentina,-,Telefonica
RMS376452485021009,30659079468,PANALPINA TRANSPORTES MUNDIALES SA,02964423515,ESPORA 655 1,RIO GRANDE,TIERRA DEL FUEGO,9420,,,Telefonica Argentina,-,Telefonica
RMS376452485021009,30659079468,PANALPINA TRANSPORTES MUNDIALES SA,01143484500,CARLOS PELLEGRINI 713,CABA,CABA,1009,,,Telefonica Argentina,-,Telefonica
RMS376452485021009,30659079468,PANALPINA TRANSPORTES MUNDIALES SA,01144800697,AEROPUERTO EZEIZA S/N,AEROPUERTO EZEIZA,BUENOS AIRES,1802,,,Telefonica Argentina,-,Telefonica
RMS376452485021009,30659079468,PANALPINA TRANSPORTES MUNDIALES SA,01144809561,AEROPUERTO EZEIZA S/N,AEROPUERTO EZEIZA,BUENOS AIRES,1802,,,Telefonica Argentina,-,Telefonica
RMS376452485021009,30659079468,PANALPINA TRANSPORTES MUNDIALES SA,01144800290,AEROPUERTO EZEIZA S/N,AEROPUERTO EZEIZA,BUENOS AIRES,1802,,,Telefonica Argentina,-,Telefonica
RMS376452485021009,30659079468,PANALPINA TRANSPORTES MUNDIALES SA,01144809562,AEROPUERTO EZEIZA S/N,AEROPUERTO EZEIZA,BUENOS AIRES,1802,,,Telefonica Argentina,-,Telefonica
RMS376452485021009,30659079468,PANALPINA TRANSPORTES MUNDIALES SA,01144809426,AEROPUERTO EZEIZA S/N,AEROPUERTO EZEIZA,BUENOS AIRES,1802,,,Telefonica Argentina,-,Telefonica
RMS376452485021009,30659079468,PANALPINA TRANSPORTES MUNDIALES SA,01144800691,AEROPUERTO EZEIZA S/N,AEROPUERTO EZEIZA,BUENOS AIRES,1802,,,Telefonica Argentina,-,Telefonica
RMS376452485021009,30659079468,PANALPINA TRANSPORTES MUNDIALES SA,01144809424,AEROPUERTO EZEIZA S/N,AEROPUERTO EZEIZA,BUENOS AIRES,1802,,,Telefonica Argentina,-,Telefonica
RMS376452485021009,30659079468,PANALPINA TRANSPORTES MUNDIALES SA,01144809425,AEROPUERTO EZEIZA S/N,AEROPUERTO EZEIZA,BUENOS AIRES,1802,,,Telefonica Argentina,-,Telefonica
RMS376453973222000,30710471319,DIETAR ARGENTINA SRL,02914510111,O'HIGGINS 370 PB,BAHIA BLANCA,BUENOS AIRES,8000,,,Telefonica Argentina,-,Telefonica
RMS376453973222000,30710471319,DIETAR ARGENTINA SRL,02284421421,CORONEL SUAREZ 2840,OLAVARRIA,BUENOS AIRES,7400,,,Telefonica Argentina,-,Telefonica
