﻿IdExterno,Documento,CUIL,Apellido,Nombre,FechaNacimiento,DomicilioPadron,LocalidadPadron,ProvinciaPadron,Sexo,Fallecido,FallecidoActa,FallecidoTomo,FallecidoFolio,FallecidoFecha
DNIE96051746,96051746,27960517461,MOREIRA SILVA GENILMA,MOREIRA SILVA GENILMA,18/11/1987,,,,F,NO,,,,
DNIE95961400,95961400,27959614003,RAMOS TARAZONA DARMARIS DEL JESUS,RAMOS TARAZONA DARMARIS DEL JESUS,18/02/1985,,,,F,NO,,,,
DNIE95981914,95981914,27959819144,ARO LETICIA YUMI,ARO LETICIA YUMI,03/07/1995,,,,F,NO,,,,
DNIE95316306,95316306,20953163064,MOLLINEDO CHOQUE MARCOS ABEL,MOLLINEDO CHOQUE MARCOS ABEL,,,,,M,NO,,,,
DNIE96002754,96002754,27960027545,DA SILVA BARROS SUELEN,DA SILVA BARROS SUELEN,16/07/1982,,,,F,NO,,,,
DNIE95952188,95952188,27959521889,FREIRE NASCIMENTO RAIANE,FREIRE NASCIMENTO RAIANE,09/01/1999,,,,F,NO,,,,
DNI 43776351,43776351,27437763513,MENDOZA JULIA DEL CARMEN,"MENDOZA JULIA DEL CERMEN                                                                                                                              ",09/11/2001,,,,F,NO,,,,
DNI 40189825,40189825,27401898250,PRADO,ELIZABETH FATIMA,05/05/1997,,,,F,NO,,,,
DNIE95862972,95862972,27958629724,ALVES COSTA CAVALHEIRO JANE,ALVES COSTA CAVALHEIRO JANE,25/09/1997,,,,F,NO,,,,
DNIE96073669,96073669,27960736694,CASTILLO GUERRA YANNELIS TERESA,CASTILLO GUERRA YANNELIS TERESA,,,,,F,NO,,,,
DNIE95905820,95905820,27959058208,MATHEUS ALTOE ANA AMELIA,MATHEUS ALTOE ANA AMELIA,21/09/1993,,,,F,NO,,,,
DNIE95928487,95928487,27959284879,PINHO DA SILVA KETLEN NAYA,PINHO DA SILVA KETLEN NAYA,29/01/1991,,,,F,NO,,,,
DNIE96026013,96026013,27960260134,MARTINS VIEIRA PATRICIA APARECIDA,MARTINS VIEIRA PATRICIA APAREC,21/06/1978,,,,F,NO,,,,
DNIE95983650,95983650,27959836502,TESSARI AVILA FERNANDA,TESSARI AVILA FERNANDA,11/03/1998,,,,F,NO,,,,
DNIE95925857,95925857,27959258576,MELO CINTRA CAROLINE,MELO CINTRA CAROLINE,04/12/1992,,,,F,NO,,,,
DNIE96093456,96093456,20960934564,AGUAYO VILLAR IGNACIO,AGUAYO IGNACIO,,,,,M,NO,,,,
DNIE95944575,95944575,27959445759,FUENMAYOR VILLALOBOS MAYERLING COROMOTO,FUENMAYOR VILLALOBOS MAYERLING COROMOTO,04/11/1973,,,,F,NO,,,,
DNIE96064355,96064355,27960643556,VALADAO DOS SANTOS JURACY,VALADAO DOS SANTOS JURACY,,,,,F,NO,,,,
DNI 14790848,14790848,20147908483,VIDAL,WALTER DARIO,24/02/1962,,,,M,NO,,,,
DNIE95889166,95889166,27958891666,PORTELA DE PAULO JOSELAINE,PORTELA DE PAULO JOSELAINE,21/09/1996,,,,F,NO,,,,
DNIE96004241,96004241,27960042412,BATISTA DE SOUZA LAURA,BATISTA DE SOUZA LAURA,04/08/1999,,,,F,NO,,,,
DNIE95922349,95922349,27959223497,MACIEL GARCIA ISIS,MACIEL GARCIA ISIS,23/05/1998,,,,F,NO,,,,
DNI 33569533,33569533,27335695335,ELIAS,ANABELA SOLEDAD,17/05/1988,,,,F,NO,,,,
DNI 30189077,30189077,27301890775,LOPEZ,PAULA CAROLINA,05/05/1983,,,,F,NO,,,,
DNI 14345767,14345767,27143457678,BALAGNA,SUSANA EDITH,12/10/1961,,,,F,NO,,,,
DNI 14345767,14345767,20143457673,FERNANDEZ ALEXI GABRIEL,SUSANA EDITH,29/05/2001,,,,M,NO,,,,
DNI 33097289,33097289,20330972891,CASCARDO,MATIAS GABRIEL,06/08/1987,,,,M,NO,,,,
DNI 33381576,33381576,20333815762,SANGOY VEDIA,LUCAS FERNANDO,02/12/1987,,,,M,NO,,,,
DNIE95891753,95891753,27958917533,RIBEIRO DEBORAH DANIELE,RIBEIRO DEBORAH DANIELE,24/01/1997,,,,F,NO,,,,
DNI 37609859,37609859,20376098592,TERMINE,FRANCO EMANUEL,11/05/1993,,,,M,NO,,,,
DNI 28150169,28150169,20281501691,MOA,LUCAS MATIAS,21/05/1981,,,,M,NO,,,,
DNI 27657344,27657344,20276573447,BRITOS,DIEGO SEBASTIAN,08/10/1979,,,,M,NO,,,,
DNIE95944014,95944014,27959440145,GONZALEZ RUIZ MARIA YUREIBY,GONZALEZ RUIZ MARIA YUREIBY,11/01/1990,,,,F,NO,,,,
DNI 18350980,18350980,27183509808,VERA,MARIA CRISTINA,24/07/1966,,,,F,NO,,,,
DNIE94645018,94645018,23946450189,Rozo Vega Diego Fernando,DIEGO,31/05/1983,,,,M,NO,,,,
DNIE95874200,95874200,27958742008,MENESES VIDAL PAOLA,MENESES VIDAL PAOLA,16/01/1985,,,,F,NO,,,,
DNI 10918385,10918385,27109183852,SOLIS,MAGDALENA MARIA,17/07/1953,,,,F,NO,,,,
DNI 28208375,28208375,20282083753,AGUIRRE,CARLOS PATRICIO,07/08/1980,,,,M,NO,,,,
DNI 32318160,32318160,20323181609,BEREA,EMILIANO,27/04/1986,,,,M,NO,,,,
DNI 21625836,21625836,20216258364,DIAZ,ROBERTO ROQUE,13/11/1970,,,,M,SI,,,,
DNI 4718929,4718929,20047189293,VEGA,RUBEN V,01/01/1930,,,,M,NO,,,,
DNI 37767072,37767072,20377670729,MAMINO CUESTA,FEDERICO EMANUEL,01/12/1993,,,,M,NO,,,,
DNIE95107938,95107938,20951079384,BAEZ SANDER LUIS ALBERTO,Luis Alberto Baez,09/03/1996,,,,M,NO,,,,
DNI 21625836,21625836,27216258369,DIAZ,"MALLEA MARINA RIGOB                                                                                                                                   ",04/01/1971,,,,F,NO,,,,
DNI 4718929,4718929,27047189298,RENAULT,LIDIA,19/06/1943,,,,F,NO,,,,
DNI 31404414,31404414,20314044143,DOBBA,LUIS MIGUEL,26/06/1985,,,,M,NO,,,,
DNI 30283526,30283526,27302835263,CUEVAS,CATALINA FRANCISCA,21/08/1983,,,,F,NO,,,,
DNIE95887917,95887917,27958879178,PACHECO DO  VALE BEATRIZ,PACHECO DO VALE BEATRIZ,14/01/2000,,,,F,NO,,,,
DNI 26114378,26114378,27261143785,BENITEZ,SILVINA ANDREA,02/09/1977,,,,F,NO,,,,
DNI 16215482,16215482,20162154827,SAGRETTI,RUBEN RICARDO,21/09/1962,,,,M,NO,,,,
DNI 17726921,17726921,20177269213,SORESINA,GUIDO ESTEBAN,29/04/1966,,,,M,NO,,,,
DNI 29756924,29756924,20297569245,LUCCISANO,FLAVIO EDUARDO,18/02/1983,,,,M,NO,,,,
DNI 36977034,36977034,23369770349,ENSISO,PABLO NICOLAS,27/01/1993,,,,M,NO,,,,
DNI 21956336,21956336,20219563362,OYHANART,MARTIN GABRIEL,12/04/1971,,,,M,NO,,,,
DNI 33789311,33789311,20337893113,CEJAS,CARLOS MARTIN,31/05/1985,,,,M,NO,,,,
DNI 33789311,33789311,27337893118,CEJAS,"BARRIONUEVO JOHANNA CECILIA                                                                                                                           ",11/11/1988,,,,F,NO,,,,
DNI 22827486,22827486,27228274866,CHAVEZ,ALICIA CLAUDIA,23/07/1972,,,,F,NO,,,,
DNI 21522059,21522059,27215220597,BERLAY,MONICA LILIANA,28/02/1970,,,,F,NO,,,,
DNI 20867234,20867234,27208672342,PUSSATTI,MYRIAN SUSANA,15/04/1969,,,,F,NO,,,,
DNI 29265930,29265930,20292659300,PICCIANO,FERNANDO JUAN MANUEL,24/04/1982,,,,M,NO,,,,
DNI 29759924,29759924,20297599241,CALDERON,RAIMUNDO GERMAN,14/02/1983,,,,M,NO,,,,
DNI 20685125,20685125,20206851253,CABRAL NICOLAS PASTOR,NICOLAS PASTOR,23/12/1968,,,,M,NO,,,,
RMS376418863052007,23628385,20236283853,IBAÑEZ TRES,LEANDRO GUSTAVO MIGUEL,29/09/1973,,,,M,NO,,,,
DNI 39094711,39094711,23390947119,GUEVARA,MATIAS DANIEL,05/12/1995,,,,M,NO,,,,
DNI 34722190,34722190,20347221903,ESQUIVEL,DANIEL HECTOR,18/08/1989,,,,M,NO,,,,
DNI 22581485,22581485,20225814857,RODRIGUEZ,GUSTAVO RODOLFO,19/03/1972,,,,M,NO,,,,
RMS379975922061003,30925046,20309250460,REGUEIRA,RODRIGO MARTIN,13/04/1984,,,,M,NO,,,,
RMS376416813117003,4374372,20043743725,GRISETTI,OSCAR PABLO,28/07/1941,,,,M,NO,,,,
RMS376416813117003,4374372,23043743724,GUTIERREZ,JUSTINA DELMIRA,05/07/1938,,,,F,NO,,,,
RMS376416813117003,4374372,20043743725,GRISETTI,OSCAR PABLO,28/07/1941,,,,M,NO,,,,
RMS376418338011000,4161037,23041610379,CALCAGNO,JULIO ALBERTO,09/07/1935,,,,M,NO,,,,
RMS379975123082006,7866471,20078664712,DANERI,ANTONIO PEDRO,15/07/1949,,,,M,NO,,,,
RMS376418338011000,4161037,27041610374,PALAVECINO,ELVIRA TRINIDAD,07/12/1940,,,,F,NO,,,,
RMS376636022051004,36078598,27360785985,ABRALDES,MICAELA AYLEN,13/03/1992,,,,F,NO,,,,
RMS376685788143000,5190094,23051900944,ZANNI ELVA SUSANA,DOMINGO ALBERTO,10/01/1946,,,,F,SI,,,,
RMS376685788143000,5190094,20051900945,CARBALLO,DOMINGO ALBERTO,06/07/1941,,,,M,NO,,,,
RMS376418537191009,8191683,20081916838,LLANOS,JUAN,21/08/1942,,,,M,NO,,,,
RMS376637572742000,32300002,27323000021,LOPEZ,ANDREA SILVANA,23/03/1986,,,,F,NO,,,,
RMS376418358331007,24241108,20242411081,GORBACEWICZ,LEONARDO DAVID,10/01/1975,,,,M,NO,,,,
RMS376636533171002,10462108,20104621083,GARCIA,CARLOS ALBERTO,09/02/1952,,,,M,SI,,,,
RMS376638908021002,24584550,20245845503,WINTER,CARLOS ARIEL,29/09/1975,,,,M,NO,,,,
RMS376636957051003,34940338,20349403383,AGHEMO,HERNAN,28/01/1989,,,,M,NO,,,,
RMS379975481041008,32698670,20326986705,ROJAS PABLO IGNACIO,PABLO IGNACIO,28/10/1986,,,,M,NO,,,,
RMS376685390033003,20985685,23209856859,MARIOTTI,PABLO ALFREDO,03/09/1969,,,,M,NO,,,,
RMS379977857145009,35113911,20351139111,CARABAJAL,MAURO ORLANDO,29/03/1990,,,,M,NO,,,,
RMS379975603032000,18169120,20181691205,AGUIRRE,JULIO CESAR,28/02/1967,,,,M,NO,,,,
RMS376686445342001,27772042,27277720421,MARCUZZI CARDOZO,JULIANA,14/12/1979,,,,F,NO,,,,
RMS379975917061000,22294262,20222942625,TREGGIARI,FERNANDO DIEGO,30/10/1971,,,,M,NO,,,,
RMS376688278533003,24755911,20247559117,VILTE,DAMIAN MARCOS,22/08/1975,,,,M,NO,,,,
RMS376401787973003,5333794,27053337940,GORGA,LIDIA INES,02/04/1946,,,,F,NO,,,,
RMS376418461191009,10132455,23101324559,SAMPAYO,ONOFRE JUAN,13/12/1951,,,,M,NO,,,,
RMS376686266181009,22201642,27222016423,GARCIA,SANDRA EDITH,31/03/1971,,,,F,NO,,,,
RMS376401787973003,5333794,20053337946,COTELLESSE HECTOR LUIS,LIDIA INES,02/04/1946,,,,M,SI,,,,
RMS376405199451003,20499339,23204993394,SANTALUCIA,MARINA ARACELI,03/03/1969,,,,F,NO,,,,
RMS376417309137000,36607636,20366076361,RIVERO,MATIAS EMANUEL,23/04/1992,,,,M,NO,,,,
RMS376639463035007,31223664,20312236649,SAID,GABRIEL ALBERTO,18/07/1984,,,,M,NO,,,,
RMS376418797164001,21788576,20217885761,TRUSSO,MAXIMILIANO,01/08/1970,,,,M,NO,,,,
RMS376418320072002,14754144,23147541449,PEREZ,FRANCISCO NARCISO,01/10/1961,,,,M,NO,,,,
RMS376637042051008,32822215,27328222154,CRISPINA,MARIA FLORENCIA,19/12/1986,,,,F,NO,,,,
RMS376639361181002,29858410,20298584108,HERMOSILLA,FRANCO MARTIN,22/02/1983,,,,M,NO,,,,
RMS379975010071005,27150635,20271506350,PRETTO,DIEGO ALEJANDRO,16/02/1979,,,,M,NO,,,,
RMS376418441361003,28390051,20283900518,ULLOQUE,LUCAS LEONARDO,15/08/1980,,,,M,NO,,,,
RMS376417175941006,27691648,27276916489,FIGUEROA ALCORTA,INES,04/10/1979,,,,F,NO,,,,
DNI 25111038,25111038,20251110388,ARAYA,CRISTIAN HERNAN,05/12/1975,,,,M,NO,,,,
RMS379975612181004,12091111,20120911113,CHIALE,CARLOS ALBERTO,12/07/1956,,,,M,NO,,,,
DNI 25255438,25255438,27252554381,LOPOPOLO,DORA GRACIELA,28/06/1976,,,,F,NO,,,,
DNI 16065145,16065145,27160651453,SERRANO,SILVIA NELIDA,25/07/1962,,,,F,NO,,,,
DNI 25720797,25720797,20257207979,BATRES,ESTEBAN JESUS,11/04/1977,,,,M,NO,,,,
DNI 20405805,20405805,27204058054,RODRIGUEZ,MABEL NOEMI,11/09/1968,,,,F,NO,,,,
DNI 30791492,30791492,27307914927,CASTRO,MARINA VANESSA ITATI,04/07/1984,,,,F,NO,,,,
DNI 92490760,92490760,20924907607,MORA,"ENRIQUE MARTIN     ",24/06/1975,,,,M,NO,,,,
DNI 34408296,34408296,20344082961,GIORDANENGO NICOLAS EDUARDO,NICOLAS EDUARDO,28/04/1989,,,,M,NO,,,,
DNI 92683260,92683260,20926832604,MORADO,"MANUEL EDUARD       ",24/07/1971,,,,M,NO,,,,
DNI 41874261,41874261,20418742616,MOREYRA,DANIEL EDUARDO,29/05/1999,,,,M,NO,,,,
DNI 94104828,94104828,20941048286,Alvano Agustin Jeremias,ALVANO AGUSTIN JEREMIAS,26/06/1991,,,,M,NO,,,,
DNI 17031923,17031923,20170319231,ALECCI,DANIEL ALEJANDRO,03/02/1964,,,,M,NO,,,,
DNI 36398174,36398174,27363981742,ORLANDO,GABRIELA LORENA,23/09/1991,,,,F,NO,,,,
DNI 37475615,37475615,20374756150,AQUINO,GONZALO EMMANUEL,07/01/1993,,,,M,NO,,,,
DNI 37475615,37475615,27374756155,AQUINO,"ALCAZAR MARIELA VANE                                                                                                                                  ",11/01/1993,,,,F,NO,,,,
DNI 26792200,26792200,20267922005,MARTINEZ,JUAN ANTONIO,09/05/1979,,,,M,NO,,,,
DNI 23472771,23472771,20234727711,CIANCIO,SERGIO ARIEL,11/09/1973,,,,M,NO,,,,
DNI 31589077,31589077,20315890773,SARLO,RODOLFO SEBASTIAN,21/01/1985,,,,M,NO,,,,
DNI 16245090,16245090,20162450906,HERNANDEZ,CLAUDIO MIGUEL,07/04/1963,,,,M,NO,,,,
DNI 17451672,17451672,20174516724,ZAPANA,CARLOS RENE,17/12/1965,,,,M,NO,,,,
DNI 30226100,30226100,27302261003,MARAVERT,JULIA SOLEDAD,12/04/1983,,,,F,NO,,,,
DNI 29459793,29459793,20294597930,PERALTA,FRANCO GUSTAVO,08/05/1982,,,,M,NO,,,,
DNI 35460840,35460840,20354608406,ESCOBAR,LUCAS ARIEL,10/01/1991,,,,M,NO,,,,
DNI 20567009,20567009,20205670093,ABREGU,SERGIO FABIAN,22/10/1968,,,,M,NO,,,,
DNI 14558183,14558183,20145581835,VLADIMIRSKY SERGIO A,SERGIO ALBERTO,11/05/1961,,,,M,NO,,,,
DNI 21586019,21586019,20215860192,GUILLERMET,FERNANDO JAVIER,28/05/1970,,,,M,NO,,,,
DNI 25029467,25029467,27250294676,GONZALEZ,LAURA MARCELA,22/01/1976,,,,F,NO,,,,
DNI 32668198,32668198,23326681989,TOLOSA,ABEL FRANCISCO,30/10/1986,,,,M,NO,,,,
DNI 95783533,95783533,20957835334,MENESES SUAREZ KEVIN ANDERSON,Kevin Anderson Meneses Suarez,24/08/1992,,,,M,NO,,,,
DNI 31217614,31217614,27312176144,BRIZUELA,SILVANA BEATRIZ,23/09/1984,,,,F,NO,,,,
DNI 26971939,26971939,27269719392,DI GIOVANNI,VERONICA VANESA,19/01/1979,,,,F,NO,,,,
DNI 18399095,18399095,20183990951,CATALA,HERNAN JORGE,01/03/1967,,,,M,NO,,,,
DNI 34535603,34535603,20345356038,MATHARAN,PABLO EUGENIO,09/06/1989,,,,M,NO,,,,
DNI 96008934,96008934,27960089346,OSPINA POSADA ANGELA MARIA,"OSPINA POSADA, ANGELA MARIA",01/12/1994,,,,F,NO,,,,
DNI 26102223,26102223,20261022231,BAEZ,PABLO JAVIER,18/07/1977,,,,M,NO,,,,
DNI 21622047,21622047,20216220472,PINELLI,RAMON EDUARDO,03/01/1972,,,,M,SI,,,,
DNI 30556339,30556339,27305563396,SAVIGLIANO,GUADALUPE IRMA,21/08/1983,,,,F,NO,,,,
DNI 95949582,95949582,20959495824,GONZALEZ BENITEZ MIGUELANGEL,GONZALEZ BENITEZ MIGUELANGEL,01/03/1991,,,,M,NO,,,,
DNI 26640420,26640420,20266404205,VALDEZ,WALTER OMAR,17/05/1978,,,,M,NO,,,,
DNI 11607659,11607659,20116076595,SOPLAN,JOSE LUIS,09/06/1956,,,,M,NO,,,,
DNI 30183159,30183159,27301831590,BARREIRO,MARIA GUADALUPE,10/03/1983,,,,F,NO,,,,
DNI 31761346,31761346,27317613461,CRAIYACICH LARRUCEA,ROCIO PRISCILA,28/12/1985,,,,F,NO,,,,
DNI 17262383,17262383,20172623833,RAMALLO,ENRIQUE MARCELO,07/07/1965,,,,M,NO,,,,
DNI 33789721,33789721,27337897210,PEIRANO,ROCIO INES,28/04/1988,,,,F,NO,,,,
DNI 21863256,21863256,20218632565,CARMELINO,LUIS HUGO,23/08/1971,,,,M,NO,,,,
DNI 92785561,92785561,27927855610,RUIZ,"VERONICA D     ",28/12/1967,,,,F,NO,,,,
RMS376417364131005,18266783,27182667833,MURIEL,MARIELA LAURA,24/09/1967,,,,F,NO,,,,
