﻿IdExterno,Documento,CUIL,Apellido,Nombre,Sueldo,Calle,Altura,Piso,Depto,Localidad,Provincia,CP,EmpleadorRazonSocial,EmpleadorCUIT,EmpleadorCalle,EmpleadorAltura,EmpleadorPiso,EmpleadorDepto,EmpleadorLocalidad,EmpleadorProvincia,EmpleadorCP,EmpleadorCodigo,EmpleadorActividad,EmpleadorEmpleados
DNIE95944575,95944575,27959445759,FUENMAYOR VILLALOBOS MAYERLING COROMOTO,FUENMAYOR VILLALOBOS MAYERLING COROMOTO,"106821,46",,,,,,,,MUNICIPALIDAD DE JOSE C PAZ,30681618089,AVENIDA GASPAR CAMPO,006151,,,JOSE CLEMENTE PAZ,BUENOS AIRES,1665,841100,"SERVICIOS GENERALES DE LA ADMINISTRACIÓN PÚBLICA (INCLUYE EL DESEMPEÑO DE FUNCIONES EJECUTIVAS Y LEGISLATIVAS DE ADMINISTRACIÓN POR PARTE DE LAS ENTIDADES DE LA ADMINISTRACIÓN CENTRAL, REGIONAL Y LOCAL, LA ADMINISTRACIÓN Y SUPERVISIÓN DE ASUNTOS FISCALES, LA A",4932
DNI 33097289,33097289,20330972891,CASCARDO,MATIAS GABRIEL,"39758,27",,,,,,,,PROTECTION ONE SRL,30709605441,TUCUMAN,000303,6,,BARRIO CENTRO NORTE,"CORDOBA ",5000,822000,SERVICIOS DE CALL CENTER,210
DNI 33381576,33381576,20333815762,SANGOY VEDIA,LUCAS FERNANDO,"33565,89",,,,,,,,VLC MARKETING S.R.L.,30711322961,SANTA FE AV.,002365,2,B,CAPITAL FEDERAL,"CAPITAL FEDERAL ",1123,731009,SERVICIOS DE PUBLICIDAD N.C.P.,77
DNI 37609859,37609859,20376098592,TERMINE,FRANCO EMANUEL,"65897,03",,,,,,,,NICOTRONIC S.A.,30711169896,BOLIVIA,001162,,,CAPITAL FEDERAL,"CAPITAL FEDERAL ",1416,469090,VENTA AL POR MAYOR DE MERCANCÍAS N.C.P.,9
DNI 28150169,28150169,20281501691,MOA,LUCAS MATIAS,"137739,71",,,,,,,,YPF SOCIEDAD ANONIMA,30546689979,GUEMES MACACHA BOUL,000515,,,CAPITAL FEDERAL,CAPITAL FEDERAL,1106,61000,"EXTRACCIÓN DE PETRÓLEO CRUDO (INCLUYE ARENAS ALQUITRANÍFERAS, ESQUISTOS BITUMINOSOS O LUTITAS, ACEITES DE PETRÓLEO Y DE MINERALES BITUMINOSOS, PETRÓLEO, ETC.)",9027
DNI 28208375,28208375,20282083753,AGUIRRE,CARLOS PATRICIO,"55219,32",,,,,,,,COPIMEX C A C I S A,30529800599,AV.SUCRE,002520,,,SAN ISIDRO,BUENOS AIRES,1642,421000,"CONSTRUCCIÓN, REFORMA Y REPARACIÓN DE OBRAS DE INFRAESTRUCTURA PARA EL TRANSPORTE (INCLUYE LA CONSTRUCCIÓN, REFORMA Y REPARACIÓN DE CALLES, AUTOPISTAS, CARRETERAS, PUENTES, TÚNELES, VÍAS FÉRREAS Y PISTAS DE ATERRIZAJE, LA SEÑALIZACIÓN MEDIANTE PINTURA, ETC.)",121
DNI 32318160,32318160,20323181609,BEREA,EMILIANO,"132552,84",,,,,,,,DOCUCAX SA,30707609792,TACUARI,000123,PB,,CAPITAL FEDERAL,"CAPITAL FEDERAL ",1071,465340,"VENTA AL POR MAYOR DE MÁQUINAS, EQUIPOS E IMPLEMENTOS DE USO EN IMPRENTAS, ARTES GRÁFICAS Y ACTIVIDADES CONEXAS (INCLUYE VENTA DE MÁQUINAS FOTOCOPIADORAS - EXCEPTO LAS DE USO PERSONAL-, COPIADORAS DE PLANOS, MÁQUINAS PARA IMPRIMIR, GUILLOTINAR, TROQUELAR, ENCU",10
DNI 31404414,31404414,20314044143,DOBBA,LUIS MIGUEL,"33836,03",,,,,,,,COOP AGRICOLA GANADERA DE JUSTINIANO POSSE LIMITADA,30511521498,AV DE MAYO,000431,,,JUSTINIANO POSSE,"CORDOBA ",2553,461011,"VENTA AL POR MAYOR EN COMISIÓN O CONSIGNACIÓN DE CEREALES (INCLUYE ARROZ), OLEAGINOSAS Y FORRAJERAS EXCEPTO SEMILLAS",119
DNI 17726921,17726921,20177269213,SORESINA,GUIDO ESTEBAN,"145204,85",,,,,,,,TELAM SOCIEDAD DEL ESTADO,30708233028,BOLIVAR,000531,,,CAPITAL FEDERAL,"CAPITAL FEDERAL ",1066,639100,AGENCIAS DE NOTICIAS,702
DNI 36977034,36977034,23369770349,ENSISO,PABLO NICOLAS,"54768,15",,,,,,,,PROTECCION MILLENIUM S.A.,30707831584,DUMONT SANTOS,004459,,,CAPITAL FEDERAL,"CAPITAL FEDERAL ",1427,801090,SERVICIOS DE SEGURIDAD E INVESTIGACIÓN N.C.P.,88
DNI 21956336,21956336,20219563362,OYHANART,MARTIN GABRIEL,"138405,76",,,,,,,,ROTOPLAS ARGENTINA SA,30690827065,22 Y 9 PARQ IND PILA,000000,,,FATIMA ESTACION EMPA,BUENOS AIRES,1633,222090,"FABRICACIÓN DE PRODUCTOS PLÁSTICOS EN FORMAS BÁSICAS Y ARTÍCULOS DE PLÁSTICO N.C.P., EXCEPTO MUEBLES",838
DNI 33789311,33789311,20337893113,CEJAS,CARLOS MARTIN,"200636,00",,,,,,,,VERISURE ARGENTINA MONITOREO DE ALARMAS SA,33716307749,,,,,,,,801090,SERVICIOS DE SEGURIDAD E INVESTIGACIÓN N.C.P.,424
DNI 22827486,22827486,27228274866,CHAVEZ,ALICIA CLAUDIA,"63183,60",,,,,,,,CONSORCIO DE PROPIETARIOS CULPINA 171,33544470669,CULPINA,000171,,,CAPITAL FEDERAL,"CAPITAL FEDERAL ",1406,949920,SERVICIOS DE CONSORCIOS DE EDIFICIOS,0
DNI 20867234,20867234,27208672342,PUSSATTI,MYRIAN SUSANA,"83871,86",,,,,,,,ASOCIACION CIVIL UNIVERSIDAD ARGENTINA JOHN F.  KENNEDY,30520183295,MITRE BARTOLOME,001411,,,CAPITAL FEDERAL,"CAPITAL FEDERAL ",1037,949990,SERVICIOS DE ASOCIACIONES N.C.P.,494
DNI 39094711,39094711,23390947119,GUEVARA,MATIAS DANIEL,"37974,45",,,,,,,,LUCERO JOSE LUIS,20215335179,,,,,,,,812010,SERVICIOS DE LIMPIEZA GENERAL DE EDIFICIOS,38
DNI 34722190,34722190,20347221903,ESQUIVEL,DANIEL HECTOR,"154631,12",,,,,,,,ADMINISTRACION NACIONAL DE LA SEGURIDAD SOCIAL ANSES,33637617449,CORDOBA AV.,000720,01,,CAPITAL FEDERAL,"CAPITAL FEDERAL ",1054,843000,"SERVICIOS DE LA SEGURIDAD SOCIAL OBLIGATORIA, EXCEPTO OBRAS SOCIALES (INCLUYE PAMI Y ANSES)",11098
RMS376637572742000,32300002,27323000021,LOPEZ,ANDREA SILVANA,"262969,87",,,,,,,,ENTE NACIONAL DE COMUNICACIONES,30715120409,,,,,,,,841100,"SERVICIOS GENERALES DE LA ADMINISTRACIÓN PÚBLICA (INCLUYE EL DESEMPEÑO DE FUNCIONES EJECUTIVAS Y LEGISLATIVAS DE ADMINISTRACIÓN POR PARTE DE LAS ENTIDADES DE LA ADMINISTRACIÓN CENTRAL, REGIONAL Y LOCAL, LA ADMINISTRACIÓN Y SUPERVISIÓN DE ASUNTOS FISCALES, LA A",0
RMS376418358331007,24241108,20242411081,GORBACEWICZ,LEONARDO DAVID,"129619,26",,,,,,,,SSSERVICIOS S.A.S.,30715863452,,,,,,,,614010,SERVICIOS DE PROVEEDORES DE ACCESO A INTERNET,80
RMS376638908021002,24584550,20245845503,WINTER,CARLOS ARIEL,"244271,85",,,,,,,,MINISTERIO DE SALUD,30999221463,MARIANO MORENO,000555,,,RAWSON,CHUBUT,9103,841200,"SERVICIOS PARA LA REGULACIÓN DE LAS ACTIVIDADES SANITARIAS, EDUCATIVAS, CULTURALES, Y RESTANTES SERVICIOS SOCIALES, EXCEPTO SEGURIDAD SOCIAL OBLIGATORIA (INCLUYE  LA GESTIÓN ADMINISTRATIVA DE PROGRAMAS DESTINADOS A MEJORAR EL BIENESTAR DE LOS CIUDADANOS)",6056
RMS376636957051003,34940338,20349403383,AGHEMO,HERNAN,"93757,10",,,,,,,,BTU SOCIEDAD ANONIMA,30592238892,MAIPU,000096,14,,AVELLANEDA,BUENOS AIRES,1870,422200,"CONSTRUCCIÓN, REFORMA Y REPARACIÓN DE REDES DISTRIBUCIÓN DE ELECTRICIDAD, GAS, AGUA, TELECOMUNICACIONES Y DE OTROS SERVICIOS PÚBLICOS",218
RMS379977857145009,35113911,20351139111,CARABAJAL,MAURO ORLANDO,"112742,39",,,,,,,,AUTOMOVILES SAN JORGE S A,30684046116,LA PLATA AV.,001635,,,CAPITAL FEDERAL,"CAPITAL FEDERAL ",1250,451110,"VENTA DE AUTOS, CAMIONETAS Y UTILITARIOS NUEVOS (INCLUYE TAXIS, JEEPS, 4X4 Y VEHÍCULOS SIMILARES)",194
RMS379975603032000,18169120,20181691205,AGUIRRE,JULIO CESAR,"189543,00",,,,,,,,MOLINO CAÑUELAS SOCIEDAD ANONIMA COMERCIAL INDUSTRIAL  FINANCIERA INMOBILIARIA Y AGROPECUARIA,30507950848,KENNEDY,000160,,,CAðUELAS,BUENOS AIRES,1814,106110,MOLIENDA DE TRIGO,2782
RMS376686445342001,27772042,27277720421,MARCUZZI CARDOZO,JULIANA,"0,00",,,,,,,,UNIVERSIDAD TECNOLOGICA NACIONAL,30546671166,SARMIENTO,000440,07,,CAPITAL FEDERAL,"CAPITAL FEDERAL ",1347,853201,ENSEÑANZA UNIVERSITARIA EXCEPTO FORMACIÓN DE POSGRADO,8744
RMS379975917061000,22294262,20222942625,TREGGIARI,FERNANDO DIEGO,"48192,77",,,,,,,,INTERLIM ARGENTINA S.R.L,30715714635,,,,,,,,812010,SERVICIOS DE LIMPIEZA GENERAL DE EDIFICIOS,14
RMS376417309137000,36607636,20366076361,RIVERO,MATIAS EMANUEL,"246584,77",,,,,,,,AEROLINEAS ARGENTINAS SOCIEDAD ANONIMA,30641405554,BOUCHARD AV.,000547,09,,CAPITAL FEDERAL,"CAPITAL FEDERAL ",1106,511000,SERVICIO DE TRANSPORTE AÉREO DE PASAJEROS,8910
RMS376639463035007,31223664,20312236649,SAID,GABRIEL ALBERTO,"89224,07",,,,,,,,AEROLINEAS ARGENTINAS SOCIEDAD ANONIMA,30641405554,BOUCHARD AV.,000547,09,,CAPITAL FEDERAL,"CAPITAL FEDERAL ",1106,511000,SERVICIO DE TRANSPORTE AÉREO DE PASAJEROS,8910
RMS376637042051008,32822215,27328222154,CRISPINA,MARIA FLORENCIA,"169924,24",,,,,,,,BANCO SUPERVIELLE SOCIEDAD ANONIMA,33500005179,MITRE BARTOLOME,000434,,,CAPITAL FEDERAL,"CAPITAL FEDERAL ",1036,641930,SERVICIOS DE LA BANCA MINORISTA,3482
RMS379975010071005,27150635,20271506350,PRETTO,DIEGO ALEJANDRO,"208435,76",,,,,,,,MINISTERIO DE SEGURIDAD -SEGURIDAD PROVINCIAL,30648839088,51 SIN NUMERO,000000,PB,31,LA PLATA SUDESTE CAL,BUENOS AIRES,1900,842300,SERVICIOS PARA EL ORDEN PÚBLICO Y LA SEGURIDAD,86596
RMS376418441361003,28390051,20283900518,ULLOQUE,LUCAS LEONARDO,"95914,60",,,,,,,,PROVINCIA DE TIERRA DEL FUEGO ANTARTIDA E ISLAS DEL ATLANTICO SUR,30546662434,SAN MARTIN,000450,,,USHUAIA,TIERRA DEL FUEGO,9410,841100,"SERVICIOS GENERALES DE LA ADMINISTRACIÓN PÚBLICA (INCLUYE EL DESEMPEÑO DE FUNCIONES EJECUTIVAS Y LEGISLATIVAS DE ADMINISTRACIÓN POR PARTE DE LAS ENTIDADES DE LA ADMINISTRACIÓN CENTRAL, REGIONAL Y LOCAL, LA ADMINISTRACIÓN Y SUPERVISIÓN DE ASUNTOS FISCALES, LA A",15440
RMS376417175941006,27691648,27276916489,FIGUEROA ALCORTA,INES,"75000,00",,,,,,,,MIKICHOYA S.R.L.,30715865293,,,,,,,,477220,"VENTA AL POR MENOR DE CALZADO, EXCEPTO EL ORTOPÉDICO Y EL DEPORTIVO (NO INCLUYE ALMACENES DE SUELAS 464142)",0
DNI 25111038,25111038,20251110388,ARAYA,CRISTIAN HERNAN,"625,48",,,,,,,,CONSORCIO DE PROPIETARIOS BARRIO SANTA BARBARA,30708553731,CORREDOR BANCALARI B,003901,,,GENERAL PACHECO,BUENOS AIRES,1617,949990,SERVICIOS DE ASOCIACIONES N.C.P.,68
RMS379975612181004,12091111,20120911113,CHIALE,CARLOS ALBERTO,"376908,27",,,,,,,,ADMINISTRACION NACIONAL DE MEDICAMENTOS ALIMENTOS Y TECNOLOGIA MEDICA,30663140996,DE MAYO AV.,000869,09,,CAPITAL FEDERAL,"CAPITAL FEDERAL ",1084,841200,"SERVICIOS PARA LA REGULACIÓN DE LAS ACTIVIDADES SANITARIAS, EDUCATIVAS, CULTURALES, Y RESTANTES SERVICIOS SOCIALES, EXCEPTO SEGURIDAD SOCIAL OBLIGATORIA (INCLUYE  LA GESTIÓN ADMINISTRATIVA DE PROGRAMAS DESTINADOS A MEJORAR EL BIENESTAR DE LOS CIUDADANOS)",0
DNI 25720797,25720797,20257207979,BATRES,ESTEBAN JESUS,"112709,18",,,,,,,,COAMTRA SOCIEDAD ANONIMA,30596555655,SALTA,001212,,,AVELLANEDA,BUENOS AIRES,1870,422200,"CONSTRUCCIÓN, REFORMA Y REPARACIÓN DE REDES DISTRIBUCIÓN DE ELECTRICIDAD, GAS, AGUA, TELECOMUNICACIONES Y DE OTROS SERVICIOS PÚBLICOS",140
DNI 30791492,30791492,27307914927,CASTRO,MARINA VANESSA ITATI,"100830,04",,,,,,,,SECRETARIA LEGAL Y TECNICA,30710551665,,,,,,,,841100,"SERVICIOS GENERALES DE LA ADMINISTRACIÓN PÚBLICA (INCLUYE EL DESEMPEÑO DE FUNCIONES EJECUTIVAS Y LEGISLATIVAS DE ADMINISTRACIÓN POR PARTE DE LAS ENTIDADES DE LA ADMINISTRACIÓN CENTRAL, REGIONAL Y LOCAL, LA ADMINISTRACIÓN Y SUPERVISIÓN DE ASUNTOS FISCALES, LA A",291
DNI 92683260,92683260,20926832604,MORADO,"MANUEL EDUARD       ","78589,00",,,,,,,,HAGRAF S A,30685844636,ESMERALDA,004989,,,FLORIDA,BUENOS AIRES,1602,465340,"VENTA AL POR MAYOR DE MÁQUINAS, EQUIPOS E IMPLEMENTOS DE USO EN IMPRENTAS, ARTES GRÁFICAS Y ACTIVIDADES CONEXAS (INCLUYE VENTA DE MÁQUINAS FOTOCOPIADORAS - EXCEPTO LAS DE USO PERSONAL-, COPIADORAS DE PLANOS, MÁQUINAS PARA IMPRIMIR, GUILLOTINAR, TROQUELAR, ENCU",23
DNI 41874261,41874261,20418742616,MOREYRA,DANIEL EDUARDO,"76008,62",,,,,,,,DABRA SOCIEDAD ANONIMA,30638485733,COLECT. PANAMERICANA,000000,,,DON TORCUATO NORTE,BUENOS AIRES,1611,477230,VENTA AL POR MENOR DE CALZADO DEPORTIVO,1636
DNI 36398174,36398174,27363981742,ORLANDO,GABRIELA LORENA,"56123,33",,,,,,,,M .O. SEGURIDAD S.R.L.,30707009183,NTRA SRA DE LA MERCE,000000,2,B,CASEROS,BUENOS AIRES,1678,801090,SERVICIOS DE SEGURIDAD E INVESTIGACIÓN N.C.P.,243
DNI 30226100,30226100,27302261003,MARAVERT,JULIA SOLEDAD,"80257,04",,,,,,,,INC  SOCIEDAD ANONIMA,30687310434,CUYO,003323,,,MARTINEZ,BUENOS AIRES,1640,471110,VENTA AL POR MENOR EN HIPERMERCADOS,15870
DNI 35460840,35460840,20354608406,ESCOBAR,LUCAS ARIEL,"86872,00",,,,,,,,RESOLVIT INTERNATIONAL SA,33712220169,FLORIDA,000537,18,,CAPITAL FEDERAL,"CAPITAL FEDERAL ",1005,620100,SERVICIOS DE CONSULTORES EN INFORMÁTICA Y SUMINISTROS DE PROGRAMAS DE INFORMÁTICA,46
DNI 34535603,34535603,20345356038,MATHARAN,PABLO EUGENIO,"92372,91",,,,,,,,TRILOGIC S R L,33707067719,ESMERALDA,000715,5,A,CAPITAL FEDERAL,"CAPITAL FEDERAL ",1007,620100,SERVICIOS DE CONSULTORES EN INFORMÁTICA Y SUMINISTROS DE PROGRAMAS DE INFORMÁTICA,44
DNI 95949582,95949582,20959495824,GONZALEZ BENITEZ MIGUELANGEL,GONZALEZ BENITEZ MIGUELANGEL,"81335,85",,,,,,,,LEDEVIT SOCIEDAD DE RESPONSABILIDAD LIMITADA,30517432357,TILCARA,003162,,,CAPITAL FEDERAL,"CAPITAL FEDERAL ",1437,105090,"ELABORACIÓN DE PRODUCTOS LÁCTEOS N.C.P. (INCLUYE LA PRODUCCIÓN DE CASEÍNAS, MANTECA, POSTRES, ETC., CUANDO NO SON OBTENIDOS E FORMA INTEGRADA CON LA PRODUCCIÓN DE LECHE)",127
DNI 26640420,26640420,20266404205,VALDEZ,WALTER OMAR,"84013,37",,,,,,,,AUTOBUSES BUENOS AIRES SRL,30715215809,,,,,,,,492110,SERVICIO DE TRANSPORTE AUTOMOTOR URBANO Y SUBURBANO REGULAR DE PASAJEROS,455
DNI 17262383,17262383,20172623833,RAMALLO,ENRIQUE MARCELO,"93143,66",,,,,,,,OBRA SOCIAL DEL PERSONAL DE LA INDUSTRIA DE LA ALIMENTACION,30643997734,VENEZUELA,001326,,,CAPITAL FEDERAL,"CAPITAL FEDERAL ",1095,651310,OBRAS SOCIALES,392
DNI 33789721,33789721,27337897210,PEIRANO,ROCIO INES,"72728,37",,,,,,,,IBM ARGENTINA SRL,30503961268,BUTTY ENRIQUE ING.,000275,,,CAPITAL FEDERAL,"CAPITAL FEDERAL ",1001,620900,SERVICIOS DE INFORMÁTICA N.C.P.,4088
RMS376417364131005,18266783,27182667833,MURIEL,MARIELA LAURA,"211797,79",,,,,,,,DIRECCION GENERAL DE CULTURA Y EDUCACIONDE LA PROVINCIA DE BS AS,30627393713,13 ENTRE 56 Y 57,000000,,,LA PLATA SUDESTE CAL,BUENOS AIRES,1900,841200,"SERVICIOS PARA LA REGULACIÓN DE LAS ACTIVIDADES SANITARIAS, EDUCATIVAS, CULTURALES, Y RESTANTES SERVICIOS SOCIALES, EXCEPTO SEGURIDAD SOCIAL OBLIGATORIA (INCLUYE  LA GESTIÓN ADMINISTRATIVA DE PROGRAMAS DESTINADOS A MEJORAR EL BIENESTAR DE LOS CIUDADANOS)",297927
