﻿IdExterno,Documento,CUIL,Apellido,Nombre,Calle,Altura,Piso,Depto,Localidad,Provincia,CP,ObraSocial,Tipo
DNI 40189825,40189825,27401898250,PRADO,ELIZABETH FATIMA,,,,,,,,O. S. DEL PERSONAL RURAL Y ESTIBADORES DE LA REPUBLICA ARGENTINA.,Beneficiario
DNIE95944575,95944575,27959445759,FUENMAYOR VILLALOBOS MAYERLING COROMOTO,FUENMAYOR VILLALOBOS MAYERLING COROMOTO,,,,,,,,O.S.P. BUENOS AIRES (IOMA),Titular
DNI 30189077,30189077,27301890775,LOPEZ,PAULA CAROLINA,CARLOS V,00235,,,VILLA ALLENDE,CORDOBA,5105,O.S. DE LA FED.ARG. DEL TRABAJ. DE LAS UNIVERSIDADES NACIONALES,Titular
DNI 33097289,33097289,20330972891,CASCARDO,MATIAS GABRIEL,,,,,,,,OBRA SOCIAL DE SERENOS DE BUQUES,Titular
DNI 33381576,33381576,20333815762,SANGOY VEDIA,LUCAS FERNANDO,,,,,,,,OBRA SOCIAL DE JEFES Y OFICIALES NAVALES DE RADIOCOMUNICACIONES,Titular
DNI 37609859,37609859,20376098592,TERMINE,FRANCO EMANUEL,,,,,,,,OBRA SOCIAL DEL PERSONAL DEL ORGANISMO DE CONTROL EXTERNO,Titular
DNI 28150169,28150169,20281501691,MOA,LUCAS MATIAS,,,,,,,,OBRA SOCIAL YPF,Titular
DNIE94645018,94645018,23946450189,Rozo Vega Diego Fernando,DIEGO,,,,,,,,OBRA SOCIAL DE LOS MEDICOS DE LA CIUDAD DE BUENOS AIRES,Titular
DNI 28208375,28208375,20282083753,AGUIRRE,CARLOS PATRICIO,,,,,,,,OBRA SOCIAL DEL PERSONAL DE LA CONSTRUCCION,Titular
DNI 32318160,32318160,20323181609,BEREA,EMILIANO,,,,,,,,OBRA SOCIAL DE COMISARIOS NAVALES,Titular
DNI 21625836,21625836,20216258364,DIAZ,ROBERTO ROQUE,SAN MARTIN,1534,,,MONTE GRANDE,BUENOS AIRES,1842,O. S. DE CHOFERES DE CAMIONES,Titular
DNI 37767072,37767072,20377670729,MAMINO CUESTA,FEDERICO EMANUEL,,,,,,,,O.S. DE LOS SUPERVISORES DE LA INDUSTRIA METALMECANICA DE LA REPUBLICA ARGENTINA,Beneficiario
DNIE95107938,95107938,20951079384,BAEZ SANDER LUIS ALBERTO,Luis Alberto Baez,,,,,,,,"OBRA SOCIAL DE EMPRESARIOS, PROFESIONALES Y MONOTRIBUTISTAS",Titular
DNI 4718929,4718929,27047189298,RENAULT,LIDIA,PASAJE CEFERINO GARCIA,2215,,,CIUDAD AUTONOMA DE BS.AS.,CAP. FEDERAL,1416,O.S. DEL PERSONAL DEL AUTOMOVIL CLUB ARGENTINO,Titular
DNI 31404414,31404414,20314044143,DOBBA,LUIS MIGUEL,,,,,,,,OBRA SOCIAL DEL PERSONAL RURAL Y ESTIBADORES DE LA REPUBLICA ARGENTINA,Titular
DNI 26114378,26114378,27261143785,BENITEZ,SILVINA ANDREA,,,,,,,,OBRA SOCIAL DE EJECUTIVOS Y DEL PERSONAL DE DIRECCION DE EMPRESAS,Titular
DNI 16215482,16215482,20162154827,SAGRETTI,RUBEN RICARDO,,,,,,,,O.S.P. BUENOS AIRES (IOMA),Titular
DNI 17726921,17726921,20177269213,SORESINA,GUIDO ESTEBAN,,,,,,,,"OBRA SOCIAL DE LA ACTIVIDAD DE SEGUROS, REASEGUROS, CAPITALIZACION Y AHORRO Y PRESTAMO PARA LA VIVIENDA",Titular
DNI 29756924,29756924,20297569245,LUCCISANO,FLAVIO EDUARDO,,,,,,,,O.S. DEL PERS. DE LA INDUSTRIA DEL CAUCHO,Titular
DNI 36977034,36977034,23369770349,ENSISO,PABLO NICOLAS,,,,,,,,OBRA SOCIAL DEL PERSONAL MOSAISTA,Titular
DNI 21956336,21956336,20219563362,OYHANART,MARTIN GABRIEL,,,,,,,,OBRA SOCIAL DEL PERSONAL DEL AUTOMOVIL CLUB ARGENTINO,Titular
DNI 33789311,33789311,20337893113,CEJAS,CARLOS MARTIN,,,,,,,,OBRA SOCIAL DEL PERSONAL DE LA INDUSTRIA MOLINERA,Titular
DNI 22827486,22827486,27228274866,CHAVEZ,ALICIA CLAUDIA,,,,,,,,OBRA SOCIAL DE MANDOS MEDIOS DE TELECOMUNICACIONES EN LA REPUBLICA ARGENTINA Y MERCOSUR,Titular
DNI 21522059,21522059,27215220597,BERLAY,MONICA LILIANA,,,,,,,,OBRA SOCIAL DE LOS EMPLEADOS DE COMERCIO Y ACTIVIDADES CIVILES,Titular
DNI 20867234,20867234,27208672342,PUSSATTI,MYRIAN SUSANA,,,,,,,,OBRA SOCIAL DEL PERSONAL DEL ORGANISMO DE CONTROL EXTERNO,Titular
DNI 29265930,29265930,20292659300,PICCIANO,FERNANDO JUAN MANUEL,,,,,,,,"OBRA SOCIAL DE EMPRESARIOS, PROFESIONALES Y MONOTRIBUTISTAS",Titular
DNI 29759924,29759924,20297599241,CALDERON,RAIMUNDO GERMAN,URUGUAY,455,,,JUSTINIANO POSSE,CORDOBA,2553,NINGUNA,Titular
DNI 20685125,20685125,20206851253,CABRAL NICOLAS PASTOR,NICOLAS PASTOR,RODRIGUEZ PE#A,00319,,,ADROGUE,BUENOS AIRES,1846,O. S. CONDUCTORES DE TRANSPORTE COLECTIVO DE PASAJEROS,Titular
DNI 39094711,39094711,23390947119,GUEVARA,MATIAS DANIEL,,,,,,,,OBRA SOCIAL DEL PERSONAL SUPERIOR MERCEDES BENZ ARGENTINA,Titular
DNI 34722190,34722190,20347221903,ESQUIVEL,DANIEL HECTOR,,,,,,,,OBRA SOCIAL UNION PERSONAL DE LA UNION DEL PERSONAL CIVIL DE LA NACION,Titular
DNI 22581485,22581485,20225814857,RODRIGUEZ,GUSTAVO RODOLFO,EMILIO SANCHEZ,00332,,,VIRREY DEL PINO,BUENOS AIRES,1763,O. S. DE LOS EMPLEADOS DE COMERCIO Y ACTIVIDADES CIVILES,Titular
RMS379975922061003,30925046,20309250460,REGUEIRA,RODRIGO MARTIN,CAMPO DE MAYO,7109,0,0,VILLA BOSCH,BUENOS AIRES,1682,OBRA SOCIAL DE PATRONES DE CABOTAJE DE RIOS Y PUERTOS,Titular
RMS376636022051004,36078598,27360785985,ABRALDES,MICAELA AYLEN,,,,,,,,OBRA SOCIAL DE LOS EMPLEADOS DE COMERCIO Y ACTIVIDADES CIVILES,Titular
RMS376685788143000,5190094,20051900945,CARBALLO,DOMINGO ALBERTO,,,,,,,,O.S. DE EJECUTIVOS Y DEL PERS. DE DIR. DE EMPRESAS,Titular
RMS376637572742000,32300002,27323000021,LOPEZ,ANDREA SILVANA,,,,,,,,OBRA SOCIAL DE EJECUTIVOS Y DEL PERSONAL DE DIRECCION DE EMPRESAS,Titular
RMS376418358331007,24241108,20242411081,GORBACEWICZ,LEONARDO DAVID,,,,,,,,O.S. DEL PERS. DE TELEVISION,Titular
RMS376636533171002,10462108,20104621083,GARCIA,CARLOS ALBERTO,,,,,,,,OBRA SOCIAL DEL PERSONAL DE LA INDUSTRIA TEXTIL,Titular
RMS376638908021002,24584550,20245845503,WINTER,CARLOS ARIEL,,,,,,,,O.S.P. CHUBUT (SEROS),Titular
RMS376636957051003,34940338,20349403383,AGHEMO,HERNAN,,,,,,,,OBRA SOCIAL DEL PERSONAL DE DIRECCION DE LA INDUSTRIA METALURGICA Y DEMAS ACTIVIDADES EMPRESARIAS,Titular
RMS379975481041008,32698670,20326986705,ROJAS PABLO IGNACIO,PABLO IGNACIO,,,,,,,,OBRA SOCIAL DEL PERSONAL DEL AUTOMOVIL CLUB ARGENTINO,Titular
RMS376685390033003,20985685,23209856859,MARIOTTI,PABLO ALFREDO,,,,,,,,O.S. DEL PERS. DEL ORGANISMO DE CONTROL EXTERNO,Titular
RMS379977857145009,35113911,20351139111,CARABAJAL,MAURO ORLANDO,,,,,,,,OBRA SOCIAL DE LOS MEDICOS DE LA CIUDAD DE BUENOS AIRES,Titular
RMS379975603032000,18169120,20181691205,AGUIRRE,JULIO CESAR,,,,,,,,OBRA SOCIAL DE EJECUTIVOS Y DEL PERSONAL DE DIRECCION DE EMPRESAS,Titular
RMS376686445342001,27772042,27277720421,MARCUZZI CARDOZO,JULIANA,,,,,,,,O.S. DE EJECUTIVOS Y DEL PERS. DE DIR. DE EMPRESAS,Titular
RMS379975917061000,22294262,20222942625,TREGGIARI,FERNANDO DIEGO,,,,,,,,OBRA SOCIAL ACCION SOCIAL DE EMPRESARIOS,Titular
RMS376688278533003,24755911,20247559117,VILTE,DAMIAN MARCOS,,,,,,,,O.S.P. CIUDAD AUT. DE BUENOS AIRES (ObSBA),Titular
RMS376686266181009,22201642,27222016423,GARCIA,SANDRA EDITH,MEDRANO 885 PB,00001,PB,DD,CIUDAD AUTONOMA DE BS.AS.,CAP. FEDERAL,1179,O.S. DEL PERSONAL DEL ORGANISMO DE CONTROL EXTERNO,Titular
RMS376417309137000,36607636,20366076361,RIVERO,MATIAS EMANUEL,,,,,,,,OBRA SOCIAL DEL PERSONAL TECNICO AERONAUTICO,Titular
RMS376639463035007,31223664,20312236649,SAID,GABRIEL ALBERTO,,,,,,,,OBRA SOCIAL DE MANDOS MEDIOS DE TELECOMUNICACIONES EN LA REPUBLICA ARGENTINA Y MERCOSUR,Titular
RMS376418797164001,21788576,20217885761,TRUSSO,MAXIMILIANO,,,,,,,,OBRA SOCIAL DE EJECUTIVOS Y DEL PERSONAL DE DIRECCION DE EMPRESAS,Titular
RMS376418320072002,14754144,23147541449,PEREZ,FRANCISCO NARCISO,,,,,,,,O.S.P. SANTIAGO DEL ESTERO (IOSEP),Titular
RMS376637042051008,32822215,27328222154,CRISPINA,MARIA FLORENCIA,,,,,,,,OBRA SOCIAL DE COMISARIOS NAVALES,Titular
RMS376639361181002,29858410,20298584108,HERMOSILLA,FRANCO MARTIN,,,,,,,,OBRA SOCIAL DE PATRONES DE CABOTAJE DE RIOS Y PUERTOS,Titular
RMS379975010071005,27150635,20271506350,PRETTO,DIEGO ALEJANDRO,,,,,,,,O.S.P. BUENOS AIRES (IOMA),Titular
RMS376418441361003,28390051,20283900518,ULLOQUE,LUCAS LEONARDO,,,,,,,,O.S.P. TIERRA DEL FUEGO(IPAUSS),Titular
RMS376417175941006,27691648,27276916489,FIGUEROA ALCORTA,INES,,,,,,,,OBRA SOCIAL DE EJECUTIVOS Y DEL PERSONAL DE DIRECCION DE EMPRESAS,Titular
DNI 25111038,25111038,20251110388,ARAYA,CRISTIAN HERNAN,,,,,,,,"OBRA SOCIAL DE MINISTROS, SECRETARIOS Y SUBSECRETARIOS",Titular
RMS379975612181004,12091111,20120911113,CHIALE,CARLOS ALBERTO,,,,,,,,OBRA SOCIAL DE EJECUTIVOS Y DEL PERSONAL DE DIRECCION DE EMPRESAS,Titular
DNI 25720797,25720797,20257207979,BATRES,ESTEBAN JESUS,,,,,,,,OBRA SOCIAL DE LOS EMPLEADOS DE COMERCIO Y ACTIVIDADES CIVILES,Titular
DNI 20405805,20405805,27204058054,RODRIGUEZ,MABEL NOEMI,SAN LUIS,2569,,,BENAVIDEZ,BUENOS AIRES,1621,O.S. DEL PERSONAL DE MAESTRANZA,Titular
DNI 30791492,30791492,27307914927,CASTRO,MARINA VANESSA ITATI,,,,,,,,OBRA SOCIAL UNION PERSONAL DE LA UNION DEL PERSONAL CIVIL DE LA NACION,Titular
DNI 92490760,92490760,20924907607,MORA,"ENRIQUE MARTIN     ",,,,,,,,OBRA SOCIAL DE VIAJANTES VENDEDORES DE LA REPUBLICA ARGENTINA. (ANDAR),Titular
DNI 34408296,34408296,20344082961,GIORDANENGO NICOLAS EDUARDO,NICOLAS EDUARDO,LIMA,01335,,,ROSARIO,SANTA FE,2000,O.S. DEL PERSONAL ADMINISTRATIVO Y TECNICO DE LA CONSTRUCCION Y AFINES,Titular
DNI 92683260,92683260,20926832604,MORADO,"MANUEL EDUARD       ",,,,,,,,OBRA SOCIAL DE EJECUTIVOS Y DEL PERSONAL DE DIRECCION DE EMPRESAS,Titular
DNI 41874261,41874261,20418742616,MOREYRA,DANIEL EDUARDO,,,,,,,,OBRA SOCIAL DEL PERSONAL DEL AUTOMOVIL CLUB ARGENTINO,Titular
DNI 17031923,17031923,20170319231,ALECCI,DANIEL ALEJANDRO,,,,,,,,O.S. DE EJECUTIVOS Y DEL PERS. DE DIR. DE EMPRESAS,Titular
DNI 36398174,36398174,27363981742,ORLANDO,GABRIELA LORENA,,,,,,,,OBRA SOCIAL DE LA ASOCIACION CIVIL PROSINDICATO DE AMAS DE CASA DE LA REPUBLICA ARGENTINA,Titular
DNI 37475615,37475615,20374756150,AQUINO,GONZALO EMMANUEL,,,,,,,,OBRA SOCIAL DE LA ASOCIACION CIVIL PROSINDICATO DE AMAS DE CASA DE LA REPUBLICA ARGENTINA,Titular
DNI 37475615,37475615,27374756155,AQUINO,"ALCAZAR MARIELA VANE                                                                                                                                  ",,,,,,,,O.S. DEL PERSONAL DEL AUTOMOVIL CLUB ARGENTINO,Beneficiario
DNI 26792200,26792200,20267922005,MARTINEZ,JUAN ANTONIO,,,,,,,,OBRA SOCIAL UNION PERSONAL DE LA UNION DEL PERSONAL CIVIL DE LA NACION,Titular
DNI 23472771,23472771,20234727711,CIANCIO,SERGIO ARIEL,,,,,,,,O.S. DE VIAJANTES VENDEDORES DE LA REP. ARGENTINA.,Titular
DNI 31589077,31589077,20315890773,SARLO,RODOLFO SEBASTIAN,,,,,,,,OBRA SOCIAL DEL PERSONAL DE LA INDUSTRIA AZUCARERA,Titular
DNI 17451672,17451672,20174516724,ZAPANA,CARLOS RENE,,,,,,,,O.S. DE PETROLEROS,Titular
DNI 30226100,30226100,27302261003,MARAVERT,JULIA SOLEDAD,,,,,,,,OBRA SOCIAL DE SERENOS DE BUQUES,Titular
DNI 29459793,29459793,20294597930,PERALTA,FRANCO GUSTAVO,,,,,,,,OBRA SOCIAL DE LOS EMPLEADOS DE COMERCIO Y ACTIVIDADES CIVILES,Titular
DNI 35460840,35460840,20354608406,ESCOBAR,LUCAS ARIEL,,,,,,,,OBRA SOCIAL DE EJECUTIVOS Y DEL PERSONAL DE DIRECCION DE EMPRESAS,Titular
DNI 14558183,14558183,20145581835,VLADIMIRSKY SERGIO A,SERGIO ALBERTO,,,,,,,,OBRA SOCIAL DE EJECUTIVOS Y DEL PERSONAL DE DIRECCION DE EMPRESAS,Titular
DNI 21586019,21586019,20215860192,GUILLERMET,FERNANDO JAVIER,,,,,,,,OBRA SOCIAL DEL PETROLEO Y GAS PRIVADO,Titular
DNI 25029467,25029467,27250294676,GONZALEZ,LAURA MARCELA,,,,,,,,O.S. DEL PERSONAL DE LA ACTIVIDAD CERVECERA Y AFINES,Beneficiario
DNI 32668198,32668198,23326681989,TOLOSA,ABEL FRANCISCO,,,,,,,,OBRA SOCIAL DE TECNICOS DE VUELO DE LINEAS AEREAS,Titular
DNI 31217614,31217614,27312176144,BRIZUELA,SILVANA BEATRIZ,,,,,,,,OBRA SOCIAL DE SERENOS DE BUQUES,Titular
DNI 26971939,26971939,27269719392,DI GIOVANNI,VERONICA VANESA,,,,,,,,O.S. DE LOS EMPLEADOS DE COMERCIO Y ACT.ES CIVILES,Titular
DNI 18399095,18399095,20183990951,CATALA,HERNAN JORGE,,,,,,,,OBRA SOCIAL DEL PERSONAL DE DIRECCION DE PERFUMERIA E.W. HOPE,Titular
DNI 34535603,34535603,20345356038,MATHARAN,PABLO EUGENIO,,,,,,,,OBRA SOCIAL DEL PERSONAL DEL AUTOMOVIL CLUB ARGENTINO,Titular
DNI 26102223,26102223,20261022231,BAEZ,PABLO JAVIER,,,,,,,,OBRA SOCIAL DE MANDOS MEDIOS DE TELECOMUNICACIONES EN LA REPUBLICA ARGENTINA Y MERCOSUR,Titular
DNI 21622047,21622047,20216220472,PINELLI,RAMON EDUARDO,,,,,,,,OBRA SOCIAL DE MANDOS MEDIOS DE TELECOMUNICACIONES EN LA REPUBLICA ARGENTINA Y MERCOSUR,Titular
DNI 95949582,95949582,20959495824,GONZALEZ BENITEZ MIGUELANGEL,GONZALEZ BENITEZ MIGUELANGEL,,,,,,,,OBRA SOCIAL DEL PERSONAL DE LA INDUSTRIA DE LA ALIMENTACION,Titular
DNI 26640420,26640420,20266404205,VALDEZ,WALTER OMAR,,,,,,,,OBRA SOCIAL DE CONDUCTORES DE TRANSPORTE COLECTIVO DE PASAJEROS,Titular
DNI 30183159,30183159,27301831590,BARREIRO,MARIA GUADALUPE,,,,,,,,OBRA SOCIAL DEL PERSONAL SUPERIOR MERCEDES BENZ ARGENTINA,Titular
DNI 17262383,17262383,20172623833,RAMALLO,ENRIQUE MARCELO,,,,,,,,OBRA SOCIAL DEL PERSONAL DE LA INDUSTRIA DE LA ALIMENTACION,Titular
DNI 33789721,33789721,27337897210,PEIRANO,ROCIO INES,,,,,,,,OBRA SOCIAL DE COMISARIOS NAVALES,Titular
DNI 21863256,21863256,20218632565,CARMELINO,LUIS HUGO,,,,,,,,OBRA SOCIAL DE LA UNION OBRERA METALURGICA DE LA REPUBLICA ARGENTINA,Titular
DNI 92785561,92785561,27927855610,RUIZ,"VERONICA D     ",,,,,,,,O.S. DEL PERS. DE EDIFICIOS DE RENTA Y HORIZONTAL DE LA REP. ARGENTINA,Titular
RMS376417364131005,18266783,27182667833,MURIEL,MARIELA LAURA,,,,,,,,O.S.P. BUENOS AIRES (IOMA),Titular
