﻿IdExterno,CUIL,Documento,Apellido,Nombre,CodigoArea,Numero,Proveedor,Fuente
DNI 14790848,20147908483,14790848,VIDAL,WALTER DARIO,11,44616118,Telefonica Argentina,Telefonica
DNI 33381576,20333815762,33381576,SANGOY VEDIA,LUCAS FERNANDO,351,4311102,Telecom Argentina,ANSES / Movistar / Telecom
DNI 28150169,20281501691,28150169,MOA,LUCAS MATIAS,11,42510714,Telefonica Argentina,Movistar
DNI 27657344,20276573447,27657344,BRITOS,DIEGO SEBASTIAN,351,4844070,Telecom Argentina,Movistar
DNI 27657344,20276573447,27657344,BRITOS,DIEGO SEBASTIAN,351,4851604,Telecom Argentina,Telecom
DNI 18350980,27183509808,18350980,VERA,MARIA CRISTINA,11,42242716,Telefonica Argentina,Movistar
DNI 10918385,27109183852,10918385,SOLIS,MAGDALENA MARIA,11,42671490,Telefonica Argentina,Movistar / Telefonica
DNI 28208375,20282083753,28208375,AGUIRRE,CARLOS PATRICIO,385,4903431,Telecom Argentina,ANSES
DNI 32318160,20323181609,32318160,BEREA,EMILIANO,11,11111111,,Movistar
DNI 21625836,20216258364,21625836,DIAZ,ROBERTO ROQUE,11,46934604,Telefonica Argentina,Movistar
DNI 4718929,20047189293,4718929,VEGA,RUBEN V,11,45821878,Telecom Argentina,ANSES / Telecom
DNI 21625836,27216258369,21625836,DIAZ,"MALLEA MARINA RIGOB                                                                                                                                   ",11,46934604,Telefonica Argentina,Movistar
DNI 4718929,27047189298,4718929,RENAULT,LIDIA,11,45821878,Telecom Argentina,ANSES / Telecom
DNI 26114378,27261143785,26114378,BENITEZ,SILVINA ANDREA,11,42164035,Telefonica Argentina,ANSES
DNI 26114378,27261143785,26114378,BENITEZ,SILVINA ANDREA,11,42268622,Telefonica Argentina,Movistar
DNI 36977034,23369770349,36977034,ENSISO,PABLO NICOLAS,2229,490292,"COOPERATIVA DE OBRAS, SERVICIOS PUBLICOS, VIVIENDA",ANSES
DNI 22827486,27228274866,22827486,CHAVEZ,ALICIA CLAUDIA,11,46116610,Telefonica Argentina,ANSES
DNI 20867234,27208672342,20867234,PUSSATTI,MYRIAN SUSANA,11,42708571,Telefonica Argentina,ANSES / Movistar
DNI 20685125,20206851253,20685125,CABRAL NICOLAS PASTOR,NICOLAS PASTOR,11,42632718,Telefonica Argentina,ANSES
RMS376418863052007,20236283853,23628385,IBAÑEZ TRES,LEANDRO GUSTAVO MIGUEL,342,4555617,Telecom Argentina,Telecom
RMS376416813117003,20043743725,4374372,GRISETTI,OSCAR PABLO,11,42454245,Telefonica Argentina,ANSES
RMS376416813117003,23043743724,4374372,GUTIERREZ,JUSTINA DELMIRA,11,42454245,Telefonica Argentina,ANSES
RMS376416813117003,20043743725,4374372,GRISETTI,OSCAR PABLO,11,42454245,Telefonica Argentina,ANSES
RMS376418338011000,23041610379,4161037,CALCAGNO,JULIO ALBERTO,11,47832349,Telecom Argentina,ANSES
RMS376418338011000,23041610379,4161037,CALCAGNO,JULIO ALBERTO,381,4275395,Telecom Argentina,ANSES / Telecom
RMS376418338011000,23041610379,4161037,CALCAGNO,JULIO ALBERTO,11,47733307,Telecom Argentina,Movistar
RMS376418338011000,27041610374,4161037,PALAVECINO,ELVIRA TRINIDAD,11,47832349,Telecom Argentina,ANSES
RMS376418338011000,27041610374,4161037,PALAVECINO,ELVIRA TRINIDAD,381,4275395,Telecom Argentina,ANSES / Telecom
RMS376418338011000,27041610374,4161037,PALAVECINO,ELVIRA TRINIDAD,11,47733307,Telecom Argentina,Movistar
RMS376685788143000,23051900944,5190094,ZANNI ELVA SUSANA,DOMINGO ALBERTO,2254,571930,Telecom Argentina,Telecom
RMS376685788143000,23051900944,5190094,ZANNI ELVA SUSANA,DOMINGO ALBERTO,221,4896279,Telefonica Argentina,Telefonica
RMS376685788143000,23051900944,5190094,ZANNI ELVA SUSANA,DOMINGO ALBERTO,221,4223881,Telefonica Argentina,Telefonica
RMS376685788143000,20051900945,5190094,CARBALLO,DOMINGO ALBERTO,2254,571930,Telecom Argentina,Telecom
RMS376685788143000,20051900945,5190094,CARBALLO,DOMINGO ALBERTO,221,4896279,Telefonica Argentina,Telefonica
RMS376685788143000,20051900945,5190094,CARBALLO,DOMINGO ALBERTO,221,4223881,Telefonica Argentina,Telefonica
RMS376418537191009,20081916838,8191683,LLANOS,JUAN,388,4232412,Telecom Argentina,ANSES / Telecom
RMS376418358331007,20242411081,24241108,GORBACEWICZ,LEONARDO DAVID,341,4352192,Telecom Argentina,ANSES
RMS376636533171002,20104621083,10462108,GARCIA,CARLOS ALBERTO,11,49036055,Telefonica Argentina,ANSES
RMS376685390033003,23209856859,20985685,MARIOTTI,PABLO ALFREDO,223,4919467,Telefonica Argentina,Telefonica
RMS376685390033003,23209856859,20985685,MARIOTTI,PABLO ALFREDO,2291,421565,Telefonica Argentina,Telefonica
RMS376686445342001,27277720421,27772042,MARCUZZI CARDOZO,JULIANA,11,45524384,Telecom Argentina,ANSES
RMS376686445342001,27277720421,27772042,MARCUZZI CARDOZO,JULIANA,11,45557044,Telecom Argentina,Telecom
RMS379975917061000,20222942625,22294262,TREGGIARI,FERNANDO DIEGO,11,45854522,Telecom Argentina,ANSES
RMS379975917061000,20222942625,22294262,TREGGIARI,FERNANDO DIEGO,11,45020452,Telecom Argentina,Movistar
RMS376401787973003,27053337940,5333794,GORGA,LIDIA INES,11,47916166,Telecom Argentina,ANSES / Telecom
RMS376401787973003,20053337946,5333794,COTELLESSE HECTOR LUIS,LIDIA INES,11,47916166,Telecom Argentina,ANSES / Telecom
RMS376418320072002,23147541449,14754144,PEREZ,FRANCISCO NARCISO,385,4342823,Telecom Argentina,Movistar
RMS376418320072002,23147541449,14754144,PEREZ,FRANCISCO NARCISO,385,4212473,Telecom Argentina,Telecom
RMS376418441361003,20283900518,28390051,ULLOQUE,LUCAS LEONARDO,11,11111111,,ANSES / Movistar
RMS379975612181004,20120911113,12091111,CHIALE,CARLOS ALBERTO,11,43058674,Telefonica Argentina,Movistar
DNI 25255438,27252554381,25255438,LOPOPOLO,DORA GRACIELA,381,4558551,Telecom Argentina,ANSES
DNI 16065145,27160651453,16065145,SERRANO,SILVIA NELIDA,341,4326473,Telecom Argentina,Movistar
DNI 25720797,20257207979,25720797,BATRES,ESTEBAN JESUS,221,4791043,Telefonica Argentina,Movistar
DNI 20405805,27204058054,20405805,RODRIGUEZ,MABEL NOEMI,348,4515367,Telecom Argentina,Movistar
DNI 92490760,20924907607,92490760,MORA,"ENRIQUE MARTIN     ",11,49630184,Telecom Argentina,Telecom
DNI 92683260,20926832604,92683260,MORADO,"MANUEL EDUARD       ",11,47637698,Telecom Argentina,ANSES / Telecom
DNI 94104828,20941048286,94104828,Alvano Agustin Jeremias,ALVANO AGUSTIN JEREMIAS,11,44623246,Telefonica Argentina,ANSES
DNI 23472771,20234727711,23472771,CIANCIO,SERGIO ARIEL,11,46610177,Telefonica Argentina,ANSES
DNI 23472771,20234727711,23472771,CIANCIO,SERGIO ARIEL,11,44582290,Telefonica Argentina,Movistar
DNI 23472771,20234727711,23472771,CIANCIO,SERGIO ARIEL,11,46245069,Telefonica Argentina,Telefonica
DNI 23472771,20234727711,23472771,CIANCIO,SERGIO ARIEL,11,46245276,Telefonica Argentina,Telefonica
DNI 16245090,20162450906,16245090,HERNANDEZ,CLAUDIO MIGUEL,11,42428210,Telefonica Argentina,ANSES
DNI 17451672,20174516724,17451672,ZAPANA,CARLOS RENE,11,49180829,Telefonica Argentina,Movistar
DNI 20567009,20205670093,20567009,ABREGU,SERGIO FABIAN,11,35327934,TELECENTRO SOCIEDAD ANONIMA,Movistar
DNI 14558183,20145581835,14558183,VLADIMIRSKY SERGIO A,SERGIO ALBERTO,11,47778529,Telecom Argentina,Telecom
DNI 21586019,20215860192,21586019,GUILLERMET,FERNANDO JAVIER,261,4226993,Telefonica Argentina,Movistar
DNI 25029467,27250294676,25029467,GONZALEZ,LAURA MARCELA,11,20697091,TELECENTRO SOCIEDAD ANONIMA,ANSES
DNI 25029467,27250294676,25029467,GONZALEZ,LAURA MARCELA,11,42880750,Telefonica Argentina,Telefonica
DNI 32668198,23326681989,32668198,TOLOSA,ABEL FRANCISCO,11,11111111,,Movistar
DNI 18399095,20183990951,18399095,CATALA,HERNAN JORGE,11,47509706,Telecom Argentina,Telecom
DNI 18399095,20183990951,18399095,CATALA,HERNAN JORGE,11,46313957,Telefonica Argentina,Telefonica
DNI 18399095,20183990951,18399095,CATALA,HERNAN JORGE,11,46339334,Telefonica Argentina,Telefonica
DNI 30556339,27305563396,30556339,SAVIGLIANO,GUADALUPE IRMA,11,47979971,Telecom Argentina,Telecom
DNI 26640420,20266404205,26640420,VALDEZ,WALTER OMAR,11,42333211,Telefonica Argentina,ANSES
DNI 11607659,20116076595,11607659,SOPLAN,JOSE LUIS,223,4953204,Telefonica Argentina,Telefonica
DNI 30183159,27301831590,30183159,BARREIRO,MARIA GUADALUPE,11,45732042,Telecom Argentina,Movistar
DNI 17262383,20172623833,17262383,RAMALLO,ENRIQUE MARCELO,342,4906128,Telecom Argentina,Telecom
DNI 21863256,20218632565,21863256,CARMELINO,LUIS HUGO,3489,448013,Telecom Argentina,Telecom
DNI 92785561,27927855610,92785561,RUIZ,"VERONICA D     ",11,47829823,Telecom Argentina,Telecom
