﻿IdExterno,CUIL,Documento,Apellido,Nombre,Fuente,Direccion
DNI 40189825,27401898250,40189825,PRADO,ELIZABETH FATIMA,ANSES,elizabeth_f_prado@hotmail.com
DNI 33569533,27335695335,33569533,ELIAS,ANABELA SOLEDAD,ANSES,andreaestela@hotmail.com.ar
DNI 30189077,27301890775,30189077,LOPEZ,PAULA CAROLINA,ANSES,paulamil31@gmail.com
DNI 30189077,27301890775,30189077,LOPEZ,PAULA CAROLINA,Cablevision,nicolopez.24.10@gmail.com
DNI 30189077,27301890775,30189077,LOPEZ,PAULA CAROLINA,La Nacion,paulamil_666@hotmail.com
DNI 14345767,27143457678,14345767,BALAGNA,SUSANA EDITH,ANSES,oconnorg82@gmail.com
DNI 14345767,27143457678,14345767,BALAGNA,SUSANA EDITH,Cablevision,sandrapirchi@hotmail.com
DNI 14345767,20143457673,14345767,FERNANDEZ ALEXI GABRIEL,SUSANA EDITH,ANSES,oconnorg82@gmail.com
DNI 14345767,20143457673,14345767,FERNANDEZ ALEXI GABRIEL,SUSANA EDITH,Cablevision,sandrapirchi@hotmail.com
DNI 33097289,20330972891,33097289,CASCARDO,MATIAS GABRIEL,ANSES,maty_megatrack@hotmail.com
DNI 33381576,20333815762,33381576,SANGOY VEDIA,LUCAS FERNANDO,ANSES,lsangoy@outlook.com
DNI 37609859,20376098592,37609859,TERMINE,FRANCO EMANUEL,Cablevision,karinagomez2109@hotmal.com
DNI 28150169,20281501691,28150169,MOA,LUCAS MATIAS,ANSES / Cablevision,hienademetal1981@gmail.com
DNI 27657344,20276573447,27657344,BRITOS,DIEGO SEBASTIAN,ANSES,diegobritos@hotmail.es
DNIE94645018,23946450189,94645018,Rozo Vega Diego Fernando,DIEGO,Cablevision,tatigonza78@hotmail.com
DNIE94645018,23946450189,94645018,Rozo Vega Diego Fernando,DIEGO,Cablevision,tatdiaz.00@hotmail.com
DNI 10918385,27109183852,10918385,SOLIS,MAGDALENA MARIA,ANSES,jperonvive@gmail.com
DNI 28208375,20282083753,28208375,AGUIRRE,CARLOS PATRICIO,ANSES,carlospatricioaguirre41@gmail.com
DNI 32318160,20323181609,32318160,BEREA,EMILIANO,ANSES,emilianobac@hotmail.com
DNI 32318160,20323181609,32318160,BEREA,EMILIANO,Cablevision,emiliano.berea@gmail.com
DNI 4718929,20047189293,4718929,VEGA,RUBEN V,ANSES,danieldebartolo@gmail.com
DNIE95107938,20951079384,95107938,BAEZ SANDER LUIS ALBERTO,Luis Alberto Baez,ANSES,luisalbertobaezsander@gmail.com
DNI 4718929,27047189298,4718929,RENAULT,LIDIA,ANSES,danieldebartolo@gmail.com
DNI 30283526,27302835263,30283526,CUEVAS,CATALINA FRANCISCA,ANSES,jevitolopez@gmail.com
DNI 30283526,27302835263,30283526,CUEVAS,CATALINA FRANCISCA,ANSES / Cablevision,vatalinacuevas@gmail.com
DNI 30283526,27302835263,30283526,CUEVAS,CATALINA FRANCISCA,Cablevision,jeditolopez@gmail.com
DNI 26114378,27261143785,26114378,BENITEZ,SILVINA ANDREA,ANSES / Cablevision,benitez.silvina@gmail.com
DNI 26114378,27261143785,26114378,BENITEZ,SILVINA ANDREA,La Nacion,silvinabenitez_26@hotmail.com
DNI 16215482,20162154827,16215482,SAGRETTI,RUBEN RICARDO,ANSES,ricardosagretti@hotmail.com
DNI 17726921,20177269213,17726921,SORESINA,GUIDO ESTEBAN,ANSES,gesguido@gmail.com
DNI 17726921,20177269213,17726921,SORESINA,GUIDO ESTEBAN,Cablevision,gesguido@hotmail.com.ar
DNI 17726921,20177269213,17726921,SORESINA,GUIDO ESTEBAN,Cablevision,gesguido@hotmail.com
DNI 29756924,20297569245,29756924,LUCCISANO,FLAVIO EDUARDO,ANSES / Cablevision,flavioluccisano@hotmail.com
DNI 29756924,20297569245,29756924,LUCCISANO,FLAVIO EDUARDO,La Nacion,lucclop@topmail.com.ar
DNI 36977034,23369770349,36977034,ENSISO,PABLO NICOLAS,ANSES,pabloensiso@outlook.com
DNI 21956336,20219563362,21956336,OYHANART,MARTIN GABRIEL,ANSES,san_camicande@hotmail.com
DNI 21956336,20219563362,21956336,OYHANART,MARTIN GABRIEL,ANSES,martinoyhanart1@gmail.com
DNI 33789311,20337893113,33789311,CEJAS,CARLOS MARTIN,Cablevision,martincejas.30@gmail.com
DNI 33789311,27337893118,33789311,CEJAS,"BARRIONUEVO JOHANNA CECILIA                                                                                                                           ",Cablevision,martincejas.30@gmail.com
DNI 22827486,27228274866,22827486,CHAVEZ,ALICIA CLAUDIA,Cablevision,lucho.1979lmf@gmail.com
DNI 20867234,27208672342,20867234,PUSSATTI,MYRIAN SUSANA,ANSES,mpussatti@yahoo.com.ar
DNI 29265930,20292659300,29265930,PICCIANO,FERNANDO JUAN MANUEL,ANSES,fjpicciano@gmail.com
DNI 29759924,20297599241,29759924,CALDERON,RAIMUNDO GERMAN,ANSES,carenescobar18@gmail.com
DNI 29759924,20297599241,29759924,CALDERON,RAIMUNDO GERMAN,ANSES,americofelix18@gmail.com
DNI 20685125,20206851253,20685125,CABRAL NICOLAS PASTOR,NICOLAS PASTOR,ANSES,blank-1972@hotmail.com
RMS376418863052007,20236283853,23628385,IBAÑEZ TRES,LEANDRO GUSTAVO MIGUEL,ANSES,noname@hotmail.com
DNI 39094711,23390947119,39094711,GUEVARA,MATIAS DANIEL,ANSES / Cablevision,matias.1495@hotmail.com
DNI 34722190,20347221903,34722190,ESQUIVEL,DANIEL HECTOR,ANSES,d_esquivel@live.com.ar
RMS379975922061003,20309250460,30925046,REGUEIRA,RODRIGO MARTIN,Cablevision,rodrigoregueira24@gmail.com
RMS376416813117003,20043743725,4374372,GRISETTI,OSCAR PABLO,Cablevision,ogrisetti@gmail.com
RMS376416813117003,20043743725,4374372,GRISETTI,OSCAR PABLO,Cablevision / La Nacion,ogrisetti@fibertel.com.ar
RMS376416813117003,20043743725,4374372,GRISETTI,OSCAR PABLO,La Nacion,cin@velocom.com.a
RMS376416813117003,20043743725,4374372,GRISETTI,OSCAR PABLO,La Nacion,oscagri@fibertel.com.ar
RMS376416813117003,23043743724,4374372,GUTIERREZ,JUSTINA DELMIRA,Cablevision,ogrisetti@gmail.com
RMS376416813117003,23043743724,4374372,GUTIERREZ,JUSTINA DELMIRA,Cablevision / La Nacion,ogrisetti@fibertel.com.ar
RMS376416813117003,23043743724,4374372,GUTIERREZ,JUSTINA DELMIRA,La Nacion,cin@velocom.com.a
RMS376416813117003,23043743724,4374372,GUTIERREZ,JUSTINA DELMIRA,La Nacion,oscagri@fibertel.com.ar
RMS376416813117003,20043743725,4374372,GRISETTI,OSCAR PABLO,Cablevision,ogrisetti@gmail.com
RMS376416813117003,20043743725,4374372,GRISETTI,OSCAR PABLO,Cablevision / La Nacion,ogrisetti@fibertel.com.ar
RMS376416813117003,20043743725,4374372,GRISETTI,OSCAR PABLO,La Nacion,cin@velocom.com.a
RMS376416813117003,20043743725,4374372,GRISETTI,OSCAR PABLO,La Nacion,oscagri@fibertel.com.ar
RMS376418338011000,23041610379,4161037,CALCAGNO,JULIO ALBERTO,ANSES,gtrimarco.cp@gmail.com
RMS376418338011000,23041610379,4161037,CALCAGNO,JULIO ALBERTO,ANSES,servicios.audi@audihnos.com.ar
RMS376418338011000,23041610379,4161037,CALCAGNO,JULIO ALBERTO,Cablevision,juliocalcagno35@hotmail.com
RMS379975123082006,20078664712,7866471,DANERI,ANTONIO PEDRO,ANSES,yadaneri@gmail.com
RMS376418338011000,27041610374,4161037,PALAVECINO,ELVIRA TRINIDAD,ANSES,gtrimarco.cp@gmail.com
RMS376418338011000,27041610374,4161037,PALAVECINO,ELVIRA TRINIDAD,ANSES,servicios.audi@audihnos.com.ar
RMS376418338011000,27041610374,4161037,PALAVECINO,ELVIRA TRINIDAD,Cablevision,juliocalcagno35@hotmail.com
RMS376685788143000,23051900944,5190094,ZANNI ELVA SUSANA,DOMINGO ALBERTO,ANSES,sicar@speedy.com.ar
RMS376685788143000,20051900945,5190094,CARBALLO,DOMINGO ALBERTO,ANSES,sicar@speedy.com.ar
RMS376418537191009,20081916838,8191683,LLANOS,JUAN,ANSES,llanosjf@hotmail.com
RMS376418358331007,20242411081,24241108,GORBACEWICZ,LEONARDO DAVID,ANSES / Cablevision,lgorbace@yahoo.com.ar
RMS376636533171002,20104621083,10462108,GARCIA,CARLOS ALBERTO,ANSES,cargarcia@speedy.com.ar
RMS376636533171002,20104621083,10462108,GARCIA,CARLOS ALBERTO,Cablevision,cargarcia69@hotmail.com
RMS376636957051003,20349403383,34940338,AGHEMO,HERNAN,Cablevision,hernan.agh@gmail.com
RMS379975481041008,20326986705,32698670,ROJAS PABLO IGNACIO,PABLO IGNACIO,Cablevision,ignacio_091@hotmail.com
RMS379975481041008,20326986705,32698670,ROJAS PABLO IGNACIO,PABLO IGNACIO,Cablevision,lucasseacret@outlook.com
RMS376685390033003,23209856859,20985685,MARIOTTI,PABLO ALFREDO,Cablevision,pelado-mariotti@hotmail.com
RMS379975603032000,20181691205,18169120,AGUIRRE,JULIO CESAR,ANSES,julioaguirre2009@yahoo.com.ar
RMS376686445342001,27277720421,27772042,MARCUZZI CARDOZO,JULIANA,ANSES / Cablevision,juliana.marcuzzi@gmail.com
RMS376686445342001,27277720421,27772042,MARCUZZI CARDOZO,JULIANA,La Nacion,julimarcuzzi@arnet.com.ar
RMS379975917061000,20222942625,22294262,TREGGIARI,FERNANDO DIEGO,ANSES,feeer71@yahoo.com.ar
RMS379975917061000,20222942625,22294262,TREGGIARI,FERNANDO DIEGO,Cablevision / ANSES,ftreggia@gmail.com
RMS376688278533003,20247559117,24755911,VILTE,DAMIAN MARCOS,ANSES,damianmv@hotmail.com
RMS376688278533003,20247559117,24755911,VILTE,DAMIAN MARCOS,Cablevision,dmvilte@yahoo.com.ar
RMS376401787973003,27053337940,5333794,GORGA,LIDIA INES,ANSES / Cablevision / La Nacion,ines_gorga@hotmail.com
RMS376418461191009,23101324559,10132455,SAMPAYO,ONOFRE JUAN,ANSES,orgsampayo@yahoo.com.ar
RMS376418461191009,23101324559,10132455,SAMPAYO,ONOFRE JUAN,Cablevision,orgsanpayo@yahoo.com.ar
RMS376686266181009,27222016423,22201642,GARCIA,SANDRA EDITH,ANSES / Cablevision,garcia_sandrae@yahoo.com.ar
RMS376401787973003,20053337946,5333794,COTELLESSE HECTOR LUIS,LIDIA INES,ANSES / Cablevision / La Nacion,ines_gorga@hotmail.com
RMS376405199451003,23204993394,20499339,SANTALUCIA,MARINA ARACELI,Cablevision,mas692008@hotmail.com
RMS376417309137000,20366076361,36607636,RIVERO,MATIAS EMANUEL,Cablevision,matiasrivero2012@hotmail.com
RMS376418797164001,20217885761,21788576,TRUSSO,MAXIMILIANO,Cablevision,igarcialanza@espaciobuenosaires.com.ar
RMS376418797164001,20217885761,21788576,TRUSSO,MAXIMILIANO,Cablevision,golivero@fibertel.com.ar
RMS376418320072002,23147541449,14754144,PEREZ,FRANCISCO NARCISO,Cablevision,franciscopnazar@hotmail.com
RMS376418320072002,23147541449,14754144,PEREZ,FRANCISCO NARCISO,Cablevision,merino.vero@gmail.com
RMS376637042051008,27328222154,32822215,CRISPINA,MARIA FLORENCIA,Cablevision,flor_crispina@hotmail.com
RMS376637042051008,27328222154,32822215,CRISPINA,MARIA FLORENCIA,Cablevision,florenciacrispina@gmail.com
RMS376417175941006,27276916489,27691648,FIGUEROA ALCORTA,INES,Cablevision,inefigueroaalcorta@gmail.com
RMS376417175941006,27276916489,27691648,FIGUEROA ALCORTA,INES,Cablevision,mikichoya@gmail.com
RMS376417175941006,27276916489,27691648,FIGUEROA ALCORTA,INES,La Nacion,inifigueroa@hotmail.com
DNI 25255438,27252554381,25255438,LOPOPOLO,DORA GRACIELA,ANSES,ingjoaquin9@hotmail.com
DNI 16065145,27160651453,16065145,SERRANO,SILVIA NELIDA,ANSES,dra.serranosilvia@hotmail.com
DNI 25720797,20257207979,25720797,BATRES,ESTEBAN JESUS,ANSES,batresesteban@gmail.com
DNI 20405805,27204058054,20405805,RODRIGUEZ,MABEL NOEMI,ANSES,mabelnoemi11@live.com.ar
DNI 30791492,27307914927,30791492,CASTRO,MARINA VANESSA ITATI,Cablevision,marinalacorrentina@hotmail.com
DNI 92490760,20924907607,92490760,MORA,"ENRIQUE MARTIN     ",ANSES / Cablevision,enrique1975mora@gmail.com
DNI 92490760,20924907607,92490760,MORA,"ENRIQUE MARTIN     ",Cablevision,enriquemora34@yahoo.com.ar
DNI 34408296,20344082961,34408296,GIORDANENGO NICOLAS EDUARDO,NICOLAS EDUARDO,ANSES,ngiordanengo@outlook.com
DNI 92683260,20926832604,92683260,MORADO,"MANUEL EDUARD       ",ANSES / Cablevision,luferri@hotmail.com
DNI 17031923,20170319231,17031923,ALECCI,DANIEL ALEJANDRO,ANSES / Cablevision,dalecci@yahoo.com.ar
DNI 17031923,20170319231,17031923,ALECCI,DANIEL ALEJANDRO,Cablevision,dalecci@hotmail.com
DNI 17031923,20170319231,17031923,ALECCI,DANIEL ALEJANDRO,Cablevision,eco32@live.com
DNI 17031923,20170319231,17031923,ALECCI,DANIEL ALEJANDRO,Cablevision,daniel.alecci@gmail.com
DNI 17031923,20170319231,17031923,ALECCI,DANIEL ALEJANDRO,La Nacion,alecci@ciudad.com.ar
DNI 36398174,27363981742,36398174,ORLANDO,GABRIELA LORENA,ANSES,gabrielalorena.o@outlook.es
DNI 37475615,20374756150,37475615,AQUINO,GONZALO EMMANUEL,Cablevision,gonza_lp21@hotmail.com
DNI 37475615,20374756150,37475615,AQUINO,GONZALO EMMANUEL,Cablevision,gonza_emma_a@hotmail.com
DNI 37475615,27374756155,37475615,AQUINO,"ALCAZAR MARIELA VANE                                                                                                                                  ",Cablevision,gonza_lp21@hotmail.com
DNI 37475615,27374756155,37475615,AQUINO,"ALCAZAR MARIELA VANE                                                                                                                                  ",Cablevision,gonza_emma_a@hotmail.com
DNI 26792200,20267922005,26792200,MARTINEZ,JUAN ANTONIO,Cablevision,olimpero20@hotmail.com.ar
DNI 26792200,20267922005,26792200,MARTINEZ,JUAN ANTONIO,Cablevision / ANSES,mjuan1643@gmail.com
DNI 23472771,20234727711,23472771,CIANCIO,SERGIO ARIEL,Cablevision,sergiodestino73@gmail.com
DNI 23472771,20234727711,23472771,CIANCIO,SERGIO ARIEL,Cablevision,sergiosdestino73@gmail.com
DNI 16245090,20162450906,16245090,HERNANDEZ,CLAUDIO MIGUEL,ANSES / Cablevision,hernandezclaudiom@hotmail.com
DNI 17451672,20174516724,17451672,ZAPANA,CARLOS RENE,ANSES,carlzap1@yahoo.com.ar
DNI 30226100,27302261003,30226100,MARAVERT,JULIA SOLEDAD,ANSES,julymaravert@gmail.com
DNI 35460840,20354608406,35460840,ESCOBAR,LUCAS ARIEL,ANSES / Cablevision,escobarlucas91@gmail.com
DNI 20567009,20205670093,20567009,ABREGU,SERGIO FABIAN,ANSES,sergio.fabian.abregu@gmail.com
DNI 14558183,20145581835,14558183,VLADIMIRSKY SERGIO A,SERGIO ALBERTO,ANSES,sergiovladi1@gmail.com
DNI 14558183,20145581835,14558183,VLADIMIRSKY SERGIO A,SERGIO ALBERTO,Cablevision,svladimirsky@fibertel.com.ar
DNI 14558183,20145581835,14558183,VLADIMIRSKY SERGIO A,SERGIO ALBERTO,Cablevision,savsa02@yahoo.com.ar
DNI 14558183,20145581835,14558183,VLADIMIRSKY SERGIO A,SERGIO ALBERTO,La Nacion,lyser@ciudad.com.ar
DNI 14558183,20145581835,14558183,VLADIMIRSKY SERGIO A,SERGIO ALBERTO,La Nacion,lyser@fibertel.com.ar
DNI 21586019,20215860192,21586019,GUILLERMET,FERNANDO JAVIER,ANSES,fernandoguillermet@gmail.com
DNI 25029467,27250294676,25029467,GONZALEZ,LAURA MARCELA,ANSES,laura_g1976@hotmail.com
DNI 25029467,27250294676,25029467,GONZALEZ,LAURA MARCELA,Cablevision,laurag002@hotmail.com
DNI 32668198,23326681989,32668198,TOLOSA,ABEL FRANCISCO,ANSES / Cablevision,abel_f_tolosa@yahoo.com.ar
DNI 31217614,27312176144,31217614,BRIZUELA,SILVANA BEATRIZ,ANSES,isabelnpineyro@yahoo.com.ar
DNI 31217614,27312176144,31217614,BRIZUELA,SILVANA BEATRIZ,Cablevision,sil184_@hotmail.com
DNI 26971939,27269719392,26971939,DI GIOVANNI,VERONICA VANESA,ANSES / Cablevision,verodigio79@gmail.com
DNI 18399095,20183990951,18399095,CATALA,HERNAN JORGE,ANSES,hernanjcatala@gmail.com
DNI 34535603,20345356038,34535603,MATHARAN,PABLO EUGENIO,ANSES,pablo_matharan@yahoo.com.ar
DNI 30556339,27305563396,30556339,SAVIGLIANO,GUADALUPE IRMA,ANSES,guadalupe@disegnosis.com.ar
DNI 30556339,27305563396,30556339,SAVIGLIANO,GUADALUPE IRMA,Cablevision,guadalupesavigliano@gmail.com
DNI 30556339,27305563396,30556339,SAVIGLIANO,GUADALUPE IRMA,La Nacion,rudy_la_metalera@hotmail.com
DNI 26640420,20266404205,26640420,VALDEZ,WALTER OMAR,ANSES,2a1sd2a1s6asd5a4sd64@gmail.com
DNI 26640420,20266404205,26640420,VALDEZ,WALTER OMAR,Cablevision,valeruiz77@hotmail.com.ar
DNI 11607659,20116076595,11607659,SOPLAN,JOSE LUIS,Cablevision,jlsoplan@gmail.com
DNI 30183159,27301831590,30183159,BARREIRO,MARIA GUADALUPE,La Nacion,guadalupe.barreiro@gmail.com
DNI 31761346,27317613461,31761346,CRAIYACICH LARRUCEA,ROCIO PRISCILA,Cablevision,rocio_craiya@hotmail.com
DNI 31761346,27317613461,31761346,CRAIYACICH LARRUCEA,ROCIO PRISCILA,Cablevision,rocio_craisa@hotmail.com
DNI 31761346,27317613461,31761346,CRAIYACICH LARRUCEA,ROCIO PRISCILA,La Nacion,rocifriend@hotmail.com
DNI 33789721,27337897210,33789721,PEIRANO,ROCIO INES,ANSES / Cablevision,rociopeirano@gmail.com
DNI 33789721,27337897210,33789721,PEIRANO,ROCIO INES,La Nacion,mch27_tkm@hotmail.com
DNI 33789721,27337897210,33789721,PEIRANO,ROCIO INES,La Nacion,mch_tkm@hotmail.com
