﻿IdExterno,CUIL,Documento,Apellido,Nombre,CUIT,Denominacion,Tipo,Ganancias,Iva,Monotributo,IntegranteSociedad,Empleador,Codigo,Actividad,Categoria
DNIE95961400,27959614003,95961400,RAMOS TARAZONA DARMARIS DEL JESUS,RAMOS TARAZONA DARMARIS DEL JESUS,27959614003,RAMOS TARAZONA DARMARIS DEL JE,,No Inscripto,No Inscripto,A,N,No Inscripto,530090,,A
DNIE95944575,27959445759,95944575,FUENMAYOR VILLALOBOS MAYERLING COROMOTO,FUENMAYOR VILLALOBOS MAYERLING COROMOTO,27959445759,FUENMAYOR VILLALOBOS MAYERLING,,No Inscripto,No Inscripto,C,N,No Inscripto,869090,,C
DNIE95889166,27958891666,95889166,PORTELA DE PAULO JOSELAINE,PORTELA DE PAULO JOSELAINE,27958891666,PORTELA DE PAULO JOSELAINE,,No Inscripto,No Inscripto,A,N,No Inscripto,,,A
DNI 14345767,27143457678,14345767,BALAGNA,SUSANA EDITH,27143457678,BALAGNA SUSANA EDITH,,No Inscripto,No Inscripto,BV,N,No Inscripto,492140,,BV
DNIE95107938,20951079384,95107938,BAEZ SANDER LUIS ALBERTO,Luis Alberto Baez,20951079384,BAEZ SANDER LUIS ALBERTO,,No Inscripto,No Inscripto,A,N,No Inscripto,452300,,A
DNI 26114378,27261143785,26114378,BENITEZ,SILVINA ANDREA,27261143785,BENITEZ SILVINA ANDREA,,No Inscripto,No Inscripto,B,N,No Inscripto,620100,,B
DNI 17726921,20177269213,17726921,SORESINA,GUIDO ESTEBAN,20177269213,SOBRESINA GUIDO ESTEBAN,,No Inscripto,No Inscripto,D,N,No Inscripto,475230,,D
DNI 29756924,20297569245,29756924,LUCCISANO,FLAVIO EDUARDO,20297569245,LUCCISANO FLAVIO EDUARDO,,No Inscripto,No Inscripto,A,N,No Inscripto,960990,,A
DNI 33789311,20337893113,33789311,CEJAS,CARLOS MARTIN,20337893113,CEJAS CARLOS MARTIN,,No Inscripto,No Inscripto,A,N,No Inscripto,523090,,A
DNI 29265930,20292659300,29265930,PICCIANO,FERNANDO JUAN MANUEL,20292659300,PICCIANO FERNANDO JUAN MANUEL,,No Inscripto,No Inscripto,A,N,No Inscripto,960201,,A
RMS379975922061003,20309250460,30925046,REGUEIRA,RODRIGO MARTIN,20309250460,REGUEIRA RODRIGO MARTIN,,Activo,No Inscripto,No Inscripto,N,No Inscripto,331900,,
RMS376416813117003,20043743725,4374372,GRISETTI,OSCAR PABLO,20043743725,GRISETTI OSCAR PABLO,,No Inscripto,No Inscripto,D,N,No Inscripto,841300,,D
RMS376418338011000,23041610379,4161037,CALCAGNO,JULIO ALBERTO,23041610379,CALCAGNO JULIO ALBERTO,,Activo,No Inscripto,No Inscripto,N,No Inscripto,869090,,
RMS376636022051004,27360785985,36078598,ABRALDES,MICAELA AYLEN,27360785985,ABRALDES MICAELA AYLEN,,No Inscripto,No Inscripto,D,N,No Inscripto,854960,,D
RMS376685788143000,20051900945,5190094,CARBALLO,DOMINGO ALBERTO,20051900945,CARBALLO DOMINGO A,,Activo,No alcanzado,No Inscripto,N,No Inscripto,702099,,
RMS376418358331007,20242411081,24241108,GORBACEWICZ,LEONARDO DAVID,20242411081,GORBACEWICZ LEONARDO DAVID,,No Inscripto,No Inscripto,A,N,No Inscripto,960990,,A
RMS376638908021002,20245845503,24584550,WINTER,CARLOS ARIEL,20245845503,WINTER CARLOS ARIEL,,Activo,Activo,No Inscripto,N,Activo,863300,,
RMS379975481041008,20326986705,32698670,ROJAS PABLO IGNACIO,PABLO IGNACIO,20326986705,ROJAS PABLO IGNACIO,,Activo,Exento,No Inscripto,N,No Inscripto,702091,,
RMS376685390033003,23209856859,20985685,MARIOTTI,PABLO ALFREDO,23209856859,MARIOTTI PABLO ALFREDO,,Activo,Activo,No Inscripto,N,No Inscripto,960990,,
RMS376686445342001,27277720421,27772042,MARCUZZI CARDOZO,JULIANA,27277720421,MARCUZZI CARDOZO JULIANA,,Activo,Activo,No Inscripto,N,No Inscripto,620100,,
RMS376688278533003,20247559117,24755911,VILTE,DAMIAN MARCOS,20247559117,VILTE DAMIAN MARCOS,,Activo,Activo,No Inscripto,N,No Inscripto,530090,,
RMS376418461191009,23101324559,10132455,SAMPAYO,ONOFRE JUAN,23101324559,SAMPAYO ONOFRE JUAN,,No Inscripto,No Inscripto,A,N,No Inscripto,682010,,A
RMS376405199451003,23204993394,20499339,SANTALUCIA,MARINA ARACELI,23204993394,SANTALUCIA MARINA ARACELI,,Activo,Activo,No Inscripto,N,Activo,110412,,
RMS376418797164001,20217885761,21788576,TRUSSO,MAXIMILIANO,20217885761,TRUSSO MAXIMILIANO,,Activo,Activo,No Inscripto,N,No Inscripto,829900,,
RMS376418320072002,23147541449,14754144,PEREZ,FRANCISCO NARCISO,23147541449,PEREZ FRANCISCO NARCISO,,Activo,Activo,No Inscripto,N,Activo,829900,,
RMS376639361181002,20298584108,29858410,HERMOSILLA,FRANCO MARTIN,20298584108,HERMOSILLA FRANCO MARTIN,,Activo,Activo,No Inscripto,N,No Inscripto,472130,,
RMS376417175941006,27276916489,27691648,FIGUEROA ALCORTA,INES,27276916489,FIGUEROA  ALCORTA INES,,No Inscripto,No Inscripto,C,N,No Inscripto,960990,,C
DNI 25111038,20251110388,25111038,ARAYA,CRISTIAN HERNAN,20251110388,ARAYA CRISTIAN HERNAN,,No Inscripto,No Inscripto,A,N,No Inscripto,951200,,A
DNI 25255438,27252554381,25255438,LOPOPOLO,DORA GRACIELA,27252554381,LOPOPOLO DORA GRACIELA,,No Inscripto,No Inscripto,A,N,No Inscripto,862200,,A
DNI 16065145,27160651453,16065145,SERRANO,SILVIA NELIDA,27160651453,SERRANO SILVIA NELIDA,,No Inscripto,No Inscripto,B,N,No Inscripto,691001,,B
DNI 92490760,20924907607,92490760,MORA,"ENRIQUE MARTIN     ",20924907607,MORA ENRIQUE MARTIN,,No Inscripto,No Inscripto,D,N,No Inscripto,702099,,D
DNI 94104828,20941048286,94104828,Alvano Agustin Jeremias,ALVANO AGUSTIN JEREMIAS,20941048286,ALVANO AGUSTIN JEREMIAS,,Activo,Activo,No Inscripto,N,No Inscripto,472140,,
DNI 17031923,20170319231,17031923,ALECCI,DANIEL ALEJANDRO,20170319231,ALECCI DANIEL ALEJANDRO,,No Inscripto,No Inscripto,E,N,No Inscripto,682010,,E
DNI 37475615,20374756150,37475615,AQUINO,GONZALO EMMANUEL,20374756150,AQUINO GONZALO EMMANUEL,,No Inscripto,No Inscripto,D,N,No Inscripto,711009,,D
DNI 23472771,20234727711,23472771,CIANCIO,SERGIO ARIEL,20234727711,CIANCIO SERGIO ARIEL,,No Inscripto,No Inscripto,A,N,No Inscripto,472190,,A
DNI 31589077,20315890773,31589077,SARLO,RODOLFO SEBASTIAN,20315890773,SARLO RODOLFO SEBASTIAN,,No Inscripto,No Inscripto,A,N,No Inscripto,842300,,A
DNI 17451672,20174516724,17451672,ZAPANA,CARLOS RENE,20174516724,ZAPANA CARLOS RENE,,No Inscripto,No Inscripto,A,N,No Inscripto,711002,,A
DNI 29459793,20294597930,29459793,PERALTA,FRANCO GUSTAVO,20294597930,PERALTA FRANCO GUSTAVO,,No Inscripto,No Inscripto,A,N,No Inscripto,432190,,A
DNI 20567009,20205670093,20567009,ABREGU,SERGIO FABIAN,20205670093,ABREGU SERGIO FABIAN,,No Inscripto,No Inscripto,A,N,No Inscripto,492120,,A
DNI 14558183,20145581835,14558183,VLADIMIRSKY SERGIO A,SERGIO ALBERTO,20145581835,VLADIMIRSKY SERGIO A,,No Inscripto,No Inscripto,D,N,No Inscripto,492120,,D
DNI 95783533,20957835334,95783533,MENESES SUAREZ KEVIN ANDERSON,Kevin Anderson Meneses Suarez,20957835334,MENESES SUAREZ KEVIN ANDERSON,,No Inscripto,No Inscripto,B,N,No Inscripto,530090,,B
DNI 31217614,27312176144,31217614,BRIZUELA,SILVANA BEATRIZ,27312176144,BRIZUELA SILVANA BEATRIZ,,No Inscripto,No Inscripto,A,N,No Inscripto,711009,,A
DNI 26971939,27269719392,26971939,DI GIOVANNI,VERONICA VANESA,27269719392,DI GIOVANNI VARONICA VANESA,,No Inscripto,No Inscripto,E,N,No Inscripto,472120,,E
DNI 18399095,20183990951,18399095,CATALA,HERNAN JORGE,20183990951,CATALA HERNAN JORGE,,No Inscripto,No Inscripto,F,N,No Inscripto,854960,,F
DNI 30556339,27305563396,30556339,SAVIGLIANO,GUADALUPE IRMA,27305563396,SAVIGLIANO GUADALUPE IRMA,,No Inscripto,No Inscripto,H,N,No Inscripto,620900,,H
DNI 26640420,20266404205,26640420,VALDEZ,WALTER OMAR,20266404205,VALDEZ WALTER OMAR,,No Inscripto,No Inscripto,A,N,No Inscripto,492120,,A
DNI 11607659,20116076595,11607659,SOPLAN,JOSE LUIS,20116076595,SOPLAN JOSE LUIS,,No Inscripto,No Inscripto,H,N,No Inscripto,862110,,H
DNI 30183159,27301831590,30183159,BARREIRO,MARIA GUADALUPE,27301831590,BARREIRO MARIA GUADALUPE,,No Inscripto,No Inscripto,D,N,No Inscripto,960910,,D
DNI 31761346,27317613461,31761346,CRAIYACICH LARRUCEA,ROCIO PRISCILA,27317613461,CRAIYACICH LARRUCEA ROCIO PRIS,,Activo,Activo,No Inscripto,N,No Inscripto,862200,,
DNI 92785561,27927855610,92785561,RUIZ,"VERONICA D     ",27927855610,RUIZ VERONICA D,,No Inscripto,No Inscripto,A,N,No Inscripto,960990,,A
