﻿IdExterno,Documento,CUIL,Apellido,Nombre,RazonSocial
DNIE96051746,96051746,27960517461,,MOREIRA SILVA GENILMA,
DNIE95961400,95961400,27959614003,,RAMOS TARAZONA DARMARIS DEL JE,
DNIE95981914,95981914,27959819144,,ARO LETICIA YUMI,
DNIE95316306,95316306,20953163064,,MOLLINEDO CHOQUE MARCOS ABEL,
DNIE96002754,96002754,27960027545,,DA SILVA BARROS SUELEN,
DNIE95952188,95952188,27959521889,,FREIRE NASCIMENTO RAIANE,
DNI 43776351,43776351,27437763513,,MENDOZA JULIA DEL CARMEN,
DNI 40189825,40189825,27401898250,,PRADO ELIZABETH FATIMA,
DNIE95862972,95862972,27958629724,,COSTA CAVALHEIRO JANE ALVES,
DNIE96073669,96073669,27960736694,,CASTILLO GUERRA YANNELIS TERESA,
DNIE95905820,95905820,27959058208,,MATHEUS ALTOE ANA AMELIA,
DNIE95928487,95928487,27959284879,,PINHO DA SILVA KETLEN NAYA,
DNIE96026013,96026013,27960260134,,MARTINS VIEIRA PATRICIA APAREC,
DNIE95983650,95983650,27959836502,,TESSARI AVILA FERNANDA,
DNIE95925857,95925857,27959258576,,MELO CINTRA CAROLINE,
DNIE96093456,96093456,20960934564,,AGUAYO IGNACIO,
DNIE95944575,95944575,27959445759,,VILLALOBOS MAYERLING,
DNIE96064355,96064355,27960643556,,VALADAO DOS SANTOS JURACY,
DNI 14790848,14790848,20147908483,,"WALTER DARIO,VIDAL",
DNIE95889166,95889166,27958891666,,PORTELA DE PAULO JOSELAINE,
DNIE96004241,96004241,27960042412,,BATISTA DE SOUZA LAURA,
DNIE95922349,95922349,27959223497,,"ISIS,MACIEL GARCIA",
DNI 33569533,33569533,27335695335,,"ANABELA SOLEDAD,ELIAS",
DNI 30189077,30189077,27301890775,,"PAULA CAROLINA,LOPEZ",
DNI 14345767,14345767,27143457678,,"SUSANA EDITH,BALAGNA",
DNI 14345767,14345767,20143457673,,"SUSANA EDITH,BALAGNA",
DNI 33097289,33097289,20330972891,,"MATIAS GABRIEL,CASCARDO",
DNI 33381576,33381576,20333815762,,"LUCAS FERNANDO,SANGOY VEDIA",
DNIE95891753,95891753,27958917533,,"DEBORAH DANIELE,RIBEIRO",
DNI 37609859,37609859,20376098592,,"FRANCO EMANUEL,TERMINE",
DNI 28150169,28150169,20281501691,,"LUCAS MATIAS,MOA",
DNI 27657344,27657344,20276573447,,"DIEGO SEBASTIAN,BRITOS",
DNIE95944014,95944014,27959440145,,"MARIA YUREIBY,GONZALEZ RUIZ",
DNI 18350980,18350980,27183509808,,"MARIA CRISTINA,VERA",
DNIE94645018,94645018,23946450189,,"DIEGO FERNANDO,ROZO VEGA",
DNIE95874200,95874200,27958742008,,"PAOLA,MENESES VIDAL",
DNI 10918385,10918385,27109183852,,"MAGDALENA MARIA,SOLIS",
DNI 28208375,28208375,20282083753,,"CARLOS PATRICIO,AGUIRRE",
DNI 32318160,32318160,20323181609,,"EMILIANO,BEREA",
DNI 21625836,21625836,20216258364,,DIAZ ROBERTO ROQUE,
DNI 4718929,4718929,20047189293,,"LIDIA,RENAULT",
DNI 37767072,37767072,20377670729,,"FEDERICO EMANUEL,MAMINO CUESTA",
DNIE95107938,95107938,20951079384,,"LUIS ALBERTO,BAEZ SANDER",
DNI 21625836,21625836,27216258369,,DIAZ ROBERTO ROQUE,
DNI 4718929,4718929,27047189298,,"LIDIA,RENAULT",
DNI 31404414,31404414,20314044143,,"LUIS MIGUEL,DOBBA",
DNI 30283526,30283526,27302835263,,"CATALINA FRANCISCA,CUEVAS",
DNIE95887917,95887917,27958879178,,"BEATRIZ,PACHECO DO VALE",
DNI 26114378,26114378,27261143785,,"BENITEZ, SILVINA ANDREA",
DNI 16215482,16215482,20162154827,,"RUBEN RICARDO,SAGRETTI",
DNI 17726921,17726921,20177269213,,"GUIDO ESTEBAN,SORESINA",
DNI 29756924,29756924,20297569245,,"FLAVIO EDUARDO,LUCCISANO",
DNI 36977034,36977034,23369770349,,"PABLO NICOLAS,ENSISO",
DNI 21956336,21956336,20219563362,,"MARTIN GABRIEL,OYHANART",
DNI 33789311,33789311,20337893113,,"CARLOS MARTIN,CEJAS",
DNI 33789311,33789311,27337893118,,"CARLOS MARTIN,CEJAS",
DNI 22827486,22827486,27228274866,,CHAVEZ ALICIA CLAUDIA,
DNI 21522059,21522059,27215220597,,"MONICA LILIANA,BERLAY",
DNI 20867234,20867234,27208672342,,PUSSATTI MYRIAN SUSANA,
DNI 29265930,29265930,20292659300,,"FERNANDO JUAN MANUEL,PICCIANO",
DNI 29759924,29759924,20297599241,,"RAIMUNDO GERMAN,CALDERON",
DNI 20685125,20685125,20206851253,,"PASTOR,CABRAL NICOLAS",
RMS376418863052007,23628385,20236283853,,LEANDRO G IBAÑEZ TRES,
DNI 39094711,39094711,23390947119,,"MATIAS DANIEL,GUEVARA",
DNI 34722190,34722190,20347221903,,"DANIEL HECTOR,ESQUIVEL",
DNI 22581485,22581485,20225814857,,"GUSTAVO RODOLFO,RODRIGUEZ",
RMS379975922061003,30925046,20309250460,,RODRIGO MARTIN REGUEIRA,
RMS376416813117003,4374372,20043743725,,OSCAR P GRISETTI,
RMS376416813117003,4374372,23043743724,,OSCAR P GRISETTI,
RMS376416813117003,4374372,24043743720,,OSCAR P GRISETTI,
RMS376418338011000,4161037,23041610379,,DR JULIO A CALCAGNO,
RMS379975123082006,7866471,20078664712,,ANTONIO DANERI,
RMS376418338011000,4161037,27041610374,,DR JULIO A CALCAGNO,
RMS376636022051004,36078598,27360785985,,MICAELA AYLEN ABRALDES,
RMS376685788143000,5190094,23051900944,,DOMINGO ALBERTO CARBALLO,
RMS376685788143000,5190094,20051900945,,DOMINGO ALBERTO CARBALLO,
RMS376418537191009,8191683,20081916838,,JUAN LLANOS,
RMS376637572742000,32300002,27323000021,,ANDREA SILVANA LOPEZ,
RMS376418358331007,24241108,20242411081,,LEONARDO D GORBACEWICZ,
RMS376636533171002,10462108,20104621083,,CARLOS GARCIA,
RMS376638908021002,24584550,20245845503,,CARLOS ARIEL WINTER,
RMS376636957051003,34940338,20349403383,,HERNAN AGHEMO,
RMS379975481041008,32698670,20326986705,,PABLO IGNACIO ROJAS,
RMS376685390033003,20985685,23209856859,,PABLO ALFREDO MARIOTTI,
RMS379977857145009,35113911,20351139111,,MAURO ORLANDO CARABAJAL,
RMS379975603032000,18169120,20181691205,,JULIO AGUIRRE,
RMS376686445342001,27772042,27277720421,,JULIANA MARCUZZI C,
RMS379975917061000,22294262,20222942625,,FERNANDO TREGGIARI,
RMS376688278533003,24755911,20247559117,,DAMIAN VILTE,
RMS376401787973003,5333794,27053337940,,INES GORGA,
RMS376418461191009,10132455,23101324559,,ONOFRE SAMPAYO,
RMS376686266181009,22201642,27222016423,,SANDRA GARCIA,
RMS376401787973003,5333794,20053337946,,INES GORGA,
RMS376405199451003,20499339,23204993394,,MARINA A SANTALUCIA,
RMS376417309137000,36607636,20366076361,,MATIAS EMANUEL RIVERO,
RMS376639463035007,31223664,20312236649,,GABRIEL ALBERTO SAID,
RMS376418797164001,21788576,20217885761,,MAXIMILIANO TRUSSO,
RMS376418320072002,14754144,23147541449,,FRANCISCO N PEREZ,
RMS376637042051008,32822215,27328222154,,MARIA FLORENCIA CRISPINA,
RMS376639361181002,29858410,20298584108,,FRANCO MARTIN HERMOSILLA,
RMS379975010071005,27150635,20271506350,,DIEGO ALEJANDRO PRETTO,
RMS376418441361003,28390051,20283900518,,LUCAS LEONARDO ULLOQUE,
RMS376417175941006,27691648,27276916489,,INES ALCORTA,
DNI 25111038,25111038,20251110388,,ARAYA CRISTIAN HERNAN,
RMS379975612181004,12091111,20120911113,,CARLOS CHIALE,
DNI 25255438,25255438,27252554381,,"LOPOPOLO, DORA GRACIELA",
DNI 16065145,16065145,27160651453,,"SERRANO, SILVIA NELIDA",
DNI 25720797,25720797,20257207979,,BATRES ESTEBAN JESUS,
DNI 20405805,20405805,27204058054,,RODRIGUEZ MABEL NOEMI,
DNI 30791492,30791492,27307914927,,CASTRO MARINA,
DNI 92490760,92490760,20924907607,,"MORA, ENRIQUE MARTIN",
DNI 34408296,34408296,20344082961,,GIORDANENGO NICOLAS EDUARDO,
DNI 92683260,92683260,20926832604,,MORADO MANUEL EDUARDO,
DNI 41874261,41874261,20418742616,,MOREYRA DANIEL EDUARDO,
DNI 94104828,94104828,20941048286,,ALVANO AGUSTIN JEREMIAS,
DNI 17031923,17031923,20170319231,,"ALECCI, DANIEL ALEJANDRO",
DNI 36398174,36398174,27363981742,,ORLANDO GABRIELA,
DNI 37475615,37475615,20374756150,,"AQUINO, GONZALO EMMANUEL",
DNI 37475615,37475615,27374756155,,"AQUINO, GONZALO EMMANUEL",
DNI 26792200,26792200,20267922005,,MARTINEZ JUAN ANTONIO,
DNI 23472771,23472771,20234727711,,CIANCIO SERGIO ARIEL,
DNI 31589077,31589077,20315890773,,"SARLO, RODOLFO SEBASTIAN",
DNI 16245090,16245090,20162450906,,"HERNANDEZ, CLAUDIO MIGUEL",
DNI 17451672,17451672,20174516724,,ZAPANA  CARLOS RENE,
DNI 30226100,30226100,27302261003,,MARAVERT JULIA SOLEDAD,
DNI 29459793,29459793,20294597930,,"PERALTA, FRANCO GUSTAVO",
DNI 35460840,35460840,20354608406,,ESCOBAR LUCAS ARIEL,
DNI 20567009,20567009,20205670093,,"ABREGU, SERGIO FABIAN",
DNI 14558183,14558183,20145581835,,"VLADIMIRSKY, SERGIO ALBERTO",
DNI 21586019,21586019,20215860192,,GUILLERMET FERNANDO JAVIER,
DNI 25029467,25029467,27250294676,,GONZALEZ LAURA MARCELA,
DNI 32668198,32668198,23326681989,,TOLOSA ABEL FRANCISCO,
DNI 95783533,95783533,20957835334,,MENESES SUAREZ  KEVIN ANDERSON,
DNI 31217614,31217614,27312176144,,"BRIZUELA, SILVANA BEATRIZ",
DNI 26971939,26971939,27269719392,,DI GIOVANNI VERONICA VANESA,
DNI 18399095,18399095,20183990951,,CATALA HERNAN JORGE,
DNI 34535603,34535603,20345356038,,MATHARAN PABLO EUGENIO,
DNI 96008934,96008934,27960089346,,"OSPINA POSADA, ANGELA MARIA",
DNI 26102223,26102223,20261022231,,BAEZ PABLO JAVIER,
DNI 21622047,21622047,20216220472,,PINELLI RAMON EDUARDO,
DNI 30556339,30556339,27305563396,,"SAVIGLIANO, GUADALUPE IRMA",
DNI 95949582,95949582,20959495824,,GONZALEZ BENITEZ MIGUELANGEL,
DNI 26640420,26640420,20266404205,,VALDEZ WALTER OMAR,
DNI 11607659,11607659,20116076595,,"SOPLAN, JOSE LUIS",
DNI 30183159,30183159,27301831590,,"BARREIRO, MARIA GUADALUPE",
DNI 31761346,31761346,27317613461,,"CRAIYACICH LARRUCEA, ROCIO PRISCILA",
DNI 17262383,17262383,20172623833,,RAMALLO ENRIQUE MARCELO,
DNI 33789721,33789721,27337897210,,PEIRANO ROCIO INES,
DNI 21863256,21863256,20218632565,,CARMELINO LUIS HUGO,
DNI 92785561,92785561,27927855610,,RUIZ VERONICA DIANELA,
RMS376417364131005,18266783,27182667833,,MARIELA LAURA MURIEL,
