﻿IdExterno,Documento,CUIL,Apellido,Nombre,VinculoCUIL,VinculoRelacion,VinculoDocumento,VinculoSexo,VinculoApellido,VinculoNombre
DNI 43776351,43776351,27437763513,MENDOZA JULIA DEL CARMEN,"MENDOZA JULIA DEL CERMEN                                                                                                                              ",27281135746,FAMILIAR,28113574,F,GALEANO,MARIA AGUSTINA
DNI 43776351,43776351,27437763513,MENDOZA JULIA DEL CARMEN,"MENDOZA JULIA DEL CERMEN                                                                                                                              ",20249604659,FAMILIAR,24960465,M,MENDOZA,PEDRO PABLO
DNI 43776351,43776351,27437763513,MENDOZA JULIA DEL CARMEN,"MENDOZA JULIA DEL CERMEN                                                                                                                              ",27437763513,HIJO/A,437763513,F,"MENDOZA JULIA DEL CARMEN                ",
DNI 40189825,40189825,27401898250,PRADO,ELIZABETH FATIMA,20130795146,FAMILIAR,13079514,M,PRADO,VICTOR A
DNI 40189825,40189825,27401898250,PRADO,ELIZABETH FATIMA,27227915930,FAMILIAR,22791593,F,DIAZ,MARTHA NANCY
DNI 33569533,33569533,27335695335,ELIAS,ANABELA SOLEDAD,27486204260,FAMILIAR,48620426,F,,VERA MORENA MARIA
DNI 33569533,33569533,27335695335,ELIAS,ANABELA SOLEDAD,20528315772,FAMILIAR,52831577,M,,ELIAS THIAGO
DNI 30189077,30189077,27301890775,LOPEZ,PAULA CAROLINA,20536710338,HIJO/A,53671033,M,,LOPEZ ALEJO JOAQUIN
DNI 30189077,30189077,27301890775,LOPEZ,PAULA CAROLINA,27440771640,HIJO/A,44077164,F,LASSAGA LOPEZ,AYELÉN MILAGROS
DNI 30189077,30189077,27301890775,LOPEZ,PAULA CAROLINA,20140053962,FAMILIAR,14005396,M,LOPEZ,CLAUDIO DAVID
DNI 14345767,14345767,27143457678,BALAGNA,SUSANA EDITH,23143457559,FAMILIAR,14345755,M,PIRCHI,GERARDO ADRIAN
DNI 33097289,33097289,20330972891,CASCARDO,MATIAS GABRIEL,27167387069,FAMILIAR,16738706,F,FALCHI,MARIA ALEJANDRA
DNI 33381576,33381576,20333815762,SANGOY VEDIA,LUCAS FERNANDO,27386482492,CONVIVIENTE PREVISIONAL,38648249,F,SERRA,BELKYS YUSTINE
DNI 33381576,33381576,20333815762,SANGOY VEDIA,LUCAS FERNANDO,27540182758,HIJO/A,54018275,F,,SANGOY LUZ MARTINA
DNI 33381576,33381576,20333815762,SANGOY VEDIA,LUCAS FERNANDO,20560626267,FAMILIAR,56062626,M,,SANGOY TOMAS DANIEL
DNI 37609859,37609859,20376098592,TERMINE,FRANCO EMANUEL,20165121180,FAMILIAR,16512118,M,TERMINE,EDUARDO ADRIAN
DNI 37609859,37609859,20376098592,TERMINE,FRANCO EMANUEL,27257413840,FAMILIAR,25741384,F,GOMEZ,KARINA DEL VALLE
DNI 28150169,28150169,20281501691,MOA,LUCAS MATIAS,27249011474,CONVIVIENTE,24901147,F,MIRANDA,FLAVIA MERCEDES
DNI 28150169,28150169,20281501691,MOA,LUCAS MATIAS,27491680585,HIJO/A,49168058,F,,"MOA PONTON MORENA ABRIL                                                                                                                               "
DNI 28150169,28150169,20281501691,MOA,LUCAS MATIAS,27052553542,FAMILIAR,5255354,F,STEPASIUK,ANA MARIA
DNI 28150169,28150169,20281501691,MOA,LUCAS MATIAS,27250281108,FAMILIAR,25028110,F,PONTON,IRIS ANDREA
DNI 27657344,27657344,20276573447,BRITOS,DIEGO SEBASTIAN,20501886565,FAMILIAR,50188656,M,,"BRITOS GERARDO EMANUEL                                                                                                                                "
DNIE94645018,94645018,23946450189,Rozo Vega Diego Fernando,DIEGO,27949729651,HIJO/A,94972965,F,,"ROZO GONZALEZ JULIANA                                                                                                                                 "
DNIE94645018,94645018,23946450189,Rozo Vega Diego Fernando,DIEGO,27949729686,HIJO/A,94972968,F,,"ROZO GONZALEZ ANASOFIA                                                                                                                                "
DNI 10918385,10918385,27109183852,SOLIS,MAGDALENA MARIA,20382297203,FAMILIAR,38229720,M,PILIERO,WALTER ADRIAN
DNI 10918385,10918385,27109183852,SOLIS,MAGDALENA MARIA,20078294869,FAMILIAR,7829486,M,PILIERO,PEDRO CONSTANTINO
DNI 10918385,10918385,27109183852,SOLIS,MAGDALENA MARIA,20363245669,FAMILIAR,36324566,M,PILIERO,ANGEL GABRIEL
DNI 28208375,28208375,20282083753,AGUIRRE,CARLOS PATRICIO,20451595270,HIJO/A,45159527,M,AGUIRRE ARIAS,ALEX SEBASTIAN
DNI 28208375,28208375,20282083753,AGUIRRE,CARLOS PATRICIO,27428898511,HIJO/A,42889851,F,AGUIRRE ARIAS,RITA MALENA
DNI 28208375,28208375,20282083753,AGUIRRE,CARLOS PATRICIO,27459590450,HIJO/A,45959045,F,,"AGUIRRE ARIAS BRENDA PILAR                                                                                                                            "
DNI 28208375,28208375,20282083753,AGUIRRE,CARLOS PATRICIO,27537028608,HIJO/A,53702860,F,,AGUIRRE ARIAS ALMA JAZMIN
DNI 32318160,32318160,20323181609,BEREA,EMILIANO,20504411916,HIJO/A,50441191,M,,BEREA BAUTISTA
DNI 32318160,32318160,20323181609,BEREA,EMILIANO,27304365825,CONYUGE,30436582,F,PEREZ GIZZI,ANALIA VERONICA
DNI 32318160,32318160,20323181609,BEREA,EMILIANO,20137747031,FAMILIAR,13774703,M,BEREA OSVALDO RUBEN,
DNI 32318160,32318160,20323181609,BEREA,EMILIANO,23335043634,HERMANO,33504363,F,BEREA,SOFIA
DNI 32318160,32318160,20323181609,BEREA,EMILIANO,27143636548,VINCULADOS,14363654,F,MIGLIORINI,JULIA INES
DNI 37767072,37767072,20377670729,MAMINO CUESTA,FEDERICO EMANUEL,20202576436,FAMILIAR,20257643,M,MAMINO,JAVIER NILDO
DNI 37767072,37767072,20377670729,MAMINO CUESTA,FEDERICO EMANUEL,27218178370,VINCULADOS,21817837,F,CUESTA,SUSANA DEL VALLE
DNI 37767072,37767072,20377670729,MAMINO CUESTA,FEDERICO EMANUEL,27413417428,HERMANO,41341742,F,MAMINO CUESTA,LUCILA SOLEDAD
DNIE95107938,95107938,20951079384,BAEZ SANDER LUIS ALBERTO,Luis Alberto Baez,27566390839,FAMILIAR,56639083,F,BAEZ DELFINA ABRIL,
DNIE95107938,95107938,20951079384,BAEZ SANDER LUIS ALBERTO,Luis Alberto Baez,27442070534,FAMILIAR,44207053,F,LOPEZ,ANDREA SOLEDAD
DNIE95107938,95107938,20951079384,BAEZ SANDER LUIS ALBERTO,Luis Alberto Baez,27951079435,FAMILIAR,95107943,F,Sander Villar,Ceferina Ines
DNIE95107938,95107938,20951079384,BAEZ SANDER LUIS ALBERTO,Luis Alberto Baez,27555155161,FAMILIAR,55515516,F,,BAEZ FRANCESCA JAZMIN
DNIE95107938,95107938,20951079384,BAEZ SANDER LUIS ALBERTO,Luis Alberto Baez,20537624079,FAMILIAR,53762407,M,,BAEZ SANTINO ABEL
DNI 21625836,21625836,27216258369,DIAZ,"MALLEA MARINA RIGOB                                                                                                                                   ",23112125264,FAMILIAR,11212526,F,MALLEA,SUSANA LIDIA
DNI 4718929,4718929,27047189298,RENAULT,LIDIA,20043049470,FAMILIAR,4304947,M,POGGIO,CARLOS FELIPE
DNI 30283526,30283526,27302835263,CUEVAS,CATALINA FRANCISCA,20315382530,FAMILIAR,31538253,M,LOPEZ,SERGIO DANIEL
DNI 30283526,30283526,27302835263,CUEVAS,CATALINA FRANCISCA,20501457346,FAMILIAR,50145734,M,,"LOPEZ JESUS IAN                                                                                                                                       "
DNI 30283526,30283526,27302835263,CUEVAS,CATALINA FRANCISCA,20481063028,FAMILIAR,48106302,M,,"LOPEZ RAMIRO DANIEL                                                                                                                                   "
DNI 30283526,30283526,27302835263,CUEVAS,CATALINA FRANCISCA,27511400886,FAMILIAR,51140088,F,,"LOPEZ ESTEFANIA KATHERINE                                                                                                                             "
DNI 26114378,26114378,27261143785,BENITEZ,SILVINA ANDREA,27433987719,HIJO/A,43398771,F,BENTANCOR,ROCÍO MAGALÍ
DNI 16215482,16215482,20162154827,SAGRETTI,RUBEN RICARDO,27499553809,FAMILIAR,49955380,F,,SAGRETTI FLORENCIA MAYTENA
DNI 17726921,17726921,20177269213,SORESINA,GUIDO ESTEBAN,27186153974,CONYUGE,18615397,F,CASTANY,SANDRA BEATRIZ
DNI 17726921,17726921,20177269213,SORESINA,GUIDO ESTEBAN,27434062751,HIJO/A,43406275,F,SORESINA CASTANY,NATASHA IARA
DNI 17726921,17726921,20177269213,SORESINA,GUIDO ESTEBAN,27470303919,HIJO/A,47030391,F,,SORESINA CASTANY LUCIA NAHIR
DNI 29756924,29756924,20297569245,LUCCISANO,FLAVIO EDUARDO,27497429388,HIJO,49742938,F,,"LUCCISANO KAYLA NAOMI                                                                                                                                 "
DNI 29756924,29756924,20297569245,LUCCISANO,FLAVIO EDUARDO,27304117244,FAMILIAR,30411724,F,MEDINA,DEBORA ANALIA
DNI 29756924,29756924,20297569245,LUCCISANO,FLAVIO EDUARDO,20546134599,FAMILIAR,54613459,M,,LUCCISANO ULISES MILO
DNI 36977034,36977034,23369770349,ENSISO,PABLO NICOLAS,20555647337,HIJO/A,55564733,M,,ENSISO ISAIAS VALENTINO
DNI 36977034,36977034,23369770349,ENSISO,PABLO NICOLAS,27405471499,CONYUGE,40547149,F,BARRETO,MELANI MICAELA
DNI 36977034,36977034,23369770349,ENSISO,PABLO NICOLAS,27202627477,FAMILIAR,20262747,F,ARRIOLA,RAMONA MARTINA
DNI 36977034,36977034,23369770349,ENSISO,PABLO NICOLAS,20118911084,FAMILIAR,11891108,M,ENSISO TORRES,JULIANO
DNI 21956336,21956336,20219563362,OYHANART,MARTIN GABRIEL,23438022074,HIJO,43802207,F,OYHANART,CANDELA
DNI 21956336,21956336,20219563362,OYHANART,MARTIN GABRIEL,27403469888,HIJO/A,40346988,F,OYHANART,CAMILA
DNI 33789311,33789311,20337893113,CEJAS,CARLOS MARTIN,27459301106,FAMILIAR,45930110,F,,"CEJAS MILAGROS YAEL                                                                                                                                   "
DNI 33789311,33789311,27337893118,CEJAS,"BARRIONUEVO JOHANNA CECILIA                                                                                                                           ",27185703067,FAMILIAR,18570306,F,SOSA,RAMONA CATALINA
DNI 22827486,22827486,27228274866,CHAVEZ,ALICIA CLAUDIA,20276599349,FAMILIAR,27659934,M,FEDERICO,LUIS MANUEL
DNI 21522059,21522059,27215220597,BERLAY,MONICA LILIANA,20346196700,HIJO/A,34619670,M,BENITEZ,GASTON FAVIO
DNI 21522059,21522059,27215220597,BERLAY,MONICA LILIANA,20400060291,HIJO/A,40006029,M,BERLAY,NAHUEL
DNI 21522059,21522059,27215220597,BERLAY,MONICA LILIANA,20407934718,HIJO/A,40793471,M,BERLAY,SILVIO ALEJANDRO
DNI 21522059,21522059,27215220597,BERLAY,MONICA LILIANA,23330006714,HIJO/A,33000671,F,BERLAY,FLAVIA VERONICA
DNI 21522059,21522059,27215220597,BERLAY,MONICA LILIANA,27353203148,HIJO/A,35320314,F,BERLAY,PAOLA SOLEDAD
DNI 20867234,20867234,27208672342,PUSSATTI,MYRIAN SUSANA,23409815634,HIJO/A,40981563,F,JORRETO,JESABEL AYELÉN
DNI 29265930,29265930,20292659300,PICCIANO,FERNANDO JUAN MANUEL,27299754745,CONYUGE,29975474,F,VEINTICINQUE,GINA LISI
DNI 29265930,29265930,20292659300,PICCIANO,FERNANDO JUAN MANUEL,27535353404,HIJO/A,53535340,F,,PICCIANO FRANCESCA MARIA
DNI 29759924,29759924,20297599241,CALDERON,RAIMUNDO GERMAN,20550797896,HIJO/A,55079789,M,,CALDERON NEHEMIAS GABRIEL
DNI 29759924,29759924,20297599241,CALDERON,RAIMUNDO GERMAN,23527523699,HIJO/A,52752369,M,,CADERON ROBERTO EZEQUIEL
DNI 29759924,29759924,20297599241,CALDERON,RAIMUNDO GERMAN,20567496237,FAMILIAR,56749623,M,,CALDERON FELIX AMERICO NAHIR
DNI 29759924,29759924,20297599241,CALDERON,RAIMUNDO GERMAN,20453364136,FAMILIAR,45336413,M,,"CALDERON DIEGO FERNANDO                                                                                                                               "
DNI 20685125,20685125,20206851253,CABRAL NICOLAS PASTOR,NICOLAS PASTOR,20380732077,HIJO/A,38073207,M,CABRAL,FRANCO NICOLAS
DNI 20685125,20685125,20206851253,CABRAL NICOLAS PASTOR,NICOLAS PASTOR,20460230471,HIJO/A,46023047,M,,"CABRAL LAUTARO FABIAN                                                                                                                                 "
DNI 20685125,20685125,20206851253,CABRAL NICOLAS PASTOR,NICOLAS PASTOR,27187226630,CONYUGE,18722663,F,BERTOLINI,JESICA BLANCA
DNI 20685125,20685125,20206851253,CABRAL NICOLAS PASTOR,NICOLAS PASTOR,27394683693,HIJO/A,39468369,F,CABRAL,ARACELI AYLEN
RMS376418863052007,23628385,20236283853,IBAÑEZ TRES,LEANDRO GUSTAVO MIGUEL,20514042765,FAMILIAR,51404276,M,,IBAÑEZ TRES TEODORO MARTIN
RMS376418863052007,23628385,20236283853,IBAÑEZ TRES,LEANDRO GUSTAVO MIGUEL,27489728775,FAMILIAR,48972877,F,,"IBAÑEZ TRES JUSTINA ELENA                                                                                                                             "
RMS376418863052007,23628385,20236283853,IBAÑEZ TRES,LEANDRO GUSTAVO MIGUEL,27254821247,FAMILIAR,25482124,F,SCHMIDT,ROMINA VIVIAN
DNI 39094711,39094711,23390947119,GUEVARA,MATIAS DANIEL,20228484955,FAMILIAR,22848495,M,GUEVARA,NESTOR DANIEL
DNI 39094711,39094711,23390947119,GUEVARA,MATIAS DANIEL,27567250402,FAMILIAR,56725040,F,,GUEVARA CLARA
DNI 39094711,39094711,23390947119,GUEVARA,MATIAS DANIEL,27388518060,FAMILIAR,38851806,F,GUTIERREZ RAIA,CINTIA
DNI 39094711,39094711,23390947119,GUEVARA,MATIAS DANIEL,27227119077,FAMILIAR,22711907,F,SUAREZ,CARINA BEATRIZ
DNI 39094711,39094711,23390947119,GUEVARA,MATIAS DANIEL,20142465672,VINCULADOS,14246567,M,GUEVARA,JUAN INOCENCIO
DNI 39094711,39094711,23390947119,GUEVARA,MATIAS DANIEL,27456213931,HERMANO,45621393,F,,"GUEVARA SUAREZ MILAGROS                                                                                                                               "
DNI 39094711,39094711,23390947119,GUEVARA,MATIAS DANIEL,27472337012,HERMANO,47233701,F,,"GUEVARA SUAREZ AZUL MARTINA                                                                                                                           "
DNI 34722190,34722190,20347221903,ESQUIVEL,DANIEL HECTOR,20536951025,HIJO/A,53695102,M,,ESQUIVEL VALENTINO DANIEL
DNI 22581485,22581485,20225814857,RODRIGUEZ,GUSTAVO RODOLFO,27248554342,CONYUGE,24855434,F,AHUMADA,KARINA LILIANA
DNI 22581485,22581485,20225814857,RODRIGUEZ,GUSTAVO RODOLFO,27450105967,HIJO/A,45010596,F,RODRIGUEZ VCTORIA ALDANA,
DNI 22581485,22581485,20225814857,RODRIGUEZ,GUSTAVO RODOLFO,27466312261,HIJO/A,46631226,F,,"RODRIGUEZ JULIETA ARACELI                                                                                                                             "
DNI 22581485,22581485,20225814857,RODRIGUEZ,GUSTAVO RODOLFO,27487719426,HIJO/A,48771942,F,,"RODRIGUEZ VALENTINA AZUL                                                                                                                              "
RMS379975922061003,30925046,20309250460,REGUEIRA,RODRIGO MARTIN,20134929546,FAMILIAR,13492954,M,REGUEIRA JOSE LUIS,
RMS379975922061003,30925046,20309250460,REGUEIRA,RODRIGO MARTIN,23547450264,FAMILIAR,54745026,F,,REGUEIRA IARA ABRIL
RMS379975922061003,30925046,20309250460,REGUEIRA,RODRIGO MARTIN,20401314823,HERMANO,40131482,M,REGUEIRA,GONZALO EDUARDO
RMS379975922061003,30925046,20309250460,REGUEIRA,RODRIGO MARTIN,24346225269,HERMANO,34622526,M,,"REGUEIRA ESTEBAN JAVIER                                                                                                                               "
RMS379975922061003,30925046,20309250460,REGUEIRA,RODRIGO MARTIN,27146827360,VINCULADOS,14682736,F,GUERRERO,HILDA LILIANA
RMS379975922061003,30925046,20309250460,REGUEIRA,RODRIGO MARTIN,27353685134,HERMANO,35368513,F,REGUEIRA,NOELIA ANALIA
RMS379975922061003,30925046,20309250460,REGUEIRA,RODRIGO MARTIN,27365978757,HERMANO,36597875,F,REGUEIRA EMANUEL,
RMS376416813117003,4374372,23043743724,GUTIERREZ,JUSTINA DELMIRA,20052448477,FAMILIAR,5244847,M,CEJAS,JORGE ARMANDO
RMS379975123082006,7866471,20078664712,DANERI,ANTONIO PEDRO,27353191883,FAMILIAR,35319188,F,DANERI,YANINA ANTONELLA
RMS379975123082006,7866471,20078664712,DANERI,ANTONIO PEDRO,27109178166,FAMILIAR,10917816,F,MALDONADO,OLINDA GLADIS
RMS379975123082006,7866471,20078664712,DANERI,ANTONIO PEDRO,20368751864,FAMILIAR,36875186,M,DANERI,GONZALO IGNACIO
RMS376418338011000,4161037,27041610374,PALAVECINO,ELVIRA TRINIDAD,20070509998,FAMILIAR,7050999,M,AVILA,ANTONIO GUILLERMO
RMS376636022051004,36078598,27360785985,ABRALDES,MICAELA AYLEN,20204683019,FAMILIAR,20468301,M,ABRALDES,MARCELO ALEJANDRO
RMS376685788143000,5190094,23051900944,ZANNI ELVA SUSANA,DOMINGO ALBERTO,20050053610,FAMILIAR,5005361,M,VERGAGNI,OSCAR
RMS376685788143000,5190094,23051900944,ZANNI ELVA SUSANA,DOMINGO ALBERTO,27250353885,FAMILIAR,25035388,F,VERGAGNI,MARIA ELENA TRINIDAD
RMS376418537191009,8191683,20081916838,LLANOS,JUAN,27047541293,FAMILIAR,4754129,F,VELERIS,LILIANA NOEMI
RMS376637572742000,32300002,27323000021,LOPEZ,ANDREA SILVANA,20313096107,CONYUGE,31309610,M,TOFANELLI FABIAN HORACIO,
RMS376418358331007,24241108,20242411081,GORBACEWICZ,LEONARDO DAVID,27497091808,HIJO/A,49709180,F,,"GORBACEWICZ MILAGROS                                                                                                                                  "
RMS376418358331007,24241108,20242411081,GORBACEWICZ,LEONARDO DAVID,27511931911,HIJO/A,51193191,F,,"GORBACEWICZ JULIA                                                                                                                                     "
RMS376418358331007,24241108,20242411081,GORBACEWICZ,LEONARDO DAVID,27257073047,FAMILIAR,25707304,F,DE ARRIBA,ERIKA FERNANDA
RMS376636533171002,10462108,20104621083,GARCIA,CARLOS ALBERTO,27056631750,CONYUGE,5663175,F,,"TORTORA NORA BEATRIZ                                                                                                                                  "
RMS376636533171002,10462108,20104621083,GARCIA,CARLOS ALBERTO,27259989448,HIJO/A,25998944,F,GARCIA,MARIA SOLEDAD
RMS376636957051003,34940338,20349403383,AGHEMO,HERNAN,27117589701,FAMILIAR,11758970,F,GALIÑANES,MARIA CRISTINA
RMS376685390033003,20985685,23209856859,MARIOTTI,PABLO ALFREDO,27215035056,FAMILIAR,21503505,F,ALVAREZ,MONICA ANALIA
RMS376685390033003,20985685,23209856859,MARIOTTI,PABLO ALFREDO,27444173152,FAMILIAR,44417315,F,MARIOTTI,JUANA
RMS379977857145009,35113911,20351139111,CARABAJAL,MAURO ORLANDO,20085049942,FAMILIAR,8504994,M,CARABAJAL,ETELVINO ORLANDO
RMS379977857145009,35113911,20351139111,CARABAJAL,MAURO ORLANDO,23249366749,HERMANO,24936674,M,CERRANO,GERARDO FABIAN
RMS379977857145009,35113911,20351139111,CARABAJAL,MAURO ORLANDO,27123051977,VINCULADOS,12305197,F,OLMOS,MARGARITA
RMS379975603032000,18169120,20181691205,AGUIRRE,JULIO CESAR,20393290774,HIJO,39329077,M,AGUIRRE,LUCIANO GABRIEL
RMS379975603032000,18169120,20181691205,AGUIRRE,JULIO CESAR,20442674850,HIJO,44267485,M,AGUIRRE,FRANCO AGUSTIN
RMS379975603032000,18169120,20181691205,AGUIRRE,JULIO CESAR,27247254477,CONYUGE,24725447,F,DEHESA,PAOLA LORENA
RMS379975603032000,18169120,20181691205,AGUIRRE,JULIO CESAR,27558110223,HIJO/A,55811022,F,,AGUIRRE MARIA EMILIA
RMS376686445342001,27772042,27277720421,MARCUZZI CARDOZO,JULIANA,20076869767,FAMILIAR,7686976,M,MARCUZZI,RAUL ERNESTO
RMS376686445342001,27772042,27277720421,MARCUZZI CARDOZO,JULIANA,20524495717,FAMILIAR,52449571,M,,MARCUZZI CARDOZO PEDRO
RMS376686445342001,27772042,27277720421,MARCUZZI CARDOZO,JULIANA,27109488920,VINCULADOS,10948892,F,CARDOZO DELIA ESTELA,
RMS376686445342001,27772042,27277720421,MARCUZZI CARDOZO,JULIANA,27256602208,HERMANO,25660220,F,MARCUZZI CARDOZO,MARIANA
RMS376686445342001,27772042,27277720421,MARCUZZI CARDOZO,JULIANA,27298065989,HERMANO,29806598,F,MARCUZZI,FABIANA
RMS376688278533003,24755911,20247559117,VILTE,DAMIAN MARCOS,20515117645,FAMILIAR,51511764,M,,"VILTE OTERO PEDRO                                                                                                                                     "
RMS376688278533003,24755911,20247559117,VILTE,DAMIAN MARCOS,27415604349,FAMILIAR,41560434,F,VILTE,LUDMILA MACARENA
RMS376688278533003,24755911,20247559117,VILTE,DAMIAN MARCOS,23461218164,FAMILIAR,46121816,F,,VILTE FILOMENA
RMS376688278533003,24755911,20247559117,VILTE,DAMIAN MARCOS,27490083893,FAMILIAR,49008389,F,,VILTE OLIVIA
RMS376688278533003,24755911,20247559117,VILTE,DAMIAN MARCOS,27252517613,FAMILIAR,25251761,F,OTERO,CECILIA
RMS376401787973003,5333794,27053337940,GORGA,LIDIA INES,20043730798,FAMILIAR,4373079,M,BATTISTA,JUAN CARLOS
RMS376686266181009,22201642,27222016423,GARCIA,SANDRA EDITH,20214646839,CONYUGE,21464683,M,MAISSONAVE,GABRIEL ALBERTO
RMS376405199451003,20499339,23204993394,SANTALUCIA,MARINA ARACELI,20498284230,FAMILIAR,49828423,M,,"LABISTE LEONIDAS                                                                                                                                      "
RMS376405199451003,20499339,23204993394,SANTALUCIA,MARINA ARACELI,27439802133,FAMILIAR,43980213,F,LABISTE,LAURENTINA
RMS376417309137000,36607636,20366076361,RIVERO,MATIAS EMANUEL,20557310496,HIJO/A,55731049,M,,RIVERO BECK BASTIAN
RMS376417309137000,36607636,20366076361,RIVERO,MATIAS EMANUEL,23394323624,FAMILIAR,39432362,F,BECK,MAGALI
RMS376639463035007,31223664,20312236649,SAID,GABRIEL ALBERTO,20469352820,HIJO/A,46935282,M,,"SAID AGUSTIN GABRIEL                                                                                                                                  "
RMS376639463035007,31223664,20312236649,SAID,GABRIEL ALBERTO,27547054364,HIJO/A,54705436,F,,SAID JULIA
RMS376418797164001,21788576,20217885761,TRUSSO,MAXIMILIANO,27433239917,FAMILIAR,43323991,F,TRUSSO DE ACHAVAL,OLIVIA
RMS376639361181002,29858410,20298584108,HERMOSILLA,FRANCO MARTIN,27554526603,HIJO/A,55452660,F,,HERMOSILLA YIBRIL
RMS376639361181002,29858410,20298584108,HERMOSILLA,FRANCO MARTIN,27262196920,FAMILIAR,26219692,F,GOMEZ,JORGELINA ELENA
RMS376639361181002,29858410,20298584108,HERMOSILLA,FRANCO MARTIN,27474684313,FAMILIAR,47468431,F,,"HERMOSILLA CONSTANZA SABINA                                                                                                                           "
RMS376639361181002,29858410,20298584108,HERMOSILLA,FRANCO MARTIN,20580434445,FAMILIAR,58043444,M,HERMOSILLA BAUTISTA,
RMS376639361181002,29858410,20298584108,HERMOSILLA,FRANCO MARTIN,27451061955,FAMILIAR,45106195,F,,"HERMOSILLA FRANCA VALENTINA                                                                                                                           "
RMS379975010071005,27150635,20271506350,PRETTO,DIEGO ALEJANDRO,20439773988,HIJO/A,43977398,M,PRETTO,MAURO ALEJO
RMS376418441361003,28390051,20283900518,ULLOQUE,LUCAS LEONARDO,20542644681,HIJO/A,54264468,M,,ULLOQUE REBOLLEDO XAVIER AGUSTIN
RMS376417175941006,27691648,27276916489,FIGUEROA ALCORTA,INES,20566419743,FAMILIAR,56641974,M,,LUTZ FIGUEROA ALCORTA BELTRAN RAMON
RMS379975612181004,12091111,20120911113,CHIALE,CARLOS ALBERTO,20304010399,HIJO/A,30401039,M,CHIALE SANTIAGO,
RMS379975612181004,12091111,20120911113,CHIALE,CARLOS ALBERTO,20330831287,HIJO/A,33083128,M,VALLE,PABLO DANIEL
RMS379975612181004,12091111,20120911113,CHIALE,CARLOS ALBERTO,27142178694,CONYUGE,14217869,F,SCARAFIA,MARIA EMMA
DNI 25255438,25255438,27252554381,LOPOPOLO,DORA GRACIELA,23512236219,FAMILIAR,51223621,M,,"BARROS PABLO ALBERTO                                                                                                                                  "
DNI 25255438,25255438,27252554381,LOPOPOLO,DORA GRACIELA,24427177749,FAMILIAR,42717774,F,,"BARROS LOURDES MARTINA                                                                                                                                "
DNI 25255438,25255438,27252554381,LOPOPOLO,DORA GRACIELA,27456668785,FAMILIAR,45666878,F,,"BARROS SOL MORENA                                                                                                                                     "
DNI 16065145,16065145,27160651453,SERRANO,SILVIA NELIDA,27433788961,FAMILIAR,43378896,F,SAMPAOLESI,ANABELLA JAEL
DNI 16065145,16065145,27160651453,SERRANO,SILVIA NELIDA,27433788953,FAMILIAR,43378895,F,SAMPAOLESI,SOFIA MILAGROS
DNI 25720797,25720797,20257207979,BATRES,ESTEBAN JESUS,20438056727,HIJO,43805672,M,,"BATRES ZOE                                                                                                                                            "
DNI 25720797,25720797,20257207979,BATRES,ESTEBAN JESUS,27252732239,CONYUGE,25273223,F,ARCE,MARIA MERCEDES
DNI 25720797,25720797,20257207979,BATRES,ESTEBAN JESUS,27543433743,HIJO/A,54343374,F,,BATRES LIBERTAD
DNI 25720797,25720797,20257207979,BATRES,ESTEBAN JESUS,20102542402,FAMILIAR,10254240,M,BATRES,MARIO JESUS
DNI 25720797,25720797,20257207979,BATRES,ESTEBAN JESUS,20269463407,HERMANO,26946340,M,BATRES,PABLO NELSON
DNI 25720797,25720797,20257207979,BATRES,ESTEBAN JESUS,27284721719,HERMANO,28472171,F,BATRES,MARIA EUGENIA
DNI 20405805,20405805,27204058054,RODRIGUEZ,MABEL NOEMI,20245652144,FAMILIAR,24565214,M,GORORDO,DIEGO HERALDO
DNI 20405805,20405805,27204058054,RODRIGUEZ,MABEL NOEMI,20178112962,FAMILIAR,17811296,M,,"BARBEITO DANIEL RICARDO                                                                                                                               "
DNI 20405805,20405805,27204058054,RODRIGUEZ,MABEL NOEMI,20407436173,VINCULADOS,40743617,M,GORORDO,MARCOS NICOLAS
DNI 30791492,30791492,27307914927,CASTRO,MARINA VANESSA ITATI,20149548638,FAMILIAR,14954863,M,CASTRO,MARIO ALEJANDRO
DNI 30791492,30791492,27307914927,CASTRO,MARINA VANESSA ITATI,20329793258,HERMANO,32979325,M,CASTRO ALAN ALEJANDRO,
DNI 30791492,30791492,27307914927,CASTRO,MARINA VANESSA ITATI,27166472291,VINCULADOS,16647229,F,GALARRAGA,MONICA BEATRIZ
DNI 30791492,30791492,27307914927,CASTRO,MARINA VANESSA ITATI,27373287194,HERMANO,37328719,F,CASTRO,BRENDA MONICA LEONOR
DNI 92490760,92490760,20924907607,MORA,"ENRIQUE MARTIN     ",20442615358,HIJO,44261535,M,MORA RAMIREZ,IVAN ADRIAN
DNI 34408296,34408296,20344082961,GIORDANENGO NICOLAS EDUARDO,NICOLAS EDUARDO,20112738119,FAMILIAR,11273811,M,GIORDANENGO,EDUARDO FRANCISCO
DNI 92683260,92683260,20926832604,MORADO,"MANUEL EDUARD       ",23462146604,HIJO/A,46214660,M,,"MORADO MARIA DELFINA                                                                                                                                  "
DNI 41874261,41874261,20418742616,MOREYRA,DANIEL EDUARDO,27174741846,FAMILIAR,17474184,F,GODOY SARA MABEL,
DNI 41874261,41874261,20418742616,MOREYRA,DANIEL EDUARDO,23177644269,FAMILIAR,17764426,M,MOREYRA,JORGE ORLANDO
DNI 17031923,17031923,20170319231,ALECCI,DANIEL ALEJANDRO,20345046160,HIJO/A,34504616,M,ALECCI,NICOLAS ALEJANDRO
DNI 17031923,17031923,20170319231,ALECCI,DANIEL ALEJANDRO,27217263684,CONVIVIENTE,21726368,F,CABRAL,MARIA JOSE
DNI 17031923,17031923,20170319231,ALECCI,DANIEL ALEJANDRO,27422148685,HIJO/A,42214868,F,ALECCI,MARIA BELEN
DNI 17031923,17031923,20170319231,ALECCI,DANIEL ALEJANDRO,27141867348,FAMILIAR,14186734,F,AMICARELLI,ADRIANA MARIA R
DNI 37475615,37475615,20374756150,AQUINO,GONZALO EMMANUEL,20203817178,FAMILIAR,20381717,M,AQUINO,RICARDO DEL CARMEN
DNI 37475615,37475615,20374756150,AQUINO,GONZALO EMMANUEL,27216274526,VINCULADOS,21627452,F,CASAS,ELIZABETH DEL VALLE
DNI 37475615,37475615,20374756150,AQUINO,GONZALO EMMANUEL,27331014929,HERMANO,33101492,F,AQUINO,CRISTINA ALEJANDRA
DNI 37475615,37475615,27374756155,AQUINO,"ALCAZAR MARIELA VANE                                                                                                                                  ",20139833393,FAMILIAR,13983339,M,ALCAZAR,AGUSTIN ALFREDO
DNI 37475615,37475615,27374756155,AQUINO,"ALCAZAR MARIELA VANE                                                                                                                                  ",20361464398,HERMANO,36146439,M,ALCAZAR,ALFREDO EZEQUIEL
DNI 37475615,37475615,27374756155,AQUINO,"ALCAZAR MARIELA VANE                                                                                                                                  ",27160136044,VINCULADOS,16013604,F,FERNANDEZ,GLORIA DEL CARMEN
DNI 37475615,37475615,27374756155,AQUINO,"ALCAZAR MARIELA VANE                                                                                                                                  ",27332229678,HERMANO,33222967,F,ALCAZAR,MAYRA GISEL
DNI 23472771,23472771,20234727711,CIANCIO,SERGIO ARIEL,20525816916,FAMILIAR,52581691,M,,"CIANCIO SANTIAGO ARIEL                                                                                                                                "
DNI 23472771,23472771,20234727711,CIANCIO,SERGIO ARIEL,27461237962,FAMILIAR,46123796,F,,"CIANCIO GIULIANA ANDRE                                                                                                                                "
DNI 23472771,23472771,20234727711,CIANCIO,SERGIO ARIEL,27239030241,FAMILIAR,23903024,F,LHEZ,EVANGELINA ANDREA
DNI 31589077,31589077,20315890773,SARLO,RODOLFO SEBASTIAN,27446404011,FAMILIAR,44640401,F,,"SARLO CONSTANZA VALENTINA                                                                                                                             "
DNI 31589077,31589077,20315890773,SARLO,RODOLFO SEBASTIAN,27279606308,FAMILIAR,27960630,F,LEIVA,GRISELDA NOEMI
DNI 31589077,31589077,20315890773,SARLO,RODOLFO SEBASTIAN,20523844815,FAMILIAR,52384481,M,,"SARLO GERONIMO SEBASTIAN                                                                                                                              "
DNI 31589077,31589077,20315890773,SARLO,RODOLFO SEBASTIAN,27541057426,FAMILIAR,54105742,F,,SARLO AMPARITO
DNI 31589077,31589077,20315890773,SARLO,RODOLFO SEBASTIAN,27486645127,FAMILIAR,48664512,F,,"SARLO LOURDES AVRIL                                                                                                                                   "
DNI 30226100,30226100,27302261003,MARAVERT,JULIA SOLEDAD,27485242347,HIJO/A,48524234,F,,"PELLEGRINI MARAVERT UMA ANGELINA                                                                                                                      "
DNI 30226100,30226100,27302261003,MARAVERT,JULIA SOLEDAD,20299503128,FAMILIAR,29950312,M,PELLEGRINI,PABLO ANDRES
DNI 29459793,29459793,20294597930,PERALTA,FRANCO GUSTAVO,27470489850,FAMILIAR,47048985,F,,"PERALTA JUANA ISABELLA                                                                                                                                "
DNI 35460840,35460840,20354608406,ESCOBAR,LUCAS ARIEL,27139921157,FAMILIAR,13992115,F,GENARO,ALICIA GRACIELA
DNI 35460840,35460840,20354608406,ESCOBAR,LUCAS ARIEL,20121718090,FAMILIAR,12171809,M,ESCOBAR,ROBERTO DANIEL
DNI 14558183,14558183,20145581835,VLADIMIRSKY SERGIO A,SERGIO ALBERTO,20405370027,FAMILIAR,40537002,M,VLADIMIRSKY,ANDRES
DNI 14558183,14558183,20145581835,VLADIMIRSKY SERGIO A,SERGIO ALBERTO,27185226099,FAMILIAR,18522609,F,PASZUCKI,LYDIA PATRICIA
DNI 14558183,14558183,20145581835,VLADIMIRSKY SERGIO A,SERGIO ALBERTO,27422011280,FAMILIAR,42201128,F,VLADIMIRSKY,LARA
DNI 21586019,21586019,20215860192,GUILLERMET,FERNANDO JAVIER,20446259246,HIJO/A,44625924,M,,"GUILLERMET JUAN PABLO                                                                                                                                 "
DNI 21586019,21586019,20215860192,GUILLERMET,FERNANDO JAVIER,23418846054,HIJO,41884605,F,GUILLERMET,MARIA LUCIA
DNI 21586019,21586019,20215860192,GUILLERMET,FERNANDO JAVIER,27215165197,CONYUGE,21516519,F,MIRALLES,MARIA FERNANDA
DNI 21586019,21586019,20215860192,GUILLERMET,FERNANDO JAVIER,27405973176,HIJO/A,40597317,F,GUILLERMET,MARIA DOLORES
DNI 21586019,21586019,20215860192,GUILLERMET,FERNANDO JAVIER,27460613286,HIJO/A,46061328,F,,"GUILLERMET MARIA FRANCISCA                                                                                                                            "
DNI 21586019,21586019,20215860192,GUILLERMET,FERNANDO JAVIER,27496337269,HIJO/A,49633726,F,,GUILLERMET VICENCIO MARIA JUANITA
DNI 21586019,21586019,20215860192,GUILLERMET,FERNANDO JAVIER,27545402160,HIJO/A,54540216,F,,GUILLERMET VICENCIO MARIA PAULINA
DNI 25029467,25029467,27250294676,GONZALEZ,LAURA MARCELA,20440920323,HIJO,44092032,M,LAVENA,IGNACIO OMAR
DNI 25029467,25029467,27250294676,GONZALEZ,LAURA MARCELA,20544254023,FAMILIAR,54425402,M,,FERREYRA LAUTARO SEBASTIAN
DNI 25029467,25029467,27250294676,GONZALEZ,LAURA MARCELA,20500451565,FAMILIAR,50045156,M,,"FERREYRA EZEQUIEL NICOLAS                                                                                                                             "
DNI 25029467,25029467,27250294676,GONZALEZ,LAURA MARCELA,20077820672,FAMILIAR,7782067,M,GONZALEZ,OMAR R
DNI 25029467,25029467,27250294676,GONZALEZ,LAURA MARCELA,20241574645,FAMILIAR,24157464,M,LAVENA,NESTOR OMAR
DNI 32668198,32668198,23326681989,TOLOSA,ABEL FRANCISCO,23542157194,HIJO/A,54215719,F,,TOLOSA LUCERO MARTINA
DNI 32668198,32668198,23326681989,TOLOSA,ABEL FRANCISCO,27358686732,FAMILIAR,35868673,F,RUSI,SILVIA ANAHI
DNI 32668198,32668198,23326681989,TOLOSA,ABEL FRANCISCO,27170511854,FAMILIAR,17051185,F,QUIJANO,ADRIANA BEATRIZ
DNI 32668198,32668198,23326681989,TOLOSA,ABEL FRANCISCO,20484913863,FAMILIAR,48491386,M,,"ABELDAÑO CRISTIAN EZEQUIEL                                                                                                                            "
DNI 31217614,31217614,27312176144,BRIZUELA,SILVANA BEATRIZ,27501071469,FAMILIAR,50107146,F,,"BRIZUELA AMIRA NATALI                                                                                                                                 "
DNI 26971939,26971939,27269719392,DI GIOVANNI,VERONICA VANESA,20531695039,FAMILIAR,53169503,M,,TATA BRUNO BAUTISTA
DNI 26971939,26971939,27269719392,DI GIOVANNI,VERONICA VANESA,23477423329,FAMILIAR,47742332,M,,"TATA JOAQUIN JOEL                                                                                                                                     "
DNI 18399095,18399095,20183990951,CATALA,HERNAN JORGE,27553902474,FAMILIAR,55390247,F,,CATALA PAMELA MAGALI
DNI 34535603,34535603,20345356038,MATHARAN,PABLO EUGENIO,27544235538,HIJO/A,54423553,F,,MATHARAN ALMENDRA RENATA
DNI 34535603,34535603,20345356038,MATHARAN,PABLO EUGENIO,23082731229,FAMILIAR,8273122,M,MATHARAN,CARLOS ALBERTO
DNI 34535603,34535603,20345356038,MATHARAN,PABLO EUGENIO,27116430776,FAMILIAR,11643077,F,ORTIZ,MARIA TERESA
DNI 34535603,34535603,20345356038,MATHARAN,PABLO EUGENIO,27567780819,FAMILIAR,56778081,F,,MATHARAN EUGENIO VLADIMIR
DNI 26102223,26102223,20261022231,BAEZ,PABLO JAVIER,27288088972,CONYUGE,28808897,F,VILLARRUEL,MARIA CRISTINA
DNI 21622047,21622047,20216220472,PINELLI,RAMON EDUARDO,20356548990,HIJO/A,35654899,M,PINELLI,GUSTAVO RAFAEL
DNI 21622047,21622047,20216220472,PINELLI,RAMON EDUARDO,20367985527,HIJO/A,36798552,M,PINELLI,JONATHAN EDUARDO
DNI 21622047,21622047,20216220472,PINELLI,RAMON EDUARDO,20388754363,HIJO/A,38875436,M,PINELLI,CRISTIAN ALEJANDRO
DNI 21622047,21622047,20216220472,PINELLI,RAMON EDUARDO,27181166334,CONYUGE,18116633,F,RECLUSA IRIBARREN,ANGELA INES
DNI 21622047,21622047,20216220472,PINELLI,RAMON EDUARDO,27402836453,HIJO/A,40283645,F,PINELLI,MADELEIN ITATI
DNI 30556339,30556339,27305563396,SAVIGLIANO,GUADALUPE IRMA,23464394109,FAMILIAR,46439410,M,,"LEZCANO SAVIGLIANO AGUSTIN ALEJANDRO                                                                                                                  "
DNI 30556339,30556339,27305563396,SAVIGLIANO,GUADALUPE IRMA,23924891874,FAMILIAR,92489187,F,CORDERO,"MARIA GUADALUPE        "
DNI 30556339,30556339,27305563396,SAVIGLIANO,GUADALUPE IRMA,20284077572,FAMILIAR,28407757,M,LEZCANO MIGUEL JORGE,
DNI 30556339,30556339,27305563396,SAVIGLIANO,GUADALUPE IRMA,20040835025,FAMILIAR,4083502,M,SAVIGLIANO,JOSE LUIS
DNI 26640420,26640420,20266404205,VALDEZ,WALTER OMAR,27456860902,HIJO/A,45686090,F,,"VALDEZ TIARA APRIL                                                                                                                                    "
DNI 26640420,26640420,20266404205,VALDEZ,WALTER OMAR,27533834634,HIJO/A,53383463,F,,VALDEZ MORA BRIANA
DNI 11607659,11607659,20116076595,SOPLAN,JOSE LUIS,20416691534,FAMILIAR,41669153,M,SOPLAN VIDAL,IGNACIO
DNI 11607659,11607659,20116076595,SOPLAN,JOSE LUIS,20426299365,FAMILIAR,42629936,M,SOPLAN VIDAL,MATIAS
DNI 30183159,30183159,27301831590,BARREIRO,MARIA GUADALUPE,27063880545,FAMILIAR,6388054,F,ALDATZ,LIA VIOLETA
DNI 31761346,31761346,27317613461,CRAIYACICH LARRUCEA,ROCIO PRISCILA,20559841340,FAMILIAR,55984134,M,,FILIPOFF CRAIYACICH IVO
DNI 17262383,17262383,20172623833,RAMALLO,ENRIQUE MARCELO,20439552256,HIJO,43955225,M,RAMALLO,GIAN FRANCO
DNI 17262383,17262383,20172623833,RAMALLO,ENRIQUE MARCELO,23548478189,HIJO/A,54847818,M,,RAMALLO LAZARO
DNI 17262383,17262383,20172623833,RAMALLO,ENRIQUE MARCELO,27393692877,HIJO,39369287,F,RAMALLO,LORELEY MARLENE
DNI 17262383,17262383,20172623833,RAMALLO,ENRIQUE MARCELO,27482560372,HIJO/A,48256037,F,,"RAMALLO ANABELA GUADALUPE                                                                                                                             "
DNI 17262383,17262383,20172623833,RAMALLO,ENRIQUE MARCELO,27205095646,FAMILIAR,20509564,F,GIURICICH,ALICIA REGINA
RMS376417364131005,18266783,27182667833,MURIEL,MARIELA LAURA,20394169618,HIJO/A,39416961,M,SUTTO,JOAQUIN
RMS376417364131005,18266783,27182667833,MURIEL,MARIELA LAURA,20404592646,HIJO/A,40459264,M,SUTTO,JUAN BAUTISTA
RMS376417364131005,18266783,27182667833,MURIEL,MARIELA LAURA,27934744328,FAMILIAR,93474432,F,ABALOS,"AMADORA       "
