﻿IdExterno,CUIL,Documento,Apellido,Nombre,Entidad,Periodo,Monto,Situacion,SituacionDesc
DNIE96051746,27960517461,96051746,MOREIRA SILVA GENILMA,MOREIRA SILVA GENILMA,BBVA BANCO FRANCES S.A.,07-2021,21000.00,2,Con seguimiento especial
DNIE95961400,27959614003,95961400,RAMOS TARAZONA DARMARIS DEL JESUS,RAMOS TARAZONA DARMARIS DEL JESUS,BBVA BANCO FRANCES S.A.,07-2021,36000.00,4,Con alto riesgo de insolvencia
DNIE95981914,27959819144,95981914,ARO LETICIA YUMI,ARO LETICIA YUMI,BBVA BANCO FRANCES S.A.,07-2021,26000.00,4,Con alto riesgo de insolvencia
DNIE95316306,20953163064,95316306,MOLLINEDO CHOQUE MARCOS ABEL,MOLLINEDO CHOQUE MARCOS ABEL,BBVA BANCO FRANCES S.A.,07-2021,49000.00,3,Con problemas
DNIE95316306,20953163064,95316306,MOLLINEDO CHOQUE MARCOS ABEL,MOLLINEDO CHOQUE MARCOS ABEL,Waynicoin S.R.L.,07-2021,4000.00,3,Con problemas
DNIE96002754,27960027545,96002754,DA SILVA BARROS SUELEN,DA SILVA BARROS SUELEN,BBVA BANCO FRANCES S.A.,07-2021,18000.00,3,Con problemas
DNIE95952188,27959521889,95952188,FREIRE NASCIMENTO RAIANE,FREIRE NASCIMENTO RAIANE,BBVA BANCO FRANCES S.A.,07-2021,8000.00,3,Con problemas
DNI 43776351,27437763513,43776351,MENDOZA JULIA DEL CARMEN,"MENDOZA JULIA DEL CERMEN                                                                                                                              ",BBVA BANCO FRANCES S.A.,07-2021,45000.00,4,Con alto riesgo de insolvencia
DNI 40189825,27401898250,40189825,PRADO,ELIZABETH FATIMA,BBVA BANCO FRANCES S.A.,07-2021,12000.00,5,Irrecuperable
DNIE95862972,27958629724,95862972,ALVES COSTA CAVALHEIRO JANE,ALVES COSTA CAVALHEIRO JANE,BBVA BANCO FRANCES S.A.,07-2021,26000.00,4,Con alto riesgo de insolvencia
DNIE96073669,27960736694,96073669,CASTILLO GUERRA YANNELIS TERESA,CASTILLO GUERRA YANNELIS TERESA,BBVA BANCO FRANCES S.A.,07-2021,31000.00,3,Con problemas
DNIE95905820,27959058208,95905820,MATHEUS ALTOE ANA AMELIA,MATHEUS ALTOE ANA AMELIA,BBVA BANCO FRANCES S.A.,07-2021,40000.00,4,Con alto riesgo de insolvencia
DNIE95928487,27959284879,95928487,PINHO DA SILVA KETLEN NAYA,PINHO DA SILVA KETLEN NAYA,BBVA BANCO FRANCES S.A.,07-2021,50000.00,3,Con problemas
DNIE96026013,27960260134,96026013,MARTINS VIEIRA PATRICIA APARECIDA,MARTINS VIEIRA PATRICIA APAREC,BBVA BANCO FRANCES S.A.,07-2021,113000.00,4,Con alto riesgo de insolvencia
DNIE95983650,27959836502,95983650,TESSARI AVILA FERNANDA,TESSARI AVILA FERNANDA,BBVA BANCO FRANCES S.A.,07-2021,30000.00,4,Con alto riesgo de insolvencia
DNIE95925857,27959258576,95925857,MELO CINTRA CAROLINE,MELO CINTRA CAROLINE,BBVA BANCO FRANCES S.A.,07-2021,25000.00,3,Con problemas
DNIE96093456,20960934564,96093456,AGUAYO VILLAR IGNACIO,AGUAYO IGNACIO,BBVA BANCO FRANCES S.A.,07-2021,25000.00,2,Con seguimiento especial
DNIE95944575,27959445759,95944575,FUENMAYOR VILLALOBOS MAYERLING COROMOTO,FUENMAYOR VILLALOBOS MAYERLING COROMOTO,BANCO DE LA PROVINCIA DE BUENOS AIRES,07-2021,644000.00,1,En situación normal
DNIE95944575,27959445759,95944575,FUENMAYOR VILLALOBOS MAYERLING COROMOTO,FUENMAYOR VILLALOBOS MAYERLING COROMOTO,BBVA BANCO FRANCES S.A.,07-2021,102000.00,2,Con seguimiento especial
DNIE95944575,27959445759,95944575,FUENMAYOR VILLALOBOS MAYERLING COROMOTO,FUENMAYOR VILLALOBOS MAYERLING COROMOTO,TARJETA NARANJA S.A.,07-2021,12000.00,1,En situación normal
DNIE96064355,27960643556,96064355,VALADAO DOS SANTOS JURACY,VALADAO DOS SANTOS JURACY,BBVA BANCO FRANCES S.A.,07-2021,38000.00,2,Con seguimiento especial
DNI 14790848,20147908483,14790848,VIDAL,WALTER DARIO,INDUSTRIAL AND COMMERCIAL BANK OF CHINA (ARGENTINA) S.A.,07-2021,110000.00,3,Con problemas
DNI 14790848,20147908483,14790848,VIDAL,WALTER DARIO,BANCO SANTANDER RIO S.A.,07-2021,225000.00,5,Irrecuperable
DNIE95889166,27958891666,95889166,PORTELA DE PAULO JOSELAINE,PORTELA DE PAULO JOSELAINE,BBVA BANCO FRANCES S.A.,07-2021,6000.00,5,Irrecuperable
DNIE96004241,27960042412,96004241,BATISTA DE SOUZA LAURA,BATISTA DE SOUZA LAURA,BBVA BANCO FRANCES S.A.,07-2021,36000.00,3,Con problemas
DNIE96004241,27960042412,96004241,BATISTA DE SOUZA LAURA,BATISTA DE SOUZA LAURA,TARJETA NARANJA S.A.,07-2021,24000.00,3,Con problemas
DNIE95922349,27959223497,95922349,MACIEL GARCIA ISIS,MACIEL GARCIA ISIS,BANCO SANTANDER RIO S.A.,07-2021,6000.00,5,Irrecuperable
DNI 33569533,27335695335,33569533,ELIAS,ANABELA SOLEDAD,BANCO SANTANDER RIO S.A.,07-2021,268000.00,5,Irrecuperable
DNI 30189077,27301890775,30189077,LOPEZ,PAULA CAROLINA,BANCO SANTANDER RIO S.A.,07-2021,76000.00,5,Irrecuperable
DNI 14345767,27143457678,14345767,BALAGNA,SUSANA EDITH,BANCO SANTANDER RIO S.A.,07-2021,89000.00,5,Irrecuperable
DNI 33097289,20330972891,33097289,CASCARDO,MATIAS GABRIEL,BANCO SANTANDER RIO S.A.,07-2021,352000.00,5,Irrecuperable
DNI 33381576,20333815762,33381576,SANGOY VEDIA,LUCAS FERNANDO,BANCO SANTANDER RIO S.A.,07-2021,12000.00,5,Irrecuperable
DNIE95891753,27958917533,95891753,RIBEIRO DEBORAH DANIELE,RIBEIRO DEBORAH DANIELE,BANCO SANTANDER RIO S.A.,07-2021,8000.00,5,Irrecuperable
DNI 37609859,20376098592,37609859,TERMINE,FRANCO EMANUEL,BANCO SANTANDER RIO S.A.,07-2021,141000.00,5,Irrecuperable
DNI 37609859,20376098592,37609859,TERMINE,FRANCO EMANUEL,BANCO DE SERVICIOS FINANCIEROS S.A.,07-2021,8000.00,4,Con alto riesgo de insolvencia
DNI 28150169,20281501691,28150169,MOA,LUCAS MATIAS,BANCO SANTANDER RIO S.A.,07-2021,863000.00,5,Irrecuperable
DNI 27657344,20276573447,27657344,BRITOS,DIEGO SEBASTIAN,BANCO SANTANDER RIO S.A.,07-2021,20000.00,4,Con alto riesgo de insolvencia
DNIE95944014,27959440145,95944014,GONZALEZ RUIZ MARIA YUREIBY,GONZALEZ RUIZ MARIA YUREIBY,BANCO SANTANDER RIO S.A.,07-2021,12000.00,5,Irrecuperable
DNI 18350980,27183509808,18350980,VERA,MARIA CRISTINA,BANCO SANTANDER RIO S.A.,07-2021,301000.00,5,Irrecuperable
DNIE94645018,23946450189,94645018,Rozo Vega Diego Fernando,DIEGO,BANCO DE LA PROVINCIA DE BUENOS AIRES,07-2021,802000.00,4,Con alto riesgo de insolvencia
DNIE94645018,23946450189,94645018,Rozo Vega Diego Fernando,DIEGO,BANCO SUPERVIELLE S.A.,07-2021,4000.00,5,Irrecuperable
DNIE94645018,23946450189,94645018,Rozo Vega Diego Fernando,DIEGO,BANCO SANTANDER RIO S.A.,07-2021,268000.00,5,Irrecuperable
DNIE94645018,23946450189,94645018,Rozo Vega Diego Fernando,DIEGO,BANCO DE SERVICIOS FINANCIEROS S.A.,07-2021,14000.00,4,Con alto riesgo de insolvencia
DNIE95874200,27958742008,95874200,MENESES VIDAL PAOLA,MENESES VIDAL PAOLA,BANCO SANTANDER RIO S.A.,07-2021,3000.00,5,Irrecuperable
DNI 10918385,27109183852,10918385,SOLIS,MAGDALENA MARIA,BANCO DE GALICIA Y BUENOS AIRES S.A.U.,07-2021,65000.00,2,Con seguimiento especial
DNI 10918385,27109183852,10918385,SOLIS,MAGDALENA MARIA,BANCO SANTANDER RIO S.A.,07-2021,23000.00,5,Irrecuperable
DNI 28208375,20282083753,28208375,AGUIRRE,CARLOS PATRICIO,BANCO SANTANDER RIO S.A.,07-2021,257000.00,5,Irrecuperable
DNI 32318160,20323181609,32318160,BEREA,EMILIANO,BANCO DE GALICIA Y BUENOS AIRES S.A.U.,07-2021,181000.00,1,En situación normal
DNI 32318160,20323181609,32318160,BEREA,EMILIANO,BANCO SANTANDER RIO S.A.,07-2021,36000.00,5,Irrecuperable
DNI 21625836,20216258364,21625836,DIAZ,ROBERTO ROQUE,BBVA BANCO FRANCES S.A.,07-2021,39000.00,5,Irrecuperable
DNI 21625836,20216258364,21625836,DIAZ,ROBERTO ROQUE,BANCO SANTANDER RIO S.A.,07-2021,30000.00,4,Con alto riesgo de insolvencia
DNI 37767072,20377670729,37767072,MAMINO CUESTA,FEDERICO EMANUEL,BANCO SANTANDER RIO S.A.,07-2021,108000.00,5,Irrecuperable
DNIE95107938,20951079384,95107938,BAEZ SANDER LUIS ALBERTO,Luis Alberto Baez,BANCO DE LA CIUDAD DE BUENOS AIRES,07-2021,34000.00,1,En situación normal
DNIE95107938,20951079384,95107938,BAEZ SANDER LUIS ALBERTO,Luis Alberto Baez,BANCO SANTANDER RIO S.A.,07-2021,29000.00,5,Irrecuperable
DNI 4718929,27047189298,4718929,RENAULT,LIDIA,BANCO SANTANDER RIO S.A.,07-2021,7000.00,5,Irrecuperable
DNI 31404414,20314044143,31404414,DOBBA,LUIS MIGUEL,BANCO SANTANDER RIO S.A.,07-2021,74000.00,5,Irrecuperable
DNI 30283526,27302835263,30283526,CUEVAS,CATALINA FRANCISCA,BANCO SANTANDER RIO S.A.,07-2021,116000.00,5,Irrecuperable
DNIE95887917,27958879178,95887917,PACHECO DO  VALE BEATRIZ,PACHECO DO VALE BEATRIZ,BANCO SANTANDER RIO S.A.,07-2021,2000.00,5,Irrecuperable
DNI 26114378,27261143785,26114378,BENITEZ,SILVINA ANDREA,BANCO SANTANDER RIO S.A.,07-2021,299000.00,5,Irrecuperable
DNI 26114378,27261143785,26114378,BENITEZ,SILVINA ANDREA,HSBC BANK ARGENTINA S.A.,07-2021,73000.00,5,Irrecuperable
DNI 26114378,27261143785,26114378,BENITEZ,SILVINA ANDREA,CREDITIA FIDEICOMISO FINANCIERO,07-2021,12000.00,5,Irrecuperable
DNI 26114378,27261143785,26114378,BENITEZ,SILVINA ANDREA,ARGENCRED S.A.,07-2021,27000.00,5,Irrecuperable
DNI 16215482,20162154827,16215482,SAGRETTI,RUBEN RICARDO,BANCO SANTANDER RIO S.A.,07-2021,134000.00,5,Irrecuperable
DNI 17726921,20177269213,17726921,SORESINA,GUIDO ESTEBAN,BANCO SANTANDER RIO S.A.,07-2021,840000.00,5,Irrecuperable
DNI 17726921,20177269213,17726921,SORESINA,GUIDO ESTEBAN,F.F PRIVADO YATASTO,07-2021,11000.00,5,Irrecuperable
DNI 17726921,20177269213,17726921,SORESINA,GUIDO ESTEBAN,F.F. PRIVADO FRANKEL,07-2021,144000.00,5,Irrecuperable
DNI 29756924,20297569245,29756924,LUCCISANO,FLAVIO EDUARDO,BANCO SANTANDER RIO S.A.,07-2021,36000.00,5,Irrecuperable
DNI 36977034,23369770349,36977034,ENSISO,PABLO NICOLAS,BANCO SANTANDER RIO S.A.,07-2021,103000.00,5,Irrecuperable
DNI 36977034,23369770349,36977034,ENSISO,PABLO NICOLAS,BANCO CREDICOOP COOPERATIVO LIMITADO,07-2021,139000.00,1,En situación normal
DNI 36977034,23369770349,36977034,ENSISO,PABLO NICOLAS,Moni Online S.A.,07-2021,10000.00,2,Con seguimiento especial
DNI 21956336,20219563362,21956336,OYHANART,MARTIN GABRIEL,BANCO SANTANDER RIO S.A.,07-2021,268000.00,5,Irrecuperable
DNI 21956336,20219563362,21956336,OYHANART,MARTIN GABRIEL,BANCO COLUMBIA S.A.,07-2021,130000.00,3,Con problemas
DNI 21956336,20219563362,21956336,OYHANART,MARTIN GABRIEL,CREDITIA FIDEICOMISO FINANCIERO,07-2021,19000.00,4,Con alto riesgo de insolvencia
DNI 21956336,20219563362,21956336,OYHANART,MARTIN GABRIEL,CENCOSUD S.A.,06-2021,154000.00,5,Irrecuperable
DNI 33789311,20337893113,33789311,CEJAS,CARLOS MARTIN,BANCO PATAGONIA S.A.,07-2021,42000.00,5,Irrecuperable
DNI 33789311,20337893113,33789311,CEJAS,CARLOS MARTIN,BANCO SANTANDER RIO S.A.,07-2021,35000.00,5,Irrecuperable
DNI 22827486,27228274866,22827486,CHAVEZ,ALICIA CLAUDIA,BANCO HIPOTECARIO S.A.,07-2021,14000.00,5,Irrecuperable
DNI 22827486,27228274866,22827486,CHAVEZ,ALICIA CLAUDIA,BANCO SANTANDER RIO S.A.,07-2021,23000.00,5,Irrecuperable
DNI 22827486,27228274866,22827486,CHAVEZ,ALICIA CLAUDIA,CREDITIA FIDEICOMISO FINANCIERO,07-2021,29000.00,5,Irrecuperable
DNI 21522059,27215220597,21522059,BERLAY,MONICA LILIANA,BANCO SANTANDER RIO S.A.,07-2021,328000.00,5,Irrecuperable
DNI 21522059,27215220597,21522059,BERLAY,MONICA LILIANA,BANCO MACRO S.A.,07-2021,32000.00,4,Con alto riesgo de insolvencia
DNI 20867234,27208672342,20867234,PUSSATTI,MYRIAN SUSANA,BANCO SANTANDER RIO S.A.,07-2021,418000.00,5,Irrecuperable
DNI 29265930,20292659300,29265930,PICCIANO,FERNANDO JUAN MANUEL,BANCO DE LA PROVINCIA DE BUENOS AIRES,07-2021,56000.00,3,Con problemas
DNI 29265930,20292659300,29265930,PICCIANO,FERNANDO JUAN MANUEL,BANCO SANTANDER RIO S.A.,07-2021,46000.00,5,Irrecuperable
DNI 29759924,20297599241,29759924,CALDERON,RAIMUNDO GERMAN,BANCO SANTANDER RIO S.A.,07-2021,166000.00,5,Irrecuperable
DNI 20685125,20206851253,20685125,CABRAL NICOLAS PASTOR,NICOLAS PASTOR,BANCO SANTANDER RIO S.A.,07-2021,93000.00,5,Irrecuperable
RMS376418863052007,20236283853,23628385,IBAÑEZ TRES,LEANDRO GUSTAVO MIGUEL,BANCO DE GALICIA Y BUENOS AIRES S.A.U.,07-2021,437000.00,1,En situación normal
RMS376418863052007,20236283853,23628385,IBAÑEZ TRES,LEANDRO GUSTAVO MIGUEL,BANCO BICA S.A.,07-2021,18000.00,5,Irrecuperable
RMS376418863052007,20236283853,23628385,IBAÑEZ TRES,LEANDRO GUSTAVO MIGUEL,AMERICAN EXPRESS ARGENTINA S.A.,07-2021,67000.00,1,En situación normal
DNI 39094711,23390947119,39094711,GUEVARA,MATIAS DANIEL,BANCO SANTANDER RIO S.A.,07-2021,93000.00,5,Irrecuperable
DNI 39094711,23390947119,39094711,GUEVARA,MATIAS DANIEL,Credinegocios Moscasil S.A.,07-2021,35000.00,1,En situación normal
DNI 34722190,20347221903,34722190,ESQUIVEL,DANIEL HECTOR,BANCO DE LA NACION ARGENTINA,07-2021,129000.00,1,En situación normal
DNI 34722190,20347221903,34722190,ESQUIVEL,DANIEL HECTOR,BANCO SANTANDER RIO S.A.,07-2021,328000.00,5,Irrecuperable
DNI 22581485,20225814857,22581485,RODRIGUEZ,GUSTAVO RODOLFO,BANCO SANTANDER RIO S.A.,07-2021,19000.00,5,Irrecuperable
RMS379975922061003,20309250460,30925046,REGUEIRA,RODRIGO MARTIN,BANCO DE LA NACION ARGENTINA,07-2021,16000.00,1,En situación normal
RMS379975922061003,20309250460,30925046,REGUEIRA,RODRIGO MARTIN,BBVA BANCO FRANCES S.A.,07-2021,269000.00,1,En situación normal
RMS379975922061003,20309250460,30925046,REGUEIRA,RODRIGO MARTIN,BANCO SANTANDER RIO S.A.,07-2021,597000.00,3,Con problemas
RMS379975922061003,20309250460,30925046,REGUEIRA,RODRIGO MARTIN,AMERICAN EXPRESS ARGENTINA S.A.,07-2021,79000.00,1,En situación normal
RMS379975922061003,20309250460,30925046,REGUEIRA,RODRIGO MARTIN,TARJETA NARANJA S.A.,07-2021,20000.00,1,En situación normal
RMS376416813117003,20043743725,4374372,GRISETTI,OSCAR PABLO,BANCO SANTANDER RIO S.A.,07-2021,113000.00,1,En situación normal
RMS376416813117003,20043743725,4374372,GRISETTI,OSCAR PABLO,BANCO COLUMBIA S.A.,07-2021,13000.00,2,Con seguimiento especial
RMS376416813117003,20043743725,4374372,GRISETTI,OSCAR PABLO,AMERICAN EXPRESS ARGENTINA S.A.,07-2021,15000.00,1,En situación normal
RMS376416813117003,20043743725,4374372,GRISETTI,OSCAR PABLO,CENCOSUD S.A.,06-2021,1000.00,1,En situación normal
RMS376418338011000,23041610379,4161037,CALCAGNO,JULIO ALBERTO,BANCO SANTANDER RIO S.A.,07-2021,113000.00,1,En situación normal
RMS376418338011000,23041610379,4161037,CALCAGNO,JULIO ALBERTO,BANCO MACRO S.A.,07-2021,44000.00,1,En situación normal
RMS376418338011000,23041610379,4161037,CALCAGNO,JULIO ALBERTO,AMERICAN EXPRESS ARGENTINA S.A.,07-2021,254000.00,1,En situación normal
RMS379975123082006,20078664712,7866471,DANERI,ANTONIO PEDRO,BANCO DE GALICIA Y BUENOS AIRES S.A.U.,07-2021,4000.00,1,En situación normal
RMS379975123082006,20078664712,7866471,DANERI,ANTONIO PEDRO,BANCO DE LA PROVINCIA DE BUENOS AIRES,07-2021,14000.00,1,En situación normal
RMS379975123082006,20078664712,7866471,DANERI,ANTONIO PEDRO,BANCO DE LA CIUDAD DE BUENOS AIRES,07-2021,35000.00,1,En situación normal
RMS379975123082006,20078664712,7866471,DANERI,ANTONIO PEDRO,BANCO HIPOTECARIO S.A.,07-2021,3000.00,1,En situación normal
RMS376636022051004,27360785985,36078598,ABRALDES,MICAELA AYLEN,BANCO DE GALICIA Y BUENOS AIRES S.A.U.,07-2021,419000.00,3,Con problemas
RMS376636022051004,27360785985,36078598,ABRALDES,MICAELA AYLEN,BBVA BANCO FRANCES S.A.,07-2021,295000.00,4,Con alto riesgo de insolvencia
RMS376636022051004,27360785985,36078598,ABRALDES,MICAELA AYLEN,AMERICAN EXPRESS ARGENTINA S.A.,07-2021,27000.00,3,Con problemas
RMS376636022051004,27360785985,36078598,ABRALDES,MICAELA AYLEN,TARJETA NARANJA S.A.,07-2021,90000.00,4,Con alto riesgo de insolvencia
RMS376685788143000,20051900945,5190094,CARBALLO,DOMINGO ALBERTO,BANCO DE LA PROVINCIA DE BUENOS AIRES,07-2021,186000.00,4,Con alto riesgo de insolvencia
RMS376685788143000,20051900945,5190094,CARBALLO,DOMINGO ALBERTO,BANCO SANTANDER RIO S.A.,07-2021,199000.00,2,Con seguimiento especial
RMS376685788143000,20051900945,5190094,CARBALLO,DOMINGO ALBERTO,AMERICAN EXPRESS ARGENTINA S.A.,07-2021,50000.00,1,En situación normal
RMS376418537191009,20081916838,8191683,LLANOS,JUAN,BANCO DE GALICIA Y BUENOS AIRES S.A.U.,07-2021,74000.00,1,En situación normal
RMS376418537191009,20081916838,8191683,LLANOS,JUAN,INDUSTRIAL AND COMMERCIAL BANK OF CHINA (ARGENTINA) S.A.,07-2021,48000.00,1,En situación normal
RMS376418537191009,20081916838,8191683,LLANOS,JUAN,BBVA BANCO FRANCES S.A.,07-2021,7000.00,3,Con problemas
RMS376418537191009,20081916838,8191683,LLANOS,JUAN,AMERICAN EXPRESS ARGENTINA S.A.,07-2021,21000.00,1,En situación normal
RMS376637572742000,27323000021,32300002,LOPEZ,ANDREA SILVANA,BANCO DE LA NACION ARGENTINA,07-2021,257000.00,1,En situación normal
RMS376637572742000,27323000021,32300002,LOPEZ,ANDREA SILVANA,AMERICAN EXPRESS ARGENTINA S.A.,07-2021,2000.00,1,En situación normal
RMS376418358331007,20242411081,24241108,GORBACEWICZ,LEONARDO DAVID,BBVA BANCO FRANCES S.A.,07-2021,110000.00,1,En situación normal
RMS376418358331007,20242411081,24241108,GORBACEWICZ,LEONARDO DAVID,BANCO SANTANDER RIO S.A.,07-2021,242000.00,2,Con seguimiento especial
RMS376418358331007,20242411081,24241108,GORBACEWICZ,LEONARDO DAVID,AMERICAN EXPRESS ARGENTINA S.A.,07-2021,124000.00,1,En situación normal
RMS376636533171002,20104621083,10462108,GARCIA,CARLOS ALBERTO,INDUSTRIAL AND COMMERCIAL BANK OF CHINA (ARGENTINA) S.A.,07-2021,89000.00,2,Con seguimiento especial
RMS376636533171002,20104621083,10462108,GARCIA,CARLOS ALBERTO,BANCO DE LA CIUDAD DE BUENOS AIRES,07-2021,3000.00,1,En situación normal
RMS376636533171002,20104621083,10462108,GARCIA,CARLOS ALBERTO,BANCO HIPOTECARIO S.A.,07-2021,39000.00,3,Con problemas
RMS376636533171002,20104621083,10462108,GARCIA,CARLOS ALBERTO,BANCO SANTANDER RIO S.A.,07-2021,26000.00,3,Con problemas
RMS376636533171002,20104621083,10462108,GARCIA,CARLOS ALBERTO,BANCO COLUMBIA S.A.,07-2021,10000.00,3,Con problemas
RMS376636533171002,20104621083,10462108,GARCIA,CARLOS ALBERTO,AMERICAN EXPRESS ARGENTINA S.A.,07-2021,1000.00,1,En situación normal
RMS376636533171002,20104621083,10462108,GARCIA,CARLOS ALBERTO,CENCOSUD S.A.,06-2021,44000.00,2,Con seguimiento especial
RMS376638908021002,20245845503,24584550,WINTER,CARLOS ARIEL,BANCO DE GALICIA Y BUENOS AIRES S.A.U.,07-2021,129000.00,1,En situación normal
RMS376638908021002,20245845503,24584550,WINTER,CARLOS ARIEL,BANCO DEL CHUBUT S.A.,07-2021,1194000.00,1,En situación normal
RMS376638908021002,20245845503,24584550,WINTER,CARLOS ARIEL,BANCO MACRO S.A.,07-2021,2325000.00,1,En situación normal
RMS376638908021002,20245845503,24584550,WINTER,CARLOS ARIEL,AMERICAN EXPRESS ARGENTINA S.A.,07-2021,36000.00,1,En situación normal
RMS376638908021002,20245845503,24584550,WINTER,CARLOS ARIEL,TARJETA NARANJA S.A.,07-2021,73000.00,1,En situación normal
RMS376636957051003,20349403383,34940338,AGHEMO,HERNAN,BANCO DE GALICIA Y BUENOS AIRES S.A.U.,07-2021,73000.00,1,En situación normal
RMS376636957051003,20349403383,34940338,AGHEMO,HERNAN,HSBC BANK ARGENTINA S.A.,07-2021,24000.00,1,En situación normal
RMS376636957051003,20349403383,34940338,AGHEMO,HERNAN,Wenance S.A.,07-2021,85000.00,1,En situación normal
RMS376636957051003,20349403383,34940338,AGHEMO,HERNAN,AMERICAN EXPRESS ARGENTINA S.A.,07-2021,13000.00,1,En situación normal
RMS379975481041008,20326986705,32698670,ROJAS PABLO IGNACIO,PABLO IGNACIO,BANCO DE GALICIA Y BUENOS AIRES S.A.U.,07-2021,675000.00,3,Con problemas
RMS379975481041008,20326986705,32698670,ROJAS PABLO IGNACIO,PABLO IGNACIO,BBVA BANCO FRANCES S.A.,07-2021,5000.00,1,En situación normal
RMS379975481041008,20326986705,32698670,ROJAS PABLO IGNACIO,PABLO IGNACIO,BANCO SANTANDER RIO S.A.,07-2021,3188000.00,4,Con alto riesgo de insolvencia
RMS376685390033003,23209856859,20985685,MARIOTTI,PABLO ALFREDO,ROMBO COMPAÑÍA FINANCIERA S.A.,07-2021,595000.00,1,En situación normal
RMS376685390033003,23209856859,20985685,MARIOTTI,PABLO ALFREDO,AMERICAN EXPRESS ARGENTINA S.A.,07-2021,37000.00,1,En situación normal
RMS379977857145009,20351139111,35113911,CARABAJAL,MAURO ORLANDO,Reserva del Norte S.A.,07-2021,3000.00,5,Irrecuperable
RMS379977857145009,20351139111,35113911,CARABAJAL,MAURO ORLANDO,AMERICAN EXPRESS ARGENTINA S.A.,07-2021,12000.00,4,Con alto riesgo de insolvencia
RMS379975603032000,20181691205,18169120,AGUIRRE,JULIO CESAR,BANCO SUPERVIELLE S.A.,07-2021,126000.00,1,En situación normal
RMS379975603032000,20181691205,18169120,AGUIRRE,JULIO CESAR,BANCO COLUMBIA S.A.,07-2021,10000.00,1,En situación normal
RMS379975603032000,20181691205,18169120,AGUIRRE,JULIO CESAR,AMERICAN EXPRESS ARGENTINA S.A.,07-2021,101000.00,1,En situación normal
RMS379975603032000,20181691205,18169120,AGUIRRE,JULIO CESAR,CENCOSUD S.A.,06-2021,258000.00,1,En situación normal
RMS376686445342001,27277720421,27772042,MARCUZZI CARDOZO,JULIANA,BANCO DE GALICIA Y BUENOS AIRES S.A.U.,07-2021,450000.00,1,En situación normal
RMS376686445342001,27277720421,27772042,MARCUZZI CARDOZO,JULIANA,BANCO DE LA CIUDAD DE BUENOS AIRES,07-2021,377000.00,1,En situación normal
RMS376686445342001,27277720421,27772042,MARCUZZI CARDOZO,JULIANA,BANCO PATAGONIA S.A.,07-2021,2000.00,1,En situación normal
RMS376686445342001,27277720421,27772042,MARCUZZI CARDOZO,JULIANA,BANCO COLUMBIA S.A.,07-2021,27000.00,1,En situación normal
RMS376686445342001,27277720421,27772042,MARCUZZI CARDOZO,JULIANA,AMERICAN EXPRESS ARGENTINA S.A.,07-2021,92000.00,1,En situación normal
RMS376686445342001,27277720421,27772042,MARCUZZI CARDOZO,JULIANA,CENCOSUD S.A.,06-2021,71000.00,1,En situación normal
RMS379975917061000,20222942625,22294262,TREGGIARI,FERNANDO DIEGO,BBVA BANCO FRANCES S.A.,07-2021,78000.00,1,En situación normal
RMS379975917061000,20222942625,22294262,TREGGIARI,FERNANDO DIEGO,BANCO SANTANDER RIO S.A.,07-2021,16000.00,4,Con alto riesgo de insolvencia
RMS379975917061000,20222942625,22294262,TREGGIARI,FERNANDO DIEGO,AMERICAN EXPRESS ARGENTINA S.A.,07-2021,33000.00,1,En situación normal
RMS376688278533003,20247559117,24755911,VILTE,DAMIAN MARCOS,BBVA BANCO FRANCES S.A.,07-2021,792000.00,4,Con alto riesgo de insolvencia
RMS376688278533003,20247559117,24755911,VILTE,DAMIAN MARCOS,BANCO DE LA CIUDAD DE BUENOS AIRES,07-2021,244000.00,3,Con problemas
RMS376688278533003,20247559117,24755911,VILTE,DAMIAN MARCOS,AMERICAN EXPRESS ARGENTINA S.A.,07-2021,56000.00,3,Con problemas
RMS376401787973003,27053337940,5333794,GORGA,LIDIA INES,INDUSTRIAL AND COMMERCIAL BANK OF CHINA (ARGENTINA) S.A.,07-2021,36000.00,1,En situación normal
RMS376401787973003,27053337940,5333794,GORGA,LIDIA INES,BANCO SANTANDER RIO S.A.,07-2021,129000.00,1,En situación normal
RMS376401787973003,27053337940,5333794,GORGA,LIDIA INES,BANCO ITAU ARGENTINA S.A.,07-2021,49000.00,1,En situación normal
RMS376401787973003,27053337940,5333794,GORGA,LIDIA INES,AMERICAN EXPRESS ARGENTINA S.A.,07-2021,17000.00,1,En situación normal
RMS376418461191009,23101324559,10132455,SAMPAYO,ONOFRE JUAN,BANCO DE LA NACION ARGENTINA,07-2021,48000.00,1,En situación normal
RMS376418461191009,23101324559,10132455,SAMPAYO,ONOFRE JUAN,INDUSTRIAL AND COMMERCIAL BANK OF CHINA (ARGENTINA) S.A.,07-2021,110000.00,1,En situación normal
RMS376418461191009,23101324559,10132455,SAMPAYO,ONOFRE JUAN,BANCO HIPOTECARIO S.A.,07-2021,20000.00,1,En situación normal
RMS376418461191009,23101324559,10132455,SAMPAYO,ONOFRE JUAN,BANCO SANTANDER RIO S.A.,07-2021,12000.00,1,En situación normal
RMS376418461191009,23101324559,10132455,SAMPAYO,ONOFRE JUAN,HSBC BANK ARGENTINA S.A.,07-2021,36000.00,1,En situación normal
RMS376418461191009,23101324559,10132455,SAMPAYO,ONOFRE JUAN,BANCO MACRO S.A.,07-2021,106000.00,1,En situación normal
RMS376418461191009,23101324559,10132455,SAMPAYO,ONOFRE JUAN,AMERICAN EXPRESS ARGENTINA S.A.,07-2021,58000.00,3,Con problemas
RMS376418461191009,23101324559,10132455,SAMPAYO,ONOFRE JUAN,CENCOSUD S.A.,06-2021,120000.00,1,En situación normal
RMS376686266181009,27222016423,22201642,GARCIA,SANDRA EDITH,BANCO DE GALICIA Y BUENOS AIRES S.A.U.,07-2021,169000.00,1,En situación normal
RMS376686266181009,27222016423,22201642,GARCIA,SANDRA EDITH,INDUSTRIAL AND COMMERCIAL BANK OF CHINA (ARGENTINA) S.A.,07-2021,122000.00,1,En situación normal
RMS376686266181009,27222016423,22201642,GARCIA,SANDRA EDITH,AMERICAN EXPRESS ARGENTINA S.A.,07-2021,36000.00,1,En situación normal
RMS376405199451003,23204993394,20499339,SANTALUCIA,MARINA ARACELI,BANCO DE GALICIA Y BUENOS AIRES S.A.U.,07-2021,95000.00,1,En situación normal
RMS376405199451003,23204993394,20499339,SANTALUCIA,MARINA ARACELI,BBVA BANCO FRANCES S.A.,07-2021,31000.00,1,En situación normal
RMS376405199451003,23204993394,20499339,SANTALUCIA,MARINA ARACELI,BANCO HIPOTECARIO S.A.,07-2021,48000.00,1,En situación normal
RMS376405199451003,23204993394,20499339,SANTALUCIA,MARINA ARACELI,AMERICAN EXPRESS ARGENTINA S.A.,07-2021,1000.00,1,En situación normal
RMS376405199451003,23204993394,20499339,SANTALUCIA,MARINA ARACELI,FERTIL FINANZAS S.A.,07-2021,16000.00,1,En situación normal
RMS376405199451003,23204993394,20499339,SANTALUCIA,MARINA ARACELI,TARJETA NARANJA S.A.,07-2021,114000.00,1,En situación normal
RMS376417309137000,20366076361,36607636,RIVERO,MATIAS EMANUEL,BANCO DE LA NACION ARGENTINA,07-2021,908000.00,1,En situación normal
RMS376417309137000,20366076361,36607636,RIVERO,MATIAS EMANUEL,BANCO SUPERVIELLE S.A.,07-2021,296000.00,1,En situación normal
RMS376417309137000,20366076361,36607636,RIVERO,MATIAS EMANUEL,BANCO DE LA CIUDAD DE BUENOS AIRES,07-2021,1014000.00,1,En situación normal
RMS376417309137000,20366076361,36607636,RIVERO,MATIAS EMANUEL,HSBC BANK ARGENTINA S.A.,07-2021,748000.00,1,En situación normal
RMS376417309137000,20366076361,36607636,RIVERO,MATIAS EMANUEL,AMERICAN EXPRESS ARGENTINA S.A.,07-2021,184000.00,1,En situación normal
RMS376639463035007,20312236649,31223664,SAID,GABRIEL ALBERTO,BANCO SANTANDER RIO S.A.,07-2021,620000.00,2,Con seguimiento especial
RMS376639463035007,20312236649,31223664,SAID,GABRIEL ALBERTO,HSBC BANK ARGENTINA S.A.,07-2021,218000.00,4,Con alto riesgo de insolvencia
RMS376639463035007,20312236649,31223664,SAID,GABRIEL ALBERTO,AMERICAN EXPRESS ARGENTINA S.A.,07-2021,119000.00,3,Con problemas
RMS376418797164001,20217885761,21788576,TRUSSO,MAXIMILIANO,BANCO DE GALICIA Y BUENOS AIRES S.A.U.,07-2021,2104000.00,1,En situación normal
RMS376418797164001,20217885761,21788576,TRUSSO,MAXIMILIANO,BBVA BANCO FRANCES S.A.,07-2021,579000.00,4,Con alto riesgo de insolvencia
RMS376418797164001,20217885761,21788576,TRUSSO,MAXIMILIANO,BANCO SUPERVIELLE S.A.,07-2021,33000.00,1,En situación normal
RMS376418797164001,20217885761,21788576,TRUSSO,MAXIMILIANO,BANCO SANTANDER RIO S.A.,07-2021,12641000.00,3,Con problemas
RMS376418797164001,20217885761,21788576,TRUSSO,MAXIMILIANO,HSBC BANK ARGENTINA S.A.,07-2021,88000.00,1,En situación normal
RMS376418797164001,20217885761,21788576,TRUSSO,MAXIMILIANO,AMERICAN EXPRESS ARGENTINA S.A.,07-2021,124000.00,1,En situación normal
RMS376418320072002,23147541449,14754144,PEREZ,FRANCISCO NARCISO,BANCO SANTANDER RIO S.A.,07-2021,1182000.00,1,En situación normal
RMS376418320072002,23147541449,14754144,PEREZ,FRANCISCO NARCISO,HSBC BANK ARGENTINA S.A.,07-2021,6000.00,1,En situación normal
RMS376418320072002,23147541449,14754144,PEREZ,FRANCISCO NARCISO,BANCO CREDICOOP COOPERATIVO LIMITADO,07-2021,330000.00,1,En situación normal
RMS376418320072002,23147541449,14754144,PEREZ,FRANCISCO NARCISO,BANCO COMAFI SOCIEDAD ANONIMA,07-2021,8000.00,1,En situación normal
RMS376418320072002,23147541449,14754144,PEREZ,FRANCISCO NARCISO,CREDITIA FIDEICOMISO FINANCIERO,07-2021,58000.00,5,Irrecuperable
RMS376418320072002,23147541449,14754144,PEREZ,FRANCISCO NARCISO,AMERICAN EXPRESS ARGENTINA S.A.,07-2021,127000.00,1,En situación normal
RMS376418320072002,23147541449,14754144,PEREZ,FRANCISCO NARCISO,TARJETA NARANJA S.A.,07-2021,37000.00,1,En situación normal
RMS376637042051008,27328222154,32822215,CRISPINA,MARIA FLORENCIA,BANCO SUPERVIELLE S.A.,07-2021,542000.00,1,En situación normal
RMS376637042051008,27328222154,32822215,CRISPINA,MARIA FLORENCIA,BANCO DE LA CIUDAD DE BUENOS AIRES,07-2021,472000.00,3,Con problemas
RMS376637042051008,27328222154,32822215,CRISPINA,MARIA FLORENCIA,TRANSATLANTICA COMPAÑIA FINANCIERA S.A.,07-2021,238000.00,2,Con seguimiento especial
RMS376637042051008,27328222154,32822215,CRISPINA,MARIA FLORENCIA,AMERICAN EXPRESS ARGENTINA S.A.,07-2021,22000.00,1,En situación normal
RMS376639361181002,20298584108,29858410,HERMOSILLA,FRANCO MARTIN,BBVA BANCO FRANCES S.A.,07-2021,599000.00,1,En situación normal
RMS376639361181002,20298584108,29858410,HERMOSILLA,FRANCO MARTIN,AMERICAN EXPRESS ARGENTINA S.A.,07-2021,8000.00,1,En situación normal
RMS379975010071005,20271506350,27150635,PRETTO,DIEGO ALEJANDRO,BANCO DE LA PROVINCIA DE BUENOS AIRES,07-2021,301000.00,1,En situación normal
RMS379975010071005,20271506350,27150635,PRETTO,DIEGO ALEJANDRO,AMERICAN EXPRESS ARGENTINA S.A.,07-2021,10000.00,1,En situación normal
RMS376418441361003,20283900518,28390051,ULLOQUE,LUCAS LEONARDO,BANCO PROVINCIA DE TIERRA DEL FUEGO,07-2021,492000.00,1,En situación normal
RMS376417175941006,27276916489,27691648,FIGUEROA ALCORTA,INES,BANCO DE GALICIA Y BUENOS AIRES S.A.U.,07-2021,95000.00,1,En situación normal
RMS376417175941006,27276916489,27691648,FIGUEROA ALCORTA,INES,BANCO SANTANDER RIO S.A.,07-2021,362000.00,1,En situación normal
RMS376417175941006,27276916489,27691648,FIGUEROA ALCORTA,INES,BANCO ITAU ARGENTINA S.A.,07-2021,5000.00,1,En situación normal
RMS376417175941006,27276916489,27691648,FIGUEROA ALCORTA,INES,BANCO COMAFI SOCIEDAD ANONIMA,07-2021,210000.00,1,En situación normal
RMS376417175941006,27276916489,27691648,FIGUEROA ALCORTA,INES,AMERICAN EXPRESS ARGENTINA S.A.,07-2021,190000.00,1,En situación normal
DNI 25111038,20251110388,25111038,ARAYA,CRISTIAN HERNAN,BBVA BANCO FRANCES S.A.,07-2021,463000.00,4,Con alto riesgo de insolvencia
DNI 25111038,20251110388,25111038,ARAYA,CRISTIAN HERNAN,Reserva del Norte S.A.,07-2021,5000.00,5,Irrecuperable
RMS379975612181004,20120911113,12091111,CHIALE,CARLOS ALBERTO,BANCO DE LA NACION ARGENTINA,07-2021,105000.00,1,En situación normal
RMS379975612181004,20120911113,12091111,CHIALE,CARLOS ALBERTO,AMERICAN EXPRESS ARGENTINA S.A.,07-2021,4000.00,1,En situación normal
DNI 25255438,27252554381,25255438,LOPOPOLO,DORA GRACIELA,HSBC BANK ARGENTINA S.A.,07-2021,196000.00,1,En situación normal
DNI 25255438,27252554381,25255438,LOPOPOLO,DORA GRACIELA,TARJETA NARANJA S.A.,07-2021,1000.00,1,En situación normal
DNI 16065145,27160651453,16065145,SERRANO,SILVIA NELIDA,BBVA BANCO FRANCES S.A.,07-2021,80000.00,3,Con problemas
DNI 16065145,27160651453,16065145,SERRANO,SILVIA NELIDA,BANCO SANTANDER RIO S.A.,07-2021,37000.00,3,Con problemas
DNI 16065145,27160651453,16065145,SERRANO,SILVIA NELIDA,HSBC BANK ARGENTINA S.A.,07-2021,148000.00,4,Con alto riesgo de insolvencia
DNI 16065145,27160651453,16065145,SERRANO,SILVIA NELIDA,NUEVO BANCO DE SANTA FE SOCIEDAD ANONIMA,07-2021,31000.00,3,Con problemas
DNI 25720797,20257207979,25720797,BATRES,ESTEBAN JESUS,BANCO DE GALICIA Y BUENOS AIRES S.A.U.,07-2021,50000.00,1,En situación normal
DNI 25720797,20257207979,25720797,BATRES,ESTEBAN JESUS,BANCO DE LA PROVINCIA DE BUENOS AIRES,07-2021,16000.00,3,Con problemas
DNI 25720797,20257207979,25720797,BATRES,ESTEBAN JESUS,BBVA BANCO FRANCES S.A.,07-2021,442000.00,2,Con seguimiento especial
DNI 20405805,27204058054,20405805,RODRIGUEZ,MABEL NOEMI,BBVA BANCO FRANCES S.A.,07-2021,261000.00,3,Con problemas
DNI 30791492,27307914927,30791492,CASTRO,MARINA VANESSA ITATI,BANCO DE LA NACION ARGENTINA,07-2021,5752000.00,1,En situación normal
DNI 30791492,27307914927,30791492,CASTRO,MARINA VANESSA ITATI,BBVA BANCO FRANCES S.A.,07-2021,589000.00,3,Con problemas
DNI 30791492,27307914927,30791492,CASTRO,MARINA VANESSA ITATI,BANCO SANTANDER RIO S.A.,07-2021,61000.00,1,En situación normal
DNI 92490760,20924907607,92490760,MORA,"ENRIQUE MARTIN     ",HSBC BANK ARGENTINA S.A.,07-2021,774000.00,4,Con alto riesgo de insolvencia
DNI 92490760,20924907607,92490760,MORA,"ENRIQUE MARTIN     ",TARJETA NARANJA S.A.,07-2021,49000.00,1,En situación normal
DNI 34408296,20344082961,34408296,GIORDANENGO NICOLAS EDUARDO,NICOLAS EDUARDO,BBVA BANCO FRANCES S.A.,07-2021,282000.00,3,Con problemas
DNI 34408296,20344082961,34408296,GIORDANENGO NICOLAS EDUARDO,NICOLAS EDUARDO,BANCO HIPOTECARIO S.A.,07-2021,15000.00,1,En situación normal
DNI 34408296,20344082961,34408296,GIORDANENGO NICOLAS EDUARDO,NICOLAS EDUARDO,BANCO SANTANDER RIO S.A.,07-2021,326000.00,3,Con problemas
DNI 34408296,20344082961,34408296,GIORDANENGO NICOLAS EDUARDO,NICOLAS EDUARDO,NUEVO BANCO DE SANTA FE SOCIEDAD ANONIMA,07-2021,183000.00,3,Con problemas
DNI 92683260,20926832604,92683260,MORADO,"MANUEL EDUARD       ",BBVA BANCO FRANCES S.A.,07-2021,624000.00,3,Con problemas
DNI 92683260,20926832604,92683260,MORADO,"MANUEL EDUARD       ",CMR FALABELLA S.A.,07-2021,26000.00,3,Con problemas
DNI 92683260,20926832604,92683260,MORADO,"MANUEL EDUARD       ",CENCOSUD S.A.,06-2021,122000.00,1,En situación normal
DNI 41874261,20418742616,41874261,MOREYRA,DANIEL EDUARDO,BBVA BANCO FRANCES S.A.,07-2021,303000.00,3,Con problemas
DNI 94104828,20941048286,94104828,Alvano Agustin Jeremias,ALVANO AGUSTIN JEREMIAS,BBVA BANCO FRANCES S.A.,07-2021,292000.00,5,Irrecuperable
DNI 94104828,20941048286,94104828,Alvano Agustin Jeremias,ALVANO AGUSTIN JEREMIAS,BANCO SANTANDER RIO S.A.,07-2021,663000.00,5,Irrecuperable
DNI 17031923,20170319231,17031923,ALECCI,DANIEL ALEJANDRO,BANCO DE GALICIA Y BUENOS AIRES S.A.U.,07-2021,9000.00,3,Con problemas
DNI 17031923,20170319231,17031923,ALECCI,DANIEL ALEJANDRO,BANCO PATAGONIA S.A.,07-2021,20000.00,1,En situación normal
DNI 17031923,20170319231,17031923,ALECCI,DANIEL ALEJANDRO,HSBC BANK ARGENTINA S.A.,07-2021,152000.00,4,Con alto riesgo de insolvencia
DNI 17031923,20170319231,17031923,ALECCI,DANIEL ALEJANDRO,TARJETA NARANJA S.A.,07-2021,34000.00,2,Con seguimiento especial
DNI 36398174,27363981742,36398174,ORLANDO,GABRIELA LORENA,BBVA BANCO FRANCES S.A.,07-2021,294000.00,3,Con problemas
DNI 36398174,27363981742,36398174,ORLANDO,GABRIELA LORENA,BANCO HIPOTECARIO S.A.,07-2021,29000.00,1,En situación normal
DNI 36398174,27363981742,36398174,ORLANDO,GABRIELA LORENA,BANCO SANTANDER RIO S.A.,07-2021,252000.00,3,Con problemas
DNI 36398174,27363981742,36398174,ORLANDO,GABRIELA LORENA,BANCO COMAFI SOCIEDAD ANONIMA,07-2021,51000.00,1,En situación normal
DNI 37475615,20374756150,37475615,AQUINO,GONZALO EMMANUEL,BANCO DE GALICIA Y BUENOS AIRES S.A.U.,07-2021,6000.00,1,En situación normal
DNI 37475615,20374756150,37475615,AQUINO,GONZALO EMMANUEL,HSBC BANK ARGENTINA S.A.,07-2021,282000.00,4,Con alto riesgo de insolvencia
DNI 37475615,20374756150,37475615,AQUINO,GONZALO EMMANUEL,TARJETA NARANJA S.A.,07-2021,29000.00,1,En situación normal
DNI 26792200,20267922005,26792200,MARTINEZ,JUAN ANTONIO,BANCO DE GALICIA Y BUENOS AIRES S.A.U.,07-2021,419000.00,2,Con seguimiento especial
DNI 26792200,20267922005,26792200,MARTINEZ,JUAN ANTONIO,BANCO SANTANDER RIO S.A.,07-2021,1410000.00,2,Con seguimiento especial
DNI 26792200,20267922005,26792200,MARTINEZ,JUAN ANTONIO,BANCO DE SERVICIOS FINANCIEROS S.A.,07-2021,36000.00,3,Con problemas
DNI 26792200,20267922005,26792200,MARTINEZ,JUAN ANTONIO,COMPAÑIA FINANCIERA ARGENTINA S.A.,07-2021,43000.00,2,Con seguimiento especial
DNI 26792200,20267922005,26792200,MARTINEZ,JUAN ANTONIO,CORDIAL COMPAÑÍA FINANCIERA S.A.,07-2021,161000.00,2,Con seguimiento especial
DNI 26792200,20267922005,26792200,MARTINEZ,JUAN ANTONIO,CFN S.A.,07-2021,68000.00,2,Con seguimiento especial
DNI 26792200,20267922005,26792200,MARTINEZ,JUAN ANTONIO,CENCOSUD S.A.,06-2021,120000.00,2,Con seguimiento especial
DNI 26792200,20267922005,26792200,MARTINEZ,JUAN ANTONIO,TARJETA NARANJA S.A.,07-2021,23000.00,2,Con seguimiento especial
DNI 23472771,20234727711,23472771,CIANCIO,SERGIO ARIEL,BBVA BANCO FRANCES S.A.,07-2021,360000.00,4,Con alto riesgo de insolvencia
DNI 31589077,20315890773,31589077,SARLO,RODOLFO SEBASTIAN,HSBC BANK ARGENTINA S.A.,07-2021,35000.00,4,Con alto riesgo de insolvencia
DNI 16245090,20162450906,16245090,HERNANDEZ,CLAUDIO MIGUEL,HSBC BANK ARGENTINA S.A.,07-2021,220000.00,3,Con problemas
DNI 17451672,20174516724,17451672,ZAPANA,CARLOS RENE,HSBC BANK ARGENTINA S.A.,07-2021,147000.00,3,Con problemas
DNI 30226100,27302261003,30226100,MARAVERT,JULIA SOLEDAD,BANCO DE GALICIA Y BUENOS AIRES S.A.U.,07-2021,84000.00,2,Con seguimiento especial
DNI 30226100,27302261003,30226100,MARAVERT,JULIA SOLEDAD,BBVA BANCO FRANCES S.A.,07-2021,354000.00,3,Con problemas
DNI 30226100,27302261003,30226100,MARAVERT,JULIA SOLEDAD,BANCO PATAGONIA S.A.,07-2021,186000.00,1,En situación normal
DNI 29459793,20294597930,29459793,PERALTA,FRANCO GUSTAVO,BANCO HIPOTECARIO S.A.,07-2021,34000.00,1,En situación normal
DNI 29459793,20294597930,29459793,PERALTA,FRANCO GUSTAVO,HSBC BANK ARGENTINA S.A.,07-2021,178000.00,4,Con alto riesgo de insolvencia
DNI 29459793,20294597930,29459793,PERALTA,FRANCO GUSTAVO,TARJETA NARANJA S.A.,07-2021,17000.00,1,En situación normal
DNI 35460840,20354608406,35460840,ESCOBAR,LUCAS ARIEL,BBVA BANCO FRANCES S.A.,07-2021,304000.00,2,Con seguimiento especial
DNI 35460840,20354608406,35460840,ESCOBAR,LUCAS ARIEL,Credishopp S.A.,07-2021,34000.00,1,En situación normal
DNI 35460840,20354608406,35460840,ESCOBAR,LUCAS ARIEL,CENCOSUD S.A.,06-2021,16000.00,1,En situación normal
DNI 20567009,20205670093,20567009,ABREGU,SERGIO FABIAN,HSBC BANK ARGENTINA S.A.,07-2021,41000.00,3,Con problemas
DNI 14558183,20145581835,14558183,VLADIMIRSKY SERGIO A,SERGIO ALBERTO,HSBC BANK ARGENTINA S.A.,07-2021,602000.00,4,Con alto riesgo de insolvencia
DNI 14558183,20145581835,14558183,VLADIMIRSKY SERGIO A,SERGIO ALBERTO,BANCO COMAFI SOCIEDAD ANONIMA,07-2021,115000.00,4,Con alto riesgo de insolvencia
DNI 21586019,20215860192,21586019,GUILLERMET,FERNANDO JAVIER,BBVA BANCO FRANCES S.A.,07-2021,457000.00,2,Con seguimiento especial
DNI 21586019,20215860192,21586019,GUILLERMET,FERNANDO JAVIER,CORDIAL COMPAÑÍA FINANCIERA S.A.,07-2021,70000.00,1,En situación normal
DNI 25029467,27250294676,25029467,GONZALEZ,LAURA MARCELA,BBVA BANCO FRANCES S.A.,07-2021,324000.00,3,Con problemas
DNI 25029467,27250294676,25029467,GONZALEZ,LAURA MARCELA,BANCO HIPOTECARIO S.A.,07-2021,95000.00,1,En situación normal
DNI 25029467,27250294676,25029467,GONZALEZ,LAURA MARCELA,BANCO ITAU ARGENTINA S.A.,07-2021,53000.00,4,Con alto riesgo de insolvencia
DNI 25029467,27250294676,25029467,GONZALEZ,LAURA MARCELA,BANCO DE SERVICIOS FINANCIEROS S.A.,07-2021,15000.00,1,En situación normal
DNI 25029467,27250294676,25029467,GONZALEZ,LAURA MARCELA,TARJETA NARANJA S.A.,07-2021,32000.00,1,En situación normal
DNI 32668198,23326681989,32668198,TOLOSA,ABEL FRANCISCO,BANCO DE GALICIA Y BUENOS AIRES S.A.U.,07-2021,620000.00,3,Con problemas
DNI 32668198,23326681989,32668198,TOLOSA,ABEL FRANCISCO,BANCO DE LA NACION ARGENTINA,07-2021,3892000.00,1,En situación normal
DNI 32668198,23326681989,32668198,TOLOSA,ABEL FRANCISCO,INDUSTRIAL AND COMMERCIAL BANK OF CHINA (ARGENTINA) S.A.,07-2021,10000.00,5,Irrecuperable
DNI 32668198,23326681989,32668198,TOLOSA,ABEL FRANCISCO,BBVA BANCO FRANCES S.A.,07-2021,308000.00,2,Con seguimiento especial
DNI 32668198,23326681989,32668198,TOLOSA,ABEL FRANCISCO,CENCOSUD S.A.,06-2021,80000.00,1,En situación normal
DNI 95783533,20957835334,95783533,MENESES SUAREZ KEVIN ANDERSON,Kevin Anderson Meneses Suarez,HSBC BANK ARGENTINA S.A.,07-2021,123000.00,4,Con alto riesgo de insolvencia
DNI 31217614,27312176144,31217614,BRIZUELA,SILVANA BEATRIZ,HSBC BANK ARGENTINA S.A.,07-2021,153000.00,4,Con alto riesgo de insolvencia
DNI 31217614,27312176144,31217614,BRIZUELA,SILVANA BEATRIZ,TARJETA NARANJA S.A.,07-2021,11000.00,1,En situación normal
DNI 26971939,27269719392,26971939,DI GIOVANNI,VERONICA VANESA,BANCO DE GALICIA Y BUENOS AIRES S.A.U.,07-2021,83000.00,4,Con alto riesgo de insolvencia
DNI 26971939,27269719392,26971939,DI GIOVANNI,VERONICA VANESA,BBVA BANCO FRANCES S.A.,07-2021,471000.00,3,Con problemas
DNI 18399095,20183990951,18399095,CATALA,HERNAN JORGE,BBVA BANCO FRANCES S.A.,07-2021,354000.00,2,Con seguimiento especial
DNI 18399095,20183990951,18399095,CATALA,HERNAN JORGE,BANCO DE LA CIUDAD DE BUENOS AIRES,07-2021,129000.00,3,Con problemas
DNI 18399095,20183990951,18399095,CATALA,HERNAN JORGE,BANCO HIPOTECARIO S.A.,07-2021,489000.00,3,Con problemas
DNI 18399095,20183990951,18399095,CATALA,HERNAN JORGE,HSBC BANK ARGENTINA S.A.,07-2021,280000.00,4,Con alto riesgo de insolvencia
DNI 18399095,20183990951,18399095,CATALA,HERNAN JORGE,CENCOSUD S.A.,06-2021,81000.00,1,En situación normal
DNI 34535603,20345356038,34535603,MATHARAN,PABLO EUGENIO,BBVA BANCO FRANCES S.A.,07-2021,494000.00,2,Con seguimiento especial
DNI 96008934,27960089346,96008934,OSPINA POSADA ANGELA MARIA,"OSPINA POSADA, ANGELA MARIA",HSBC BANK ARGENTINA S.A.,07-2021,275000.00,3,Con problemas
DNI 26102223,20261022231,26102223,BAEZ,PABLO JAVIER,BBVA BANCO FRANCES S.A.,07-2021,928000.00,2,Con seguimiento especial
DNI 21622047,20216220472,21622047,PINELLI,RAMON EDUARDO,BBVA BANCO FRANCES S.A.,07-2021,869000.00,2,Con seguimiento especial
DNI 30556339,27305563396,30556339,SAVIGLIANO,GUADALUPE IRMA,BBVA BANCO FRANCES S.A.,07-2021,354000.00,2,Con seguimiento especial
DNI 30556339,27305563396,30556339,SAVIGLIANO,GUADALUPE IRMA,HSBC BANK ARGENTINA S.A.,07-2021,135000.00,3,Con problemas
DNI 95949582,20959495824,95949582,GONZALEZ BENITEZ MIGUELANGEL,GONZALEZ BENITEZ MIGUELANGEL,BANCO DE LA PROVINCIA DE BUENOS AIRES,07-2021,50000.00,1,En situación normal
DNI 95949582,20959495824,95949582,GONZALEZ BENITEZ MIGUELANGEL,GONZALEZ BENITEZ MIGUELANGEL,BBVA BANCO FRANCES S.A.,07-2021,298000.00,2,Con seguimiento especial
DNI 26640420,20266404205,26640420,VALDEZ,WALTER OMAR,BBVA BANCO FRANCES S.A.,07-2021,297000.00,3,Con problemas
DNI 26640420,20266404205,26640420,VALDEZ,WALTER OMAR,HSBC BANK ARGENTINA S.A.,07-2021,50000.00,1,En situación normal
DNI 11607659,20116076595,11607659,SOPLAN,JOSE LUIS,BBVA BANCO FRANCES S.A.,07-2021,427000.00,5,Irrecuperable
DNI 11607659,20116076595,11607659,SOPLAN,JOSE LUIS,HSBC BANK ARGENTINA S.A.,07-2021,346000.00,3,Con problemas
DNI 30183159,27301831590,30183159,BARREIRO,MARIA GUADALUPE,BANCO SANTANDER RIO S.A.,07-2021,27000.00,3,Con problemas
DNI 30183159,27301831590,30183159,BARREIRO,MARIA GUADALUPE,HSBC BANK ARGENTINA S.A.,07-2021,152000.00,3,Con problemas
DNI 31761346,27317613461,31761346,CRAIYACICH LARRUCEA,ROCIO PRISCILA,BANCO DE LA NACION ARGENTINA,07-2021,6558000.00,2,Con seguimiento especial
DNI 31761346,27317613461,31761346,CRAIYACICH LARRUCEA,ROCIO PRISCILA,HSBC BANK ARGENTINA S.A.,07-2021,443000.00,3,Con problemas
DNI 31761346,27317613461,31761346,CRAIYACICH LARRUCEA,ROCIO PRISCILA,TARJETA NARANJA S.A.,07-2021,222000.00,3,Con problemas
DNI 17262383,20172623833,17262383,RAMALLO,ENRIQUE MARCELO,BBVA BANCO FRANCES S.A.,07-2021,942000.00,2,Con seguimiento especial
DNI 17262383,20172623833,17262383,RAMALLO,ENRIQUE MARCELO,CFN S.A.,07-2021,150000.00,3,Con problemas
DNI 33789721,27337897210,33789721,PEIRANO,ROCIO INES,BBVA BANCO FRANCES S.A.,07-2021,293000.00,3,Con problemas
DNI 33789721,27337897210,33789721,PEIRANO,ROCIO INES,BANCO SANTANDER RIO S.A.,07-2021,20000.00,1,En situación normal
DNI 21863256,20218632565,21863256,CARMELINO,LUIS HUGO,BBVA BANCO FRANCES S.A.,07-2021,295000.00,4,Con alto riesgo de insolvencia
DNI 21863256,20218632565,21863256,CARMELINO,LUIS HUGO,CENCOSUD S.A.,06-2021,10000.00,1,En situación normal
DNI 92785561,27927855610,92785561,RUIZ,"VERONICA D     ",BANCO DE GALICIA Y BUENOS AIRES S.A.U.,07-2021,791000.00,3,Con problemas
DNI 92785561,27927855610,92785561,RUIZ,"VERONICA D     ",BBVA BANCO FRANCES S.A.,07-2021,288000.00,3,Con problemas
DNI 92785561,27927855610,92785561,RUIZ,"VERONICA D     ",BANCO DE LA CIUDAD DE BUENOS AIRES,07-2021,414000.00,4,Con alto riesgo de insolvencia
DNI 92785561,27927855610,92785561,RUIZ,"VERONICA D     ",BANCO SANTANDER RIO S.A.,07-2021,18000.00,2,Con seguimiento especial
DNI 92785561,27927855610,92785561,RUIZ,"VERONICA D     ",BANCO MACRO S.A.,07-2021,118000.00,1,En situación normal
RMS376417364131005,27182667833,18266783,MURIEL,MARIELA LAURA,BANCO DE GALICIA Y BUENOS AIRES S.A.U.,07-2021,243000.00,1,En situación normal
RMS376417364131005,27182667833,18266783,MURIEL,MARIELA LAURA,BANCO DE LA PROVINCIA DE BUENOS AIRES,07-2021,956000.00,3,Con problemas
RMS376417364131005,27182667833,18266783,MURIEL,MARIELA LAURA,BANCO VOII S.A.,07-2021,30000.00,1,En situación normal
RMS376417364131005,27182667833,18266783,MURIEL,MARIELA LAURA,Mandatos Especiales S.A.,07-2021,1000.00,1,En situación normal
RMS376417364131005,27182667833,18266783,MURIEL,MARIELA LAURA,DAP Cooperativa de Crédito y Consumo Ltda.,07-2021,79000.00,1,En situación normal
RMS376417364131005,27182667833,18266783,MURIEL,MARIELA LAURA,Emprendimiento La Luisina SRL,07-2021,23000.00,1,En situación normal
RMS376417364131005,27182667833,18266783,MURIEL,MARIELA LAURA,AMERICAN EXPRESS ARGENTINA S.A.,07-2021,62000.00,1,En situación normal
RMS376417364131005,27182667833,18266783,MURIEL,MARIELA LAURA,TARJETA NARANJA S.A.,07-2021,67000.00,1,En situación normal
