﻿IdExterno,CUIL,Documento,Apellido,Nombre,CodigoArea,Numero,Proveedor,Fuente
DNI 40189825,27401898250,40189825,PRADO,ELIZABETH FATIMA,3329,316163,AMX ARGENTINA,ANSES
DNI 14790848,20147908483,14790848,VIDAL,WALTER DARIO,11,50286870,Telefonica Movistar,ANSES
DNI 33569533,27335695335,33569533,ELIAS,ANABELA SOLEDAD,2477,354083,AMX ARGENTINA,ANSES
DNI 33569533,27335695335,33569533,ELIAS,ANABELA SOLEDAD,2477,380855,AMX ARGENTINA,ANSES
DNI 33569533,27335695335,33569533,ELIAS,ANABELA SOLEDAD,2477,386501,AMX ARGENTINA,Cablevision
DNI 33569533,27335695335,33569533,ELIAS,ANABELA SOLEDAD,2657,562362,AMX ARGENTINA,Cablevision
DNI 30189077,27301890775,30189077,LOPEZ,PAULA CAROLINA,351,6985028,Telefonica Movistar,ANSES / Movistar
DNI 30189077,27301890775,30189077,LOPEZ,PAULA CAROLINA,3543,601563,Telecom Personal,Cablevision
DNI 30189077,27301890775,30189077,LOPEZ,PAULA CAROLINA,351,7189466,Telefonica Movistar,Movistar
DNI 30189077,27301890775,30189077,LOPEZ,PAULA CAROLINA,351,6198138,AMX ARGENTINA,Claro
DNI 14345767,27143457678,14345767,BALAGNA,SUSANA EDITH,2477,360310,AMX ARGENTINA,Cablevision
DNI 14345767,20143457673,14345767,FERNANDEZ ALEXI GABRIEL,SUSANA EDITH,2477,360310,AMX ARGENTINA,Cablevision
DNI 33097289,20330972891,33097289,CASCARDO,MATIAS GABRIEL,2477,314723,AMX ARGENTINA,Claro
DNI 33381576,20333815762,33381576,SANGOY VEDIA,LUCAS FERNANDO,351,8064492,AMX ARGENTINA,ANSES
DNI 33381576,20333815762,33381576,SANGOY VEDIA,LUCAS FERNANDO,351,5491854,Telefonica Movistar,Movistar
DNI 33381576,20333815762,33381576,SANGOY VEDIA,LUCAS FERNANDO,351,6971901,Telefonica Movistar,Movistar
DNI 33381576,20333815762,33381576,SANGOY VEDIA,LUCAS FERNANDO,351,5631125,AMX ARGENTINA,Movistar
DNI 33381576,20333815762,33381576,SANGOY VEDIA,LUCAS FERNANDO,351,6379855,Telecom Personal,Personal
DNI 33381576,20333815762,33381576,SANGOY VEDIA,LUCAS FERNANDO,351,2320379,AMX ARGENTINA,Claro
DNI 37609859,20376098592,37609859,TERMINE,FRANCO EMANUEL,11,31947936,Telefonica Movistar,Cablevision / Movistar
DNI 37609859,20376098592,37609859,TERMINE,FRANCO EMANUEL,11,39198059,Telefonica Movistar,Movistar
DNI 37609859,20376098592,37609859,TERMINE,FRANCO EMANUEL,11,39542429,Telefonica Movistar,Movistar
DNI 28150169,20281501691,28150169,MOA,LUCAS MATIAS,11,66439713,AMX ARGENTINA,ANSES / Cablevision / Movistar
DNI 28150169,20281501691,28150169,MOA,LUCAS MATIAS,3537,671215,AMX ARGENTINA,Movistar
DNI 28150169,20281501691,28150169,MOA,LUCAS MATIAS,2344,441239,AMX ARGENTINA,Claro
DNI 28150169,20281501691,28150169,MOA,LUCAS MATIAS,2344,441238,AMX ARGENTINA,Claro
DNI 28150169,20281501691,28150169,MOA,LUCAS MATIAS,2344,441236,AMX ARGENTINA,Claro
DNI 28150169,20281501691,28150169,MOA,LUCAS MATIAS,2344,441232,AMX ARGENTINA,Claro
DNI 28150169,20281501691,28150169,MOA,LUCAS MATIAS,2344,441231,AMX ARGENTINA,Claro
DNI 27657344,20276573447,27657344,BRITOS,DIEGO SEBASTIAN,351,6850025,AMX ARGENTINA,ANSES
DNI 27657344,20276573447,27657344,BRITOS,DIEGO SEBASTIAN,351,5498634,Telefonica Movistar,Movistar
DNI 18350980,27183509808,18350980,VERA,MARIA CRISTINA,11,40789715,Telefonica Movistar,ANSES / Movistar
DNI 18350980,27183509808,18350980,VERA,MARIA CRISTINA,11,31388416,Telecom Personal,Movistar
DNIE94645018,23946450189,94645018,Rozo Vega Diego Fernando,DIEGO,11,37836224,AMX ARGENTINA,Cablevision
DNI 10918385,27109183852,10918385,SOLIS,MAGDALENA MARIA,11,50463117,Telefonica Movistar,ANSES
DNI 10918385,27109183852,10918385,SOLIS,MAGDALENA MARIA,11,50362000,Telefonica Movistar,Movistar
DNI 10918385,27109183852,10918385,SOLIS,MAGDALENA MARIA,11,31934582,Telefonica Movistar,Movistar
DNI 10918385,27109183852,10918385,SOLIS,MAGDALENA MARIA,11,36318488,Telefonica Movistar,Movistar
DNI 10918385,27109183852,10918385,SOLIS,MAGDALENA MARIA,11,56523181,Telefonica Movistar,Movistar
DNI 10918385,27109183852,10918385,SOLIS,MAGDALENA MARIA,11,64980249,Telefonica Movistar,Movistar / Personal
DNI 28208375,20282083753,28208375,AGUIRRE,CARLOS PATRICIO,3388,530979,Telecom Personal,ANSES
DNI 28208375,20282083753,28208375,AGUIRRE,CARLOS PATRICIO,385,4985560,AMX ARGENTINA,ANSES
DNI 28208375,20282083753,28208375,AGUIRRE,CARLOS PATRICIO,385,5884394,Telecom Personal,Personal
DNI 28208375,20282083753,28208375,AGUIRRE,CARLOS PATRICIO,385,4736642,AMX ARGENTINA,Claro
DNI 28208375,20282083753,28208375,AGUIRRE,CARLOS PATRICIO,385,4720623,AMX ARGENTINA,Claro
DNI 32318160,20323181609,32318160,BEREA,EMILIANO,11,55840193,Telefonica Movistar,ANSES
DNI 32318160,20323181609,32318160,BEREA,EMILIANO,11,23431295,Telefonica Movistar,Movistar
DNI 32318160,20323181609,32318160,BEREA,EMILIANO,11,70213515,Telefonica Movistar,Movistar
DNI 21625836,20216258364,21625836,DIAZ,ROBERTO ROQUE,11,63031389,Telefonica Movistar,Movistar
DNI 4718929,20047189293,4718929,VEGA,RUBEN V,11,50535872,Telefonica Movistar,Cablevision
DNI 37767072,20377670729,37767072,MAMINO CUESTA,FEDERICO EMANUEL,3401,514082,AMX ARGENTINA,ANSES
DNIE95107938,20951079384,95107938,BAEZ SANDER LUIS ALBERTO,Luis Alberto Baez,11,68686024,Telecom Personal,ANSES
DNIE95107938,20951079384,95107938,BAEZ SANDER LUIS ALBERTO,Luis Alberto Baez,11,30679324,Telecom Personal,Personal
DNI 21625836,27216258369,21625836,DIAZ,"MALLEA MARINA RIGOB                                                                                                                                   ",11,63031389,Telefonica Movistar,Movistar
DNI 4718929,27047189298,4718929,RENAULT,LIDIA,11,50535872,Telefonica Movistar,Cablevision
DNI 31404414,20314044143,31404414,DOBBA,LUIS MIGUEL,3468,437846,AMX ARGENTINA,Claro
DNI 30283526,27302835263,30283526,CUEVAS,CATALINA FRANCISCA,3487,629733,Telefonica Movistar,ANSES / Cablevision / Movistar
DNI 30283526,27302835263,30283526,CUEVAS,CATALINA FRANCISCA,3487,332637,Telefonica Movistar,Movistar
DNI 30283526,27302835263,30283526,CUEVAS,CATALINA FRANCISCA,3487,615838,Telefonica Movistar,Movistar
DNI 30283526,27302835263,30283526,CUEVAS,CATALINA FRANCISCA,3487,471324,Telefonica Movistar,Movistar
DNI 30283526,27302835263,30283526,CUEVAS,CATALINA FRANCISCA,3487,711331,Telefonica Movistar,Movistar
DNI 26114378,27261143785,26114378,BENITEZ,SILVINA ANDREA,11,62127213,AMX ARGENTINA,ANSES / Personal
DNI 26114378,27261143785,26114378,BENITEZ,SILVINA ANDREA,11,32181944,Telefonica Movistar,Movistar
DNI 26114378,27261143785,26114378,BENITEZ,SILVINA ANDREA,11,34250175,Telecom Personal,Personal
DNI 26114378,27261143785,26114378,BENITEZ,SILVINA ANDREA,11,68884823,Telecom Personal,Personal
DNI 26114378,27261143785,26114378,BENITEZ,SILVINA ANDREA,11,59131275,AMX ARGENTINA,Claro
DNI 16215482,20162154827,16215482,SAGRETTI,RUBEN RICARDO,11,59729783,Telefonica Movistar,ANSES
DNI 17726921,20177269213,17726921,SORESINA,GUIDO ESTEBAN,11,62839307,Telecom Personal,ANSES / Personal
DNI 17726921,20177269213,17726921,SORESINA,GUIDO ESTEBAN,11,59953183,Telefonica Movistar,Cablevision / Movistar
DNI 17726921,20177269213,17726921,SORESINA,GUIDO ESTEBAN,11,36946210,Telefonica Movistar,Movistar
DNI 17726921,20177269213,17726921,SORESINA,GUIDO ESTEBAN,11,59953883,Telefonica Movistar,Movistar
DNI 17726921,20177269213,17726921,SORESINA,GUIDO ESTEBAN,11,67271038,Telefonica Movistar,Movistar
DNI 17726921,20177269213,17726921,SORESINA,GUIDO ESTEBAN,11,22355930,Telefonica Movistar,Movistar
DNI 17726921,20177269213,17726921,SORESINA,GUIDO ESTEBAN,11,28851648,Telefonica Movistar,Movistar
DNI 17726921,20177269213,17726921,SORESINA,GUIDO ESTEBAN,11,40301169,Telefonica Movistar,Movistar
DNI 17726921,20177269213,17726921,SORESINA,GUIDO ESTEBAN,11,50263286,Telefonica Movistar,Movistar
DNI 17726921,20177269213,17726921,SORESINA,GUIDO ESTEBAN,11,55890164,Telefonica Movistar,Movistar
DNI 17726921,20177269213,17726921,SORESINA,GUIDO ESTEBAN,11,69120025,Telefonica Movistar,Movistar
DNI 17726921,20177269213,17726921,SORESINA,GUIDO ESTEBAN,11,69120417,Telefonica Movistar,Movistar
DNI 17726921,20177269213,17726921,SORESINA,GUIDO ESTEBAN,11,70356593,Telefonica Movistar,Movistar
DNI 29756924,20297569245,29756924,LUCCISANO,FLAVIO EDUARDO,11,54666108,Telecom Personal,Cablevision
DNI 29756924,20297569245,29756924,LUCCISANO,FLAVIO EDUARDO,11,52626297,Telecom Personal,Personal
DNI 36977034,23369770349,36977034,ENSISO,PABLO NICOLAS,11,49490094,Telefonica Movistar,Movistar
DNI 21956336,20219563362,21956336,OYHANART,MARTIN GABRIEL,11,31031135,Telecom Personal,ANSES
DNI 33789311,20337893113,33789311,CEJAS,CARLOS MARTIN,11,69078271,Telefonica Movistar,Cablevision
DNI 33789311,20337893113,33789311,CEJAS,CARLOS MARTIN,11,22722946,Telefonica Movistar,Movistar
DNI 33789311,20337893113,33789311,CEJAS,CARLOS MARTIN,11,41563816,Telefonica Movistar,Movistar
DNI 33789311,20337893113,33789311,CEJAS,CARLOS MARTIN,11,35568835,Telefonica Movistar,Movistar
DNI 33789311,20337893113,33789311,CEJAS,CARLOS MARTIN,11,34919485,Telecom Personal,Personal
DNI 33789311,27337893118,33789311,CEJAS,"BARRIONUEVO JOHANNA CECILIA                                                                                                                           ",11,69078271,Telefonica Movistar,Cablevision
DNI 33789311,27337893118,33789311,CEJAS,"BARRIONUEVO JOHANNA CECILIA                                                                                                                           ",11,22722946,Telefonica Movistar,Movistar
DNI 33789311,27337893118,33789311,CEJAS,"BARRIONUEVO JOHANNA CECILIA                                                                                                                           ",11,41563816,Telefonica Movistar,Movistar
DNI 33789311,27337893118,33789311,CEJAS,"BARRIONUEVO JOHANNA CECILIA                                                                                                                           ",11,35568835,Telefonica Movistar,Movistar
DNI 33789311,27337893118,33789311,CEJAS,"BARRIONUEVO JOHANNA CECILIA                                                                                                                           ",11,34919485,Telecom Personal,Personal
DNI 22827486,27228274866,22827486,CHAVEZ,ALICIA CLAUDIA,11,44111126,Telefonica Movistar,Cablevision
DNI 21522059,27215220597,21522059,BERLAY,MONICA LILIANA,11,62296889,AMX ARGENTINA,Claro
DNI 20867234,27208672342,20867234,PUSSATTI,MYRIAN SUSANA,11,22649266,Telefonica Movistar,Movistar
DNI 20867234,27208672342,20867234,PUSSATTI,MYRIAN SUSANA,11,34587333,Telecom Personal,Movistar
DNI 20867234,27208672342,20867234,PUSSATTI,MYRIAN SUSANA,11,58482263,Telecom Personal,Movistar
DNI 20867234,27208672342,20867234,PUSSATTI,MYRIAN SUSANA,11,61974234,Telefonica Movistar,Movistar
DNI 29265930,20292659300,29265930,PICCIANO,FERNANDO JUAN MANUEL,11,55916820,AMX ARGENTINA,ANSES
DNI 29759924,20297599241,29759924,CALDERON,RAIMUNDO GERMAN,3537,583493,AMX ARGENTINA,ANSES
RMS376418863052007,20236283853,23628385,IBAÑEZ TRES,LEANDRO GUSTAVO MIGUEL,342,6989500,Telecom Personal,ANSES / Personal
RMS376418863052007,20236283853,23628385,IBAÑEZ TRES,LEANDRO GUSTAVO MIGUEL,342,5356422,Telecom Personal,Personal
RMS376418863052007,20236283853,23628385,IBAÑEZ TRES,LEANDRO GUSTAVO MIGUEL,342,5369400,Telecom Personal,Personal
RMS376418863052007,20236283853,23628385,IBAÑEZ TRES,LEANDRO GUSTAVO MIGUEL,342,6314400,Telecom Personal,Personal
RMS376418863052007,20236283853,23628385,IBAÑEZ TRES,LEANDRO GUSTAVO MIGUEL,342,5910400,Telecom Personal,Personal
DNI 39094711,23390947119,39094711,GUEVARA,MATIAS DANIEL,2474,419887,AMX ARGENTINA,ANSES / Cablevision
DNI 34722190,20347221903,34722190,ESQUIVEL,DANIEL HECTOR,11,56668718,Telefonica Movistar,ANSES
DNI 34722190,20347221903,34722190,ESQUIVEL,DANIEL HECTOR,11,34944230,Telecom Personal,Personal
DNI 34722190,20347221903,34722190,ESQUIVEL,DANIEL HECTOR,11,30037400,Telecom Personal,Personal
DNI 22581485,20225814857,22581485,RODRIGUEZ,GUSTAVO RODOLFO,11,67070835,Telefonica Movistar,ANSES
DNI 22581485,20225814857,22581485,RODRIGUEZ,GUSTAVO RODOLFO,11,36221484,Telefonica Movistar,Movistar
DNI 22581485,20225814857,22581485,RODRIGUEZ,GUSTAVO RODOLFO,11,38789356,Telefonica Movistar,Movistar
RMS379975922061003,20309250460,30925046,REGUEIRA,RODRIGO MARTIN,11,32669242,AMX ARGENTINA,Cablevision
RMS376416813117003,20043743725,4374372,GRISETTI,OSCAR PABLO,2345,661291,Telefonica Movistar,ANSES / Movistar
RMS376416813117003,20043743725,4374372,GRISETTI,OSCAR PABLO,11,51754832,Telecom Personal,Cablevision / Movistar / Personal
RMS376416813117003,20043743725,4374372,GRISETTI,OSCAR PABLO,2345,483269,Telefonica Movistar,Movistar
RMS376416813117003,20043743725,4374372,GRISETTI,OSCAR PABLO,11,36608451,Telefonica Movistar,Movistar
RMS376416813117003,23043743724,4374372,GUTIERREZ,JUSTINA DELMIRA,2345,661291,Telefonica Movistar,ANSES / Movistar
RMS376416813117003,23043743724,4374372,GUTIERREZ,JUSTINA DELMIRA,11,51754832,Telecom Personal,Cablevision / Movistar / Personal
RMS376416813117003,23043743724,4374372,GUTIERREZ,JUSTINA DELMIRA,2345,483269,Telefonica Movistar,Movistar
RMS376416813117003,23043743724,4374372,GUTIERREZ,JUSTINA DELMIRA,11,36608451,Telefonica Movistar,Movistar
RMS376416813117003,20043743725,4374372,GRISETTI,OSCAR PABLO,2345,661291,Telefonica Movistar,ANSES / Movistar
RMS376416813117003,20043743725,4374372,GRISETTI,OSCAR PABLO,11,51754832,Telecom Personal,Cablevision / Movistar / Personal
RMS376416813117003,20043743725,4374372,GRISETTI,OSCAR PABLO,2345,483269,Telefonica Movistar,Movistar
RMS376416813117003,20043743725,4374372,GRISETTI,OSCAR PABLO,11,36608451,Telefonica Movistar,Movistar
RMS376418338011000,23041610379,4161037,CALCAGNO,JULIO ALBERTO,11,44469981,Telefonica Movistar,Cablevision / Movistar
RMS376418338011000,23041610379,4161037,CALCAGNO,JULIO ALBERTO,11,68310459,AMX ARGENTINA,Cablevision
RMS376418338011000,23041610379,4161037,CALCAGNO,JULIO ALBERTO,11,65320422,Telefonica Movistar,Movistar
RMS379975123082006,20078664712,7866471,DANERI,ANTONIO PEDRO,11,40795406,Telefonica Movistar,ANSES
RMS376418338011000,27041610374,4161037,PALAVECINO,ELVIRA TRINIDAD,11,44469981,Telefonica Movistar,Cablevision / Movistar
RMS376418338011000,27041610374,4161037,PALAVECINO,ELVIRA TRINIDAD,11,68310459,AMX ARGENTINA,Cablevision
RMS376418338011000,27041610374,4161037,PALAVECINO,ELVIRA TRINIDAD,11,65320422,Telefonica Movistar,Movistar
RMS376685788143000,23051900944,5190094,ZANNI ELVA SUSANA,DOMINGO ALBERTO,221,4631749,Telecom Personal,ANSES / Personal
RMS376685788143000,20051900945,5190094,CARBALLO,DOMINGO ALBERTO,221,4631749,Telecom Personal,ANSES / Personal
RMS376637572742000,27323000021,32300002,LOPEZ,ANDREA SILVANA,379,4254174,Telecom Personal,Personal
RMS376637572742000,27323000021,32300002,LOPEZ,ANDREA SILVANA,362,4656297,Telecom Personal,Personal
RMS376637572742000,27323000021,32300002,LOPEZ,ANDREA SILVANA,379,4388472,Telefonica Movistar,Personal
RMS376418358331007,20242411081,24241108,GORBACEWICZ,LEONARDO DAVID,341,5816593,AMX ARGENTINA,Cablevision
RMS376418358331007,20242411081,24241108,GORBACEWICZ,LEONARDO DAVID,341,3928195,Telefonica Movistar,Movistar
RMS376418358331007,20242411081,24241108,GORBACEWICZ,LEONARDO DAVID,223,6228320,Telefonica Movistar,Movistar
RMS376636533171002,20104621083,10462108,GARCIA,CARLOS ALBERTO,11,51142637,Telecom Personal,Cablevision / Personal
RMS376636533171002,20104621083,10462108,GARCIA,CARLOS ALBERTO,11,38622687,Telefonica Movistar,Movistar
RMS376636533171002,20104621083,10462108,GARCIA,CARLOS ALBERTO,11,44784372,Telefonica Movistar,Movistar
RMS376636533171002,20104621083,10462108,GARCIA,CARLOS ALBERTO,11,67509720,Telefonica Movistar,Movistar
RMS376636533171002,20104621083,10462108,GARCIA,CARLOS ALBERTO,11,68459359,Telecom Personal,Personal
RMS376638908021002,20245845503,24584550,WINTER,CARLOS ARIEL,2945,682963,Telefonica Movistar,ANSES / Movistar
RMS376638908021002,20245845503,24584550,WINTER,CARLOS ARIEL,2945,415929,Telefonica Movistar,Movistar
RMS376638908021002,20245845503,24584550,WINTER,CARLOS ARIEL,2945,416910,Telefonica Movistar,Movistar
RMS376638908021002,20245845503,24584550,WINTER,CARLOS ARIEL,2945,584469,Telefonica Movistar,Movistar
RMS376638908021002,20245845503,24584550,WINTER,CARLOS ARIEL,2945,636406,Telefonica Movistar,Movistar
RMS376638908021002,20245845503,24584550,WINTER,CARLOS ARIEL,2945,640022,Telefonica Movistar,Movistar
RMS376638908021002,20245845503,24584550,WINTER,CARLOS ARIEL,2945,649691,Telefonica Movistar,Movistar
RMS376638908021002,20245845503,24584550,WINTER,CARLOS ARIEL,2945,681362,Telefonica Movistar,Movistar
RMS376638908021002,20245845503,24584550,WINTER,CARLOS ARIEL,2945,697011,Telefonica Movistar,Movistar
RMS376638908021002,20245845503,24584550,WINTER,CARLOS ARIEL,297,4642873,Telefonica Movistar,Movistar
RMS376638908021002,20245845503,24584550,WINTER,CARLOS ARIEL,351,6484807,Telefonica Movistar,Movistar
RMS376638908021002,20245845503,24584550,WINTER,CARLOS ARIEL,2945,426499,AMX ARGENTINA,Claro
RMS376636957051003,20349403383,34940338,AGHEMO,HERNAN,11,67348841,Telefonica Movistar,ANSES / Cablevision / Movistar
RMS379975481041008,20326986705,32698670,ROJAS PABLO IGNACIO,PABLO IGNACIO,11,35953982,Telefonica Movistar,Cablevision
RMS376685390033003,23209856859,20985685,MARIOTTI,PABLO ALFREDO,2291,410541,AMX ARGENTINA,ANSES
RMS376685390033003,23209856859,20985685,MARIOTTI,PABLO ALFREDO,2291,463872,AMX ARGENTINA,Cablevision
RMS376685390033003,23209856859,20985685,MARIOTTI,PABLO ALFREDO,2291,418973,AMX ARGENTINA,Claro
RMS379977857145009,20351139111,35113911,CARABAJAL,MAURO ORLANDO,11,67985818,Telecom Personal,ANSES / Movistar
RMS379977857145009,20351139111,35113911,CARABAJAL,MAURO ORLANDO,11,23400531,Telefonica Movistar,Movistar
RMS379977857145009,20351139111,35113911,CARABAJAL,MAURO ORLANDO,11,33105458,AMX ARGENTINA,Movistar
RMS379977857145009,20351139111,35113911,CARABAJAL,MAURO ORLANDO,11,39434405,Telefonica Movistar,Movistar
RMS379975603032000,20181691205,18169120,AGUIRRE,JULIO CESAR,11,64792223,Telecom Personal,ANSES
RMS379975603032000,20181691205,18169120,AGUIRRE,JULIO CESAR,11,38972396,Telefonica Movistar,Movistar
RMS376686445342001,27277720421,27772042,MARCUZZI CARDOZO,JULIANA,11,30349725,Telecom Personal,Cablevision
RMS379975917061000,20222942625,22294262,TREGGIARI,FERNANDO DIEGO,11,32338948,AMX ARGENTINA,Cablevision
RMS379975917061000,20222942625,22294262,TREGGIARI,FERNANDO DIEGO,11,61799616,Telefonica Movistar,ANSES / Movistar / Personal
RMS376688278533003,20247559117,24755911,VILTE,DAMIAN MARCOS,11,43994709,Telefonica Movistar,ANSES / Movistar
RMS376688278533003,20247559117,24755911,VILTE,DAMIAN MARCOS,11,50579977,Telefonica Movistar,Cablevision / Movistar
RMS376688278533003,20247559117,24755911,VILTE,DAMIAN MARCOS,11,41650026,Telefonica Movistar,Movistar
RMS376688278533003,20247559117,24755911,VILTE,DAMIAN MARCOS,11,56697200,Telefonica Movistar,Movistar
RMS376401787973003,27053337940,5333794,GORGA,LIDIA INES,11,40849470,Telefonica Movistar,Cablevision
RMS376418461191009,23101324559,10132455,SAMPAYO,ONOFRE JUAN,11,64793790,Telecom Personal,ANSES / Personal
RMS376418461191009,23101324559,10132455,SAMPAYO,ONOFRE JUAN,11,64471926,Telecom Personal,Personal
RMS376686266181009,27222016423,22201642,GARCIA,SANDRA EDITH,11,50468512,Telefonica Movistar,ANSES
RMS376686266181009,27222016423,22201642,GARCIA,SANDRA EDITH,11,50607316,Telefonica Movistar,Cablevision
RMS376401787973003,20053337946,5333794,COTELLESSE HECTOR LUIS,LIDIA INES,11,40849470,Telefonica Movistar,Cablevision
RMS376405199451003,23204993394,20499339,SANTALUCIA,MARINA ARACELI,2241,462781,AMX ARGENTINA,Cablevision
RMS376405199451003,23204993394,20499339,SANTALUCIA,MARINA ARACELI,2241,583800,AMX ARGENTINA,Claro
RMS376405199451003,23204993394,20499339,SANTALUCIA,MARINA ARACELI,2243,409098,AMX ARGENTINA,Claro
RMS376405199451003,23204993394,20499339,SANTALUCIA,MARINA ARACELI,2243,409087,AMX ARGENTINA,Claro
RMS376405199451003,23204993394,20499339,SANTALUCIA,MARINA ARACELI,2243,409108,AMX ARGENTINA,Claro
RMS376417309137000,20366076361,36607636,RIVERO,MATIAS EMANUEL,11,61272808,AMX ARGENTINA,ANSES / Movistar
RMS376417309137000,20366076361,36607636,RIVERO,MATIAS EMANUEL,11,41968848,Telefonica Movistar,Cablevision
RMS376417309137000,20366076361,36607636,RIVERO,MATIAS EMANUEL,11,67469362,Telefonica Movistar,Movistar
RMS376417309137000,20366076361,36607636,RIVERO,MATIAS EMANUEL,11,40659512,Telefonica Movistar,Movistar
RMS376417309137000,20366076361,36607636,RIVERO,MATIAS EMANUEL,3716,406599,Telecom Personal,Personal
RMS376418797164001,20217885761,21788576,TRUSSO,MAXIMILIANO,11,68696008,Telecom Personal,Cablevision
RMS376418797164001,20217885761,21788576,TRUSSO,MAXIMILIANO,11,34401205,Telecom Personal,Personal
RMS376418797164001,20217885761,21788576,TRUSSO,MAXIMILIANO,11,68696118,Telecom Personal,Personal
RMS376418320072002,23147541449,14754144,PEREZ,FRANCISCO NARCISO,3854,5158481,Telefonica Movistar,Cablevision
RMS376418320072002,23147541449,14754144,PEREZ,FRANCISCO NARCISO,385,4170767,AMX ARGENTINA,Cablevision
RMS376418320072002,23147541449,14754144,PEREZ,FRANCISCO NARCISO,385,4149246,Telefonica Movistar,Movistar
RMS376418320072002,23147541449,14754144,PEREZ,FRANCISCO NARCISO,385,4181099,AMX ARGENTINA,Claro
RMS376637042051008,27328222154,32822215,CRISPINA,MARIA FLORENCIA,11,34721986,Telecom Personal,Cablevision
RMS376639361181002,20298584108,29858410,HERMOSILLA,FRANCO MARTIN,297,5135992,AMX ARGENTINA,ANSES
RMS376639361181002,20298584108,29858410,HERMOSILLA,FRANCO MARTIN,297,5043727,Telefonica Movistar,Movistar
RMS376639361181002,20298584108,29858410,HERMOSILLA,FRANCO MARTIN,297,5921596,AMX ARGENTINA,Movistar
RMS376639361181002,20298584108,29858410,HERMOSILLA,FRANCO MARTIN,297,5151246,AMX ARGENTINA,Claro
RMS379975010071005,20271506350,27150635,PRETTO,DIEGO ALEJANDRO,3446,624623,AMX ARGENTINA,Claro
RMS376418441361003,20283900518,28390051,ULLOQUE,LUCAS LEONARDO,2964,487626,Telefonica Movistar,Movistar
RMS376418441361003,20283900518,28390051,ULLOQUE,LUCAS LEONARDO,2964,622162,Telefonica Movistar,Movistar
RMS376418441361003,20283900518,28390051,ULLOQUE,LUCAS LEONARDO,2964,529684,AMX ARGENTINA,Movistar
RMS376417175941006,27276916489,27691648,FIGUEROA ALCORTA,INES,11,62991593,Telefonica Movistar,Cablevision / Movistar
DNI 25111038,20251110388,25111038,ARAYA,CRISTIAN HERNAN,11,35911404,Telefonica Movistar,Movistar
DNI 25111038,20251110388,25111038,ARAYA,CRISTIAN HERNAN,11,41654060,Telefonica Movistar,Movistar
DNI 25111038,20251110388,25111038,ARAYA,CRISTIAN HERNAN,11,64949998,Telefonica Movistar,Movistar
DNI 25111038,20251110388,25111038,ARAYA,CRISTIAN HERNAN,11,31856829,Telefonica Movistar,Movistar
DNI 25111038,20251110388,25111038,ARAYA,CRISTIAN HERNAN,11,25074187,Telecom Personal,Personal
DNI 25111038,20251110388,25111038,ARAYA,CRISTIAN HERNAN,11,71664187,Telecom Personal,Personal
DNI 25111038,20251110388,25111038,ARAYA,CRISTIAN HERNAN,3835,522496,AMX ARGENTINA,Claro
DNI 25111038,20251110388,25111038,ARAYA,CRISTIAN HERNAN,11,37686773,AMX ARGENTINA,Claro
RMS379975612181004,20120911113,12091111,CHIALE,CARLOS ALBERTO,11,44044063,Telefonica Movistar,Movistar
RMS379975612181004,20120911113,12091111,CHIALE,CARLOS ALBERTO,11,49724964,Telefonica Movistar,Movistar
RMS379975612181004,20120911113,12091111,CHIALE,CARLOS ALBERTO,351,5090247,Telefonica Movistar,Movistar
DNI 25255438,27252554381,25255438,LOPOPOLO,DORA GRACIELA,381,4565555,Telefonica Movistar,Personal
DNI 16065145,27160651453,16065145,SERRANO,SILVIA NELIDA,341,5939586,Telefonica Movistar,ANSES / Movistar
DNI 25720797,20257207979,25720797,BATRES,ESTEBAN JESUS,221,5556987,Telefonica Movistar,ANSES / Movistar
DNI 20405805,27204058054,20405805,RODRIGUEZ,MABEL NOEMI,11,62871858,Telefonica Movistar,ANSES / Movistar
DNI 20405805,27204058054,20405805,RODRIGUEZ,MABEL NOEMI,11,67387622,Telefonica Movistar,Movistar
DNI 30791492,27307914927,30791492,CASTRO,MARINA VANESSA ITATI,11,34152721,Telecom Personal,Cablevision / Personal
DNI 92490760,20924907607,92490760,MORA,"ENRIQUE MARTIN     ",11,30740288,Telecom Personal,ANSES / Cablevision / Personal
DNI 92490760,20924907607,92490760,MORA,"ENRIQUE MARTIN     ",11,66405203,AMX ARGENTINA,Claro
DNI 34408296,20344082961,34408296,GIORDANENGO NICOLAS EDUARDO,NICOLAS EDUARDO,341,3013514,AMX ARGENTINA,ANSES
DNI 34408296,20344082961,34408296,GIORDANENGO NICOLAS EDUARDO,NICOLAS EDUARDO,341,3010084,AMX ARGENTINA,Claro
DNI 92683260,20926832604,92683260,MORADO,"MANUEL EDUARD       ",11,35422851,Telecom Personal,Cablevision
DNI 17031923,20170319231,17031923,ALECCI,DANIEL ALEJANDRO,11,50040040,AMX ARGENTINA,ANSES
DNI 17031923,20170319231,17031923,ALECCI,DANIEL ALEJANDRO,11,50040049,AMX ARGENTINA,Cablevision / Movistar
DNI 17031923,20170319231,17031923,ALECCI,DANIEL ALEJANDRO,11,38631779,Telefonica Movistar,Movistar
DNI 17031923,20170319231,17031923,ALECCI,DANIEL ALEJANDRO,11,62215960,AMX ARGENTINA,Movistar
DNI 17031923,20170319231,17031923,ALECCI,DANIEL ALEJANDRO,11,38517199,Telefonica Movistar,Movistar
DNI 17031923,20170319231,17031923,ALECCI,DANIEL ALEJANDRO,11,56245084,Telefonica Movistar,Movistar
DNI 17031923,20170319231,17031923,ALECCI,DANIEL ALEJANDRO,11,58125585,Telefonica Movistar,Movistar
DNI 17031923,20170319231,17031923,ALECCI,DANIEL ALEJANDRO,11,67916917,Telecom Personal,Movistar
DNI 17031923,20170319231,17031923,ALECCI,DANIEL ALEJANDRO,11,32624697,AMX ARGENTINA,Claro
DNI 36398174,27363981742,36398174,ORLANDO,GABRIELA LORENA,11,26899609,AMX ARGENTINA,ANSES
DNI 37475615,20374756150,37475615,AQUINO,GONZALO EMMANUEL,351,3525826,Telecom Personal,Cablevision / Movistar / Personal
DNI 37475615,27374756155,37475615,AQUINO,"ALCAZAR MARIELA VANE                                                                                                                                  ",351,3525826,Telecom Personal,Cablevision / Movistar / Personal
DNI 26792200,20267922005,26792200,MARTINEZ,JUAN ANTONIO,2323,211033,Telefonica Movistar,Cablevision
DNI 26792200,20267922005,26792200,MARTINEZ,JUAN ANTONIO,2323,542748,Telefonica Movistar,ANSES / Movistar
DNI 26792200,20267922005,26792200,MARTINEZ,JUAN ANTONIO,2323,541118,Telefonica Movistar,Movistar
DNI 26792200,20267922005,26792200,MARTINEZ,JUAN ANTONIO,11,67617399,Telefonica Movistar,Movistar
DNI 26792200,20267922005,26792200,MARTINEZ,JUAN ANTONIO,2323,541219,Telefonica Movistar,Movistar
DNI 26792200,20267922005,26792200,MARTINEZ,JUAN ANTONIO,2323,606612,Telefonica Movistar,Movistar
DNI 26792200,20267922005,26792200,MARTINEZ,JUAN ANTONIO,2323,619515,Telefonica Movistar,Movistar
DNI 23472771,20234727711,23472771,CIANCIO,SERGIO ARIEL,11,30372025,Telecom Personal,Cablevision / Movistar
DNI 31589077,20315890773,31589077,SARLO,RODOLFO SEBASTIAN,381,6445569,Telecom Personal,ANSES
DNI 31589077,20315890773,31589077,SARLO,RODOLFO SEBASTIAN,381,5153293,AMX ARGENTINA,Movistar
DNI 31589077,20315890773,31589077,SARLO,RODOLFO SEBASTIAN,381,5885671,AMX ARGENTINA,Claro
DNI 16245090,20162450906,16245090,HERNANDEZ,CLAUDIO MIGUEL,11,45361188,Telecom Personal,Cablevision
DNI 17451672,20174516724,17451672,ZAPANA,CARLOS RENE,11,50605029,Telefonica Movistar,ANSES / Cablevision / Movistar
DNI 30226100,27302261003,30226100,MARAVERT,JULIA SOLEDAD,11,38820893,Telefonica Movistar,ANSES
DNI 30226100,27302261003,30226100,MARAVERT,JULIA SOLEDAD,2657,509128,AMX ARGENTINA,Claro
DNI 35460840,20354608406,35460840,ESCOBAR,LUCAS ARIEL,11,35161991,Telecom Personal,ANSES / Cablevision / Personal
DNI 20567009,20205670093,20567009,ABREGU,SERGIO FABIAN,11,41823488,Telecom Personal,ANSES
DNI 20567009,20205670093,20567009,ABREGU,SERGIO FABIAN,11,36231301,Telefonica Movistar,Movistar
DNI 20567009,20205670093,20567009,ABREGU,SERGIO FABIAN,11,36415258,Telefonica Movistar,Movistar
DNI 20567009,20205670093,20567009,ABREGU,SERGIO FABIAN,11,44228289,Telefonica Movistar,Movistar
DNI 20567009,20205670093,20567009,ABREGU,SERGIO FABIAN,11,44404246,Telefonica Movistar,Movistar / Personal
DNI 20567009,20205670093,20567009,ABREGU,SERGIO FABIAN,11,59512443,Telefonica Movistar,Movistar
DNI 20567009,20205670093,20567009,ABREGU,SERGIO FABIAN,11,59568367,Telefonica Movistar,Movistar
DNI 14558183,20145581835,14558183,VLADIMIRSKY SERGIO A,SERGIO ALBERTO,11,56671566,Telefonica Movistar,ANSES / Cablevision
DNI 21586019,20215860192,21586019,GUILLERMET,FERNANDO JAVIER,261,5888454,Telefonica Movistar,ANSES / Movistar
DNI 25029467,27250294676,25029467,GONZALEZ,LAURA MARCELA,11,64652870,Telecom Personal,Cablevision / Personal
DNI 25029467,27250294676,25029467,GONZALEZ,LAURA MARCELA,11,40974190,Telecom Personal,Personal
DNI 25029467,27250294676,25029467,GONZALEZ,LAURA MARCELA,11,51126784,Telecom Personal,Personal
DNI 32668198,23326681989,32668198,TOLOSA,ABEL FRANCISCO,223,5802487,AMX ARGENTINA,ANSES / Movistar
DNI 32668198,23326681989,32668198,TOLOSA,ABEL FRANCISCO,223,5257483,AMX ARGENTINA,Cablevision
DNI 95783533,20957835334,95783533,MENESES SUAREZ KEVIN ANDERSON,Kevin Anderson Meneses Suarez,11,44445555,Telefonica Movistar,ANSES
DNI 95783533,20957835334,95783533,MENESES SUAREZ KEVIN ANDERSON,Kevin Anderson Meneses Suarez,11,66241403,Telecom Personal,Personal
DNI 31217614,27312176144,31217614,BRIZUELA,SILVANA BEATRIZ,351,6484655,Telefonica Movistar,ANSES
DNI 31217614,27312176144,31217614,BRIZUELA,SILVANA BEATRIZ,351,5734480,Telecom Personal,Cablevision
DNI 26971939,27269719392,26971939,DI GIOVANNI,VERONICA VANESA,11,34207216,Telecom Personal,ANSES / Cablevision / Personal
DNI 26971939,27269719392,26971939,DI GIOVANNI,VERONICA VANESA,11,30767040,Telecom Personal,Personal
DNI 18399095,20183990951,18399095,CATALA,HERNAN JORGE,11,40447781,Telefonica Movistar,ANSES / Movistar
DNI 18399095,20183990951,18399095,CATALA,HERNAN JORGE,11,39186775,Telefonica Movistar,Movistar
DNI 18399095,20183990951,18399095,CATALA,HERNAN JORGE,11,39193199,Telefonica Movistar,Movistar
DNI 18399095,20183990951,18399095,CATALA,HERNAN JORGE,11,40447769,Telefonica Movistar,Movistar
DNI 18399095,20183990951,18399095,CATALA,HERNAN JORGE,11,40846093,Telefonica Movistar,Movistar
DNI 18399095,20183990951,18399095,CATALA,HERNAN JORGE,11,44070564,Telefonica Movistar,Movistar
DNI 18399095,20183990951,18399095,CATALA,HERNAN JORGE,11,53115611,Telefonica Movistar,Movistar
DNI 34535603,20345356038,34535603,MATHARAN,PABLO EUGENIO,11,28632254,Telefonica Movistar,ANSES / Movistar
DNI 26102223,20261022231,26102223,BAEZ,PABLO JAVIER,11,65357886,Telefonica Movistar,Movistar
DNI 26102223,20261022231,26102223,BAEZ,PABLO JAVIER,11,32725553,AMX ARGENTINA,Claro
DNI 26102223,20261022231,26102223,BAEZ,PABLO JAVIER,11,33090177,AMX ARGENTINA,Claro
DNI 21622047,20216220472,21622047,PINELLI,RAMON EDUARDO,3772,507318,AMX ARGENTINA,ANSES
DNI 21622047,20216220472,21622047,PINELLI,RAMON EDUARDO,3772,457679,AMX ARGENTINA,Claro
DNI 21622047,20216220472,21622047,PINELLI,RAMON EDUARDO,3772,408668,AMX ARGENTINA,Claro
DNI 30556339,27305563396,30556339,SAVIGLIANO,GUADALUPE IRMA,11,68593999,Telecom Personal,ANSES / Cablevision / Personal
DNI 30556339,27305563396,30556339,SAVIGLIANO,GUADALUPE IRMA,11,34925975,Telecom Personal,Personal
DNI 95949582,20959495824,95949582,GONZALEZ BENITEZ MIGUELANGEL,GONZALEZ BENITEZ MIGUELANGEL,11,41922184,Telefonica Movistar,ANSES
DNI 26640420,20266404205,26640420,VALDEZ,WALTER OMAR,11,69065326,Telefonica Movistar,Cablevision
DNI 26640420,20266404205,26640420,VALDEZ,WALTER OMAR,11,31787326,Telefonica Movistar,Movistar
DNI 26640420,20266404205,26640420,VALDEZ,WALTER OMAR,11,35450955,Telecom Personal,Movistar
DNI 26640420,20266404205,26640420,VALDEZ,WALTER OMAR,11,40905272,Telefonica Movistar,Movistar
DNI 26640420,20266404205,26640420,VALDEZ,WALTER OMAR,11,60051781,Telefonica Movistar,Movistar
DNI 26640420,20266404205,26640420,VALDEZ,WALTER OMAR,11,61828435,Telefonica Movistar,Movistar
DNI 26640420,20266404205,26640420,VALDEZ,WALTER OMAR,11,50381743,Telefonica Movistar,Movistar
DNI 26640420,20266404205,26640420,VALDEZ,WALTER OMAR,11,50381775,Telefonica Movistar,Movistar
DNI 26640420,20266404205,26640420,VALDEZ,WALTER OMAR,11,33441533,AMX ARGENTINA,Claro
DNI 11607659,20116076595,11607659,SOPLAN,JOSE LUIS,223,4360344,AMX ARGENTINA,Cablevision / Movistar
DNI 11607659,20116076595,11607659,SOPLAN,JOSE LUIS,11,23487226,Telefonica Movistar,Movistar
DNI 11607659,20116076595,11607659,SOPLAN,JOSE LUIS,11,44715078,Telefonica Movistar,Movistar
DNI 30183159,27301831590,30183159,BARREIRO,MARIA GUADALUPE,11,49806445,Telefonica Movistar,Movistar
DNI 30183159,27301831590,30183159,BARREIRO,MARIA GUADALUPE,11,70389019,Telefonica Movistar,Movistar
DNI 31761346,27317613461,31761346,CRAIYACICH LARRUCEA,ROCIO PRISCILA,362,4716084,Telecom Personal,ANSES
DNI 31761346,27317613461,31761346,CRAIYACICH LARRUCEA,ROCIO PRISCILA,362,4605786,Telecom Personal,Cablevision
DNI 17262383,20172623833,17262383,RAMALLO,ENRIQUE MARCELO,342,5133290,Telecom Personal,Personal
DNI 17262383,20172623833,17262383,RAMALLO,ENRIQUE MARCELO,342,4855821,AMX ARGENTINA,Claro
DNI 33789721,27337897210,33789721,PEIRANO,ROCIO INES,11,51320513,Telefonica Movistar,ANSES / Cablevision
DNI 21863256,20218632565,21863256,CARMELINO,LUIS HUGO,3489,515629,AMX ARGENTINA,ANSES / Claro
DNI 21863256,20218632565,21863256,CARMELINO,LUIS HUGO,11,31129119,Telecom Personal,Cablevision
DNI 92785561,27927855610,92785561,RUIZ,"VERONICA D     ",11,53395011,Telecom Personal,Personal
RMS376417364131005,27182667833,18266783,MURIEL,MARIELA LAURA,2326,422530,Telefonica Movistar,ANSES / Movistar
