﻿IdExterno,Documento,CUIL,Apellido,Nombre,FechaNacimiento,DomicilioPadron,LocalidadPadron,ProvinciaPadron,Sexo,Fallecido,FallecidoActa,FallecidoTomo,FallecidoFolio,FallecidoFecha
DNI 17140041,17140041,20171400415,CANSINO,ALFREDO DANTE,18/07/1965,,,,M,NO,,,,
DNI 23296211,23296211,27232962114,OVEJERO,MARIA CECILIA,10/04/1973,,,,F,NO,,,,
DNI 18327327,18327327,27183273278,LENGUAZA RITA CARMEN,RITA CARMEN,03/05/1967,,,,F,NO,,,,
DNIE94823216,94823216,20948232163,BONILLA LOSADA CRISTIAN MAURICIO,LOSADA CRISTIAN MAUR,27/01/1989,,,,M,NO,,,,
DNI 30173673,30173673,20301736739,REGIS,MAURO RAUL,09/08/1983,,,,M,NO,,,,
DNI 36529675,36529675,20365296759,IGLESIAS MOLLI,BENJAMIN,01/10/1991,,,,M,NO,,,,
DNIE95961400,95961400,27959614003,RAMOS TARAZONA DARMARIS DEL JESUS,RAMOS TARAZONA DARMARIS DEL JESUS,18/02/1985,,,,F,NO,,,,
DNI 29686485,29686485,23296864854,CAMARGO,MARIA CRISTINA,29/03/1983,,,,F,NO,,,,
DNI 37082420,37082420,20370824208,PEREIRA,NICOLAS FABIAN,31/12/1993,,,,M,NO,,,,
DNI 36529675,36529675,27365296753,SIN DATOS,SIN DATOS,01/01/1900,,,,F,NO,,,,
DNI 20602789,20602789,20206027895,HAJART,ENRIQUE ALEJAND,10/03/1969,,,,M,NO,,,,
DNIE95905820,95905820,27959058208,MATHEUS ALTOE ANA AMELIA,MATHEUS ALTOE ANA AMELIA,21/09/1993,,,,F,NO,,,,
DNI 42725353,42725353,27427253533,BIRON,MARIA VICTORIA,29/09/2000,,,,F,NO,,,,
DNI 29958518,29958518,20299585183,ROMAN,DANIEL ALBERTO,12/11/1982,,,,M,NO,,,,
DNI 12041870,12041870,20120418700,PEREZ,HECTOR EZMENAR,12/10/1958,,,,M,NO,,,,
DNI 24802849,24802849,27248028497,BAUQUE,MARIA CONSTANZA,27/09/1975,,,,F,NO,,,,
DNI 31733574,31733574,20317335742,ZORAT,ARTURO ZADQUIEL,30/09/1985,,,,M,NO,,,,
DNIE95944575,95944575,27959445759,FUENMAYOR VILLALOBOS MAYERLING COROMOTO,FUENMAYOR VILLALOBOS MAYERLING COROMOTO,04/11/1973,,,,F,NO,,,,
DNIE96064355,96064355,27960643556,VALADAO DOS SANTOS JURACY,VALADAO DOS SANTOS JURACY,,,,,F,NO,,,,
DNI 34220727,34220727,20342207279,HERNANDEZ MATIAS FEDERICO,MATIAS FEDERICO,27/03/1989,,,,M,NO,,,,
DNI 14900416,14900416,20149004166,CASTRO LUIS ALBERTO,LUIS ALBERTO,04/06/1962,,,,M,NO,,,,
DNI 32732029,32732029,20327320298,TORRENTE,JONATAN DAMIAN,26/02/1987,,,,M,NO,,,,
DNI 43026051,43026051,27430260516,COSTILLA,LUDMILA AYLEN,25/10/2000,,,,F,NO,,,,
DNI 37103913,37103913,27371039134,ALBERTI,JESSICA DAIANA,07/10/1992,,,,F,NO,,,,
DNI 43054897,43054897,20430548973,CARMONA,LUCIANO GERONIMO,15/12/2000,,,,M,NO,,,,
DNI 43180963,43180963,20431809630,VITALE,FERNANDO ELIAS EZEQUIEL,22/08/1997,,,,M,NO,,,,
DNIE94950878,94950878,20949508782,RODRIGUEZ AMORES MIGUEL,Amores Miguel Rodriguez,05/11/1973,,,,M,NO,,,,
DNI 29059189,29059189,27290591894,PASQUALICCHIO,MARIA ELIZABETH,17/09/1981,,,,F,NO,,,,
DNI 22133578,22133578,20221335784,Colqui,Samuel Augusto,19/06/1971,,,,M,NO,,,,
DNI 22133578,22133578,27221335789,PIERGALLINI,ROSANA TERESA,19/06/1971,,,,F,NO,,,,
DNI 25128749,25128749,20251287490,LAGRECA BAL,JOSE MARIA,01/02/1976,,,,M,NO,,,,
DNI 28971512,28971512,27289715121,AGUILERA,GABRIELA NOEMI,19/07/1981,,,,F,NO,,,,
DNI 36883035,36883035,27368830351,ORELLANO,MAIRA ALEJANDRA,11/04/1992,,,,F,NO,,,,
DNI 23137814,23137814,27231378141,MOREYRA,ELIZABETH NOEMI,20/03/1973,,,,F,NO,,,,
DNI 42001228,42001228,20420012285,CABRERA,GENARO SEBASTIAN,07/07/1999,,,,M,NO,,,,
DNIE95983650,95983650,27959836502,TESSARI AVILA FERNANDA,TESSARI AVILA FERNANDA,11/03/1998,,,,F,NO,,,,
DNI 40389382,40389382,27403893825,SANCHEZ MOLINUEVO,SILVIA PATRICIA,06/05/1997,,,,F,NO,,,,
DNI 31383203,31383203,27313832037,MONTI,MIRIAN VANESA,24/01/1985,,,,F,NO,,,,
DNIE96026013,96026013,27960260134,MARTINS VIEIRA PATRICIA APARECIDA,MARTINS VIEIRA PATRICIA APAREC,21/06/1978,,,,F,NO,,,,
DNIE96017869,96017869,27960178691,BAEZ GIL RAQUEL PATRICIA,BAEZ GIL RAQUEL PATRICIA,18/03/1973,,,,F,NO,,,,
DNI 14954497,14954497,27149544971,ALTAMIRANO,MARTA SUSANA,25/03/1962,,,,F,NO,,,,
DNI 12126900,12126900,20121269008,FERNANDEZ,ROBERTO LUCIANO,08/05/1958,,,,M,NO,,,,
DNI 29727337,29727337,20297273370,INSFRAN,GUSTAVO ADOLFO,04/11/1982,,,,M,NO,,,,
DNIE92108293,92108293,27921082938,SALINAS,"TILLNER MYRIAN JULIANA        ",17/08/1969,,,,F,NO,,,,
DNI 29823800,29823800,20298238005,LACARRUBBA,"HEIM MAURICIO ADR                                                                                                                                     ",31/10/1984,,,,M,NO,,,,
DNIE96051746,96051746,27960517461,MOREIRA SILVA GENILMA,MOREIRA SILVA GENILMA,18/11/1987,,,,F,NO,,,,
DNIE95864734,95864734,23958647344,FERNANDEZ FERNANDEZ LAURA BEATRIZ,FERNANDEZ FERNANDEZ LAURA BEATRIZ,03/12/1962,,,,F,NO,,,,
DNI 29823800,29823800,23298238004,LACARRUBBA,PAMELA GISELA,01/01/1983,,,,F,NO,,,,
DNI 11524661,11524661,20115246616,LLOMPART,DANIEL EDGARDO,22/02/1955,,,,M,NO,,,,
DNI 23182277,23182277,27231822777,VILLALVA,DORA ELVIRA,08/04/1973,,,,F,NO,,,,
DNI 23969725,23969725,23239697259,BARDOS,GUSTAVO NELSON,25/04/1974,,,,M,NO,,,,
DNI 12031282,12031282,27120312826,SPOLIDORI,GRACIELA BEATRIZ,08/01/1956,,,,F,NO,,,,
DNI 26457794,26457794,20264577943,CONT,DIEGO MARTIN,24/05/1978,,,,M,NO,,,,
DNI 43776351,43776351,27437763513,MENDOZA JULIA DEL CARMEN,"MENDOZA JULIA DEL CERMEN                                                                                                                              ",09/11/2001,,,,F,NO,,,,
DNI 12636914,12636914,27126369145,DUTRA,SUSANA HAYDEE,29/03/1959,,,,F,NO,,,,
DNI 35586284,35586284,23355862844,CORTEZ,CARLA BETIANA,28/11/1988,,,,F,NO,,,,
DNI 37866431,37866431,20378664315,EIHMAN,LUCAS ANIBAL,24/11/1993,,,,M,NO,,,,
DNI 26326974,26326974,20263269749,AMARILLO,LEANDRO ABEL,06/01/1978,,,,M,NO,,,,
DNI 38186717,38186717,20381867170,TORRES,VICTOR EZEQUIEL,05/08/1994,,,,M,NO,,,,
DNI 40633515,40633515,20406335152,TORRES,AGUSTIN ALEJANDRO,29/08/1997,,,,M,NO,,,,
DNI 42367048,42367048,27423670482,VARGAS,MILAGROS AYELEN,19/02/2000,,,,F,NO,,,,
DNI 22373041,22373041,27223730413,PALACIOS,GABRIELA ALEJANDRA,08/10/1971,,,,F,NO,,,,
DNI 10490895,10490895,20104908951,CORONEL,FELIX,08/12/1952,,,,M,NO,,,,
DNI 25825053,25825053,20258250533,ARMENDANO,HUGO RAMIRO,22/03/1977,,,,M,NO,,,,
DNI 36690551,36690551,27366905516,SANDOBAL,ROMINA LORENA,10/01/1992,,,,F,NO,,,,
DNI 25825053,25825053,27258250538,FARMACIA,LIBERTAD,22/03/1977,,,,F,NO,,,,
DNI 35419129,35419129,27354191291,ACOSTA,FLAVIA LUCIA,28/05/1990,,,,F,NO,,,,
DNI 38087758,38087758,27380877584,AYRALA,MARIA ANABEL,16/03/1994,,,,F,NO,,,,
DNI 38466856,38466856,27384668564,NAVARRO LABASTIE,FELICITAS,01/01/1994,,,,F,NO,,,,
DNIE96002754,96002754,27960027545,DA SILVA BARROS SUELEN,DA SILVA BARROS SUELEN,16/07/1982,,,,F,NO,,,,
DNI 38466856,38466856,23384668569,NAVARRO LABASTIE,"NAVARRO LABASTIE FELICITAS                                                                                                                            ",12/09/1994,,,,M,NO,,,,
DNI 14203953,14203953,27142039538,ALTAMIRANO,ESTELA MARINA,27/07/1960,,,,F,NO,,,,
DNI 32092933,32092933,23320929334,GONZALEZ SANDRA LIBRA,RENZO EMANUEL,08/12/1985,,,,F,NO,,,,
DNI 32092933,32092933,20320929335,HRYSZCZUK,RENZO EMANUEL,10/03/1986,,,,M,NO,,,,
DNI 27570737,27570737,27275707371,URBANO,SILVINA ISABEL,15/12/1979,,,,F,NO,,,,
DNI 34444729,34444729,27344447298,LUNA,ANABEL VERONICA,30/03/1989,,,,F,NO,,,,
DNIE95663619,95663619,20956636192,FAJARDO RODRIGUEZ NELSON ANDRE,RODRIGUEZ NELSON AND,07/07/1984,,,,M,NO,,,,
DNI 38624328,38624328,20386243280,PISTAN,IVAN FRANCO,02/04/1995,,,,M,NO,,,,
DNI 34444729,34444729,20344447293,LUNA,"ACOSTA JORGE DANIEL                                                                                                                                   ",25/03/1991,,,,M,NO,,,,
DNIE95801149,95801149,27958011496,ACOSTA HERNANDEZ JANET JOSEFINA,ACOSTA HERNANDEZ JANET JOSEFINA,11/11/1965,,,,F,NO,,,,
DNI 26768049,26768049,20267680494,CORIA,MIGUEL ELIAS,04/09/1978,,,,M,NO,,,,
DNI 16191867,16191867,23161918679,TELLO,CARLOS A,16/10/1962,,,,M,NO,,,,
DNI 35015896,35015896,20350158961,ABRANSSON,JOSE EMANUEL,11/12/1995,,,,M,NO,,,,
DNI 28933470,28933470,27289334705,DIAZ,SILVIA ANDREA,08/10/1981,,,,F,NO,,,,
DNIE95127654,95127654,27951276540,TORRES PACUA CLAUDIA EVELINA,TORRES PACUA CLAUDIA EVELINA,17/03/1981,,,,F,NO,,,,
DNI 36335256,36335256,20363352562,VEGA,MIGUEL ALEJANDRO,05/05/1991,,,,M,NO,,,,
DNI 39120391,39120391,20391203912,LERME RODRIGUEZ,PABLO ESTEBAN,15/07/1995,,,,M,NO,,,,
DNI 18907900,18907900,27189079007,LOPEZ,DAIANA ESTEFANIA,23/12/1992,,,,F,NO,,,,
DNI 44434618,44434618,20444346184,CARBONE,FRANCISCO GASTÓN,09/12/2001,,,,M,NO,,,,
DNIE96093456,96093456,20960934564,AGUAYO VILLAR IGNACIO,AGUAYO IGNACIO,,,,,M,NO,,,,
DNI 34603305,34603305,27346033059,GUERRERO CANCINO,CARLA BELEN,21/09/1990,,,,F,NO,,,,
DNI 31083200,31083200,27310832001,OLIVERA,VERONICA ALEJANDRA,09/03/1984,,,,F,NO,,,,
DNIE95862972,95862972,27958629724,ALVES COSTA CAVALHEIRO JANE,ALVES COSTA CAVALHEIRO JANE,25/09/1997,,,,F,NO,,,,
DNI 35232824,35232824,27352328249,ROJAS,SABRINA MICAELA BELEN,18/04/1990,,,,F,NO,,,,
DNI 12011196,12011196,20120111966,OHANESSIAN MIGUEL ANGEL,"OHANESSIAN MIGUEL ANGEL                                                                                                                               ",27/12/1954,,,,M,NO,,,,
DNIE95925857,95925857,27959258576,MELO CINTRA CAROLINE,MELO CINTRA CAROLINE,04/12/1992,,,,F,NO,,,,
DNI 25158416,25158416,20251584169,JOFRE,MIGUEL ANTONIO,26/10/1976,,,,M,NO,,,,
DNI 29655890,29655890,20296558908,CATANZANO,FACUNDO ROBERTO,31/07/1982,,,,M,NO,,,,
DNI 38701368,38701368,27387013682,MEDINA,ANTONELLA ANOUX SALOME,21/08/1995,,,,F,NO,,,,
DNI 28146395,28146395,27281463956,OCAMPO,MARIELA ELISABET,28/05/1980,,,,F,NO,,,,
DNI 29460206,29460206,20294602063,MOYANO,JAVIER MAXIMILIANO,29/03/1982,,,,M,NO,,,,
DNI 11235494,11235494,20112354949,TURIN,ALBERTO JOSE,28/07/1954,,,,M,NO,,,,
DNI 33588847,33588847,27335888478,FERNANDEZ,MYRIAN VERONICA,17/12/1988,,,,F,NO,,,,
DNI 30116294,30116294,23301162944,ALI,ANA VALERIA,22/04/1983,,,,F,NO,,,,
DNI 37270193,37270193,20372701936,GOMEZ,NICOLAS EMANUEL,17/02/1993,,,,M,NO,,,,
DNIE95928487,95928487,27959284879,PINHO DA SILVA KETLEN NAYA,PINHO DA SILVA KETLEN NAYA,29/01/1991,,,,F,NO,,,,
DNI 40386461,40386461,20403864618,RAIN,CARLOS MARCELO,30/11/1997,,,,M,NO,,,,
DNI 22085576,22085576,27220855762,ARANDA,PAULA ANDREA,18/12/1970,,,,F,NO,,,,
DNI 22275917,22275917,27222759175,ROMERO,GLADYS,08/10/1971,,,,F,NO,,,,
DNI 21081608,21081608,23210816089,FINS,SERGIO OSCAR,05/10/1969,,,,M,NO,,,,
DNI 33935702,33935702,20339357022,PARDO SANZANA,RENE EDUARDO,13/09/1988,,,,M,NO,,,,
DNI 24622138,24622138,27246221389,JIMENEZ,SILVIA ANDREA,18/06/1975,,,,F,NO,,,,
DNI 22557709,22557709,27225577094,RIVADENEIRA,NOEMI DEL VALLE,15/07/1973,,,,F,NO,,,,
DNI 30185814,30185814,20301858141,MOLINA,AZED MIGUEL,06/06/1983,,,,M,NO,,,,
DNI 35097472,35097472,20350974726,MARTINEZ,FELIX SAUL,09/01/1990,,,,M,NO,,,,
DNI 33771609,33771609,20337716092,OCAMPO,LUCAS MAURICIO,22/11/1988,,,,M,NO,,,,
DNI 16816323,16816323,20168163232,CASO,JORGE OMAR,25/09/1964,,,,M,NO,,,,
DNI 30306774,30306774,20303067745,SANDOVAL,FABIAN RAMON,11/08/1983,,,,M,NO,,,,
DNI 10414811,10414811,20104148116,MALDONADO,ROLANDO LEONARDO,26/08/1952,,,,M,NO,,,,
DNI 40920338,40920338,20409203389,DEALESSANDRIS BORDONI,NICOLAS,27/01/1998,,,,M,NO,,,,
DNI 33835106,33835106,20338351063,ZAPIOLA,CRISTIAN JONATAN,19/06/1988,,,,M,NO,,,,
DNI 39776753,39776753,27397767537,AGUIRRE SAUCEDO MALENA MARIANA,MALENA MARIANA,23/12/1996,,,,F,NO,,,,
DNI 34490843,34490843,27344908430,YBARRA,ERICA LILIANA,02/12/1988,,,,F,NO,,,,
DNI 41921333,41921333,20419213331,LEONARDT,AGUSTIN NICOLAS,02/10/1999,,,,M,NO,,,,
DNI 41410703,41410703,27414107031,ESPEL,ANA PAULA,30/06/1998,,,,F,NO,,,,
DNI 25832218,25832218,27258322180,DUHAU,VERONICA,09/04/1977,,,,F,NO,,,,
DNI 39936898,39936898,27399368982,CORDOBA,SOFIA BELEN,09/12/1996,,,,F,NO,,,,
DNI 42500838,42500838,27425008388,TABOADA,MARIAM ANTONELLA,16/02/2000,,,,F,NO,,,,
DNI 17136501,17136501,27171365010,PERALTA,SANDRA LIA,20/03/1964,,,,F,NO,,,,
DNI 27361811,27361811,20273618113,LEDEZMA,JOSE LUIS,27/05/1979,,,,M,NO,,,,
DNI 34669946,34669946,27346699464,CACERES,MERIBEL ANTONELA,20/08/1989,,,,F,NO,,,,
DNI 27092781,27092781,27270927810,DAVILA,NATALIA RAQUEL,09/12/1978,,,,F,NO,,,,
DNI 23873802,23873802,23238738024,FERREYRA,SILVANA LORELEY,22/05/1974,,,,F,SI,,,,
DNI 27930212,27930212,20279302126,COPPOLA,PABLO DAMIAN,18/04/1980,,,,M,NO,,,,
DNI 28254375,28254375,27282543759,SOTO ELISABETH SOLEDAD,ELISABETH SOLEDAD,02/06/1980,,,,F,NO,,,,
DNI 42312748,42312748,27423127487,GOMEZ,NAZARENA NEREA,18/11/1999,,,,F,NO,,,,
DNI 16500058,16500058,27165000582,GONZALEZ,SILVIA ADRIANA,22/05/1963,,,,F,NO,,,,
DNI 43090280,43090280,27430902801,VILAYPHANH,CAMILA ANGELA,01/02/2001,,,,F,NO,,,,
DNI 33405916,33405916,20334059163,FERRAROTTI MATIAS LUIS,MATIAS LUIS,28/01/1988,,,,M,NO,,,,
DNI 26609826,26609826,20266098260,BOIDI,CLAUDIO JAVIER,07/08/1978,,,,M,NO,,,,
DNI 27671793,27671793,20276717937,ABBA,LUCIANO IGNACIO,01/01/1980,,,,M,NO,,,,
DNI 37240275,37240275,27372402755,ANTIFORA,SOFIA,15/12/1992,,,,F,NO,,,,
DNIE95713185,95713185,27957131854,GONZALEZ ESTRADA OXSALIS NATACHA,GONZALEZ ESTRADA OXSALIS NATACHA,14/12/1993,,,,F,NO,,,,
DNI 29176610,29176610,27291766108,MUSTO,MARIA FERNANDA,11/12/1981,,,,F,NO,,,,
DNIE96073669,96073669,27960736694,CASTILLO GUERRA YANNELIS TERESA,CASTILLO GUERRA YANNELIS TERESA,,,,,F,NO,,,,
DNIE94573315,94573315,20945733153,POLO,"TORRES ALAN RAUL     ",05/05/1986,,,,M,NO,,,,
DNI 16856908,16856908,20168569085,RIVERA,ROBERTO DANIEL,20/08/1964,,,,M,NO,,,,
DNI 37604168,37604168,27376041684,DIAZ,JOHANNA BELEN,05/06/1993,,,,F,NO,,,,
DNI 37916101,37916101,23379161014,VIEDMA,LUCIANA DANIELA,07/01/1993,,,,F,NO,,,,
DNI 41692764,41692764,27416927648,REYNA,LOURDES ANTONELLA,25/02/1999,,,,F,NO,,,,
DNI 43668166,43668166,20436681667,FRIAS,MICAIAS JESUS,19/01/2002,,,,M,NO,,,,
DNI 40090722,40090722,27400907221,REBUFELLO,AGUSTINA FERNANDA,30/01/1997,,,,F,NO,,,,
DNI 25556488,25556488,27255564884,JACQUET,MONICA SANDRA,30/10/1976,,,,F,NO,,,,
DNI 34834714,34834714,20348347145,CIPOLAT,OSVALDO LUIS,02/06/1989,,,,M,NO,,,,
DNI 25556488,25556488,24255564885,JACQUET,"JAQUET MONICA SANDRA                                                                                                                                  ",30/10/1976,,,,M,NO,,,,
DNI 39149745,39149745,27391497457,BOSCHINI,MELANY AGOSTINA,14/09/1995,,,,F,NO,,,,
DNIE95889166,95889166,27958891666,PORTELA DE PAULO JOSELAINE,PORTELA DE PAULO JOSELAINE,21/09/1996,,,,F,NO,,,,
DNI 38880471,38880471,20388804719,MOYANO,JOSE MARIA,18/02/1995,,,,M,NO,,,,
DNI 25009160,25009160,27250091600,LOZA,CLAUDIA YUDYD,27/12/1975,,,,F,NO,,,,
DNI 45124833,45124833,27451248338,LITERAS,MARIA LUISA,03/07/1995,,,,F,NO,,,,
DNI 21534545,21534545,23215345459,PETRY,DIEGO ALBERTO,22/12/1975,,,,M,NO,,,,
DNI 28013518,28013518,20280135187,LUCENA,CRISTIAN ARIEL,17/03/1980,,,,M,NO,,,,
DNI 30443233,30443233,27304432336,CASTILLO GABRIELA ALEJANDRA,GABRIELA ALEJANDRA,26/09/1983,,,,F,NO,,,,
DNI 39414357,39414357,20394143570,BLONSKY,FACUNDO NICOLAS,08/07/1996,,,,M,NO,,,,
DNI 37992199,37992199,20379921990,ALVAREZ,MARCOS EZEQUIEL,23/01/1994,,,,M,NO,,,,
DNI 35558612,35558612,20355586120,SILVESTRI,JOSE LUIS,30/11/1990,,,,M,NO,,,,
DNIE95629748,95629748,27956297481,GARCIA CARVALLO CLAUDIA CAROLI,CARVALLO CLAUDIA CAR,31/03/1982,,,,F,NO,,,,
DNIE95479374,95479374,20954793746,AZACON DIAZ CARLOS JESUS,AZACON DIAZ CARLOS JESUS,14/09/1992,,,,M,NO,,,,
DNI 18037061,18037061,20180370618,GONZALEZ,DANIEL EDGARDO,20/07/1966,,,,M,NO,,,,
DNI 11987678,11987678,20119876789,ARPADJIAN,JORGE,01/01/1930,,,,M,SI,,,,
DNI 20691408,20691408,23206914084,PENTENERO,GUILLERMINA SILVIA MONICA,23/05/1969,,,,F,SI,,,,
DNI 17492980,17492980,20174929808,DECHAND MIGUEL ANGEL,MIGUEL ANGEL,06/03/1966,,,,M,NO,,,,
DNI 22590848,22590848,27225908481,ANEA,MARTA,20/06/1972,,,,F,NO,,,,
DNI 31692507,31692507,20316925074,MANCUELLO,SERGIO ARIEL,14/05/1971,,,,M,NO,,,,
DNI 27536836,27536836,23275368369,OYHENART,DARIO,09/08/1979,,,,M,NO,,,,
DNI 26741791,26741791,20267417912,VARGAS,WALTER GASTÓN,21/03/1978,,,,M,NO,,,,
DNI 34487857,34487857,23344878579,PERROTTA,ESTEBAN AGUSTIN,11/05/1989,,,,M,NO,,,,
DNI 34161165,34161165,27341611658,LOPEZ,VANESA MONSERRAT,10/03/1989,,,,F,NO,,,,
DNI 43318861,43318861,20433188617,CENTURION,AMANDA DEL CORAZON DE JESUS,01/01/1988,,,,M,NO,,,,
DNI 43318861,43318861,27433188611,CENTURION,AMANDA DEL CORAZON DE JESUS,03/02/1988,,,,F,NO,,,,
DNI 31982189,31982189,23319821899,CERVIÑO,LUCAS ALBERTO,16/01/1986,,,,M,NO,,,,
DNIE95661645,95661645,27956616455,VILORIA VANESSA LIZETH,VANESSA LIZETH,26/06/1990,,,,F,NO,,,,
DNI 41955933,41955933,23419559334,HERRERA,CANDELA,29/06/1999,,,,F,NO,,,,
DNI 29285022,29285022,20292850221,ORTIZ,JULIO DANIEL,21/04/1980,,,,M,NO,,,,
DNI 37319490,37319490,20373194906,SILVA,DAVID GERONIMO,11/06/1993,,,,M,NO,,,,
DNI 26480547,26480547,27264805479,GUTIERREZ,LORENA SOLEDAD,13/03/1978,,,,F,NO,,,,
DNI 14070891,14070891,27140708912,BEDOYA,GRACIELA BEATRIZ,07/03/1960,,,,F,NO,,,,
DNI 21313261,21313261,27213132615,ECHAZU,LILIANA,01/06/1970,,,,F,NO,,,,
DNI 27706581,27706581,27277065814,MARULICH ELENA ANASTACIA,ELENA ANASTACIA,17/10/1979,,,,F,NO,,,,
DNI 33907105,33907105,27339071050,CARUGATTI,GISELA ESTEFANIA,15/11/1988,,,,F,NO,,,,
DNI 21524615,21524615,27215246154,GONZALEZ,MARIA DE LAS MERCEDES,16/03/1970,,,,F,NO,,,,
DNIE94401227,94401227,27944012279,CORREA,"RUIZ LIZ LORENA       ",31/01/1986,,,,F,NO,,,,
DNI 27437993,27437993,20274379937,CORREA,DIEGO MARTIN,03/05/1980,,,,M,NO,,,,
DNI 22083196,22083196,27220831960,AMADEO,ANA CARMEN,28/02/1971,,,,F,NO,,,,
DNIE95556550,95556550,23955565509,PEÑA BECHARA FREDERICK ANTONIO,PENA BECHARA FREDERICK ANTONIO,09/04/1989,,,,M,NO,,,,
DNI 29173700,29173700,20291737006,CASTRO,SILVIO ALAN,28/10/1981,,,,M,NO,,,,
DNI 28022474,28022474,20280224740,GORDIOLA SATURNINO,SATURNINO,22/03/1980,,,,M,NO,,,,
DNI 39841229,39841229,20398412290,OVELAR FRANCISCO GABRIEL,FRANCISCO GABRIEL,02/11/1996,,,,M,NO,,,,
DNI 31797797,31797797,20317977973,TAPIA,CRISTIAN ALEJANDRO,03/10/1985,,,,M,NO,,,,
DNI 28474287,28474287,27284742872,HARRIAGUE,GLADYS MARIELA,02/12/1980,,,,F,NO,,,,
DNI 40929659,40929659,23409296599,MURUA,MELITON IGNACIO,18/11/1997,,,,M,NO,,,,
DNI 33119585,33119585,27331195850,ROMERO,DANIELA VALERIA,27/06/1987,,,,F,NO,,,,
DNIE94867906,94867906,20948679060,TORRES LOPEZ JOHN ALEXANDER,TORRES LOPEZ JHON ALEXANDER,28/06/1986,,,,M,NO,,,,
DNI 33119585,33119585,24331195851,ROMERO,"GIMENEZ PAMELA GISELA                                                                                                                                 ",24/05/1987,,,,M,NO,,,,
DNI 36265220,36265220,20362652201,PONCE,JUAN MANUEL,18/08/1992,,,,M,NO,,,,
DNI 32425042,32425042,27324250420,SILVERATI DI PRINZIO,MARIA SOL GRACIELA,23/06/1986,,,,F,NO,,,,
DNIE95786305,95786305,20957863052,MONTERO CARBALLO ANDRES ALFONZO,MONTERO CARBALLO ANDRES ALFONZO,02/08/1975,,,,M,NO,,,,
DNI 30321325,30321325,20303213253,MORALES,RAFAEL FRANCISCO,20/02/1981,,,,M,NO,,,,
DNI 33108384,33108384,23331083844,CORONEL,JESICA PAOLA,01/01/1987,,,,F,NO,,,,
DNI 34561082,34561082,27345610826,TONI,CINTIA ANTONELA,25/05/1989,,,,F,NO,,,,
DNI 31706405,31706405,20317064056,CARRUEGA,CARLOS MARIA,05/09/1985,,,,M,NO,,,,
DNI 32923424,32923424,20329234240,NAUTO,GABRIEL ALEJANDRO,12/05/1987,,,,M,NO,,,,
DNI 19028932,19028932,20190289320,MONTEALEGRE CUENCA,DEIVIT ANDRES,25/03/1982,,,,M,NO,,,,
DNIE95316306,95316306,20953163064,MOLLINEDO CHOQUE MARCOS ABEL,MOLLINEDO CHOQUE MARCOS ABEL,,,,,M,NO,,,,
DNI 22775751,22775751,27227757510,LEGUIZAMON SUSANA PATRICIA,SUSANA PATRICIA,10/07/1972,,,,F,NO,,,,
DNI 33108384,33108384,20331083845,CORONEL,"CORONEL YESICA PAOLA                                                                                                                                  ",07/07/1987,,,,M,NO,,,,
DNI 31224753,31224753,23312247534,MOLINA,VANESA ELIZABETH,29/12/1984,,,,F,NO,,,,
DNI 21544485,21544485,20215444857,JORGE,JORGE DANIEL,01/07/1970,,,,M,NO,,,,
DNI 33155329,33155329,27331553293,BEN,JORGELINA,29/06/1987,,,,F,NO,,,,
DNI 22051681,22051681,20220516815,GONZALEZ,MARCELO RAMON,25/08/1973,,,,M,NO,,,,
DNI 33922581,33922581,27339225813,OLARAN,MARIANA,14/06/1988,,,,F,NO,,,,
DNI 29738665,29738665,23297386654,RUEDA,CAROLINA ALEJANDRA,22/03/1983,,,,F,NO,,,,
DNI 29824164,29824164,27298241647,CAMPOS,ROMINA VANESA,27/10/1982,,,,F,NO,,,,
DNI 40323975,40323975,27403239750,OJEDA,MARIA AYELEN,03/08/1997,,,,F,NO,,,,
DNI 33208565,33208565,20332085655,JUAREZ,JOSE LUIS,07/04/1987,,,,M,NO,,,,
DNI 35458418,35458418,27354584188,ARANDA,DESIRE SOLEDAD,23/09/1990,,,,F,NO,,,,
DNIE93034731,93034731,27930347316,RUIZ,"NAVARRO BERNARDITA DEL CARMEN ",20/10/1948,,,,F,NO,,,,
DNI 36918427,36918427,27369184275,BALBUENA,MARIA BELEN,31/03/1992,,,,F,NO,,,,
DNI 18545073,18545073,20185450733,PONCE,HORACIO RUBEN,27/07/1967,,,,M,SI,,,,
DNI 43201422,43201422,27432014229,GIMENEZ,MICAELA AGUSTINA,01/01/2001,,,,F,NO,,,,
DNI 10012926,10012926,23100129264,RUIZ,HILDA DALMIRA,01/01/1952,,,,F,NO,,,,
DNI 26444337,26444337,20264443378,JAIME,HECTOR ADRIAN,13/03/1978,,,,M,NO,,,,
DNI 32528847,32528847,27325288472,LOPEZ,NATALIA ELIZABETH,13/02/1987,,,,F,NO,,,,
DNI 18502539,18502539,20185025390,RETAMOSO,ANGEL RICARDO,09/07/1967,,,,M,NO,,,,
DNI 18853215,18853215,20188532153,FIGUEROA,FERNANDO NICOLAS,01/04/1987,,,,M,NO,,,,
DNI 29312532,29312532,20293125326,ONTIVERO,JUAN FABIAN,17/03/1982,,,,M,NO,,,,
DNI 35130684,35130684,20351306840,PIEDRABUENA MAURO DANIEL,MAURO DANIEL,20/03/1990,,,,M,NO,,,,
DNI 40303655,40303655,27403036558,GONZALEZ,SANDRA ANABELA,06/05/1996,,,,F,NO,,,,
DNI 41489589,41489589,27414895897,TURBALO,LUCIA DELFINA,11/12/1998,,,,F,NO,,,,
DNI 24540834,24540834,27245408345,OSSOLA,ANAHI LEONOR,04/05/1976,,,,F,NO,,,,
DNIE94725896,94725896,27947258961,SIN DATOS,SIN DATOS,01/01/1900,,,,F,NO,,,,
DNI 35942629,35942629,27359426297,POLIZZI,MANUELA JULIANA,29/01/1992,,,,F,NO,,,,
DNIE94725896,94725896,20947258967,DIAS SANTOS RENNE ONOFRE,DIAS SANTOS RENNE ONOFRE,15/03/1993,,,,M,NO,,,,
DNI 34879830,34879830,20348798309,RIBEIRO,SERGIO JOAO,06/04/1990,,,,M,NO,,,,
DNI 28825666,28825666,20288256668,IBARROLA,ANDRES MARCELO,25/07/1981,,,,M,NO,,,,
DNI 35572056,35572056,20355720560,RODRIGUEZ,MAXIMILIANO NICOLAS,09/10/1990,,,,M,NO,,,,
DNI 36143162,36143162,20361431627,VILLARREAL,DANIEL AGUSTIN,30/01/1992,,,,M,NO,,,,
DNI 36143162,36143162,27361431621,SIN DATOS,SIN DATOS,01/01/1900,,,,F,NO,,,,
DNI 36364695,36364695,20363646957,MARQUEZ,JUAN PABLO,08/06/1991,,,,M,NO,,,,
DNI 36364695,36364695,27363646951,SIN DATOS,SIN DATOS,01/01/1900,,,,F,NO,,,,
DNI 39412481,39412481,20394124819,DIAZ,LUCAS GABRIEL,25/04/1996,,,,M,NO,,,,
DNIE95952188,95952188,27959521889,FREIRE NASCIMENTO RAIANE,FREIRE NASCIMENTO RAIANE,09/01/1999,,,,F,NO,,,,
DNIE95615621,95615621,20956156212,PEREZ CARDONA SEBASTIAN,PEREZ CARDONA SEBASTIAN,29/03/1993,,,,M,NO,,,,
DNI 41496673,41496673,20414966730,CARDOZO,ENZO AGUSTIN,27/04/1998,,,,M,NO,,,,
DNI 20190580,20190580,20201905800,ACUÑA,MIGUEL ANGEL,02/08/1968,,,,M,NO,,,,
DNI 18555238,18555238,27185552387,GOÑI,MARTA BEATRIZ,12/08/1967,,,,F,NO,,,,
DNI 35140606,35140606,20351406063,CAPIEL,JOAQUIN SEBASTIAN,30/09/1989,,,,M,NO,,,,
DNI 37332593,37332593,20373325938,SEGOVIA,RICARDO GABRIEL,29/03/1993,,,,M,NO,,,,
DNI 28044819,28044819,20280448193,SODERO INAUDI,JOSE AGUSTIN,07/04/1980,,,,M,NO,,,,
DNI 11592048,11592048,20115920481,CHAYA,CARLOS RENEE,17/04/1955,,,,M,NO,,,,
DNI 25251835,25251835,20252518356,ARAUJO,CHRISTIAN JORGE,02/11/1976,,,,M,NO,,,,
DNI 22506325,22506325,27225063252,JUGO,ELIZABETH ARGELIA,05/02/1972,,,,F,NO,,,,
DNIE94852922,94852922,20948529220,SEMELMAN FONTAINE JONATHAN DAVID,FONTAINE JONATHAN DA,11/07/1983,,,,M,NO,,,,
DNI 31747633,31747633,27317476332,VALDEZ,MARIA MERCEDES,05/09/1985,,,,F,NO,,,,
DNI 28553550,28553550,20285535507,CANDIA,HORACIO NORBERTO,25/03/1981,,,,M,NO,,,,
DNI 26277721,26277721,27262777214,MARCIAL,ELVIRA DEL VALLE,17/01/1978,,,,F,NO,,,,
DNI 28660387,28660387,20286603875,GADAÑOTTI,RAFAEL SEBASTIAN,31/08/1981,,,,M,NO,,,,
DNIE95013790,95013790,20950137909,Velasquez William Antonio,WILLIAM ANTONIO,09/10/1970,,,,M,NO,,,,
DNIE95963394,95963394,20959633941,GONZALEZ SALAZAR ABRAHAM DAVID,GONZALEZ SALAZAR ABRAHAM DAVID,29/01/1984,,,,M,NO,,,,
DNI 21650133,21650133,20216501331,ESCOBAR,OSMAR DARIO,02/01/1971,,,,M,NO,,,,
DNI 33831520,33831520,27338315207,RODRIGUEZ,VERONICA CECILIA,13/08/1988,,,,F,NO,,,,
DNI 25294751,25294751,27252947510,ZAGO,CAROLINA VANESA,06/09/1976,,,,F,NO,,,,
DNI 29014123,29014123,27290141236,BENITEZ,MARIANA LUCIA,16/08/1981,,,,F,NO,,,,
DNI 37123253,37123253,20371232533,JUAREZ,JOSE LUIS,12/03/1990,,,,M,NO,,,,
DNI 42046512,42046512,20420465123,URQUIJO,CANDELA,01/01/1999,,,,M,NO,,,,
DNI 42046512,42046512,27420465128,URQUIJO,CANDELA,28/08/1999,,,,F,NO,,,,
DNI 34251341,34251341,27342513412,DAVID,MARIELA PAULA,03/04/1989,,,,F,NO,,,,
DNIE94500460,94500460,27945004601,ACUÑA FRANCISCA,"ACU¹A FRANCISCA                                                                                                                                       ",24/01/1980,,,,F,NO,,,,
DNIE95980343,95980343,23959803439,CASTILLO CORDOBA CIRO DANIEL,CASTILLO CORDOBA CIRO DANIEL,07/11/1990,,,,M,NO,,,,
DNIE95981914,95981914,27959819144,ARO LETICIA YUMI,ARO LETICIA YUMI,03/07/1995,,,,F,NO,,,,
DNI 27978053,27978053,27279780537,DUBLORES,JORGELINA LUJAN,23/11/1979,,,,F,NO,,,,
DNI 18019587,18019587,20180195875,FARFAN,NESTOR AGUSTIN,26/11/1966,,,,M,NO,,,,
DNI 35098784,35098784,20350987844,LOPEZ,RICARDO ARIEL,22/02/1990,,,,M,NO,,,,
DNI 34004571,34004571,20340045719,CERRILLO,JUAN MANUEL,06/01/1989,,,,M,NO,,,,
DNI 38922092,38922092,20389220923,ARRIETA,EMANUEL MARTIN,17/07/1992,,,,M,NO,,,,
DNI 30957080,30957080,23309570804,FERNANDEZ,SAMANTA ELISABETH,23/04/1984,,,,F,NO,,,,
DNI 33726057,33726057,27337260573,PALMA,CLAUDIA MARIBEL,15/08/1987,,,,F,NO,,,,
DNI 41105344,41105344,27411053445,BASTRATE,CAMILA MICAELA,27/03/1998,,,,F,NO,,,,
DNI 25386358,25386358,27253863582,BENITEZ,ADRIANA,19/06/1976,,,,F,NO,,,,
DNI 36808159,36808159,20368081591,MEALLA,NICOLAS EZEQUIEL,01/08/1992,,,,M,NO,,,,
DNI 41612405,41612405,20416124052,BARAKAT,ALEXANDER MOHAMED,28/11/1998,,,,M,NO,,,,
DNI 42229459,42229459,27422294592,CELANO,VALENTINA ABRIL,10/11/1999,,,,F,NO,,,,
DNIE95101414,95101414,27951014147,QUIÑONEZ LOPEZ ZUNILDA,QUIÑONEZ LOPEZ ZUNILDA,18/02/1988,,,,F,NO,,,,
DNIE95384820,95384820,20953848202,Garcia Nogueira,Harry Daniel,07/02/1994,,,,M,NO,,,,
DNI 27208799,27208799,27272087992,DE ALMEIDA MARIA DEL PILAR,MARIA DEL PILAR,27/12/1978,,,,F,NO,,,,
DNIE94064841,94064841,20940648417,MARQUEZ,"PASACHE MOISES ALEJANDRO      ",22/08/1971,,,,M,NO,,,,
DNIE95809681,95809681,20958096810,RICARDO,PETRIZZELLI,,,,,M,NO,,,,
DNIE95874200,95874200,27958742008,MENESES VIDAL PAOLA,MENESES VIDAL PAOLA,16/01/1985,,,,F,NO,,,,
DNIE92496696,92496696,20924966964,RIVEROS,"A JUAN CARLO        ",20/10/1956,,,,M,SI,,,,
DNI 27135403,27135403,27271354032,GONZALEZ,GRACIELA NOEMI,02/08/1969,,,,F,NO,,,,
DNI 37853505,37853505,20378535051,VERON,LUCIO ABEL,26/09/1993,,,,M,NO,,,,
DNI 38424473,38424473,23384244734,PICCHI,ARACELI JORGELINA,01/08/1994,,,,F,NO,,,,
DNIE94214333,94214333,20942143339,GONZALEZ CAMACHO DANIEL RICARD,"DANIEL RICARDO,GONZALEZ CAMACHO",24/03/1986,,,,M,NO,,,,
DNI 11430576,11430576,20114305767,ALARIS,ARSENIO ISIDORO,01/08/1954,,,,M,SI,,,,
DNI 7839363,7839363,20078393638,ALVARENGA,JORGE RAMON,18/03/1950,,,,M,NO,,,,
DNI 41986504,41986504,20419865045,ALAIZ RODRIGUEZ,GABRIEL,06/03/1985,,,,M,NO,,,,
DNI 29523912,29523912,20295239124,BELLAGAMBA,ARIEL DAMIAN,13/09/1979,,,,M,NO,,,,
DNI 27121103,27121103,20271211032,WILLAMS,ADOLFO EZEQUIEL,09/03/1979,,,,M,NO,,,,
DNI 20349585,20349585,20203495855,COLAUTTI BERRA GABRIEL FERNANDO,GABRIEL FERNANDO,02/06/1968,,,,M,NO,,,,
DNI 40382605,40382605,20403826058,ROMANO,JONATAN,13/09/1993,,,,M,NO,,,,
DNI 27812421,27812421,20278124216,RIVERO,NESTOR MATIAS,18/03/1980,,,,M,NO,,,,
DNI 22941094,22941094,20229410947,CORIMAYO,SEBASTIAN,02/01/1973,,,,M,NO,,,,
DNIE95887917,95887917,27958879178,PACHECO DO  VALE BEATRIZ,PACHECO DO VALE BEATRIZ,14/01/2000,,,,F,NO,,,,
DNIE94322317,94322317,20943223174,QUEZADA PANOZO EDGAR,"EDGAR,QUEZADA PANOZO",10/07/1982,,,,M,NO,,,,
DNI 30934774,30934774,27309347744,LOURIDO,CYNTHIA KAREN,01/05/1984,,,,F,NO,,,,
DNI 24093078,24093078,20240930782,RAMPAZO,BENITO,21/03/1974,,,,M,NO,,,,
DNI 22076995,22076995,20220769950,PALOMINO DOMINGUEZ,JUAN CARLOS,07/07/1971,,,,M,NO,,,,
DNIE92854144,92854144,20928541445,BALEIRON,"ESTEBAN DANIEL         ",12/04/1986,,,,M,NO,,,,
DNI 32832372,32832372,23328323729,GALLO,GONZALO,25/01/1987,,,,M,NO,,,,
DNI 36520759,36520759,27365207599,MARTIN,AYELEN DANIELA,11/05/1992,,,,F,NO,,,,
DNI 27556127,27556127,20275561275,ARGENTI,JORGE JAVIER,09/07/1979,,,,M,NO,,,,
DNI 27822882,27822882,20278228828,LODOLI,SEBASTIAN RUBEN,21/01/1980,,,,M,NO,,,,
DNI 40634693,40634693,20406346936,VARGAS,JUAN ISRAEL,31/10/1994,,,,M,NO,,,,
DNI 29335664,29335664,27293356640,ARROYO PAZ,MIRIAM GRACIELA,06/05/1970,,,,F,NO,,,,
DNI 5530584,5530584,20055305847,VILLA MORENO,LUIS ALBERTO,21/09/1948,,,,M,SI,,,,
DNI 5530584,5530584,27055305841,VELASCO,MARIA ASUNCION,31/07/1915,,,,F,SI,,,,
DNIE95773515,95773515,27957735156,HE YUNJUAN,YUNJUAN,15/08/1987,,,,F,NO,,,,
DNI 32825698,32825698,20328256984,AVILA,LEANDRO EZEQUIEL,14/12/1986,,,,M,NO,,,,
DNI 25847930,25847930,20258479301,HOLT,MIGUEL ANGEL,12/06/1977,,,,M,NO,,,,
DNI 16979451,16979451,27169794516,ORTEGA,NORA MABEL,11/07/1964,,,,F,NO,,,,
DNI 38319497,38319497,20383194971,PANTANO,LUCIANO NICOLAS,11/01/1995,,,,M,NO,,,,
DNI 37932246,37932246,20379322469,CHEJOLAN,NAHUEL IVAN,30/11/1993,,,,M,NO,,,,
DNI 24021695,24021695,27240216952,GARCIA,RAQUEL CECILIA,28/06/1974,,,,F,NO,,,,
DNI 22430300,22430300,27224303004,LEON,MARIANA,09/09/1971,,,,F,NO,,,,
DNI 27062483,27062483,23270624839,PACCUSSI,MAURO EMILIANO,04/05/1979,,,,M,NO,,,,
DNI 23519968,23519968,20235199689,PIÑERO,GABRIEL EDUARDO,29/03/1974,,,,M,NO,,,,
DNI 33117663,33117663,20331176630,CARREÑO,RUBEN GONZALO,16/06/1987,,,,M,NO,,,,
DNI 25114352,25114352,27251143523,PERALTA HERRERA,PATRICIA ELIZABETH,05/01/1976,,,,F,NO,,,,
DNI 14249609,14249609,20142496098,KROH,CARLOS O,18/03/1962,,,,M,NO,,,,
DNI 17778780,17778780,23177787809,PUNTURIERO,MARCELO OMAR A,13/06/1966,,,,M,NO,,,,
DNI 34430113,34430113,20344301132,DELGADO,FERNANDO EMMANUEL,22/02/1989,,,,M,NO,,,,
DNI 32422761,32422761,20324227610,IBARRA,NESTOR FABIAN,09/05/1987,,,,M,NO,,,,
DNI 41964749,41964749,27419647492,ZAVALA TAMARA ANAEL,"ZAVALA TAMARA ANAEL                                                                                                                                   ",12/07/1999,,,,F,NO,,,,
DNI 16671183,16671183,20166711836,IBARRA,FABIAN EDUARDO,06/01/1964,,,,M,NO,,,,
DNI 10770173,10770173,20107701738,SCANGARELLO,HECTOR FERNANDO,25/03/1953,,,,M,SI,,,,
DNI 30017894,30017894,20300178945,FERREIRA,ERNESTO GABRIEL,25/02/1984,,,,M,NO,,,,
DNI 33698444,33698444,20336984441,VALDEZ,LUCAS DAMIAN,01/06/1988,,,,M,NO,,,,
DNIE92749926,92749926,27927499261,VENEGAS,"BERTHA LUISA        ",02/11/1960,,,,F,NO,,,,
DNI 33860460,33860460,27338604608,MARTINO,LAURA CECILIA,14/07/1988,,,,F,NO,,,,
DNI 22610180,22610180,20226101803,HOLLMAN,JOSE LUIS,11/02/1972,,,,M,NO,,,,
DNI 11433284,11433284,23114332844,VAZQUEZ NESTIERO,VIVIANA GRACIELA,04/05/1954,,,,F,SI,,,,
DNIE95922349,95922349,27959223497,MACIEL GARCIA ISIS,MACIEL GARCIA ISIS,23/05/1998,,,,F,NO,,,,
DNI 35994852,35994852,20359948523,MESITI,NICOLAS MATIAS,26/01/1992,,,,M,NO,,,,
DNI 28376215,28376215,20283762158,SEJAS,RUBEN ALFREDO,28/07/1980,,,,M,NO,,,,
DNIE95891753,95891753,27958917533,RIBEIRO DEBORAH DANIELE,RIBEIRO DEBORAH DANIELE,24/01/1997,,,,F,NO,,,,
DNI 38638369,38638369,20386383694,PEREZ,JOSE DANIEL,14/01/1995,,,,M,NO,,,,
DNIE95944014,95944014,27959440145,GONZALEZ RUIZ MARIA YUREIBY,GONZALEZ RUIZ MARIA YUREIBY,11/01/1990,,,,F,NO,,,,
DNI 24978272,24978272,27249782721,FARIA,STELLA MARIS,07/11/1975,,,,F,NO,,,,
DNIE92846126,92846126,27928461268,AGUIRRE,"MIRTHA ISABEL        ",26/01/1980,,,,F,NO,,,,
DNI 34868063,34868063,20348680634,SRDOS,MIGUEL ANGEL,23/08/1989,,,,M,NO,,,,
DNI 28820593,28820593,20288205931,ROLDAN,PABLO DIEGO,03/06/1981,,,,M,NO,,,,
DNI 36426509,36426509,20364265094,ESCOBAR,FERNANDO JOSE,31/07/1987,,,,M,NO,,,,
DNIE95877506,95877506,27958775062,CARRILLO GIL FABELYS JOSE,CARRILLO GIL FABELYS JOSE,15/09/1983,,,,F,NO,,,,
DNI 25772269,25772269,20257722695,HAFEZ,LEONEL MAXIMILIANO,19/02/1977,,,,M,NO,,,,
DNI 35055398,35055398,20350553984,MARTINEZ,ADRIAN DAVID,31/03/1990,,,,M,NO,,,,
DNI 18782893,18782893,20187828938,MARTINEZ ARANDA,JORGE RAMON,07/05/1968,,,,M,NO,,,,
DNI 20420047,20420047,27204200470,AMITRANO,CLAUDIA NADINA,14/10/1968,,,,F,NO,,,,
DNI 10145010,10145010,20101450105,INSAURRALDE,AGUSTIN TEOFILO,29/10/1951,,,,M,NO,,,,
DNI 39239572,39239572,20392395726,GONZALEZ VAZQUEZ,MAURO FEDERICO,23/02/1996,,,,M,NO,,,,
DNI 18300474,18300474,20183004744,PONCE,ANDRES RAUL,19/05/1967,,,,M,NO,,,,
RMS379975100141007,4875095,20048750959,OLMOS,"NEDICH DIEGO M                                                                                                                                        ",01/01/1938,,,,M,SI,,,,
RMS376407144261008,29328310,23293283109,PALOSZ,MARCELO ALEJANDRO,08/04/1982,,,,M,NO,,,,
RMS379975100141007,4875095,27048750953,OLMOS,OLGA NOEMI,06/06/1944,,,,F,NO,,,,
DNI 29009086,29009086,20290090866,BLANCO,CARLOS ESTEBAN,09/08/1981,,,,M,NO,,,,
RMS376413111921004,11625677,27116256776,BERTUCCI,PATRICIA I,28/08/1954,,,,F,NO,,,,
RMS376418380542001,26130166,20261301661,SZAJNOWICZ,PATRICIO,07/11/1977,,,,M,NO,,,,
RMS376415570501003,4509987,20045099874,BUFFA,ENRIQUE JULIO,01/07/1932,,,,M,NO,,,,
RMS376415570501003,4509987,27045099879,LUNA,MARGARITA MARIA,06/02/1946,,,,F,NO,,,,
RMS376412219232009,22548725,20225487252,SORIANO,LEONARDO RODRIGO,14/01/1972,,,,M,NO,,,,
RMS379975250543002,26847550,27268475503,MACIEL SILVIA MERCEDES,SILVIA MERCEDES,24/09/1978,,,,F,NO,,,,
RMS376410520839009,10649234,20106492345,MOCORREA,FEDERICO ALBERTO,19/08/1952,,,,M,NO,,,,
RMS376687653571000,26402466,20264024669,POLTAVCOV,JORGE NORBERTO,12/01/1978,,,,M,NO,,,,
RMS376418071851000,12421124,27124211242,ASTRADA,MARISA ADRIANA,20/07/1958,,,,F,NO,,,,
RMS376414951951002,25800380,20258003803,UBALDI,ROBERTO MARTIN,09/05/1977,,,,M,NO,,,,
RMS376418369503008,8354173,20083541734,SILVA,JUAN M,30/11/1947,,,,M,NO,,,,
RMS376413699111002,7578049,20075780495,CAMPOT,JORGE JUAN,08/03/1947,,,,M,NO,,,,
RMS376685858592003,29498677,23294986774,SERENA,CAROLINA,29/09/1982,,,,F,NO,,,,
RMS376411121821008,23573209,20235732093,MALDONADO,GERMAN ALBERTO,18/10/1973,,,,M,NO,,,,
RMS376402209904006,4852717,20048527176,NIGRELLI,FRANCISCO P,01/04/1936,,,,M,NO,,,,
RMS376635279881006,8269508,20082695088,VEGA,IGNAIO,31/07/1947,,,,M,NO,,,,
RMS376415135122006,4592350,23045923509,NAUMOW,ROBERTO JORGE,28/03/1943,,,,M,NO,,,,
RMS376402209904006,4852717,27048527170,AGUERO,SUSANA MERCEDES,23/02/1944,,,,F,SI,,,,
RMS376415135122006,4592350,27045923504,PIUMA,ELSA BEATRIZ,29/08/1951,,,,F,SI,,,,
DNI 30406224,30406224,27304062245,FRESCHI GERARDO ALFREDO,GERARDO ALFREDO,08/07/1983,,,,F,NO,,,,
RMS379975539171005,12923984,27129239846,ACUÑA,SUSANA MABEL,10/10/1958,,,,F,SI,,,,
RMS379975021461005,20636958,20206369583,BORDA,PATRICIO MARTIN,07/08/1969,,,,M,NO,,,,
RMS376686447844004,16951638,20169516384,TENENBAUM,LEON,11/05/1964,,,,M,NO,,,,
DNI 33389966,33389966,27333899669,PEDROSA,MARIA TERESA,23/08/1987,,,,F,NO,,,,
DNIE92944228,92944228,20929442289,QUISBERT,"VILLACORTA ALFREDO         ",28/09/1958,,,,M,NO,,,,
DNI 36072646,36072646,20360726461,MARIÑO SERRATORE,JUAN CARLOS,17/11/1992,,,,M,NO,,,,
DNI 34132887,34132887,20341328870,PLANO MAURICIO DANIEL,MAURICIO DANIEL,18/08/1989,,,,M,NO,,,,
DNI 40902233,40902233,20409022333,FARIAS,EZEQUIEL ANTONIO,10/01/1998,,,,M,NO,,,,
DNI 38570201,38570201,23385702019,DUPORTAL,LUIS MANUEL,17/01/1995,,,,M,NO,,,,
DNI 10679697,10679697,27106796977,DELGADO,HILDA LEONOR,24/08/1951,,,,F,NO,,,,
DNI 43113800,43113800,20431138000,VELAZQUEZ,BRUNO LUCAS MAXIMILIANO,20/11/2000,,,,M,NO,,,,
DNI 22372382,22372382,23223723829,GOMEZ BERTARELLI,FAUSTO AMADEO,15/09/1971,,,,M,NO,,,,
DNI 28520550,28520550,27285205501,DANELON,MARIA ROMINA,19/12/1980,,,,F,NO,,,,
DNI 23463885,23463885,20234638859,RAINIERI,GUSTAVO ADRIAN,09/12/1973,,,,M,NO,,,,
DNI 16843868,16843868,27168438686,MEZZATESTA,NORMA BEATRIZ,26/10/1963,,,,F,SI,,,,
DNI 26689515,26689515,27266895157,DEMITRIO VALERIA MONICA,VALERIA MONICA,22/07/1978,,,,F,NO,,,,
DNI 31876752,31876752,20318767522,VALDEZ JUAN RAMON,JUAN RAMON,09/10/1985,,,,M,NO,,,,
DNI 27742630,27742630,20277426308,ROMERO,SERGIO ANDRES,05/11/1979,,,,M,NO,,,,
DNI 10047069,10047069,20100470692,DE CASTRO,DAVID ALBERTO,22/09/1951,,,,M,NO,,,,
DNIE95743910,95743910,20957439102,CLEMENTE VILLEGAS ANGEL JESUS,CLEMENTE VILLEGAS ANGEL JESUS,03/02/1989,,,,M,NO,,,,
DNI 28027263,28027263,23280272639,PUCHETA ERMIDIO FEDERICO,ERMIDIO FEDERICO,22/04/1980,,,,M,NO,,,,
DNI 26115666,26115666,27261156666,PEREZ VANESA LAURA,VANESA LAURA,13/09/1977,,,,F,NO,,,,
DNI 33193135,33193135,20331931358,FRIGEIRO,ROBERTO FEDERICO,09/07/1987,,,,M,NO,,,,
DNI 36368528,36368528,27363685280,VELOZO,PAOLA NOELI,24/10/1990,,,,F,NO,,,,
DNI 31916091,31916091,20319160915,MARTIN RAMAUGE,EZEQUIEL,06/10/1991,,,,M,NO,,,,
DNI 23968329,23968329,20239683291,SELLES,FERNANDO DIEGO,17/04/1974,,,,M,NO,,,,
DNI 13080662,13080662,20130806628,BENITEZ,FRANCISCO ANTONIO,27/04/1959,,,,M,NO,,,,
DNI 21734820,21734820,27217348205,ESQUIVEL,MARIA ITATI,12/07/1970,,,,F,NO,,,,
DNI 13548615,13548615,23135486159,BATTAGLINI,ALFREDO JULIO,22/05/1960,,,,M,NO,,,,
DNI 28485267,28485267,20284852673,CELAVE,LUCAS EUGENIO,06/01/1981,,,,M,NO,,,,
DNI 23928019,23928019,27239280191,NUÑEZ,VANESA,16/04/1974,,,,F,NO,,,,
DNI 29286627,29286627,27292866270,BORRACCINI,AGUSTINA,30/04/1982,,,,F,NO,,,,
DNIE94958416,94958416,27949584165,CENZANO PARODI CRISTINA JIMENA,PARODI CRISTINA JIME,09/10/1977,,,,F,NO,,,,
DNI 29736961,29736961,20297369610,PALOMO,ANTONIO ERNESTO,17/01/1983,,,,M,NO,,,,
DNI 31700823,31700823,27317008231,AMBROGGIO,MARIELA SOLEDAD,23/07/1985,,,,F,NO,,,,
DNI 28884407,28884407,20288844071,JAITT,SERGIO DANIEL,15/07/1981,,,,M,NO,,,,
DNI 13741070,13741070,20137410703,MAZZITELLI,CLAUDIO MARIO,29/02/1960,,,,M,NO,,,,
DNI 22551006,22551006,20225510068,ABEDAT,PABLO JOSE FERNANDO,30/11/1971,,,,M,NO,,,,
DNI 95820388,95820388,20958203889,LOBO ARDILA HUMBERTO ELIAS,LOBO ARDILA HUMBERTO ELIAS,22/10/1988,,,,M,NO,,,,
DNI 27200738,27200738,20272007382,FAVA,GUSTAVO JULIAN,05/03/1979,,,,M,NO,,,,
DNI 32378251,32378251,27323782518,MENDOZA,PATRICIA GISELE,25/07/1986,,,,F,NO,,,,
DNI 18095185,18095185,20180951858,OROZ,DANIEL EDGAR,25/05/1966,,,,M,NO,,,,
DNI 12944010,12944010,20129440105,AVIGLIANO,JUAN CARLOS,31/12/1958,,,,M,NO,,,,
DNI 18471031,18471031,20184710316,BOGGIANO,FRANCISCO DANIEL,21/04/1967,,,,M,NO,,,,
DNI 39502579,39502579,20395025792,NICOLAI JUSTO,"NICOLAI JUSTO                                                                                                                                         ",18/08/1997,,,,M,NO,,,,
DNI 25066867,25066867,20250668679,PORTILLO,OSCAR DARIO,24/10/1975,,,,M,NO,,,,
DNI 33563677,33563677,27335636770,MARINO,MARIA BELEN,25/02/1988,,,,F,NO,,,,
DNIE94805192,94805192,27948051929,GIRON PANTA MARIA DEL MILAGRO,"GIRON PANTA MARIA DEL MILAGRO                                                                                                                         ",11/01/1972,,,,F,NO,,,,
DNI 24575118,24575118,23245751184,VALLES,FLAVIA ANDREA,09/06/1975,,,,F,NO,,,,
DNI 35598505,35598505,23355985059,DAVIES,REINALDO DANIEL,23/06/1994,,,,M,NO,,,,
DNI 26674230,26674230,20266742305,ZUBARAN,GUILLERMO SEBASTIAN,01/07/1978,,,,M,NO,,,,
DNI 26039445,26039445,20260394453,TORRES,LUIS ALBERTO,15/08/1977,,,,M,NO,,,,
DNI 11458706,11458706,20114587061,ARCAJO,JUAN C,04/07/1954,,,,M,NO,,,,
DNI 16580664,16580664,20165806647,SCHMUKLER,EDUARDO ALBERTO,27/10/1963,,,,M,NO,,,,
DNI 21351005,21351005,20213510054,PEREZ,DELIA AVELINA,01/01/1970,,,,M,NO,,,,
DNI 20428213,20428213,27204282132,MOSSOTTO,MARIEL,31/07/1968,,,,F,NO,,,,
DNI 39941647,39941647,27399416472,GARCIA JORGELINA CARLA,JORGELINA CARLA,14/09/1997,,,,F,NO,,,,
DNI 96008934,96008934,27960089346,OSPINA POSADA ANGELA MARIA,"OSPINA POSADA, ANGELA MARIA",01/12/1994,,,,F,NO,,,,
DNI 32001049,32001049,20320010498,PAREDES,JUAN PABLO,24/10/1985,,,,M,NO,,,,
DNI 37297638,37297638,27372976387,VEDIA,ROMINA FABIANA,23/05/1993,,,,F,NO,,,,
DNI 16169401,16169401,27161694016,ORTEGA,CARMEN BEATRIZ,27/06/1962,,,,F,NO,,,,
DNI 21351005,21351005,27213510059,PEREZ,DELIA AVELINA,08/02/1970,,,,F,NO,,,,
DNI 28064823,28064823,27280648235,RODRIGUEZ,MARIA SOLEDAD,12/09/1980,,,,F,NO,,,,
DNI 42517521,42517521,20425175212,RIVAS,BRUNO SANTIAGO,21/04/2000,,,,M,NO,,,,
DNI 93046417,93046417,20930464172,MAÃ‘AO,"LEPIO JORGE ALEJANDRO      ",09/06/1970,,,,M,NO,,,,
DNI 42563964,42563964,20425639642,CONDORI MAMANI,BRIAN KEVIN,19/04/2000,,,,M,NO,,,,
DNI 34861198,34861198,23348611984,OJEDA,JESICA DAIANA,12/08/1990,,,,F,NO,,,,
DNI 8235537,8235537,20082355376,OLIVIER,JULIO CESAR,09/07/1948,,,,M,NO,,,,
DNI 7075008,7075008,20070750083,SANGENIS,PEDRO JOSE,16/03/1939,,,,M,SI,,,,
DNI 25254045,25254045,20252540459,MOYANO,DANTE ALEXIS,09/07/1975,,,,M,NO,,,,
DNI 21764914,21764914,20217649146,ONTIVERO,WALTER RODOLFO,30/09/1970,,,,M,NO,,,,
DNI 25254045,25254045,24252540454,MOYANO,DANTE ALEXIS,09/07/1975,,,,M,NO,,,,
DNI 34485069,34485069,27344850696,TORRES,CARINA SOLEDAD,01/12/1989,,,,F,NO,,,,
DNI 40739747,40739747,23407397479,DIAZ,LEONARDO GABRIEL,04/02/1998,,,,M,NO,,,,
DNI 35601879,35601879,20356018797,MORALES,ROLANDO JAVIER,02/01/1992,,,,M,NO,,,,
DNI 10067536,10067536,27100675361,PAIZ,NORA MIRTA,06/01/1952,,,,F,NO,,,,
DNI 10773549,10773549,27107735491,GUTIERREZ,ADRIANA ELENA,04/01/1953,,,,F,NO,,,,
DNI 16162711,16162711,23161627119,FALCONE,NESTOR ANTONIO,24/01/1963,,,,M,NO,,,,
DNIE95902723,95902723,23959027234,FAJARDO LANDAETA MARIA CECILIA,FAJARDO LANDAETA MARIA CECILIA,29/11/1993,,,,F,NO,,,,
DNI 35768871,35768871,20357688710,ALBORNOZ,FRANCO NAHUEL ZACARIAS,27/01/1992,,,,M,NO,,,,
DNI 95550616,95550616,20955506163,FLORENCIO PALACIOS CARLOS STYVENS,FLORENCIO PALACIOS CARLOS STYVENS,04/02/1998,,,,M,NO,,,,
DNI 27183616,27183616,20271836164,TRABUCO,FERNANDO MARTIN,01/04/1979,,,,M,SI,,,,
DNI 13335191,13335191,20133351915,VOLOSCHIN,LUIS JORGE,03/09/1957,,,,M,NO,,,,
DNI 10477390,10477390,20104773908,GARCIA,EDGARDO CARLOS,07/11/1954,,,,M,NO,,,,
DNI 31718300,31718300,27317183009,SOLA YANET,JUAN JOSE,29/11/1996,,,,F,NO,,,,
DNI 37361271,37361271,20373612716,CALEGARI,JOSE ANTONIO,11/01/1993,,,,M,NO,,,,
DNIE93049938,93049938,20930499383,CUENCA,"CASTRO VIRGINIA       ",06/05/1974,,,,M,NO,,,,
DNIE93936946,93936946,20939369466,WU,"LIUJIAN   ",02/11/1971,,,,M,NO,,,,
DNI 31718300,31718300,20317183004,LOPEZ,JUAN JOSE,11/07/1985,,,,M,NO,,,,
DNIE93936946,93936946,27939369460,Luijian,Wu,02/11/1971,,,,F,NO,,,,
DNIE93049938,93049938,27930499388,Cuenca Castro Virginia,"CASTRO VIRGINIA       ",06/05/1974,,,,F,NO,,,,
DNI 18664992,18664992,20186649924,MONTERO,ADELA CRISTINA,01/01/1959,,,,M,NO,,,,
DNI 17490966,17490966,20174909661,REY,JOSE MARIO,15/05/1965,,,,M,SI,,,,
DNI 38617587,38617587,27386175875,RODRIGUEZ,AGUSTINA ABIGAIL,27/07/1995,,,,F,NO,,,,
DNI 11242794,11242794,20112427946,VIVIANI,JUAN CARLOS,31/01/1954,,,,M,NO,,,,
DNI 38617587,38617587,24386175876,RODRIGUEZ,"RODRIGUEZ AGUSTINA ABIGAIL                                                                                                                            ",29/09/1994,,,,M,NO,,,,
DNI 18664992,18664992,27186649929,MONTERO,ADELA CRISTINA,22/03/1959,,,,F,NO,,,,
