﻿IdExterno,Documento,CUIL,Apellido,Nombre,Calle,Altura,Piso,Depto,Localidad,Provincia,CP,ObraSocial,Tipo
DNI 17140041,17140041,20171400415,CANSINO,ALFREDO DANTE,,,,,,,,OBRA SOCIAL DEL PERSONAL DE LA CONSTRUCCION,Titular
DNI 18327327,18327327,27183273278,LENGUAZA RITA CARMEN,RITA CARMEN,,,,,,,,O.S.P. FORMOSA (IMPF),Titular
DNIE94823216,94823216,20948232163,BONILLA LOSADA CRISTIAN MAURICIO,LOSADA CRISTIAN MAUR,,,,,,,,OBRA SOCIAL UNION PERSONAL DE LA UNION DEL  PERSONAL CIVIL DE LA NACION,Titular
DNI 29686485,29686485,23296864854,CAMARGO,MARIA CRISTINA,,,,,,,,OBRA SOCIAL DEL PERSONAL DE ENTIDADES DEPORTIVAS Y CIVILES,Titular
DNI 42725353,42725353,27427253533,BIRON,MARIA VICTORIA,,,,,,,,O. S. DEL PERSONAL DE LA SANIDAD ARGENTINA,Beneficiario
DNI 29958518,29958518,20299585183,ROMAN,DANIEL ALBERTO,,,,,,,,OBRA SOCIAL DE LA ACTIVIDAD MINERA,Titular
DNI 12041870,12041870,20120418700,PEREZ,HECTOR EZMENAR,,,,,,,,O.S.P. SANTA CRUZ,Titular
DNI 24802849,24802849,27248028497,BAUQUE,MARIA CONSTANZA,,,,,,,,O.S.P. TUCUMAN (IPSST),Titular
DNI 31733574,31733574,20317335742,ZORAT,ARTURO ZADQUIEL,,,,,,,,OBRA SOCIAL DE PETROLEROS,Titular
DNIE95944575,95944575,27959445759,FUENMAYOR VILLALOBOS MAYERLING COROMOTO,FUENMAYOR VILLALOBOS MAYERLING COROMOTO,,,,,,,,O.S.P. BUENOS AIRES (IOMA),Titular
DNI 34220727,34220727,20342207279,HERNANDEZ MATIAS FEDERICO,MATIAS FEDERICO,CHUBUT,01370,00,0000,ZAPALA,NEUQUEN,8340,O.S. DE PETROLEROS PRIVADOS,Titular
DNI 14900416,14900416,20149004166,CASTRO LUIS ALBERTO,LUIS ALBERTO,,,,,,SIN INFORMAR,0000,NINGUNA,Titular
DNI 32732029,32732029,20327320298,TORRENTE,JONATAN DAMIAN,PASTEUR,00225,,,EL TALAR,BUENOS AIRES,1618,O. S. DEL PERSONAL DE LA ACTIVIDAD DEL TURF,Titular
DNI 37103913,37103913,27371039134,ALBERTI,JESSICA DAIANA,,,,,,,,O. S. DEL PERSONAL GRAFICO,Beneficiario
DNI 43054897,43054897,20430548973,CARMONA,LUCIANO GERONIMO,,,,,,,,"OBRA SOCIAL DEL PERSONAL DEL TURISMO, HOTELERO Y GASTRONOMICO DE LA UNION DE TRABAJADORES DEL TURISMO HOTELEROS Y GASTRONOMICOS DE LA REPUBLICA ARGENTINA",Titular
DNIE94950878,94950878,20949508782,RODRIGUEZ AMORES MIGUEL,Amores Miguel Rodriguez,HAENDEL,00507,,,VILLA CARLOS PAZ,CORDOBA,5152,O. S. PERSONAL SUPERIOR MERCEDES BENZ ARGENTINA,Titular
DNI 29059189,29059189,27290591894,PASQUALICCHIO,MARIA ELIZABETH,,,,,,,,OBRA SOCIAL DEL PERSONAL DE LA SANIDAD ARGENTINA,Titular
DNI 28971512,28971512,27289715121,AGUILERA,GABRIELA NOEMI,,,,,,,,O. S. DE LA UNION OBRERA METALURGICA DE LA REPUBLICA ARGENTINA,Beneficiario
DNI 36883035,36883035,27368830351,ORELLANO,MAIRA ALEJANDRA,MARCONI Y PASTEUR,S/N,,,MORTEROS,CORDOBA,2421,NINGUNA,Titular
DNI 23137814,23137814,27231378141,MOREYRA,ELIZABETH NOEMI,,,,,,,,O.S.P. CIUDAD AUT. DE BUENOS AIRES (ObSBA),Titular
DNI 42001228,42001228,20420012285,CABRERA,GENARO SEBASTIAN,,,,,,,,"OBRA SOCIAL TRABAJADORES PASTELEROS, CONFITEROS, PIZZEROS , HELADEROS Y ALFAJOREROS DE LA REPUBLICA ARGENTINA",Titular
DNI 40389382,40389382,27403893825,SANCHEZ MOLINUEVO,SILVIA PATRICIA,,,,,,,,NINGUNA,Beneficiario
DNI 31383203,31383203,27313832037,MONTI,MIRIAN VANESA,,,,,,,,O.S. ASOCIACION MUTUAL METALURGICA VILLA CONSTITUCION,Beneficiario
DNIE96017869,96017869,27960178691,BAEZ GIL RAQUEL PATRICIA,BAEZ GIL RAQUEL PATRICIA,,,,,,,,OBRA SOCIAL DE TECNICOS DE VUELO DE LINEAS AEREAS,Titular
DNI 14954497,14954497,27149544971,ALTAMIRANO,MARTA SUSANA,,,,,,,,OBRA SOCIAL DE LOS EMPLEADOS DE COMERCIO Y ACTIVIDADES CIVILES,Titular
DNI 12126900,12126900,20121269008,FERNANDEZ,ROBERTO LUCIANO,,,,,,,,OBRA SOCIAL DE PETROLEROS,Titular
DNI 29727337,29727337,20297273370,INSFRAN,GUSTAVO ADOLFO,,,,,,,,O.S. DE LOS EMPLEADOS DE COMERCIO Y ACT.ES CIVILES,Titular
DNIE92108293,92108293,27921082938,SALINAS,"TILLNER MYRIAN JULIANA        ",,,,,,,,O.S.P. CIUDAD AUT. DE BUENOS AIRES (ObSBA),Titular
DNI 29823800,29823800,23298238004,LACARRUBBA,PAMELA GISELA,,,,,,,,"OBRA SOCIAL DEL PERSONAL DEL TURISMO, HOTELERO Y GASTRONOMICO DE LA UNION DE TRABAJADORES DEL TURISMO HOTELEROS Y GASTRONOMICOS DE LA REPUBLICA ARGENTINA",Titular
DNI 11524661,11524661,20115246616,LLOMPART,DANIEL EDGARDO,Mu¦iz,1181,,1,,SIN INFORMAR,0000,"O.S. DE LA UNION DE TRABAJADORES DEL TURISMO, HOTELEROS Y GASTRONOMICOS DE LA REPUBLICA ARGENTINA ",Titular
DNI 23182277,23182277,27231822777,VILLALVA,DORA ELVIRA,,,,,,,,O.S. DEL PERS. MARITIMO,Titular
DNI 23969725,23969725,23239697259,BARDOS,GUSTAVO NELSON,SAN MIGUEL,01824,,,RIO TERCERO,CORDOBA,5850,O.S. DEL PERSONAL DE LA INDUSTRIA FIDEERA,Titular
DNI 12636914,12636914,27126369145,DUTRA,SUSANA HAYDEE,,,,,,,,O.S. DEL PERS. DE MAESTRANZA,Titular
DNI 35586284,35586284,23355862844,CORTEZ,CARLA BETIANA,,,,,,,,O.S. DE LOS EMPLEADOS DE COMERCIO Y ACT.ES CIVILES,Titular
DNI 26326974,26326974,20263269749,AMARILLO,LEANDRO ABEL,,,,,,,,OBRA SOCIAL DEL PERSONAL DE LA INDUSTRIA DEL PLASTICO,Titular
DNI 42367048,42367048,27423670482,VARGAS,MILAGROS AYELEN,,,,,,,,OBRA SOCIAL DEL PERSONAL DE MAESTRANZA,Titular
DNI 10490895,10490895,20104908951,CORONEL,FELIX,,,,,,,,O.S.P. FORMOSA (IMPF),Titular
DNI 25825053,25825053,20258250533,ARMENDANO,HUGO RAMIRO,,,,,,,,OBRA SOCIAL DEL PERSONAL DE FARMACIA,Titular
DNI 36690551,36690551,27366905516,SANDOBAL,ROMINA LORENA,,,,,,,,OBRA SOCIAL DE COMISARIOS NAVALES,Titular
DNI 35419129,35419129,27354191291,ACOSTA,FLAVIA LUCIA,,,,,,,,OBRA SOCIAL DEL PERSONAL DEL AUTOMOVIL CLUB ARGENTINO,Titular
DNI 38087758,38087758,27380877584,AYRALA,MARIA ANABEL,,,,,,,,OBRA SOCIAL DE LA UNION OBRERA METALURGICA DE LA REPUBLICA ARGENTINA,Titular
DNI 38466856,38466856,23384668569,NAVARRO LABASTIE,"NAVARRO LABASTIE FELICITAS                                                                                                                            ",,,,,,,,OBRA SOCIAL DE LOS EMPLEADOS DE COMERCIO Y ACTIVIDADES CIVILES,Titular
DNI 32092933,32092933,20320929335,HRYSZCZUK,RENZO EMANUEL,,,,,,,,OBRA SOCIAL DE CHOFERES DE CAMIONES,Titular
DNI 34444729,34444729,27344447298,LUNA,ANABEL VERONICA,,,,,,,,OBRA SOCIAL DE LA CAMARA DE EMPRESARIOS DE AGENCIAS DE REMISES DE LA PROVINCIA DE BUENOS AIRES,Titular
DNIE95663619,95663619,20956636192,FAJARDO RODRIGUEZ NELSON ANDRE,RODRIGUEZ NELSON AND,,,,,,,,"OBRA SOCIAL DE EMPRESARIOS, PROFESIONALES Y MONOTRIBUTISTAS",Titular
DNI 26768049,26768049,20267680494,CORIA,MIGUEL ELIAS,B¦ 8 DE MARZO- CASA,00009,,,FORMOSA,FORMOSA,3600,O.S. DEL PERSONAL DE LA CONSTRUCCION,Titular
DNI 16191867,16191867,23161918679,TELLO,CARLOS A,,,,,,,,OBRA SOCIAL DEL PERSONAL DE LA ENSE¥ANZA PRIVADA,Titular
DNI 35015896,35015896,20350158961,ABRANSSON,JOSE EMANUEL,,,,,,,,O.S. DEL PERS. MOSAISTA,Titular
DNI 28933470,28933470,27289334705,DIAZ,SILVIA ANDREA,,,,,,,,O. S. DEL PERSONAL DE LA ACTIVIDAD DEL TURF,Beneficiario
DNIE95127654,95127654,27951276540,TORRES PACUA CLAUDIA EVELINA,TORRES PACUA CLAUDIA EVELINA,,,,,,,,OBRA SOCIAL DEL PERSONAL DE LA CONSTRUCCION,Titular
DNI 36335256,36335256,20363352562,VEGA,MIGUEL ALEJANDRO,,,,,,,,O.S. DEL PERSONAL DE LA ACTIVIDAD VITIVINICOLA,Beneficiario
DNI 18907900,18907900,27189079007,LOPEZ,DAIANA ESTEFANIA,,,,,,,,OBRA SOCIAL DE LOS EMPLEADOS DE COMERCIO Y ACTIVIDADES CIVILES,Titular
DNI 44434618,44434618,20444346184,CARBONE,FRANCISCO GASTÓN,,,,,,,,OBRA SOCIAL DE LOS EMPLEADOS DE COMERCIO Y ACTIVIDADES CIVILES,Titular
DNI 31083200,31083200,27310832001,OLIVERA,VERONICA ALEJANDRA,,,,,,,,O.S. DEL PERSONAL DE PANADERIAS,Beneficiario
DNI 35232824,35232824,27352328249,ROJAS,SABRINA MICAELA BELEN,,,,,,,,OBRA SOCIAL DE EMPLEADOS DE LA MARINA MERCANTE,Titular
DNI 25158416,25158416,20251584169,JOFRE,MIGUEL ANTONIO,,,,,,,,OBRA SOCIAL FEDERAL DE LA FEDERACION NACIONAL DE TRABAJADORES DE OBRAS SANITARIAS,Titular
DNI 29655890,29655890,20296558908,CATANZANO,FACUNDO ROBERTO,,,,,,,,OBRA SOCIAL DE LAS ASOCIACIONES DE EMPLEADOS DE FARMACIA,Titular
DNI 38701368,38701368,27387013682,MEDINA,ANTONELLA ANOUX SALOME,,,,,,,,"O.S. DE OBREROS Y EMPLEADOS TINTOREROS, SOMBREREROS Y LAVAD. R.A.",Beneficiario
DNI 29460206,29460206,20294602063,MOYANO,JAVIER MAXIMILIANO,,,,,,,,O.S. DEL PERS. DE PELUQUERIAS,Titular
DNI 11235494,11235494,20112354949,TURIN,ALBERTO JOSE,JUAN JOSE BRUNO,2315,,,CONCEPCION DEL URUGUAY,ENTRE RIOS,3260,NINGUNA,Titular
DNI 33588847,33588847,27335888478,FERNANDEZ,MYRIAN VERONICA,,,,,,,,OBRA SOCIAL UNION PERSONAL DE LA UNION DEL PERSONAL CIVIL DE LA NACION,Titular
DNI 30116294,30116294,23301162944,ALI,ANA VALERIA,,,,,,,,OBRA SOCIAL DE LOS EMPLEADOS DE COMERCIO Y ACTIVIDADES CIVILES,Titular
DNI 37270193,37270193,20372701936,GOMEZ,NICOLAS EMANUEL,MILAGROS SIN / N,00001,,,LOS CORRALITOS,MENDOZA,5527,O.S. DEL PERSONAL DE LA ACTIVIDAD VITIVINICOLA,Titular
DNI 40386461,40386461,20403864618,RAIN,CARLOS MARCELO,,,,,,,,OBRA SOCIAL DEL PETROLEO Y GAS PRIVADO,Titular
DNI 22085576,22085576,27220855762,ARANDA,PAULA ANDREA,,,,,,,,OBRA SOCIAL DE LOS EMPLEADOS DE COMERCIO Y ACTIVIDADES CIVILES,Titular
DNI 21081608,21081608,23210816089,FINS,SERGIO OSCAR,,,,,,,,OBRA SOCIAL DE VAREADORES,Titular
DNI 33935702,33935702,20339357022,PARDO SANZANA,RENE EDUARDO,,,,,,,,OBRA SOCIAL DEL PERSONAL MARITIMO,Titular
DNI 22557709,22557709,27225577094,RIVADENEIRA,NOEMI DEL VALLE,,,,,,,,O.S.P. TUCUMAN (IPSST),Titular
DNI 30185814,30185814,20301858141,MOLINA,AZED MIGUEL,,,,,,,,ASOCIACION DE OBRAS SOCIALES DE TRELEW,Titular
DNI 35097472,35097472,20350974726,MARTINEZ,FELIX SAUL,,,,,,,,"OBRA SOCIAL DE EMPRESARIOS, PROFESIONALES Y MONOTRIBUTISTAS",Titular
DNI 33771609,33771609,20337716092,OCAMPO,LUCAS MAURICIO,CHACABUCO,1345,,,ESQUEL,CHUBUT,9200,O. S. DE LOS EMPLEADOS DE COMERCIO Y ACTIVIDADES CIVILES,Titular
DNI 16816323,16816323,20168163232,CASO,JORGE OMAR,,,,,,,,"OBRA SOCIAL DEL PERSONAL DEL PAPEL, CARTON Y QUIMICOS",Titular
DNI 30306774,30306774,20303067745,SANDOVAL,FABIAN RAMON,,,,,,,,OBRA SOCIAL DEL PERSONAL DE LA ACTIVIDAD CERVECERA Y AFINES,Titular
DNI 10414811,10414811,20104148116,MALDONADO,ROLANDO LEONARDO,,,,,,,,O.S. DE LOS EMPLEADOS DE COMERCIO Y ACT.ES CIVILES,Titular
DNI 40920338,40920338,20409203389,DEALESSANDRIS BORDONI,NICOLAS,,,,,,,,OBRA SOCIAL DEL PERSONAL DE SOCIEDADES DE AUTORES Y AFINES,Titular
DNI 33835106,33835106,20338351063,ZAPIOLA,CRISTIAN JONATAN,,,,,,,,OBRA SOCIAL DE MANDOS MEDIOS DE TELECOMUNICACIONES EN LA REPUBLICA ARGENTINA Y MERCOSUR,Titular
DNI 39776753,39776753,27397767537,AGUIRRE SAUCEDO MALENA MARIANA,MALENA MARIANA,,,,,,,,O.S.P. CHACO (INSSSEP),Titular
DNI 34490843,34490843,27344908430,YBARRA,ERICA LILIANA,,,,,,,,O. S. DE LOS EMPLEADOS DE COMERCIO Y ACTIVIDADES CIVILES,Beneficiario
DNI 41921333,41921333,20419213331,LEONARDT,AGUSTIN NICOLAS,,,,,,,,OBRA SOCIAL DE LA UNION OBRERA METALURGICA DE LA REPUBLICA ARGENTINA,Titular
DNI 17136501,17136501,27171365010,PERALTA,SANDRA LIA,,,,,,,,O.S.P. TUCUMAN (IPSST),Titular
DNI 27361811,27361811,20273618113,LEDEZMA,JOSE LUIS,,,,,,,,"OBRA SOCIAL DEL PERSONAL DE BARRACAS DE LANAS, CUEROS Y ANEXOS",Titular
DNI 34669946,34669946,27346699464,CACERES,MERIBEL ANTONELA,,,,,,,,OBRA SOCIAL DEL PERSONAL DE LA SANIDAD ARGENTINA,Titular
DNI 27092781,27092781,27270927810,DAVILA,NATALIA RAQUEL,,,,,,,,OBRA SOCIAL DEL PERSONAL DE SOCIEDADES DE AUTORES Y AFINES,Titular
DNI 23873802,23873802,23238738024,FERREYRA,SILVANA LORELEY,,,,,,,,O.S. DE CHOFERES DE CAMIONES,Titular
DNI 27930212,27930212,20279302126,COPPOLA,PABLO DAMIAN,BRASIL,00482,,,YERBA BUENA,TUCUMAN,4107,O. S. DE LOS EMPLEADOS DE COMERCIO Y ACTIVIDADES CIVILES,Titular
DNI 28254375,28254375,27282543759,SOTO ELISABETH SOLEDAD,ELISABETH SOLEDAD,,,,,,,,O.S. DEL PERS. RURAL Y ESTIBADORES DE LA REP. ARGENTINA,Titular
DNI 42312748,42312748,27423127487,GOMEZ,NAZARENA NEREA,,,,,,,,"OBRA SOCIAL TRABAJADORES PASTELEROS, CONFITEROS, PIZZEROS , HELADEROS Y ALFAJOREROS DE LA REPUBLICA ARGENTINA",Titular
DNI 16500058,16500058,27165000582,GONZALEZ,SILVIA ADRIANA,,,,,,,,OBRA SOCIAL DE LOS EMPLEADOS DE COMERCIO Y ACTIVIDADES CIVILES,Titular
DNI 43090280,43090280,27430902801,VILAYPHANH,CAMILA ANGELA,,,,,,,,"O.S. DEL PERSONAL DE BARRACAS DE LANAS, CUEROS Y ANEXOS",Beneficiario
DNI 33405916,33405916,20334059163,FERRAROTTI MATIAS LUIS,MATIAS LUIS,,,,,,,,O.S. DE LOS EMPLEADOS DE COMERCIO Y ACT.ES CIVILES,Titular
DNI 27671793,27671793,20276717937,ABBA,LUCIANO IGNACIO,,,,,,,,O.S. DE TECNICOS DE VUELO DE LINEAS AEREAS,Titular
DNI 37240275,37240275,27372402755,ANTIFORA,SOFIA,BELGRANO GENERAL MANUEL,00441,00,,USHUAIA,TIERRA DEL FUEGO,9410,"O.S. DE LA UNION DE TRABAJADORES DEL TURISMO, HOTELEROS Y GASTRONOMICOS DE LA REPUBLICA ARGENTINA ",Titular
DNI 29176610,29176610,27291766108,MUSTO,MARIA FERNANDA,,,,,,,,O.S. DEL PERS. DEL ESPECTACULO PUBLICO,Titular
DNIE94573315,94573315,20945733153,POLO,"TORRES ALAN RAUL     ",ARANGUREN,04060,,,CIUDAD AUTONOMA DE BS.AS.,CAP. FEDERAL,1082,O. S. DEL SINDICATO DE MECANICOS Y AFINES DEL TRANSPORTE AUTOMOTOR,Titular
DNI 16856908,16856908,20168569085,RIVERA,ROBERTO DANIEL,,,,,,,,OBRA SOCIAL DE LA FEDERACION ARGENTINA DEL TRABAJADOR DE LAS UNIVERSIDADES NACIONALES,Titular
DNI 37916101,37916101,23379161014,VIEDMA,LUCIANA DANIELA,,,,,,,,O. S. DE LA UNION OBRERA METALURGICA DE LA REPUBLICA ARGENTINA,Beneficiario
DNI 41692764,41692764,27416927648,REYNA,LOURDES ANTONELLA,,,,,,,,O.S.P. BUENOS AIRES (IOMA),Titular
DNI 43668166,43668166,20436681667,FRIAS,MICAIAS JESUS,,,,,,,,O.S. DEL PERSONAL DE LA INDUSTRIA DEL VESTIDO Y AFINES,Beneficiario
DNI 40090722,40090722,27400907221,REBUFELLO,AGUSTINA FERNANDA,,,,,,,,OBRA SOCIAL DE LOS EMPLEADOS DE COMERCIO Y ACTIVIDADES CIVILES,Titular
DNI 25556488,25556488,27255564884,JACQUET,MONICA SANDRA,,,,,,,,O.S. DEL PERSONAL DE LA INDUSTRIA DEL CAUCHO,Beneficiario
DNI 25556488,25556488,24255564885,JACQUET,"JAQUET MONICA SANDRA                                                                                                                                  ",,,,,,,,OBRA SOCIAL DE VAREADORES,Titular
DNI 39149745,39149745,27391497457,BOSCHINI,MELANY AGOSTINA,,,,,,,,OBRA SOCIAL DEL PERSONAL DE LA INDUSTRIA MOLINERA,Titular
DNI 38880471,38880471,20388804719,MOYANO,JOSE MARIA,,,,,,,,O.S. DE LOS SUPERVISORES DE LA INDUSTRIA METALMECANICA DE LA REPUBLICA ARGENTINA,Beneficiario
DNI 45124833,45124833,27451248338,LITERAS,MARIA LUISA,,,,,,,,OBRA SOCIAL DEL PERSONAL MOSAISTA,Titular
DNI 21534545,21534545,23215345459,PETRY,DIEGO ALBERTO,,,,,,,,O.S. SUPERCO,Titular
DNI 28013518,28013518,20280135187,LUCENA,CRISTIAN ARIEL,,,,,,,,OBRA SOCIAL DE EJECUTIVOS Y DEL PERSONAL DE DIRECCION DE EMPRESAS,Titular
DNI 30443233,30443233,27304432336,CASTILLO GABRIELA ALEJANDRA,GABRIELA ALEJANDRA,,,,,,,,OBRA SOCIAL DE LA FEDERACION ARGENTINA DEL TRABAJADOR DE LAS UNIVERSIDADES NACIONALES,Titular
DNI 39414357,39414357,20394143570,BLONSKY,FACUNDO NICOLAS,,,,,,,,OBRA SOCIAL DEL PERSONAL MOSAISTA,Titular
DNI 37992199,37992199,20379921990,ALVAREZ,MARCOS EZEQUIEL,,,,,,,,"OBRA SOCIAL DEL PERSONAL DEL TURISMO, HOTELERO Y GASTRONOMICO DE LA UNION DE TRABAJADORES DEL TURISMO HOTELEROS Y GASTRONOMICOS DE LA REPUBLICA ARGENTINA",Titular
DNI 35558612,35558612,20355586120,SILVESTRI,JOSE LUIS,,,,,,,,OBRA SOCIAL DE PATRONES DE CABOTAJE DE RIOS Y PUERTOS,Titular
DNIE95479374,95479374,20954793746,AZACON DIAZ CARLOS JESUS,AZACON DIAZ CARLOS JESUS,AGUERO,01785,,,CIUDAD AUTONOMA DE BS.AS.,CAP. FEDERAL,1414,"O.S. DE LA UNION DE TRABAJADORES DEL TURISMO, HOTELEROS Y GASTRONOMICOS DE LA REPUBLICA ARGENTINA ",Titular
DNI 18037061,18037061,20180370618,GONZALEZ,DANIEL EDGARDO,,,,,,,,OBRA SOCIAL DEL PERSONAL DEL ORGANISMO DE CONTROL EXTERNO,Titular
DNI 11987678,11987678,20119876789,ARPADJIAN,JORGE,,,,,,,,O.S. UNION PERS. DE LA UNION DEL  PERS. CIVIL DE LA NACION,Titular
DNI 17492980,17492980,20174929808,DECHAND MIGUEL ANGEL,MIGUEL ANGEL,,,,,,,,O.S. DE CHOFERES DE CAMIONES,Titular
DNI 26741791,26741791,20267417912,VARGAS,WALTER GASTÓN,,,,,,,,OBRA SOCIAL DE EMPLEADOS DE LA INDUSTRIA DEL VIDRIO,Titular
DNI 43318861,43318861,27433188611,CENTURION,AMANDA DEL CORAZON DE JESUS,,,,,,,,OBRA SOCIAL DE LOS EMPLEADOS DE COMERCIO Y ACTIVIDADES CIVILES,Titular
DNI 31982189,31982189,23319821899,CERVIÑO,LUCAS ALBERTO,,,,,,,,O.S. DE LOS EMPLEADOS DE COMERCIO Y ACT.ES CIVILES,Titular
DNIE95661645,95661645,27956616455,VILORIA VANESSA LIZETH,VANESSA LIZETH,,,,,,,,OBRA SOCIAL DEL PERSONAL DEL ORGANISMO DE CONTROL EXTERNO,Titular
DNI 41955933,41955933,23419559334,HERRERA,CANDELA,,,,,,,,O. S. DE LOS EMPLEADOS DE COMERCIO Y ACTIVIDADES CIVILES,Beneficiario
DNI 37319490,37319490,20373194906,SILVA,DAVID GERONIMO,,,,,,,,OBRA SOCIAL DE ENCARGADOS APUNTADORES MARITIMOS,Titular
DNI 26480547,26480547,27264805479,GUTIERREZ,LORENA SOLEDAD,,,,,,,,O. S. DEL PERSONAL DE JABONEROS,Beneficiario
DNI 21313261,21313261,27213132615,ECHAZU,LILIANA,,,,,,,,O. S. CONDUCTORES DE TRANSPORTE COLECTIVO DE PASAJEROS,Beneficiario
DNI 33907105,33907105,27339071050,CARUGATTI,GISELA ESTEFANIA,,,,,,,,OBRA SOCIAL DEL PERSONAL DE MAESTRANZA,Titular
DNI 21524615,21524615,27215246154,GONZALEZ,MARIA DE LAS MERCEDES,,,,,,,,O. S. DE CHOFERES DE CAMIONES,Beneficiario
DNIE94401227,94401227,27944012279,CORREA,"RUIZ LIZ LORENA       ",SALADILLO,02680,,,CIUDAD AUTONOMA DE BS.AS.,CAP. FEDERAL,1440,O.S. DE LOS SUPERVISORES DE LA INDUSTRIA METALMECANICA DE LA REPUBLICA ARGENTINA,Titular
DNIE95556550,95556550,23955565509,PEÑA BECHARA FREDERICK ANTONIO,PENA BECHARA FREDERICK ANTONIO,CARRANZA,01935,PB,,PALERMO,CAP. FEDERAL,0000,O. S. DE LOS EMPLEADOS DE COMERCIO Y ACTIVIDADES CIVILES,Titular
DNI 29173700,29173700,20291737006,CASTRO,SILVIO ALAN,,,,,,,,O.S. DE EJECUTIVOS Y DEL PERS. DE DIR. DE EMPRESAS,Titular
DNI 28022474,28022474,20280224740,GORDIOLA SATURNINO,SATURNINO,MIGUEL DE LOS RIOS,00000,00,0000,ALBARDON,CORRIENTES,3412,"O.S. DE LA UNION DE TRABAJADORES DEL TURISMO, HOTELEROS Y GASTRONOMICOS DE LA REPUBLICA ARGENTINA ",Titular
DNI 39841229,39841229,20398412290,OVELAR FRANCISCO GABRIEL,FRANCISCO GABRIEL,,,,,,,,OBRA SOCIAL DE LA FEDERACION GREMIAL DE LA INDUSTRIA DE LA CARNE Y SUS DERIVADOS,Titular
DNI 31797797,31797797,20317977973,TAPIA,CRISTIAN ALEJANDRO,,,,,,,,OBRA SOCIAL DE PATRONES DE CABOTAJE DE RIOS Y PUERTOS,Titular
DNI 28474287,28474287,27284742872,HARRIAGUE,GLADYS MARIELA,,,,,,,,O. S. DE LOS EMPLEADOS DE COMERCIO Y ACTIVIDADES CIVILES,Beneficiario
DNI 33119585,33119585,24331195851,ROMERO,"GIMENEZ PAMELA GISELA                                                                                                                                 ",,,,,,,,"O.S. DEL PERSONAL DEL PAPEL, CARTON Y QUIMICOS",Beneficiario
DNI 36265220,36265220,20362652201,PONCE,JUAN MANUEL,,,,,,,,OBRA SOCIAL DEL PERSONAL DE LA CONSTRUCCION,Titular
DNI 32425042,32425042,27324250420,SILVERATI DI PRINZIO,MARIA SOL GRACIELA,,,,,,,,O.S. DEL PERS. HOTELERO Y GASTRONOMICO DE LA UNION DE TRABAJ.HOTELEROS Y GASTRONOMICOS DE LA REP. ARGENTINA,Titular
DNIE95786305,95786305,20957863052,MONTERO CARBALLO ANDRES ALFONZO,MONTERO CARBALLO ANDRES ALFONZO,,,,,,,,"OBRA SOCIAL DEL PERSONAL DEL TURISMO, HOTELERO Y GASTRONOMICO DE LA UNION DE TRABAJADORES DEL TURISMO HOTELEROS Y GASTRONOMICOS DE LA REPUBLICA ARGENTINA",Titular
DNI 30321325,30321325,20303213253,MORALES,RAFAEL FRANCISCO,,,,,,,,OBRA SOCIAL DE LOS MEDICOS DE LA CIUDAD DE BUENOS AIRES,Titular
DNI 31706405,31706405,20317064056,CARRUEGA,CARLOS MARIA,,,,,,,,OBRA SOCIAL DE LOS INMIGRANTES ESPAÑOLES Y SUS DESCENDIENTES RESIDENTES EN LA REPUBLICA ARGENTINA,Titular
DNI 32923424,32923424,20329234240,NAUTO,GABRIEL ALEJANDRO,,,,,,,,O.S. DE TECNICOS DE VUELO DE LINEAS AEREAS,Titular
DNI 19028932,19028932,20190289320,MONTEALEGRE CUENCA,DEIVIT ANDRES,,,,,,,,"O.S. DE LA UNION DE TRABAJADORES DEL TURISMO, HOTELEROS Y GASTRONOMICOS DE LA REPUBLICA ARGENTINA ",Beneficiario
DNI 33108384,33108384,20331083845,CORONEL,"CORONEL YESICA PAOLA                                                                                                                                  ",,,,,,,,OBRA SOCIAL DEL PERSONAL DE LA SANIDAD ARGENTINA,Titular
DNI 31224753,31224753,23312247534,MOLINA,VANESA ELIZABETH,MAZA,01148,PB,B,CAPITAL FEDERAL,CAP. FEDERAL,1220,O.S. DEL PERSONAL DE AERONAVEGACION DE ENTES PRIVADOS,Titular
DNI 33155329,33155329,27331553293,BEN,JORGELINA,,,,,,,,OBRA SOCIAL DE TALLERISTAS A DOMICILIO,Titular
DNI 22051681,22051681,20220516815,GONZALEZ,MARCELO RAMON,,,,,,,,O.S.P. BUENOS AIRES (IOMA),Titular
DNI 29738665,29738665,23297386654,RUEDA,CAROLINA ALEJANDRA,,,,,,,,OBRA SOCIAL DEL PERSONAL DE ENTIDADES DEPORTIVAS Y CIVILES,Titular
DNI 29824164,29824164,27298241647,CAMPOS,ROMINA VANESA,AV 3 DE FEBRERO,03842,,,CASEROS,BUENOS AIRES,1678,O. S. DE LA UNION OBRERA METALURGICA DE LA REPUBLICA ARGENTINA,Titular
DNI 40323975,40323975,27403239750,OJEDA,MARIA AYELEN,,,,,,,,OBRA SOCIAL DE PETROLEROS PRIVADOS,Titular
DNI 33208565,33208565,20332085655,JUAREZ,JOSE LUIS,,,,,,,,OBRA SOCIAL DEL PERSONAL DE MAESTRANZA,Titular
DNI 18545073,18545073,20185450733,PONCE,HORACIO RUBEN,,,,,,,,O.S.P. BUENOS AIRES (IOMA),Titular
DNI 43201422,43201422,27432014229,GIMENEZ,MICAELA AGUSTINA,,,,,,,,"OBRA SOCIAL TRABAJADORES PASTELEROS, CONFITEROS, PIZZEROS , HELADEROS Y ALFAJOREROS DE LA REPUBLICA ARGENTINA",Titular
DNI 26444337,26444337,20264443378,JAIME,HECTOR ADRIAN,,,,,,,,OBRA SOCIAL DEL SINDICATO UNICO DE RECOLECTORES DE RESIDUOS Y BARRIDO DE CORDOBA,Titular
DNI 32528847,32528847,27325288472,LOPEZ,NATALIA ELIZABETH,,,,,,,,"OBRA SOCIAL DE MINISTROS, SECRETARIOS Y SUBSECRETARIOS",Titular
DNI 18502539,18502539,20185025390,RETAMOSO,ANGEL RICARDO,,,,,,,,O.S.P. ENTRE RIOS (IOSPER),Titular
DNI 18853215,18853215,20188532153,FIGUEROA,FERNANDO NICOLAS,,,,,,,,"OBRA SOCIAL TRABAJADORES PASTELEROS, CONFITEROS, PIZZEROS , HELADEROS Y ALFAJOREROS DE LA REPUBLICA ARGENTINA",Titular
DNI 29312532,29312532,20293125326,ONTIVERO,JUAN FABIAN,,,,,,,,OBRA SOCIAL DE LOS EMPLEADOS DE COMERCIO Y ACTIVIDADES CIVILES,Titular
DNI 40303655,40303655,27403036558,GONZALEZ,SANDRA ANABELA,,,,,,,,OBRA SOCIAL DEL PERSONAL ASOCIADO A ASOCIACION MUTUAL SANCOR,Titular
DNI 41489589,41489589,27414895897,TURBALO,LUCIA DELFINA,,,,,,,,OBRA SOCIAL DE LOS EMPLEADOS DE COMERCIO Y ACTIVIDADES CIVILES,Titular
DNI 24540834,24540834,27245408345,OSSOLA,ANAHI LEONOR,,,,,,,,O. S. DE LOS EMPLEADOS DE COMERCIO Y ACTIVIDADES CIVILES,Beneficiario
DNI 35942629,35942629,27359426297,POLIZZI,MANUELA JULIANA,,,,,,,,O.S. DEL PERS. HOTELERO Y GASTRONOMICO DE LA UNION DE TRABAJ.HOTELEROS Y GASTRONOMICOS DE LA REP. ARGENTINA,Titular
DNIE94725896,94725896,20947258967,DIAS SANTOS RENNE ONOFRE,DIAS SANTOS RENNE ONOFRE,SAN LORENZO,01810,,,ROSARIO,SANTA FE,2000,O.S. ACCION SOCIAL DE EMPRESARIOS,Titular
DNI 34879830,34879830,20348798309,RIBEIRO,SERGIO JOAO,TURRADO TENIENTE PRIMERO,00135,,290,VILLA MERCEDES,SAN LUIS,5730,O.S. PERSONAL ASOCIADO A ASOC.MUTUAL SANCOR (O.S.PERS.A.A.M.S),Titular
DNI 28825666,28825666,20288256668,IBARROLA,ANDRES MARCELO,,,,,,,,OBRA SOCIAL DEL PERSONAL DE LA ACTIVIDAD CERVECERA Y AFINES,Titular
DNI 36143162,36143162,20361431627,VILLARREAL,DANIEL AGUSTIN,,,,,,,,OBRA SOCIAL DEL PERSONAL MOSAISTA,Titular
DNI 36364695,36364695,20363646957,MARQUEZ,JUAN PABLO,,,,,,,,OBRA SOCIAL DE EJECUTIVOS Y DEL PERSONAL DE DIRECCION DE EMPRESAS,Titular
DNI 39412481,39412481,20394124819,DIAZ,LUCAS GABRIEL,,,,,,,,OBRA SOCIAL DE SERENOS DE BUQUES,Titular
DNI 41496673,41496673,20414966730,CARDOZO,ENZO AGUSTIN,,,,,,,,OBRA SOCIAL DEL PERSONAL MOSAISTA,Titular
DNI 18555238,18555238,27185552387,GOÑI,MARTA BEATRIZ,,,,,,,,OBRA SOCIAL DEL PERSONAL DE INDUSTRIAS QUIMICAS Y PETROQUIMICAS,Titular
DNI 35140606,35140606,20351406063,CAPIEL,JOAQUIN SEBASTIAN,CASTELLI,03027,,,MAR DEL PLATA,BUENOS AIRES,7600,O.S. DEL PERSONAL DE SOCIEDADES DE AUTORES Y AFINES,Titular
DNI 37332593,37332593,20373325938,SEGOVIA,RICARDO GABRIEL,,,,,,,,OBRA SOCIAL DE TECNICOS DE VUELO DE LINEAS AEREAS,Titular
DNI 25251835,25251835,20252518356,ARAUJO,CHRISTIAN JORGE,,,,,,,,OBRA SOCIAL PARA EL PERSONAL DEL MINISTERIO DE ECONOMIA Y DE OBRAS Y SERVICIOS PUBLICOS,Titular
DNI 22506325,22506325,27225063252,JUGO,ELIZABETH ARGELIA,,,,,,,,"OBRA SOCIAL DEL PERSONAL DEL TURISMO, HOTELERO Y GASTRONOMICO DE LA UNION DE TRABAJADORES DEL TURISMO HOTELEROS Y GASTRONOMICOS DE LA REPUBLICA ARGENTINA",Titular
DNIE94852922,94852922,20948529220,SEMELMAN FONTAINE JONATHAN DAVID,FONTAINE JONATHAN DA,,,,,,,,OBRA SOCIAL DEL PERSONAL DE LA INDUSTRIA MOLINERA,Titular
DNI 28553550,28553550,20285535507,CANDIA,HORACIO NORBERTO,,,,,,,,OBRA SOCIAL DE EMPLEADOS TEXTILES Y AFINES,Titular
DNI 26277721,26277721,27262777214,MARCIAL,ELVIRA DEL VALLE,,,,,,,,O. S. DEL PERSONAL RURAL Y ESTIBADORES DE LA REPUBLICA ARGENTINA.,Beneficiario
DNI 28660387,28660387,20286603875,GADAÑOTTI,RAFAEL SEBASTIAN,,,,,,,,OBRA SOCIAL DE LA ASOCIACION CIVIL PROSINDICATO DE AMAS DE CASA DE LA REPUBLICA ARGENTINA,Titular
DNI 33831520,33831520,27338315207,RODRIGUEZ,VERONICA CECILIA,,,,,,,,OBRA SOCIAL DEL PERSONAL SUPERIOR Y PROFESIONAL DE EMPRESAS AEROCOMERCIALES,Titular
DNI 29014123,29014123,27290141236,BENITEZ,MARIANA LUCIA,,,,,,,,OBRA SOCIAL DE LOS EMPLEADOS DE COMERCIO Y ACTIVIDADES CIVILES,Titular
DNI 37123253,37123253,20371232533,JUAREZ,JOSE LUIS,,,,,,,,OBRA SOCIAL DE LOS MEDICOS DE LA CIUDAD DE BUENOS AIRES,Titular
DNI 34251341,34251341,27342513412,DAVID,MARIELA PAULA,CRAMER,924,,,JOSE C PAZ,BUENOS AIRES,1665,O.S. ELECTRICISTAS NAVALES,Titular
DNIE95980343,95980343,23959803439,CASTILLO CORDOBA CIRO DANIEL,CASTILLO CORDOBA CIRO DANIEL,,,,,,,,OBRA SOCIAL DE MANDOS MEDIOS DE TELECOMUNICACIONES EN LA REPUBLICA ARGENTINA Y MERCOSUR,Titular
DNI 27978053,27978053,27279780537,DUBLORES,JORGELINA LUJAN,CORONEL BOGADO,480,,,SAN NICOLAS,BUENOS AIRES,2900,O.S.UNION PERSONAL DE LA UNION DE TRABAJADORES CIVIL DE LA NACION,Titular
DNI 18019587,18019587,20180195875,FARFAN,NESTOR AGUSTIN,,,,,,,,OBRA SOCIAL DE PETROLEROS,Titular
DNI 35098784,35098784,20350987844,LOPEZ,RICARDO ARIEL,,,,,,,,OBRA SOCIAL DE LOS EMPLEADOS DE COMERCIO Y ACTIVIDADES CIVILES,Titular
DNI 34004571,34004571,20340045719,CERRILLO,JUAN MANUEL,RICHIERI,00609,,,VILLA LA #ATA,BUENOS AIRES,1617,O. S. DE CHOFERES DE CAMIONES,Titular
DNI 30957080,30957080,23309570804,FERNANDEZ,SAMANTA ELISABETH,EBARISTO IGLESIAS,01228,,,QUILMES,BUENOS AIRES,1878,NINGUNA,Titular
DNI 33726057,33726057,27337260573,PALMA,CLAUDIA MARIBEL,,,,,,,,OBRA SOCIAL DEL PERSONAL DE TELECOMUNICACIONES SINDICATO BUENOS AIRES,Titular
DNI 41105344,41105344,27411053445,BASTRATE,CAMILA MICAELA,,,,,,,,OBRA SOCIAL DE MUSICOS,Titular
DNI 36808159,36808159,20368081591,MEALLA,NICOLAS EZEQUIEL,,,,,,,,"O. S. DE LA ACTIVIDAD DE SEGUROS, REASEGUROS, CAPITALIZACION Y AHORRO Y PRESTAMO PARA VIVIENDA",Beneficiario
DNI 42229459,42229459,27422294592,CELANO,VALENTINA ABRIL,,,,,,,,O.S. DE COMISARIOS NAVALES,Beneficiario
DNIE95384820,95384820,20953848202,Garcia Nogueira,Harry Daniel,,,,,,,,"OBRA SOCIAL DEL PERSONAL DEL TURISMO, HOTELERO Y GASTRONOMICO DE LA UNION DE TRABAJADORES DEL TURISMO HOTELEROS Y GASTRONOMICOS DE LA REPUBLICA ARGENTINA",Titular
DNI 27208799,27208799,27272087992,DE ALMEIDA MARIA DEL PILAR,MARIA DEL PILAR,,,,,,,,OBRA SOCIAL DE CONDUCTORES CAMIONEROS Y PERSONAL DEL TRANSPORTE AUTOMOTOR DE CARGAS,Titular
DNIE94064841,94064841,20940648417,MARQUEZ,"PASACHE MOISES ALEJANDRO      ",JUAN BAUTISTA ALBERDI - ESQ. GUIRALDES,0296,PB,00,GLEW,BUENOS AIRES,1856,O.S. DEL PERSONAL DE TELEVISIÓN,Titular
DNIE92496696,92496696,20924966964,RIVEROS,"A JUAN CARLO        ",DIRECTORIO AVDA,02147,17,,CIUDAD AUTONOMA DE BS.AS.,CAP. FEDERAL,1406,O.S. DEL PERSONAL DE LA INDUSTRIA MOLINERA,Titular
DNI 27135403,27135403,27271354032,GONZALEZ,GRACIELA NOEMI,MADRE SELVA,44,,,NEUQUEN,NEUQUEN,8300,O.S. DE TECNICOS DE VUELO DE LINEAS AEREAS,Titular
DNI 37853505,37853505,20378535051,VERON,LUCIO ABEL,,,,,,,,OBRA SOCIAL DE MANDOS MEDIOS DE TELECOMUNICACIONES EN LA REPUBLICA ARGENTINA Y MERCOSUR,Titular
DNIE94214333,94214333,20942143339,GONZALEZ CAMACHO DANIEL RICARD,"DANIEL RICARDO,GONZALEZ CAMACHO",AV AVELLANEDA,00375,02,C,CABALLITO,CAP. FEDERAL,0000,O.S. DE LOS INMIGRANTES ESPAÑOLES Y SUS DESCENDIENTES RESIDENTES EN LA REPUBLICA ARGENTINA,Titular
DNI 11430576,11430576,20114305767,ALARIS,ARSENIO ISIDORO,GUALEGUAY,664,,,LOMAS DE ZAMORA,BUENOS AIRES,1832,"O.S. DEL PERSONAL DE SEGURIDAD COMERCIAL, INDUSTRIAL E INVESTIGACIONES PRIVADAS",Titular
DNI 7839363,7839363,20078393638,ALVARENGA,JORGE RAMON,,,,,,,,O.S. DE TALLERISTAS A DOMICILIO,Titular
DNI 29523912,29523912,20295239124,BELLAGAMBA,ARIEL DAMIAN,CARDENAL,01610,,,ALMIRANTE BROWN,BUENOS AIRES,1846,O.S. DEL PERSONAL DE LA ACTIVIDAD CERVECERA Y AFINES,Titular
DNI 27121103,27121103,20271211032,WILLAMS,ADOLFO EZEQUIEL,,,,,,,,O.S. DE CHOFERES DE CAMIONES,Titular
DNI 20349585,20349585,20203495855,COLAUTTI BERRA GABRIEL FERNANDO,GABRIEL FERNANDO,,,,,,,,O.S.P. BUENOS AIRES (IOMA),Titular
DNI 40382605,40382605,20403826058,ROMANO,JONATAN,HUMBOLT,01031,,,GENERAL PACHECO,BUENOS AIRES,1617,O.S. DE BOXEADORES AGREMIADOS DE LA REPUBLICA ARGENTINA,Titular
DNI 27812421,27812421,20278124216,RIVERO,NESTOR MATIAS,,,,,,,,O.S. DE LOS EMPLEADOS DE COMERCIO Y ACT.ES CIVILES,Titular
DNI 22941094,22941094,20229410947,CORIMAYO,SEBASTIAN,HEREDIA,00124,,,CIUDAD AUTONOMA DE BS.AS.,CAP. FEDERAL,1427,O. S. DE LA UNION OBRERA METALURGICA DE LA REPUBLICA ARGENTINA,Titular
DNI 22076995,22076995,20220769950,PALOMINO DOMINGUEZ,JUAN CARLOS,BASUALDO,2056,PB,A,CIUDAD AUTONOMA DE BS.AS.,CAP. FEDERAL,1440,O.S.UNION PERSONAL DE LA UNION DE TRABAJADORES CIVIL DE LA NACION,Titular
DNIE92854144,92854144,20928541445,BALEIRON,"ESTEBAN DANIEL         ",,,,,,,,O.S. DEL PERSONAL DE EDIFICIOS DE RENTAS Y HORIZONTAL DE CAPITAL FEDERAL Y GRAN BUENOS ARIES,Beneficiario
DNI 36520759,36520759,27365207599,MARTIN,AYELEN DANIELA,ALEN,00951,,,MORON,BUENOS AIRES,1708,O.S. PERSONAL ASOCIADO A ASOC.MUTUAL SANCOR (O.S.PERS.A.A.M.S),Titular
DNI 27556127,27556127,20275561275,ARGENTI,JORGE JAVIER,,,,,,,,OBRA SOCIAL DEL PERSONAL DE LA PUBLICIDAD,Titular
DNI 27822882,27822882,20278228828,LODOLI,SEBASTIAN RUBEN,PERGAMINO 1949,,,,LANUS,BUENOS AIRES,1824,O.S. DE LOS INMIGRANTES ESPAÑOLES Y SUS DESCENDIENTES RESIDENTES EN LA REPUBLICA ARGENTINA,Titular
DNI 40634693,40634693,20406346936,VARGAS,JUAN ISRAEL,,,,,,,,OBRA SOCIAL DEL PERSONAL DE MAESTRANZA,Titular
DNI 29335664,29335664,27293356640,ARROYO PAZ,MIRIAM GRACIELA,,,,,,,,OBRA SOCIAL DEL PERSONAL DE ENTIDADES DEPORTIVAS Y CIVILES,Titular
DNI 32825698,32825698,20328256984,AVILA,LEANDRO EZEQUIEL,,,,,,,,OBRA SOCIAL DE MUSICOS,Titular
DNI 25847930,25847930,20258479301,HOLT,MIGUEL ANGEL,,,,,,,,OBRA SOCIAL DE EJECUTIVOS Y DEL PERSONAL DE DIRECCION DE EMPRESAS,Titular
DNI 16979451,16979451,27169794516,ORTEGA,NORA MABEL,,,,,,,,O.S. DEL PERS. DE LA SANIDAD ARGENTINA,Titular
DNI 38319497,38319497,20383194971,PANTANO,LUCIANO NICOLAS,,,,,,,,OBRA SOCIAL DE LOS EMPLEADOS DE COMERCIO Y ACTIVIDADES CIVILES,Titular
DNI 37932246,37932246,20379322469,CHEJOLAN,NAHUEL IVAN,,,,,,,,OBRA SOCIAL DE LOS LEGISLADORES DE LA REPUBLICA ARGENTINA,Titular
DNI 24021695,24021695,27240216952,GARCIA,RAQUEL CECILIA,TAPI,260,,,JOSE C. PAZ,BUENOS AIRES,1665,O. S. DE LA UNION OBRERA METALURGICA DE LA REPUBLICA ARGENTINA,Titular
DNI 22430300,22430300,27224303004,LEON,MARIANA,,,,,,,,OBRA SOCIAL DE COMISARIOS NAVALES,Titular
DNI 23519968,23519968,20235199689,PIÑERO,GABRIEL EDUARDO,,,,,,,,OBRA SOCIAL DEL PERSONAL DE LA INDUSTRIA DEL PLASTICO,Titular
DNI 33117663,33117663,20331176630,CARREÑO,RUBEN GONZALO,,,,,,,,O.S. DEL PERS. DE SOCIEDADES DE AUTORES Y AFINES,Titular
DNI 25114352,25114352,27251143523,PERALTA HERRERA,PATRICIA ELIZABETH,,,,,,,,OBRA SOCIAL ACCION SOCIAL DE EMPRESARIOS,Titular
DNI 14249609,14249609,20142496098,KROH,CARLOS O,,,,,,,,OBRA SOCIAL DEL SINDICATO DE MECANICOS Y AFINES DEL TRANSPORTE AUTOMOTOR,Titular
DNI 34430113,34430113,20344301132,DELGADO,FERNANDO EMMANUEL,,,,,,,,O.S. ELECTRICISTAS NAVALES,Titular
DNI 32422761,32422761,20324227610,IBARRA,NESTOR FABIAN,CARLOS CASERES,05335,,,LAFERRERE,BUENOS AIRES,1757,NINGUNA,Titular
DNI 16671183,16671183,20166711836,IBARRA,FABIAN EDUARDO,,,,,,,,OBRA SOCIAL ACCION SOCIAL DE EMPRESARIOS,Titular
DNI 30017894,30017894,20300178945,FERREIRA,ERNESTO GABRIEL,,,,,,,,"OBRA SOCIAL DEL PERSONAL DEL TURISMO, HOTELERO Y GASTRONOMICO DE LA UNION DE TRABAJADORES DEL TURISMO HOTELEROS Y GASTRONOMICOS DE LA REPUBLICA ARGENTINA",Titular
DNI 33698444,33698444,20336984441,VALDEZ,LUCAS DAMIAN,PEATONAL 1 CASA 50,00000,,,VILLA BALLESTER,BUENOS AIRES,1653,O.S. DE MANDOS MEDIOS DE TELECOMUNICACIONES EN LA REPUBLICA ARGENTINA Y MERCOSUR (OSMMEDT),Titular
DNIE92749926,92749926,27927499261,VENEGAS,"BERTHA LUISA        ",ENSENADA,00202,,,AVELLANEDA,BUENOS AIRES,1870,O.S. DE VIAJANTES VENDEDORES DE LA REPUBLICA ARGENTINA,Titular
DNI 33860460,33860460,27338604608,MARTINO,LAURA CECILIA,,,,,,,,OBRA SOCIAL DEL PERSONAL DEL AUTOMOVIL CLUB ARGENTINO,Titular
DNI 22610180,22610180,20226101803,HOLLMAN,JOSE LUIS,CALLE 184,00496,,,LISANDRO OLMOS,BUENOS AIRES,1901,O.S. DEL PERSONAL DE LA INDUSTRIA TEXTIL,Titular
DNI 11433284,11433284,23114332844,VAZQUEZ NESTIERO,VIVIANA GRACIELA,,,,,,,,O.S. DE LOS EMPLEADOS DE COMERCIO Y ACT.ES CIVILES,Titular
DNI 35994852,35994852,20359948523,MESITI,NICOLAS MATIAS,,,,,,,,OBRA SOCIAL DEL PERSONAL SHELL-CAPSA,Titular
DNI 24978272,24978272,27249782721,FARIA,STELLA MARIS,,,,,,,,OBRA SOCIAL DE LOS EMPLEADOS DE COMERCIO Y ACTIVIDADES CIVILES,Titular
DNIE92846126,92846126,27928461268,AGUIRRE,"MIRTHA ISABEL        ",,,,,,,,OBRA SOCIAL DEL PERSONAL DE LA INDUSTRIA MOLINERA,Titular
DNI 34868063,34868063,20348680634,SRDOS,MIGUEL ANGEL,1 ENTRE 2 Y 4,,,,PRESIDENCIA ROQUE SAENZ P,CHACO,3700,"O.S. DE TRABAJADORES SOCIOS DE LA ASOCIACION MUTUAL DEL PERSONAL JERARQUICO DE BANCOS OFICIALES NAC IONALES - JERARQUICOS SALUD ",Titular
DNI 28820593,28820593,20288205931,ROLDAN,PABLO DIEGO,ALZAGA MARTIN DE,03448,,,CASEROS,BUENOS AIRES,1678,O.S. DEL PERSONAL DE LA CONSTRUCCION,Titular
DNI 35055398,35055398,20350553984,MARTINEZ,ADRIAN DAVID,,,,,,,,O.S. ACCION SOCIAL DE EMPRESARIOS,Beneficiario
DNI 18782893,18782893,20187828938,MARTINEZ ARANDA,JORGE RAMON,,,,,,,,OBRA SOCIAL DE CHOFERES DE CAMIONES,Titular
DNI 20420047,20420047,27204200470,AMITRANO,CLAUDIA NADINA,,,,,,,,O.S.  DE DIRECTIVOS DE EMPRESARIOS PEQUE¥OS Y MEDIANOS,Titular
DNI 10145010,10145010,20101450105,INSAURRALDE,AGUSTIN TEOFILO,LUIS VERNET,00666,,,GRAND BOURG,BUENOS AIRES,1615,"O.S. DE LA UNION DE TRABAJADORES DEL TURISMO, HOTELEROS Y GASTRONOMICOS DE LA REPUBLICA ARGENTINA ",Titular
DNI 39239572,39239572,20392395726,GONZALEZ VAZQUEZ,MAURO FEDERICO,,,,,,,,O.S. DE LA CONFEDERACION DE OBREROS Y EMPLEADOS MUNICIPALES ARGENTINA ( O.S.C.O.E.M.A),Beneficiario
DNI 18300474,18300474,20183004744,PONCE,ANDRES RAUL,,,,,,,,OBRA SOCIAL DE PETROLEROS,Titular
RMS376407144261008,29328310,23293283109,PALOSZ,MARCELO ALEJANDRO,,,,,,,,OBRA SOCIAL DE PETROLEROS,Titular
RMS379975100141007,4875095,27048750953,OLMOS,OLGA NOEMI,,,,,,,,O.S.P. BUENOS AIRES (IOMA),Titular
DNI 29009086,29009086,20290090866,BLANCO,CARLOS ESTEBAN,,,,,,,,OBRA SOCIAL DE EJECUTIVOS Y DEL PERSONAL DE DIRECCION DE EMPRESAS,Titular
RMS376413111921004,11625677,27116256776,BERTUCCI,PATRICIA I,,,,,,,,O.S.P. BUENOS AIRES (IOMA),Titular
RMS376418380542001,26130166,20261301661,SZAJNOWICZ,PATRICIO,LAVALLE,01588,06,D,CIUDAD AUTONOMA DE BS.AS.,CAP. FEDERAL,1048,NINGUNA,Titular
RMS376412219232009,22548725,20225487252,SORIANO,LEONARDO RODRIGO,,,,,,,,OBRA SOCIAL UNION PERSONAL DE LA UNION DEL PERSONAL CIVIL DE LA NACION,Titular
RMS379975250543002,26847550,27268475503,MACIEL SILVIA MERCEDES,SILVIA MERCEDES,,,,,,,,O.S.P. CORRIENTES (IOSCOR),Titular
RMS376687653571000,26402466,20264024669,POLTAVCOV,JORGE NORBERTO,C VIGIL,02021,,,SAN MIGUEL,BUENOS AIRES,1663,NINGUNA,Titular
RMS376414951951002,25800380,20258003803,UBALDI,ROBERTO MARTIN,,,,,,,,OBRA SOCIAL ACCION SOCIAL DE EMPRESARIOS,Titular
RMS376418369503008,8354173,20083541734,SILVA,JUAN M,,,,,,,,O.S.P. BUENOS AIRES (IOMA),Titular
RMS376411121821008,23573209,20235732093,MALDONADO,GERMAN ALBERTO,,,,,,,,OBRA SOCIAL DE VIAJANTES VENDEDORES DE LA REPUBLICA ARGENTINA. (ANDAR),Titular
RMS376635279881006,8269508,20082695088,VEGA,IGNAIO,,,,,,,,O.S.P. BUENOS AIRES (IOMA),Titular
DNI 30406224,30406224,27304062245,FRESCHI GERARDO ALFREDO,GERARDO ALFREDO,,,,,,,,OBRA SOCIAL DEL PERSONAL ASOCIADO A ASOCIACION MUTUAL SANCOR,Titular
RMS379975539171005,12923984,27129239846,ACUÑA,SUSANA MABEL,,,,,,,,O.S.P. BUENOS AIRES (IOMA),Titular
RMS379975021461005,20636958,20206369583,BORDA,PATRICIO MARTIN,,,,,,,,O.S. DEL PERS. DE LA CONSTRUCCION,Titular
DNI 33389966,33389966,27333899669,PEDROSA,MARIA TERESA,,,,,,,,OBRA SOCIAL DEL PERSONAL ASOCIADO A ASOCIACION MUTUAL SANCOR,Titular
DNIE92944228,92944228,20929442289,QUISBERT,"VILLACORTA ALFREDO         ",MOZART,02073,,,CIUDAD AUTONOMA DE BS.AS.,CAP. FEDERAL,1407,O.S. DEL PERSONAL DE LA INDUSTRIA DEL VESTIDO Y AFINES,Titular
DNI 36072646,36072646,20360726461,MARIÑO SERRATORE,JUAN CARLOS,,,,,,,,OBRA SOCIAL DEL PERSONAL DE LA CONSTRUCCION,Titular
DNI 34132887,34132887,20341328870,PLANO MAURICIO DANIEL,MAURICIO DANIEL,,,,,,,,O.S. DE LA FED. ARGENTINA DEL TRABAJADOR DE LAS UNIVERSIDADES NACIONALES,Titular
DNI 38570201,38570201,23385702019,DUPORTAL,LUIS MANUEL,CALDERON CASIANO,01988,,,PARANA,ENTRE RIOS,3100,O.S. DEL PERSONAL DE ENTIDADES DEPORTIVAS Y CIVILES,Titular
DNI 43113800,43113800,20431138000,VELAZQUEZ,BRUNO LUCAS MAXIMILIANO,,,,,,,,O.S. DEL PERSONAL DE ENTIDADES DEPORTIVAS Y CIVILES,Beneficiario
DNI 28520550,28520550,27285205501,DANELON,MARIA ROMINA,,,,,,,,O.S.P. SANTA FE (IAPOS),Titular
DNI 23463885,23463885,20234638859,RAINIERI,GUSTAVO ADRIAN,,,,,,,,OBRA SOCIAL DE LOS EMPLEADOS DE COMERCIO Y ACTIVIDADES CIVILES,Titular
DNI 16843868,16843868,27168438686,MEZZATESTA,NORMA BEATRIZ,,,,,,,,OBRA SOCIAL DEL PERSONAL DE LA INDUSTRIA DE LA ALIMENTACION,Titular
DNI 26689515,26689515,27266895157,DEMITRIO VALERIA MONICA,VALERIA MONICA,,,,,,,,O.S. UNION PERS. DE LA UNION DEL  PERS. CIVIL DE LA NACION,Titular
DNI 31876752,31876752,20318767522,VALDEZ JUAN RAMON,JUAN RAMON,,,,,,,,OBRA SOCIAL DEL PERSONAL RURAL Y ESTIBADORES DE LA REPUBLICA ARGENTINA,Titular
DNI 27742630,27742630,20277426308,ROMERO,SERGIO ANDRES,SEGURA,00853,00,0000,SAN NICOLAS,BUENOS AIRES,2900,OBRA SOCIAL DE PATRONES DE CABOTAJE DE RIOS Y PUERTOS,Titular
DNIE95743910,95743910,20957439102,CLEMENTE VILLEGAS ANGEL JESUS,CLEMENTE VILLEGAS ANGEL JESUS,,,,,,,,OBRA SOCIAL DE MANDOS MEDIOS DE TELECOMUNICACIONES EN LA REPUBLICA ARGENTINA Y MERCOSUR,Titular
DNI 28027263,28027263,23280272639,PUCHETA ERMIDIO FEDERICO,ERMIDIO FEDERICO,,,,,,,,OBRA SOCIAL DEL PERSONAL DE LA INDUSTRIA MADERERA,Titular
DNI 33193135,33193135,20331931358,FRIGEIRO,ROBERTO FEDERICO,,,,,,,,OBRA SOCIAL DEL PERSONAL ASOCIADO A ASOCIACION MUTUAL SANCOR,Titular
DNI 36368528,36368528,27363685280,VELOZO,PAOLA NOELI,,,,,,,,OBRA SOCIAL DEL PERSONAL DEL ORGANISMO DE CONTROL EXTERNO,Titular
DNI 23968329,23968329,20239683291,SELLES,FERNANDO DIEGO,,,,,,,,OBRA SOCIAL DE EJECUTIVOS Y DEL PERSONAL DE DIRECCION DE EMPRESAS,Titular
DNI 21734820,21734820,27217348205,ESQUIVEL,MARIA ITATI,,,,,,,,O.S.UNION PERSONAL DE LA UNION DE TRABAJADORES CIVIL DE LA NACION,Beneficiario
DNI 13548615,13548615,23135486159,BATTAGLINI,ALFREDO JULIO,,,,,,,,OBRA SOCIAL DE LOS EMPLEADOS DE COMERCIO Y ACTIVIDADES CIVILES,Titular
DNI 29286627,29286627,27292866270,BORRACCINI,AGUSTINA,,,,,,,,O.S. ACCION SOCIAL DE EMPRESARIOS,Titular
DNI 95820388,95820388,20958203889,LOBO ARDILA HUMBERTO ELIAS,LOBO ARDILA HUMBERTO ELIAS,,,,,,,,OBRA SOCIAL DEL PERSONAL SHELL-CAPSA,Titular
DNI 27200738,27200738,20272007382,FAVA,GUSTAVO JULIAN,,,,,,,,OBRA SOCIAL DE LOS EMPLEADOS DE COMERCIO Y ACTIVIDADES CIVILES,Titular
DNI 32378251,32378251,27323782518,MENDOZA,PATRICIA GISELE,BANCARIOS,00023,,,VILLA REGINA,RIO NEGRO,8336,O. S. DE LOS EMPLEADOS DE COMERCIO Y ACTIVIDADES CIVILES,Titular
DNI 33563677,33563677,27335636770,MARINO,MARIA BELEN,,,,,,,,O.S.P. BUENOS AIRES (IOMA),Titular
DNI 24575118,24575118,23245751184,VALLES,FLAVIA ANDREA,,,,,,,,"OBRA SOCIAL DE EMPRESARIOS, PROFESIONALES Y MONOTRIBUTISTAS",Titular
DNI 35598505,35598505,23355985059,DAVIES,REINALDO DANIEL,ZONA RURAL,S/N,,,BAHIA SAN BLAS,BUENOS AIRES,8506,O. S. DEL PERSONAL RURAL Y ESTIBADORES DE LA REPUBLICA ARGENTINA.,Titular
DNI 26674230,26674230,20266742305,ZUBARAN,GUILLERMO SEBASTIAN,,,,,,,,"OBRA SOCIAL DEL PERSONAL DEL TURISMO, HOTELERO Y GASTRONOMICO DE LA UNION DE TRABAJADORES DEL TURISMO HOTELEROS Y GASTRONOMICOS DE LA REPUBLICA ARGENTINA",Titular
DNI 26039445,26039445,20260394453,TORRES,LUIS ALBERTO,,,,,,,,O.S. DEL PERS. DE LA CONSTRUCCION,Titular
DNI 11458706,11458706,20114587061,ARCAJO,JUAN C,SAN VICENTE,01356,,,CA#UELAS,BUENOS AIRES,1814,O.S. DE LOS TRABAJADORES DE LA CARNE Y AFINES DE LA REPUBLICA ARGENTINA (OSCARA),Titular
DNI 16580664,16580664,20165806647,SCHMUKLER,EDUARDO ALBERTO,,,,,,,,O.S. DE PETROLEROS,Titular
DNI 20428213,20428213,27204282132,MOSSOTTO,MARIEL,,,,,,,,O.S.P. BUENOS AIRES (IOMA),Titular
DNI 39941647,39941647,27399416472,GARCIA JORGELINA CARLA,JORGELINA CARLA,,,,,,,,O.S. DE CONDUCTORES CAMIONEROS Y PERSONAL DEL TRANSPORTE AUTOMOTOR DE CARGAS,Beneficiario
DNI 37297638,37297638,27372976387,VEDIA,ROMINA FABIANA,,,,,,,,OBRA SOCIAL PARA EL PERSONAL DE DIRECCION DE LA INDUSTRIA VITIVINICOLA Y AFINES,Titular
DNI 16169401,16169401,27161694016,ORTEGA,CARMEN BEATRIZ,,,,,,,,OBRA SOCIAL DE LOS MEDICOS DE LA CIUDAD DE BUENOS AIRES,Titular
DNI 21351005,21351005,27213510059,PEREZ,DELIA AVELINA,,,,,,,,"O.S. DEL PERSONAL DE SEGURIDAD COMERCIAL, INDUSTRIAL E INVESTIGACIONES PRIVADAS",Beneficiario
DNI 28064823,28064823,27280648235,RODRIGUEZ,MARIA SOLEDAD,,,,,,,,OBRA SOCIAL DE EJECUTIVOS Y DEL PERSONAL DE DIRECCION DE EMPRESAS,Titular
DNI 42517521,42517521,20425175212,RIVAS,BRUNO SANTIAGO,,,,,,,,OBRA SOCIAL DEL PERSONAL DE LA ACTIVIDAD DEL TURF,Titular
DNI 93046417,93046417,20930464172,MAÃ‘AO,"LEPIO JORGE ALEJANDRO      ",,,,,,,,OBRA SOCIAL DE PETROLEROS,Titular
DNI 34861198,34861198,23348611984,OJEDA,JESICA DAIANA,,,,,,,,O.S. DEL PERS. DE BARRACAS DE LANAS,Titular
DNI 21764914,21764914,20217649146,ONTIVERO,WALTER RODOLFO,,,,,,,,OBRA SOCIAL DEL PERSONAL TECNICO AERONAUTICO,Titular
DNI 25254045,25254045,24252540454,MOYANO,DANTE ALEXIS,,,,,,,,OBRA SOCIAL DE TRABAJADORES DE ESTACIONES DE SERVICIO,Titular
DNI 35601879,35601879,20356018797,MORALES,ROLANDO JAVIER,,,,,,,,OBRA SOCIAL DE PETROLEROS PRIVADOS,Titular
DNI 10067536,10067536,27100675361,PAIZ,NORA MIRTA,,,,,,,,O.S.P. SANTA FE (IAPOS),Titular
DNI 10773549,10773549,27107735491,GUTIERREZ,ADRIANA ELENA,,,,,,,,O.S.P. CORDOBA (APROSS),Titular
DNI 95550616,95550616,20955506163,FLORENCIO PALACIOS CARLOS STYVENS,FLORENCIO PALACIOS CARLOS STYVENS,CHOS MALAL,00300,0-,-,RINCON DE LOS SAUCES,NEUQUEN,0000,O. S. CONDUCTORES DE TRANSPORTE COLECTIVO DE PASAJEROS,Titular
DNI 27183616,27183616,20271836164,TRABUCO,FERNANDO MARTIN,PIEDRAS,00727,PB,0004,CIUDAD AUTONOMA DE BS.AS.,CAP. FEDERAL,1070,"O.S. DEL PERSONAL DE SEGURIDAD COMERCIAL, INDUSTRIAL E INVESTIGACIONES PRIVADAS",Titular
DNI 13335191,13335191,20133351915,VOLOSCHIN,LUIS JORGE,,,,,,,,OBRA SOCIAL DE TRABAJADORES SOCIOS DE LA ASOCIACION MUTUAL DEL PERSONAL JERARQUICO DE BANCOS OFICIALES NACIONALES-JERARQUICOS SALUD-,Titular
DNI 10477390,10477390,20104773908,GARCIA,EDGARDO CARLOS,,,,,,,,O.S.P. RIO NEGRO (IPROSS),Titular
DNI 37361271,37361271,20373612716,CALEGARI,JOSE ANTONIO,,,,,,,,O.S. DEL PERS. DE LA INDUSTRIA DEL CHACINADO Y AFINES,Titular
DNI 31718300,31718300,20317183004,LOPEZ,JUAN JOSE,,,,,,,,OBRA SOCIAL ACEROS PARANA,Titular
DNIE93049938,93049938,27930499388,Cuenca Castro Virginia,"CASTRO VIRGINIA       ",,,,,,,,OBRA SOCIAL DE LOS EMPLEADOS DE COMERCIO Y ACTIVIDADES CIVILES,Titular
DNI 18664992,18664992,20186649924,MONTERO,ADELA CRISTINA,,,,,,,,OBRA SOCIAL DE LOS EMPLEADOS DE COMERCIO Y ACTIVIDADES CIVILES,Titular
DNI 17490966,17490966,20174909661,REY,JOSE MARIO,MARTINEZ CASTRO,893,,,CIUDAD AUTONOMA DE BS.AS.,CAP. FEDERAL,1407,"O.S. PARA EL PERSONAL DE OBRAS Y SERVICIOS SANITARIOS ",Titular
DNI 38617587,38617587,24386175876,RODRIGUEZ,"RODRIGUEZ AGUSTINA ABIGAIL                                                                                                                            ",,,,,,,,O.S. DE EJECUTIVOS Y DEL PERSONAL DE DIRECCION DE EMPRESAS,Beneficiario
