﻿IdExterno,CUIL,Documento,Apellido,Nombre,CUIT,Denominacion,Tipo,Ganancias,Iva,Monotributo,IntegranteSociedad,Empleador,Codigo,Actividad,Categoria
DNI 17140041,20171400415,17140041,CANSINO,ALFREDO DANTE,20171400415,CANSINO ALFREDO DANTE,,No Inscripto,No Inscripto,D,N,No Inscripto,410011,,D
DNIE94823216,20948232163,94823216,BONILLA LOSADA CRISTIAN MAURICIO,LOSADA CRISTIAN MAUR,20948232163,BONILLA LOSADA CRISTIAN MAURIC,,No Inscripto,No Inscripto,A,N,No Inscripto,960990,,A
DNIE95961400,27959614003,95961400,RAMOS TARAZONA DARMARIS DEL JESUS,RAMOS TARAZONA DARMARIS DEL JESUS,27959614003,RAMOS TARAZONA DARMARIS DEL JE,,No Inscripto,No Inscripto,A,N,No Inscripto,530090,,A
DNI 37082420,20370824208,37082420,PEREIRA,NICOLAS FABIAN,20370824208,PEREIRA NICOLAS FABIAN,,No Inscripto,No Inscripto,A,N,No Inscripto,829900,,A
DNI 24802849,27248028497,24802849,BAUQUE,MARIA CONSTANZA,27248028497,BAUQUE MARIA CONSTANZA,,Activo,No Inscripto,A,N,No Inscripto,691001,,A
DNI 31733574,20317335742,31733574,ZORAT,ARTURO ZADQUIEL,20317335742,ZORAT ARTURO ZADQUIEL,,No Inscripto,No Inscripto,B,N,No Inscripto,749009,,B
DNIE95944575,27959445759,95944575,FUENMAYOR VILLALOBOS MAYERLING COROMOTO,FUENMAYOR VILLALOBOS MAYERLING COROMOTO,27959445759,FUENMAYOR VILLALOBOS MAYERLING,,No Inscripto,No Inscripto,C,N,No Inscripto,869090,,C
DNIE94950878,20949508782,94950878,RODRIGUEZ AMORES MIGUEL,Amores Miguel Rodriguez,20949508782,RODRIGUEZ AMORES MIGUEL,,No Inscripto,No Inscripto,A,N,No Inscripto,900030,,A
DNI 23137814,27231378141,23137814,MOREYRA,ELIZABETH NOEMI,27231378141,MOREYRA ELIZABETH NOEMI,,No Inscripto,No Inscripto,No Inscripto,N,Activo,492190,,
DNI 31383203,27313832037,31383203,MONTI,MIRIAN VANESA,27313832037,MONTI MIRIAN VANESA,,No Inscripto,No Inscripto,BL,N,No Inscripto,812090,,BL
DNI 29727337,20297273370,29727337,INSFRAN,GUSTAVO ADOLFO,20297273370,INSFRAN GUSTAVO ADOLFO,,No Inscripto,No Inscripto,A,N,No Inscripto,530090,,A
DNI 11524661,20115246616,11524661,LLOMPART,DANIEL EDGARDO,20115246616,LLOMPART DANIEL EDGARDO,,No Inscripto,No Inscripto,No Inscripto,N,Activo,561011,,
DNI 23182277,27231822777,23182277,VILLALVA,DORA ELVIRA,27231822777,VILLALVA DORA ELVIRA,,No Inscripto,No Inscripto,B,N,No Inscripto,472160,,B
DNI 35586284,23355862844,35586284,CORTEZ,CARLA BETIANA,23355862844,CORTEZ CARLA BETIANA,,Activo,Activo,No Inscripto,N,No Inscripto,461099,,
DNI 38466856,23384668569,38466856,NAVARRO LABASTIE,"NAVARRO LABASTIE FELICITAS                                                                                                                            ",23384668569,NAVARRO LABASTIE FELICITAS,,No Inscripto,No Inscripto,E,N,No Inscripto,854990,,E
DNI 34444729,27344447298,34444729,LUNA,ANABEL VERONICA,27344447298,LUNA ANABEL VERONICA,,No Inscripto,No Inscripto,A,N,No Inscripto,472160,,A
DNIE95663619,20956636192,95663619,FAJARDO RODRIGUEZ NELSON ANDRE,RODRIGUEZ NELSON AND,20956636192,FAJARDO RODRIGUEZ NELSON ANDRE,,No Inscripto,No Inscripto,A,N,No Inscripto,864000,,A
DNIE95127654,27951276540,95127654,TORRES PACUA CLAUDIA EVELINA,TORRES PACUA CLAUDIA EVELINA,27951276540,TORRES PACUA CLAUDIA EVELINA,,Activo,No Inscripto,No Inscripto,N,No Inscripto,960990,,
DNI 18907900,27189079007,18907900,LOPEZ,DAIANA ESTEFANIA,27189079007,LOPEZ DAIANA ESTEFANIA,,No Inscripto,No Inscripto,H,N,No Inscripto,477190,,H
DNI 44434618,20444346184,44434618,CARBONE,FRANCISCO GASTÓN,20444346184,CARBONE FRANCISCO GASTON,,No Inscripto,No Inscripto,A,N,No Inscripto,,,A
DNI 29655890,20296558908,29655890,CATANZANO,FACUNDO ROBERTO,20296558908,CATANZANO FACUNDO ROBERTO,,No Inscripto,No Inscripto,A,N,No Inscripto,492120,,A
DNI 29460206,20294602063,29460206,MOYANO,JAVIER MAXIMILIANO,20294602063,MOYANO JAVIER MAXIMILIANO,,Activo,Activo,No Inscripto,N,Activo,960201,,
DNI 11235494,20112354949,11235494,TURIN,ALBERTO JOSE,20112354949,TURIN ALBERTO JOSE,,Activo,Activo,No Inscripto,N,Activo,466330,,
DNI 33588847,27335888478,33588847,FERNANDEZ,MYRIAN VERONICA,27335888478,FERNANDEZ MYRIAN VERONICA,,No Inscripto,No Inscripto,F,N,No Inscripto,476130,,F
DNI 22085576,27220855762,22085576,ARANDA,PAULA ANDREA,27220855762,ARANDA PAULA ANDREA,,No Inscripto,No Inscripto,B,N,No Inscripto,477190,,B
DNI 35097472,20350974726,35097472,MARTINEZ,FELIX SAUL,20350974726,MARTINEZ FELIX SAUL,,No Inscripto,No Inscripto,B,N,No Inscripto,523090,,B
DNI 10414811,20104148116,10414811,MALDONADO,ROLANDO LEONARDO,20104148116,MALDONADO ROLANDO LEONARDO,,No Inscripto,No Inscripto,A,N,No Inscripto,410011,,A
DNI 39776753,27397767537,39776753,AGUIRRE SAUCEDO MALENA MARIANA,MALENA MARIANA,27397767537,AGUIRRE SAUCEDO MALENA MARIANA,,No Inscripto,No Inscripto,BT,N,No Inscripto,869090,,BT
DNI 41921333,20419213331,41921333,LEONARDT,AGUSTIN NICOLAS,20419213331,LEONARDT AGUSTIN NICOLAS,,No Inscripto,No Inscripto,A,N,No Inscripto,,,A
DNI 28254375,27282543759,28254375,SOTO ELISABETH SOLEDAD,ELISABETH SOLEDAD,27282543759,SOTO ELISABETH SOLEDAD,,No Inscripto,No Inscripto,C,N,No Inscripto,920001,,C
DNI 16500058,27165000582,16500058,GONZALEZ,SILVIA ADRIANA,27165000582,GONZALEZ SILVIA ADRIANA,,No Inscripto,No Inscripto,A,N,No Inscripto,960990,,A
DNI 33405916,20334059163,33405916,FERRAROTTI MATIAS LUIS,MATIAS LUIS,20334059163,FERRAROTTI MATIAS LUIS,,No Inscripto,No Inscripto,A,N,No Inscripto,620900,,A
DNI 27671793,20276717937,27671793,ABBA,LUCIANO IGNACIO,20276717937,ABBA LUCIANO IGNACIO,,No Inscripto,No Inscripto,No Inscripto,N,Activo,931020,,
DNI 29176610,27291766108,29176610,MUSTO,MARIA FERNANDA,27291766108,MUSTO MARIA FERNANDA,,No Inscripto,No Inscripto,B,N,No Inscripto,869090,,B
DNIE94573315,20945733153,94573315,POLO,"TORRES ALAN RAUL     ",20945733153,POLO TORRES ALAN RAUL,,No Inscripto,No Inscripto,A,N,No Inscripto,452600,,A
DNI 34834714,20348347145,34834714,CIPOLAT,OSVALDO LUIS,20348347145,CIPOLAT OSVALDO LUIS,,No Inscripto,No Inscripto,A,N,No Inscripto,492190,,A
DNIE95889166,27958891666,95889166,PORTELA DE PAULO JOSELAINE,PORTELA DE PAULO JOSELAINE,27958891666,PORTELA DE PAULO JOSELAINE,,No Inscripto,No Inscripto,A,N,No Inscripto,,,A
DNI 21534545,23215345459,21534545,PETRY,DIEGO ALBERTO,23215345459,PETRY DIEGO ALBERTO,,No Inscripto,No Inscripto,C,N,No Inscripto,461099,,C
DNI 28013518,20280135187,28013518,LUCENA,CRISTIAN ARIEL,20280135187,LUCENA CRISTIAN ARIEL,,No Inscripto,No Inscripto,D,N,No Inscripto,960990,,D
DNI 30443233,27304432336,30443233,CASTILLO GABRIELA ALEJANDRA,GABRIELA ALEJANDRA,27304432336,CASTILLO GABRIELA ALEJANDRA,,No Inscripto,No Inscripto,A,N,No Inscripto,960201,,A
DNIE95629748,27956297481,95629748,GARCIA CARVALLO CLAUDIA CAROLI,CARVALLO CLAUDIA CAR,27956297481,GARCIA CARVALLO CLAUDIA CAROLI,,No Inscripto,No Inscripto,B,N,No Inscripto,479101,,B
DNI 11987678,20119876789,11987678,ARPADJIAN,JORGE,20119876789,ARPADJIAN JORGE,,No Inscripto,No Inscripto,A,N,No Inscripto,960990,,A
DNI 22590848,27225908481,22590848,ANEA,MARTA,27225908481,ANEA MARTA,,Activo,Activo,No Inscripto,N,No Inscripto,869090,,
DNI 31692507,20316925074,31692507,MANCUELLO,SERGIO ARIEL,20316925074,MANCUELLO SERGIO ARIEL,,No Inscripto,No Inscripto,A,N,No Inscripto,,,A
DNI 26741791,20267417912,26741791,VARGAS,WALTER GASTÓN,20267417912,VARGAS WALTER GASTON,,Activo,Activo,No Inscripto,N,No Inscripto,410021,,
DNI 31982189,23319821899,31982189,CERVIÑO,LUCAS ALBERTO,23319821899,CERVIÑO LUCAS ALBERTO,,Activo,No Inscripto,No Inscripto,N,No Inscripto,702092,,
DNIE95661645,27956616455,95661645,VILORIA VANESSA LIZETH,VANESSA LIZETH,27956616455,VILORIA VANESSA LIZETH,,No Inscripto,No Inscripto,B,N,No Inscripto,960990,,B
DNI 29285022,20292850221,29285022,ORTIZ,JULIO DANIEL,20292850221,ORTIZ JULIO DANIEL,,No Inscripto,No Inscripto,BL,N,No Inscripto,14610,,BL
DNI 27437993,20274379937,27437993,CORREA,DIEGO MARTIN,20274379937,CORREA DIEGO MARTIN,,No Inscripto,No Inscripto,A,N,No Inscripto,492120,,A
DNI 29173700,20291737006,29173700,CASTRO,SILVIO ALAN,20291737006,CASTRO SILVIO ALAN,,Activo,Activo,No Inscripto,N,Activo,524120,,
DNI 33119585,27331195850,33119585,ROMERO,DANIELA VALERIA,27331195850,ROMERO DANIELA VALERIA,,Activo,Activo,No Inscripto,N,No Inscripto,472120,,
DNI 32425042,27324250420,32425042,SILVERATI DI PRINZIO,MARIA SOL GRACIELA,27324250420,SILVERATI DI PRINZIO MARIA SOL,,No Inscripto,No Inscripto,B,N,No Inscripto,691001,,B
DNI 33922581,27339225813,33922581,OLARAN,MARIANA,27339225813,OLARAN MARIANA,,No Inscripto,No Inscripto,D,N,No Inscripto,711009,,D
DNI 33208565,20332085655,33208565,JUAREZ,JOSE LUIS,20332085655,JUAREZ JOSE LUIS,,No Inscripto,No Inscripto,A,N,No Inscripto,869090,,A
DNI 32528847,27325288472,32528847,LOPEZ,NATALIA ELIZABETH,27325288472,LOPEZ NATALIA ELIZABETH,,No Inscripto,No Inscripto,BC,N,No Inscripto,949930,,BC
DNI 29312532,20293125326,29312532,ONTIVERO,JUAN FABIAN,20293125326,ONTIVERO JUAN FABIAN,,No Inscripto,No Inscripto,D,N,No Inscripto,823000,,D
DNI 41489589,27414895897,41489589,TURBALO,LUCIA DELFINA,27414895897,TURBALO LUCIA DELFINA,,No Inscripto,No Inscripto,B,N,No Inscripto,476400,,B
DNI 35942629,27359426297,35942629,POLIZZI,MANUELA JULIANA,27359426297,POLIZZI MANUELA JULIANA,,Activo,Activo,No Inscripto,N,No Inscripto,562010,,
DNI 36143162,20361431627,36143162,VILLARREAL,DANIEL AGUSTIN,20361431627,VILLARREAL DANIEL AGUSTIN,,No Inscripto,No Inscripto,No Inscripto,N,Activo,492120,,
DNI 18555238,27185552387,18555238,GOÑI,MARTA BEATRIZ,27185552387,GOÑI MARTA BEATRIZ,,No Inscripto,No Inscripto,E,N,No Inscripto,869090,,E
DNI 28044819,20280448193,28044819,SODERO INAUDI,JOSE AGUSTIN,20280448193,SODERO INAUDI JOSE AGUSTIN,,No Inscripto,No Inscripto,A,N,No Inscripto,749003,,A
DNIE95963394,20959633941,95963394,GONZALEZ SALAZAR ABRAHAM DAVID,GONZALEZ SALAZAR ABRAHAM DAVID,20959633941,GONZALEZ SALAZAR ABRAHAM DAVID,,No Inscripto,No Inscripto,A,N,No Inscripto,960990,,A
DNI 21650133,20216501331,21650133,ESCOBAR,OSMAR DARIO,20216501331,ESCOBAR OSMAR DARIO,,Activo,Activo,No Inscripto,N,Activo,107129,,
DNI 34251341,27342513412,34251341,DAVID,MARIELA PAULA,27342513412,DAVID MARIELA PAULA,,No Inscripto,No Inscripto,F,N,No Inscripto,477470,,F
DNI 18019587,20180195875,18019587,FARFAN,NESTOR AGUSTIN,20180195875,FARFAN NESTOR AGUSTIN,,No Inscripto,No Inscripto,G,N,No Inscripto,829900,,G
DNI 41612405,20416124052,41612405,BARAKAT,ALEXANDER MOHAMED,20416124052,BARAKAT ALEXANDER MOHAMED,,Activo,No Inscripto,No Inscripto,N,No Inscripto,702092,,
DNIE95384820,20953848202,95384820,Garcia Nogueira,Harry Daniel,20953848202,GARCIA NOGUEIRA HARRY DANIEL,,No Inscripto,No Inscripto,B,N,No Inscripto,643009,,B
DNI 27208799,27272087992,27208799,DE ALMEIDA MARIA DEL PILAR,MARIA DEL PILAR,27272087992,DE ALMEIDA MARIA DEL PILAR,,No Inscripto,No Inscripto,A,N,No Inscripto,472190,,A
DNI 27135403,27271354032,27135403,GONZALEZ,GRACIELA NOEMI,27271354032,GONZALEZ GRACIELA NOEMI,,No Inscripto,No Inscripto,BL,N,No Inscripto,960201,,BL
DNI 38424473,23384244734,38424473,PICCHI,ARACELI JORGELINA,23384244734,PICCHI ARACELI JORGELINA,,No Inscripto,No Inscripto,A,N,No Inscripto,960990,,A
DNI 7839363,20078393638,7839363,ALVARENGA,JORGE RAMON,20078393638,ALVARENGA JORGE RAMON,,Activo,No Inscripto,No Inscripto,N,No Inscripto,960990,,
DNI 27121103,20271211032,27121103,WILLAMS,ADOLFO EZEQUIEL,20271211032,WILLAMS ADOLFO EZEQUIEL,,Activo,Activo,No Inscripto,N,No Inscripto,492229,,
DNI 24093078,20240930782,24093078,RAMPAZO,BENITO,20240930782,RAMPAZO BENITO,,Activo,Activo,No Inscripto,N,No Inscripto,11119,,
DNI 32832372,23328323729,32832372,GALLO,GONZALO,23328323729,GALLO GONZALO,,No Inscripto,No Inscripto,B,N,No Inscripto,530090,,B
DNI 27822882,20278228828,27822882,LODOLI,SEBASTIAN RUBEN,20278228828,LODOLI SEBASTIAN RUBEN,,No Inscripto,No Inscripto,A,N,No Inscripto,479900,,A
DNI 40634693,20406346936,40634693,VARGAS,JUAN ISRAEL,20406346936,VARGAS JUAN ISRAEL,,No Inscripto,No Inscripto,A,N,No Inscripto,492190,,A
DNI 38319497,20383194971,38319497,PANTANO,LUCIANO NICOLAS,20383194971,PANTANO LUCIANO NICOLAS,,Activo,No Inscripto,B,N,No Inscripto,562099,,B
DNI 37932246,20379322469,37932246,CHEJOLAN,NAHUEL IVAN,20379322469,CHEJOLAN NAHUEL IVAN,,No Inscripto,No Inscripto,B,N,No Inscripto,801090,,B
DNI 33117663,20331176630,33117663,CARREÑO,RUBEN GONZALO,20331176630,CARREÑO RUBEN GONZALO,,Activo,Activo,No Inscripto,N,No Inscripto,472130,,
DNI 34430113,20344301132,34430113,DELGADO,FERNANDO EMMANUEL,20344301132,DELGADO FERNANDO EMMANUEL,,No Inscripto,No Inscripto,D,N,No Inscripto,731009,,D
DNI 33860460,27338604608,33860460,MARTINO,LAURA CECILIA,27338604608,MARTINO LAURA CECILIA,,Activo,Activo,No Inscripto,N,No Inscripto,749009,,
DNI 11433284,23114332844,11433284,VAZQUEZ NESTIERO,VIVIANA GRACIELA,23114332844,VAZQUEZ NESTIERO VIVIANA GRACI,,No Inscripto,No Inscripto,BL,N,No Inscripto,960990,,BL
DNI 28376215,20283762158,28376215,SEJAS,RUBEN ALFREDO,20283762158,SEJAS RUBEN ALFREDO,,No Inscripto,No Inscripto,A,N,No Inscripto,821100,,A
DNI 20420047,27204200470,20420047,AMITRANO,CLAUDIA NADINA,27204200470,AMITRANO CLAUDIA NADINA,,Activo,Activo,No Inscripto,N,Activo,472190,,
DNI 18300474,20183004744,18300474,PONCE,ANDRES RAUL,20183004744,PONCE ANDRES RAUL,,No Inscripto,No Inscripto,F,N,No Inscripto,863300,,F
RMS376407144261008,23293283109,29328310,PALOSZ,MARCELO ALEJANDRO,23293283109,PALOSZ MARCELO ALEJANDRO,,No Inscripto,No Inscripto,F,N,No Inscripto,452220,,F
RMS376418380542001,20261301661,26130166,SZAJNOWICZ,PATRICIO,20261301661,SZAJNOWICZ PATRICIO,,Activo,Activo,No Inscripto,N,No Inscripto,869090,,
RMS379975250543002,27268475503,26847550,MACIEL SILVIA MERCEDES,SILVIA MERCEDES,27268475503,MACIEL SILVIA MERCEDES,,No Inscripto,No Inscripto,D,N,No Inscripto,452990,,D
RMS376410520839009,20106492345,10649234,MOCORREA,FEDERICO ALBERTO,20106492345,MOCORREA FEDERICO ALBERTO,,Activo,No Inscripto,No Inscripto,N,No Inscripto,702091,,
RMS376418369503008,20083541734,8354173,SILVA,JUAN M,20083541734,SILVA JUAN MANUEL,,No Inscripto,No Inscripto,D,N,No Inscripto,681098,,D
RMS376685858592003,23294986774,29498677,SERENA,CAROLINA,23294986774,SERENA CAROLINA,,Activo,Activo,No Inscripto,N,Activo,477130,,
RMS376411121821008,20235732093,23573209,MALDONADO,GERMAN ALBERTO,20235732093,MALDONADO GERMAN ALBERTO,,Activo,Activo,No Inscripto,N,No Inscripto,561030,,
RMS376635279881006,20082695088,8269508,VEGA,IGNAIO,20082695088,VEGA IGNACIO,,No Inscripto,No Inscripto,E,N,No Inscripto,692000,,E
RMS376415135122006,23045923509,4592350,NAUMOW,ROBERTO JORGE,23045923509,NAUMOW ROBERTO JOR,,Activo,Exento,No Inscripto,N,No Inscripto,702091,,
DNI 30406224,27304062245,30406224,FRESCHI GERARDO ALFREDO,GERARDO ALFREDO,27304062245,FRESCHI GERARDO ALFREDO,,No Inscripto,No Inscripto,B,N,No Inscripto,492280,,B
RMS379975021461005,20206369583,20636958,BORDA,PATRICIO MARTIN,20206369583,BORDA PATRICIO MARTIN,,Activo,No Inscripto,No Inscripto,N,No Inscripto,702091,,
RMS376686447844004,20169516384,16951638,TENENBAUM,LEON,20169516384,TENENBAUM LEON,,Activo,Activo,No Inscripto,N,No Inscripto,691001,,
DNI 36072646,20360726461,36072646,MARIÑO SERRATORE,JUAN CARLOS,20360726461,MARIÑO SERRATORE JUAN CARLOS,,No Inscripto,No Inscripto,B,N,No Inscripto,475110,,B
DNI 34132887,20341328870,34132887,PLANO MAURICIO DANIEL,MAURICIO DANIEL,20341328870,PLANO MAURICIO DANIEL,,Activo,Activo,No Inscripto,N,No Inscripto,711009,,
DNI 16843868,27168438686,16843868,MEZZATESTA,NORMA BEATRIZ,27168438686,MEZZATESTA NORMA B,,No Inscripto,No Inscripto,A,N,No Inscripto,107121,,A
DNI 26689515,27266895157,26689515,DEMITRIO VALERIA MONICA,VALERIA MONICA,27266895157,DEMITRIO VALERIA MONICA,,Activo,Activo,No Inscripto,N,No Inscripto,960990,,
DNI 31876752,20318767522,31876752,VALDEZ JUAN RAMON,JUAN RAMON,20318767522,VALDEZ JUAN RAMON,,No Inscripto,No Inscripto,B,N,No Inscripto,492190,,B
DNI 27742630,20277426308,27742630,ROMERO,SERGIO ANDRES,20277426308,ROMERO SERGIO ANDRES,,No Inscripto,No Inscripto,D,N,No Inscripto,960990,,D
DNI 10047069,20100470692,10047069,DE CASTRO,DAVID ALBERTO,20100470692,DE CASTRO DAVID ALBERTO,,No Inscripto,No Inscripto,A,N,No Inscripto,492120,,A
DNIE95743910,20957439102,95743910,CLEMENTE VILLEGAS ANGEL JESUS,CLEMENTE VILLEGAS ANGEL JESUS,20957439102,CLEMENTE VILLEGAS ANGEL JESUS,,No Inscripto,No Inscripto,A,N,No Inscripto,530090,,A
DNI 26115666,27261156666,26115666,PEREZ VANESA LAURA,VANESA LAURA,27261156666,PEREZ VANESA LAURA,,No Inscripto,No Inscripto,E,N,No Inscripto,869090,,E
DNI 31916091,20319160915,31916091,MARTIN RAMAUGE,EZEQUIEL,20319160915,MARTIN RAMAUGE EZEQUIEL,,Activo,Activo,No Inscripto,N,No Inscripto,931042,,
DNI 23968329,20239683291,23968329,SELLES,FERNANDO DIEGO,20239683291,SELLES FERNANDO DIEGO,,No Inscripto,No Inscripto,B,N,No Inscripto,900021,,B
DNI 13548615,23135486159,13548615,BATTAGLINI,ALFREDO JULIO,23135486159,BATTAGLINI ALFREDO JULIO,,No Inscripto,No Inscripto,D,N,No Inscripto,477490,,D
DNI 28485267,20284852673,28485267,CELAVE,LUCAS EUGENIO,20284852673,CELAVE LUCAS EUGENIO,,No Inscripto,No Inscripto,F,N,No Inscripto,691002,,F
DNI 29286627,27292866270,29286627,BORRACCINI,AGUSTINA,27292866270,BORRACCINI AGUSTINA,,Activo,Activo,No Inscripto,N,No Inscripto,773030,,
DNIE94958416,27949584165,94958416,CENZANO PARODI CRISTINA JIMENA,PARODI CRISTINA JIME,27949584165,CENZANO PARODI CRISTINA JIMENA,,Activo,Activo,No Inscripto,N,No Inscripto,433010,,
DNI 28884407,20288844071,28884407,JAITT,SERGIO DANIEL,20288844071,JAITT SERGIO DANIEL,,Activo,Activo,No Inscripto,N,No Inscripto,475300,,
DNI 13741070,20137410703,13741070,MAZZITELLI,CLAUDIO MARIO,20137410703,MAZZITELLI CLAUDIO MARIO,,Activo,No Inscripto,A,N,No Inscripto,492190,,A
DNI 22551006,20225510068,22551006,ABEDAT,PABLO JOSE FERNANDO,20225510068,ABEDAT PABLO JOSE FERNANDO,,Activo,Activo,No Inscripto,N,No Inscripto,14113,,
DNI 27200738,20272007382,27200738,FAVA,GUSTAVO JULIAN,20272007382,FAVA GUSTAVO JULIAN,,No Inscripto,No Inscripto,B,N,No Inscripto,475300,,B
DNI 32378251,27323782518,32378251,MENDOZA,PATRICIA GISELE,27323782518,MENDOZA PATRICIA GISELE,,No Inscripto,No Inscripto,A,N,No Inscripto,474020,,A
DNI 18095185,20180951858,18095185,OROZ,DANIEL EDGAR,20180951858,OROZ DANIEL EDGAR,,Activo,No Inscripto,E,N,No Inscripto,702092,,E
DNI 24575118,23245751184,24575118,VALLES,FLAVIA ANDREA,23245751184,VALLES FLAVIA ANDREA,,No Inscripto,No Inscripto,A,N,No Inscripto,749009,,A
DNI 26674230,20266742305,26674230,ZUBARAN,GUILLERMO SEBASTIAN,20266742305,ZUBARAN GUILLERMO SEBASTIAN,,No Inscripto,No Inscripto,A,N,No Inscripto,432190,,A
DNI 16580664,20165806647,16580664,SCHMUKLER,EDUARDO ALBERTO,20165806647,SCHMUKLER EDUARDO,,No Inscripto,No Inscripto,D,N,No Inscripto,682010,,D
DNI 32001049,20320010498,32001049,PAREDES,JUAN PABLO,20320010498,PAREDES JUAN PABLO,,No Inscripto,No Inscripto,H,N,No Inscripto,749009,,H
DNI 37297638,27372976387,37297638,VEDIA,ROMINA FABIANA,27372976387,VEDIA ROMINA FABIANA,,No Inscripto,No Inscripto,B,N,No Inscripto,960990,,B
DNI 28064823,27280648235,28064823,RODRIGUEZ,MARIA SOLEDAD,27280648235,RODRIGUEZ MARIA SOLEDAD,,No Inscripto,No Inscripto,A,N,No Inscripto,476130,,A
DNI 34861198,23348611984,34861198,OJEDA,JESICA DAIANA,23348611984,OJEDA JESSICA DAIANA,,No Inscripto,No Inscripto,F,N,No Inscripto,960990,,F
DNI 7075008,20070750083,7075008,SANGENIS,PEDRO JOSE,20070750083,SANGENIS PEDRO JOS,,No Inscripto,No Inscripto,H,N,No Inscripto,862110,,H
DNI 21764914,20217649146,21764914,ONTIVERO,WALTER RODOLFO,20217649146,ONTIVERO WALTER RODOLFO,,No Inscripto,No Inscripto,A,N,No Inscripto,472190,,A
DNI 34485069,27344850696,34485069,TORRES,CARINA SOLEDAD,27344850696,TORRES CARINA SOLEDAD,,No Inscripto,No Inscripto,H,N,No Inscripto,662020,,H
DNI 40739747,23407397479,40739747,DIAZ,LEONARDO GABRIEL,23407397479,DIAZ LEONARDO GABRIEL,,Activo,Activo,No Inscripto,N,No Inscripto,471190,,
DNI 16162711,23161627119,16162711,FALCONE,NESTOR ANTONIO,23161627119,FALCONE NESTOR ANTONIO,,Activo,Activo,No Inscripto,N,No Inscripto,452600,,
DNI 13335191,20133351915,13335191,VOLOSCHIN,LUIS JORGE,20133351915,VOLOSCHIN LUIS JORGE,,Activo,Activo,No Inscripto,N,No Inscripto,201180,,
DNI 37361271,20373612716,37361271,CALEGARI,JOSE ANTONIO,20373612716,CALEGARI JOSE ANTONIO,,No Inscripto,No Inscripto,A,N,No Inscripto,691001,,A
DNIE93936946,20939369466,93936946,WU,"LIUJIAN   ",20939369466,WU LIUJIAN,,Activo,Activo,No Inscripto,N,Activo,471130,,
DNIE93049938,27930499388,93049938,Cuenca Castro Virginia,"CASTRO VIRGINIA       ",27930499388,CUENCA CASTRO VIRGINIA,,No Inscripto,No Inscripto,D,N,No Inscripto,472160,,D
