﻿IdExterno,Documento,CUIL,Apellido,Nombre,Sueldo,Calle,Altura,Piso,Depto,Localidad,Provincia,CP,EmpleadorRazonSocial,EmpleadorCUIT,EmpleadorCalle,EmpleadorAltura,EmpleadorPiso,EmpleadorDepto,EmpleadorLocalidad,EmpleadorProvincia,EmpleadorCP,EmpleadorCodigo,EmpleadorActividad,EmpleadorEmpleados
DNI 18327327,18327327,27183273278,LENGUAZA RITA CARMEN,RITA CARMEN,"45883,19",,,,,,,,HONORABLE CONCEJO DELIBERANTE DE LA CIUDAD DE FORMOSA,30671421457,SAN MARTIN,000743,,,FORMOSA,"FORMOSA ",3600,841100,"SERVICIOS GENERALES DE LA ADMINISTRACIÓN PÚBLICA (INCLUYE EL DESEMPEÑO DE FUNCIONES EJECUTIVAS Y LEGISLATIVAS DE ADMINISTRACIÓN POR PARTE DE LAS ENTIDADES DE LA ADMINISTRACIÓN CENTRAL, REGIONAL Y LOCAL, LA ADMINISTRACIÓN Y SUPERVISIÓN DE ASUNTOS FISCALES, LA A",0
DNI 29958518,29958518,20299585183,ROMAN,DANIEL ALBERTO,"200205,77",,,,,,,,PRODUCCIONES INDUSTRIALES SA,30667253744,9 DE JULIO,000470,,,TANDIL,BUENOS AIRES,7000,439990,"ACTIVIDADES ESPECIALIZADAS DE CONSTRUCCIÓN N.C.P. (INCLUYE EL ALQUILER, MONTAJE Y DESMANTELAMIENTO DE ANDAMIOS,  LA CONSTRUCCIÓN DE CHIMENEAS Y HORNOS INDUSTRIALES, EL ACORAZAMIENTO DE CAJAS FUERTES Y CÁMARAS FRIGORÍFICAS, EL ARMADO E INSTALACIÓN DE COMPUERTAS",0
DNIE95944575,95944575,27959445759,FUENMAYOR VILLALOBOS MAYERLING COROMOTO,FUENMAYOR VILLALOBOS MAYERLING COROMOTO,"178697,25",,,,,,,,MUNICIPALIDAD DE PILAR,30999005825,RIVADAVIA,000660,,,PILAR,BUENOS AIRES,1629,841100,"SERVICIOS GENERALES DE LA ADMINISTRACIÓN PÚBLICA (INCLUYE EL DESEMPEÑO DE FUNCIONES EJECUTIVAS Y LEGISLATIVAS DE ADMINISTRACIÓN POR PARTE DE LAS ENTIDADES DE LA ADMINISTRACIÓN CENTRAL, REGIONAL Y LOCAL, LA ADMINISTRACIÓN Y SUPERVISIÓN DE ASUNTOS FISCALES, LA A",0
DNIE94950878,94950878,20949508782,RODRIGUEZ AMORES MIGUEL,Amores Miguel Rodriguez,"1517,03",,,,,,,,POP TEATRO,30716432498,,,,,,,,900021,"COMPOSICIÓN Y REPRESENTACIÓN DE OBRAS TEATRALES, MUSICALES Y ARTÍSTICAS (INCLUYE A COMPOSITORES, ACTORES, MÚSICOS, CONFERENCISTAS, PINTORES, ARTISTAS PLÁSTICOS ETC.)",0
DNI 29059189,29059189,27290591894,PASQUALICCHIO,MARIA ELIZABETH,"40323,35",,,,,,,,SONRISAS ARGENTINAS S.R.L.,30714833258,,,,,,,,862200,SERVICIOS ODONTOLÓGICOS,0
DNI 42001228,42001228,20420012285,CABRERA,GENARO SEBASTIAN,"90994,64",,,,,,,,FAST FOOD SUDAMERICANA S A,30654936419,AV DEL LIBERTADOR,001295,03,,VICENTE LOPEZ,BUENOS AIRES,1638,561019,SERVICIOS DE EXPENDIO DE COMIDAS Y BEBIDAS EN ESTABLECIMIENTOS CON SERVICIO DE MESA Y/O EN MOSTRADOR N.C.P.,0
DNI 29727337,29727337,20297273370,INSFRAN,GUSTAVO ADOLFO,"500,00",,,,,,,,SILVA HERMANOS CONSTRUCCIONES S.R.L.,30716949016,,,,,,,,439990,"ACTIVIDADES ESPECIALIZADAS DE CONSTRUCCIÓN N.C.P. (INCLUYE EL ALQUILER, MONTAJE Y DESMANTELAMIENTO DE ANDAMIOS,  LA CONSTRUCCIÓN DE CHIMENEAS Y HORNOS INDUSTRIALES, EL ACORAZAMIENTO DE CAJAS FUERTES Y CÁMARAS FRIGORÍFICAS, EL ARMADO E INSTALACIÓN DE COMPUERTAS",0
DNIE92108293,92108293,27921082938,SALINAS,"TILLNER MYRIAN JULIANA        ","70437,71",,,,,,,,GOBIERNO DE LA CIUDAD DE BUENOS AIRES,34999032089,PERON JUAN TTE.GRAL.,000788,07,,CAPITAL FEDERAL,"CAPITAL FEDERAL ",1038,841100,"SERVICIOS GENERALES DE LA ADMINISTRACIÓN PÚBLICA (INCLUYE EL DESEMPEÑO DE FUNCIONES EJECUTIVAS Y LEGISLATIVAS DE ADMINISTRACIÓN POR PARTE DE LAS ENTIDADES DE LA ADMINISTRACIÓN CENTRAL, REGIONAL Y LOCAL, LA ADMINISTRACIÓN Y SUPERVISIÓN DE ASUNTOS FISCALES, LA A",0
DNI 29823800,29823800,23298238004,LACARRUBBA,PAMELA GISELA,"17241,32",,,,,,,,MENDEZ NORMA GRACIELA,27139459305,,,,,,,,939030,"SERVICIOS DE SALONES DE BAILE, DISCOTECAS Y SIMILARES",0
DNI 26326974,26326974,20263269749,AMARILLO,LEANDRO ABEL,"142814,56",,,,,,,,PLASTICOS LUJUMAR SA,30709053228,SIMBRON,004579,1,a,CAPITAL FEDERAL,"CAPITAL FEDERAL ",1417,222090,"FABRICACIÓN DE PRODUCTOS PLÁSTICOS EN FORMAS BÁSICAS Y ARTÍCULOS DE PLÁSTICO N.C.P., EXCEPTO MUEBLES",0
DNI 40633515,40633515,20406335152,TORRES,AGUSTIN ALEJANDRO,"38374,94",,,,,,,,MUÑOZ Y CIA  SRL,30603993191,AVDA PTE PERON,000128,,,VILLA ANGELA,"CHACO ",3540,475490,"VENTA AL POR MENOR DE ARTÍCULOS PARA EL HOGAR N.C.P. (INCLUYE PERCHAS, MARCOS, CUADROS, ETC.)",0
DNI 42367048,42367048,27423670482,VARGAS,MILAGROS AYELEN,"28582,05",,,,,,,,LA MANTOVANA DE SERVICIOS GENERALES SA,30696051816,CONSTITUCION,004268,,,CAPITAL FEDERAL,"CAPITAL FEDERAL ",1254,812010,SERVICIOS DE LIMPIEZA GENERAL DE EDIFICIOS,0
DNI 10490895,10490895,20104908951,CORONEL,FELIX,"87737,21",,,,,,,,SERVICIO PROVINCIAL DE AGUA POTABLE     Y SANEAMIENTO,30671384705,BELGRANO,000255,,,FORMOSA,"FORMOSA ",3600,841100,"SERVICIOS GENERALES DE LA ADMINISTRACIÓN PÚBLICA (INCLUYE EL DESEMPEÑO DE FUNCIONES EJECUTIVAS Y LEGISLATIVAS DE ADMINISTRACIÓN POR PARTE DE LAS ENTIDADES DE LA ADMINISTRACIÓN CENTRAL, REGIONAL Y LOCAL, LA ADMINISTRACIÓN Y SUPERVISIÓN DE ASUNTOS FISCALES, LA A",0
DNI 25825053,25825053,20258250533,ARMENDANO,HUGO RAMIRO,"106493,22",,,,,,,,FARMACIA PINOS DE ANCHORENA SCS,30708879327,AVDA CONSTITUCION,006001,,,MAR DEL PLATA NORTE,BUENOS AIRES,7600,477310,VENTA AL POR MENOR DE PRODUCTOS FARMACÉUTICOS Y DE HERBORISTERÍA,0
DNI 36690551,36690551,27366905516,SANDOBAL,ROMINA LORENA,"64458,18",,,,,,,,DEUDA CERO S.A.,30714993271,,,,,,,,663000,SERVICIOS DE GESTIÓN DE FONDOS A CAMBIO DE UNA RETRIBUCIÓN O POR CONTRATA,0
DNI 38087758,38087758,27380877584,AYRALA,MARIA ANABEL,"112678,56",,,,,,,,NEWSAN SOCIEDAD ANONIMA,30642617555,PERITO MORENO,001651,,,USHUAIA,TIERRA DEL FUEGO,9410,264000,"FABRICACIÓN DE RECEPTORES DE RADIO Y TELEVISIÓN, APARATOS DE GRABACIÓN Y REPRODUCCIÓN DE SONIDO Y VIDEO, Y PRODUCTOS CONEXOS",0
DNI 38466856,38466856,23384668569,NAVARRO LABASTIE,"NAVARRO LABASTIE FELICITAS                                                                                                                            ","95488,98",,,,,,,,CORPORATE FITNESS S.A .,30705534752,LIBERTADOR DEL AV.,007395,,,CAPITAL FEDERAL,"CAPITAL FEDERAL ",1429,931020,"EXPLOTACIÓN DE INSTALACIONES DEPORTIVAS, EXCEPTO CLUBES",0
DNI 16191867,16191867,23161918679,TELLO,CARLOS A,"70291,49",,,,,,,,OBISPADO DE MORON INSTITUTO NTRA SRA DEL BUEN VIAJE,30534598420,BELGRANO,000357,,,MORON,BUENOS AIRES,1708,851020,"ENSEÑANZA INICIAL, JARDÍN DE INFANTES Y PRIMARIA",0
DNI 36335256,36335256,20363352562,VEGA,MIGUEL ALEJANDRO,"0,01",,,,,,,,EXCELENCIA LABORAL S.A,30710908695,CALLE 81 (EX SARMIEN,001937,,2,SAN MARTIN,BUENOS AIRES,1650,780000,"OBTENCIÓN Y DOTACIÓN DE PERSONAL (INCLUYE LAS ACTIVIDADES VINCULADAS CON LA BÚSQUEDA, SELECCIÓN Y COLOCACIÓN DE PERSONAL, LA ACTIVIDAD DE CASTING DE ACTORES, ETC.)",0
DNI 44434618,44434618,20444346184,CARBONE,FRANCISCO GASTÓN,"5935,20",,,,,,,,AUTO DEL SOL S A,30696587724,CENTENARIO,001001,,,SAN ISIDRO,BUENOS AIRES,1642,451110,"VENTA DE AUTOS, CAMIONETAS Y UTILITARIOS NUEVOS (INCLUYE TAXIS, JEEPS, 4X4 Y VEHÍCULOS SIMILARES)",0
DNI 25158416,25158416,20251584169,JOFRE,MIGUEL ANTONIO,"81560,31",,,,,,,,AGUA Y SANEAMIENTO MENDOZA S.A.,30711513562,BELGRANO,000920,,,MENDOZA,"MENDOZA ",5500,360020,"CAPTACIÓN, DEPURACIÓN Y DISTRIBUCIÓN DE AGUA DE FUENTES SUPERFICIALES",0
DNI 29655890,29655890,20296558908,CATANZANO,FACUNDO ROBERTO,"105699,48",,,,,,,,BIO HELPER SA,30710662491,URUGUAY,000984,PB,,CAPITAL FEDERAL,"CAPITAL FEDERAL ",1015,477310,VENTA AL POR MENOR DE PRODUCTOS FARMACÉUTICOS Y DE HERBORISTERÍA,0
DNI 38701368,38701368,27387013682,MEDINA,ANTONELLA ANOUX SALOME,"47681,13",,,,,,,,V.I.S. MEDIA GROUP S.A.,33711658349,,,,,,,,661999,SERVICIOS AUXILIARES A LA INTERMEDIACIÓN FINANCIERA N.C.P. (INCLUYE ASESORÍA FINANCIERA),0
DNI 11235494,11235494,20112354949,TURIN,ALBERTO JOSE,"0,00",,,,,,,,UNIVERSIDAD TECNOLOGICA NACIONAL,30546671166,SARMIENTO,000440,07,,CAPITAL FEDERAL,"CAPITAL FEDERAL ",1347,853201,ENSEÑANZA UNIVERSITARIA EXCEPTO FORMACIÓN DE POSGRADO,0
DNI 30116294,30116294,23301162944,ALI,ANA VALERIA,"138924,28",,,,,,,,HIPER CHASCOMUS SRL,30665073986,AV. JUAN M. DE ROSAS,000959,,,CHASCOMUS,BUENOS AIRES,7130,471110,VENTA AL POR MENOR EN HIPERMERCADOS,0
DNI 40386461,40386461,20403864618,RAIN,CARLOS MARCELO,"273640,75",,,,,,,,PECOM SERVICIOS ENERGIA S A,30654424698,RECONQUISTA,000134,2,,CAPITAL FEDERAL,"CAPITAL FEDERAL ",1003,91000,SERVICIOS DE APOYO PARA LA EXTRACCIÓN DE PETRÓLEO Y GAS NATURAL,0
DNI 21081608,21081608,23210816089,FINS,SERGIO OSCAR,"64142,30",,,,,,,,ENTHEUS SEGURIDAD PRIVADA S.R.L.,30708426020,TREINTA Y TRES ORIEN,000515,,,CAPITAL FEDERAL,"CAPITAL FEDERAL ",1236,801090,SERVICIOS DE SEGURIDAD E INVESTIGACIÓN N.C.P.,0
DNI 33935702,33935702,20339357022,PARDO SANZANA,RENE EDUARDO,"203999,21",,,,,,,,14 DE JULIO S A,30679578649,GENERAL ACHA,000983,,,MAR DEL PLATA SUR,BUENOS AIRES,7600,102001,"ELABORACIÓN DE PESCADOS DE MAR, CRUSTÁCEOS Y  PRODUCTOS MARINOS",0
DNI 22557709,22557709,27225577094,RIVADENEIRA,NOEMI DEL VALLE,"0,00",,,,,,,,SUPERIOR GOBIERNO DE LA PCIA DE TUCUMAN,30675428081,SAN MARTIN,000362,1,,SAN MIGUEL DE TUCUMA,"TUCUMAN ",4000,841100,"SERVICIOS GENERALES DE LA ADMINISTRACIÓN PÚBLICA (INCLUYE EL DESEMPEÑO DE FUNCIONES EJECUTIVAS Y LEGISLATIVAS DE ADMINISTRACIÓN POR PARTE DE LAS ENTIDADES DE LA ADMINISTRACIÓN CENTRAL, REGIONAL Y LOCAL, LA ADMINISTRACIÓN Y SUPERVISIÓN DE ASUNTOS FISCALES, LA A",0
DNI 30185814,30185814,20301858141,MOLINA,AZED MIGUEL,"61276,72",,,,,,,,FARALLON S.R.L.,30715808184,,,,,,,,102001,"ELABORACIÓN DE PESCADOS DE MAR, CRUSTÁCEOS Y  PRODUCTOS MARINOS",0
DNI 16816323,16816323,20168163232,CASO,JORGE OMAR,"115968,46",,,,,,,,CELULOSA ALTO VALLE S.A.I.C.,30504213818,LOTE 26,000000,,,RECONQUISTA,SANTA FE,3560,170101,FABRICACIÓN DE PASTA DE MADERA,0
DNI 30306774,30306774,20303067745,SANDOVAL,FABIAN RAMON,"7455,67",,,,,,,,MURATA S A,30641063378,LOPE DE VEGA AV.,000443,01,,CAPITAL FEDERAL,"CAPITAL FEDERAL ",1407,801090,SERVICIOS DE SEGURIDAD E INVESTIGACIÓN N.C.P.,0
DNI 40920338,40920338,20409203389,DEALESSANDRIS BORDONI,NICOLAS,"66805,93",,,,,,,,WEB SUPPLEMENTS S.R.L.,30709539775,OBISPO SALGUERO,000507,,,BARRIO NUEVA CORDOBA,"CORDOBA ",5000,472190,"VENTA AL POR MENOR DE PRODUCTOS ALIMENTICIOS N.C.P., EN COMERCIOS ESPECIALIZADOS",0
DNI 33835106,33835106,20338351063,ZAPIOLA,CRISTIAN JONATAN,"0,00",,,,,,,,BRIDGESTONE  ARGENTINA SOCIEDAD ANONIMA INDUSTRIAL Y COMERCIAL,30500315683,AV ANTARTIDA ARGENTI,002715,,,LLAVALLOL,BUENOS AIRES,1836,221110,FABRICACIÓN DE CUBIERTAS Y CÁMARAS,0
DNI 27361811,27361811,20273618113,LEDEZMA,JOSE LUIS,"49291,19",,,,,,,,MANTENIMIENTOS ELECTRICOS CORDOBA S.A.,30714626333,,,,,,,,422200,"CONSTRUCCIÓN, REFORMA Y REPARACIÓN DE REDES DISTRIBUCIÓN DE ELECTRICIDAD, GAS, AGUA, TELECOMUNICACIONES Y DE OTROS SERVICIOS PÚBLICOS",0
DNI 34669946,34669946,27346699464,CACERES,MERIBEL ANTONELA,"45848,14",,,,,,,,CLINICA PRIVADA MONTE GRANDE SOCIEDAD ANONIMA,30546068656,GRAL RODRIGUEZ,000158,PB,,MONTE GRANDE,BUENOS AIRES,1842,861010,SERVICIOS DE INTERNACIÓN EXCEPTO INSTITUCIONES RELACIONADAS CON LA SALUD MENTAL,0
DNI 42312748,42312748,27423127487,GOMEZ,NAZARENA NEREA,"61819,08",,,,,,,,MOSTAZA Y PAN SOCIEDAD ANONIMA,33707013139,AUT BS AS LA PLATA K,000000,,100,AVELLANEDA,BUENOS AIRES,1870,472190,"VENTA AL POR MENOR DE PRODUCTOS ALIMENTICIOS N.C.P., EN COMERCIOS ESPECIALIZADOS",0
DNI 16856908,16856908,20168569085,RIVERA,ROBERTO DANIEL,"81173,49",,,,,,,,ALLASINO RUBEN AMERICO,23124055539,,,,,,,,492221,SERVICIO DE TRANSPORTE AUTOMOTOR DE CEREALES,0
DNI 41692764,41692764,27416927648,REYNA,LOURDES ANTONELLA,"22121,57",,,,,,,,MUNICIPALIDAD DE MERLO,30999001935,"AVDA DEL LIBERTADOR ","000391 ","  ","   ","MERLO               ","BUENOS AIRES        ","1722      ",841100,"SERVICIOS GENERALES DE LA ADMINISTRACIÓN PÚBLICA (INCLUYE EL DESEMPEÑO DE FUNCIONES EJECUTIVAS Y LEGISLATIVAS DE ADMINISTRACIÓN POR PARTE DE LAS ENTIDADES DE LA ADMINISTRACIÓN CENTRAL, REGIONAL Y LOCAL, LA ADMINISTRACIÓN Y SUPERVISIÓN DE ASUNTOS FISCALES, LA A",0
DNI 25556488,25556488,24255564885,JACQUET,"JAQUET MONICA SANDRA                                                                                                                                  ","14410,65",,,,,,,,SAUBER SUR S.A,30709823244,RAFAELA,004957,1,B,CAPITAL FEDERAL,"CAPITAL FEDERAL ",1407,812010,SERVICIOS DE LIMPIEZA GENERAL DE EDIFICIOS,0
DNI 45124833,45124833,27451248338,LITERAS,MARIA LUISA,"67735,44",,,,,,,,UNIFRUTTI  S.A.,30716663929,,,,,,,,463140,"VENTA AL POR MAYOR Y EMPAQUE DE FRUTAS, DE LEGUMBRES Y HORTALIZAS FRESCAS",0
DNI 28013518,28013518,20280135187,LUCENA,CRISTIAN ARIEL,"43330,98",,,,,,,,HONORABLE CONCEJO DELIBERANTE DE LA CIUDAD DE FORMOSA,30671421457,SAN MARTIN,000743,,,FORMOSA,"FORMOSA ",3600,841100,"SERVICIOS GENERALES DE LA ADMINISTRACIÓN PÚBLICA (INCLUYE EL DESEMPEÑO DE FUNCIONES EJECUTIVAS Y LEGISLATIVAS DE ADMINISTRACIÓN POR PARTE DE LAS ENTIDADES DE LA ADMINISTRACIÓN CENTRAL, REGIONAL Y LOCAL, LA ADMINISTRACIÓN Y SUPERVISIÓN DE ASUNTOS FISCALES, LA A",0
DNI 37992199,37992199,20379921990,ALVAREZ,MARCOS EZEQUIEL,"22112,14",,,,,,,,BARRERA EMMANUEL,20379261192,,,,,,,,702099,"SERVICIOS DE ASESORAMIENTO, DIRECCIÓN Y GESTIÓN EMPRESARIAL N.C.P.",0
DNI 35558612,35558612,20355586120,SILVESTRI,JOSE LUIS,"378693,75",,,,,,,,PERFORACIONES SANTACRUCEÑAS S.R.L.,30712128522,ALBERDI,001943,,,PUERTO SAN JULIAN,SANTA CRUZ,9310,99000,"SERVICIOS DE APOYO PARA LA MINERÍA, EXCEPTO PARA LA EXTRACCIÓN DE PETRÓLEO Y GAS NATUAL",0
DNI 18037061,18037061,20180370618,GONZALEZ,DANIEL EDGARDO,"50320,69",,,,,,,,UADEL S.R.L.,33710594789,IRIARTE,002302,,,CAPITAL FEDERAL,"CAPITAL FEDERAL ",1291,812010,SERVICIOS DE LIMPIEZA GENERAL DE EDIFICIOS,0
DNI 43318861,43318861,27433188611,CENTURION,AMANDA DEL CORAZON DE JESUS,"40847,96",,,,,,,,PRO ACTION SERVICES S.A.,30711444765,CORRIENTES AV.,000640,4,7,CAPITAL FEDERAL,"CAPITAL FEDERAL ",1043,829100,SERVICIOS DE AGENCIAS DE COBRO Y CALIFICACIÓN CREDITICIA,0
DNI 31982189,31982189,23319821899,CERVIÑO,LUCAS ALBERTO,"59999,80",,,,,,,,TRAVEL AND SERVICES SRL,30714441317,,,,,,,,791100,SERVICIOS MINORISTAS DE AGENCIAS DE VIAJES,0
DNIE95661645,95661645,27956616455,VILORIA VANESSA LIZETH,VANESSA LIZETH,"201847,18",,,,,,,,ACUDIR SA,30708060980,SEGUI F J ALMTE.,001350,,,CAPITAL FEDERAL,"CAPITAL FEDERAL ",1416,864000,SERVICIOS DE EMERGENCIAS Y TRASLADOS,0
DNI 41955933,41955933,23419559334,HERRERA,CANDELA,"37598,95",,,,,,,,SOLUCIONES DE CONTACTO S.A.,30710620365,HIPOLITO YRIGOYEN,000066,,8,SAN ISIDRO,BUENOS AIRES,1642,829900,SERVICIOS EMPRESARIALES N.C.P.,0
DNI 33907105,33907105,27339071050,CARUGATTI,GISELA ESTEFANIA,"50526,33",,,,,,,,LOGISTICAL S.A.,30710573030,LAFAYETTE,001738,2,20,CAPITAL FEDERAL,"CAPITAL FEDERAL ",1286,812010,SERVICIOS DE LIMPIEZA GENERAL DE EDIFICIOS,0
DNI 39841229,39841229,20398412290,OVELAR FRANCISCO GABRIEL,FRANCISCO GABRIEL,"96198,30",,,,,,,,LAS CAMELIAS S A,30514392001,KILOMETRO 5 RUTA PRO,000000,,,SAN JOSE,ENTRE RIOS,3283,101020,PRODUCCIÓN Y PROCESAMIENTO DE CARNE DE AVES,0
DNI 31797797,31797797,20317977973,TAPIA,CRISTIAN ALEJANDRO,"64313,49",,,,,,,,DINA LIMPIEZA PROFESIONAL S.A.,30713491604,TACUARI,725," "," ",CIUDAD AUTONOMA,CAPITAL FEDERAL,1071,812010,SERVICIOS DE LIMPIEZA GENERAL DE EDIFICIOS,0
DNI 32425042,32425042,27324250420,SILVERATI DI PRINZIO,MARIA SOL GRACIELA,"0,00",,,,,,,,UNIVERSIDAD NACIONAL DE LA PLATA,30546666707,7,000776,,,LA PLATA NOROESTE CA,BUENOS AIRES,1900,853201,ENSEÑANZA UNIVERSITARIA EXCEPTO FORMACIÓN DE POSGRADO,0
DNIE95786305,95786305,20957863052,MONTERO CARBALLO ANDRES ALFONZO,MONTERO CARBALLO ANDRES ALFONZO,"56812,04",,,,,,,,J S A ASESORES EN SEGURIDAD SRL,33631724499,AZCUENAGA,001106,,2,VICENTE LOPEZ,BUENOS AIRES,1638,801090,SERVICIOS DE SEGURIDAD E INVESTIGACIÓN N.C.P.,0
DNI 30321325,30321325,20303213253,MORALES,RAFAEL FRANCISCO,"20890,96",,,,,,,,ALBOSA   S R L,30641690739,CASTILLO,001333,,,CAPITAL FEDERAL,"CAPITAL FEDERAL ",1414,801090,SERVICIOS DE SEGURIDAD E INVESTIGACIÓN N.C.P.,0
DNI 32923424,32923424,20329234240,NAUTO,GABRIEL ALEJANDRO,"317328,43",,,,,,,,VENVER SOCIEDAD ANONIMA,30644688352,PIEDRAS,000264,4,B,CAPITAL FEDERAL,"CAPITAL FEDERAL ",1070,91000,SERVICIOS DE APOYO PARA LA EXTRACCIÓN DE PETRÓLEO Y GAS NATURAL,0
DNI 33108384,33108384,20331083845,CORONEL,"CORONEL YESICA PAOLA                                                                                                                                  ","60731,28",,,,,,,,SANATORIO MEDICO LOS TILOS SA,30710059825,41,000347,,,LA PLATA NOROESTE CA,BUENOS AIRES,1900,861010,SERVICIOS DE INTERNACIÓN EXCEPTO INSTITUCIONES RELACIONADAS CON LA SALUD MENTAL,0
DNI 33155329,33155329,27331553293,BEN,JORGELINA,"82037,57",,,,,,,,FERNANDO ANGELONI S.R.L.,30714762326,,,,,,,,702099,"SERVICIOS DE ASESORAMIENTO, DIRECCIÓN Y GESTIÓN EMPRESARIAL N.C.P.",0
DNI 22051681,22051681,20220516815,GONZALEZ,MARCELO RAMON,"141744,66",,,,,,,,MINISTERIO DE SEGURIDAD -SEGURIDAD PROVINCIAL,30648839088,51 SIN NUMERO,000000,PB,31,LA PLATA SUDESTE CAL,BUENOS AIRES,1900,842300,SERVICIOS PARA EL ORDEN PÚBLICO Y LA SEGURIDAD,0
DNI 29738665,29738665,23297386654,RUEDA,CAROLINA ALEJANDRA,"46199,70",,,,,,,,SIND DE T VIALES PROV DE SALTA,30635259538,,,,,,,,942000,SERVICIOS DE SINDICATOS,0
DNI 33208565,33208565,20332085655,JUAREZ,JOSE LUIS,"54866,82",,,,,,,,TRADING INTERNACIONAL S.A.,30685441175,SARMIENTO,000991,1,,ROSARIO NORTE,SANTA FE,2000,829900,SERVICIOS EMPRESARIALES N.C.P.,0
DNI 43201422,43201422,27432014229,GIMENEZ,MICAELA AGUSTINA,"58078,48",,,,,,,,ARCOS DORADOS ARGENTINA SOCIEDAD ANONIMA,30610252334,ROQUE SAENZ PEðA,000432,,,OLIVOS,BUENOS AIRES,1636,561013,"SERVICIOS DE ""FAST FOOD"" Y LOCALES DE VENTA DE COMIDAS Y BEBIDAS AL PASO (INCLUYE EL EXPENDIO DE HAMBURGUESAS, PRODUCTOS LÁCTEOS EXCEPTO HELADOS, ETC.)",0
DNI 26444337,26444337,20264443378,JAIME,HECTOR ADRIAN,"99712,61",,,,,,,,ENTE DE SERVICIOS Y OBRAS PUBLICAS,30715145657,,,,,,,,381100,"RECOLECCIÓN, TRANSPORTE, TRATAMIENTO Y DISPOSICIÓN FINAL DE RESIDUOS NO PELIGROSOS",0
DNI 18502539,18502539,20185025390,RETAMOSO,ANGEL RICARDO,"98224,68",,,,,,,,CAJA DE JUBILACIONES Y PENSIONES DE ENTRE RIOS,30671208710,ANDRES PAZOS,000127,,,PARANA,ENTRE RIOS,3100,843000,"SERVICIOS DE LA SEGURIDAD SOCIAL OBLIGATORIA, EXCEPTO OBRAS SOCIALES (INCLUYE PAMI Y ANSES)",0
DNI 18853215,18853215,20188532153,FIGUEROA,FERNANDO NICOLAS,"4773,86",,,,,,,,EXTRAMEN EMPRESA DE SERVICIOS EVENTUALES SOCIEDAD DE RESPONSABILIDAD LIMITADA,30708684658,PARAGUAY,000866,9,d,CAPITAL FEDERAL,"CAPITAL FEDERAL ",1057,780000,"OBTENCIÓN Y DOTACIÓN DE PERSONAL (INCLUYE LAS ACTIVIDADES VINCULADAS CON LA BÚSQUEDA, SELECCIÓN Y COLOCACIÓN DE PERSONAL, LA ACTIVIDAD DE CASTING DE ACTORES, ETC.)",0
DNI 28825666,28825666,20288256668,IBARROLA,ANDRES MARCELO,"11516,50",,,,,,,,JOSE ROMERO E HIJOS SRL,30663620122,AV RIVADAVIA,002167,,,VALENTIN ALSINA,BUENOS AIRES,1822,243100,FUNDICIÓN DE HIERRO Y ACERO,0
DNI 36143162,36143162,20361431627,VILLARREAL,DANIEL AGUSTIN,"188269,52",,,,,,,,HELACOR SA,33707965849,ESTOMBA ( LOTE 20),000000,,,FERREYRA,"CORDOBA ",5123,105030,ELABORACIÓN INDUSTRIAL DE HELADOS,0
DNI 36364695,36364695,20363646957,MARQUEZ,JUAN PABLO,"186073,28",,,,,,,,GENNEIA S A,30665234114,12 DE OCTUBRE ESQ. L,000000,1,A,DEL VISO,BUENOS AIRES,1669,351110,"GENERACIÓN DE ENERGÍA TÉRMICA CONVENCIONAL (INCLUYE LA PRODUCCIÓN DE ENERGÍA ELÉCTRICA MEDIANTE MÁQUINAS TURBO-GAS, TURBO VAPOR, CICLO COMBINADO Y TURBO DIESEL)",0
DNI 39412481,39412481,20394124819,DIAZ,LUCAS GABRIEL,"96020,38",,,,,,,,MAZALOSA S A,30687725766,AV. MITRE,003799,,,MUNRO,BUENOS AIRES,1605,141199,"CONFECCIÓN DE PRENDAS DE VESTIR N.C.P., EXCEPTO PRENDAS DE PIEL, CUERO Y DE PUNTO",0
DNI 37332593,37332593,20373325938,SEGOVIA,RICARDO GABRIEL,"138610,62",,,,,,,,ENTERPRISE SERVICES ARGENTINA S.R.L.,30715326198,,,,,,,,620900,SERVICIOS DE INFORMÁTICA N.C.P.,0
DNI 25251835,25251835,20252518356,ARAUJO,CHRISTIAN JORGE,"163035,84",,,,,,,,MAIPU RIO S R L,30669095143,SAN MARTIN,000998,,,RIO CUARTO,"CORDOBA ",5800,461040,VENTA AL POR MAYOR EN COMISIÓN O CONSIGNACIÓN DE COMBUSTIBLES (NO INCLUYE ELECTRICIDAD),0
DNI 22506325,22506325,27225063252,JUGO,ELIZABETH ARGELIA,"12636,74",,,,,,,,LEBUAR S.A,30714691410,,,,,,,,551022,"SERVICIOS DE ALOJAMIENTO EN HOTELES, HOSTERÍAS Y RESIDENCIALES SIMILARES, EXCEPTO POR HORA, QUE INCLUYEN SERVICIO DE RESTAURANTE AL PÚBLICO",0
DNIE94852922,94852922,20948529220,SEMELMAN FONTAINE JONATHAN DAVID,FONTAINE JONATHAN DA,"60200,41",,,,,,,,LABORATORIO BIOMEDICO DR RAPELA S A,30630264010,FALCON RAMON L CNEL,002534,,,CAPITAL FEDERAL,"CAPITAL FEDERAL ",1406,863110,"SERVICIOS DE PRÁCTICAS DE DIAGNÓSTICO EN LABORATORIOS (INCLUYE ANÁLISIS CLÍNICOS, BIOQUÍMICA, ANATOMÍA PATOLÓGICA, LABORATORIO HEMATOLÓGICO, ETC.)",0
DNI 28660387,28660387,20286603875,GADAÑOTTI,RAFAEL SEBASTIAN,"168859,28",,,,,,,,TRANSPORTADORA DE CAUDALES JUNCADELLA SOCIEDAD ANONIMA,30546969874,TRES ARROYOS,002835,,,CAPITAL FEDERAL,"CAPITAL FEDERAL ",1416,801010,SERVICIOS DE TRANSPORTE DE CAUDALES Y OBJETOS DE VALOR,0
DNI 33831520,33831520,27338315207,RODRIGUEZ,VERONICA CECILIA,"177997,91",,,,,,,,HARRIAGUE Y ASOCIADOS SRL,30680956606,JOSE MARIA BEDOYA,000695,,,BARRIO ALTA CORDOBA,"CORDOBA ",5001,620100,SERVICIOS DE CONSULTORES EN INFORMÁTICA Y SUMINISTROS DE PROGRAMAS DE INFORMÁTICA,0
DNI 29014123,29014123,27290141236,BENITEZ,MARIANA LUCIA,"89909,35",,,,,,,,DABRA SOCIEDAD ANONIMA,30638485733,COLECT. PANAMERICANA,000000,,,DON TORCUATO NORTE,BUENOS AIRES,1611,477230,VENTA AL POR MENOR DE CALZADO DEPORTIVO,0
DNI 37123253,37123253,20371232533,JUAREZ,JOSE LUIS,"132828,10",,,,,,,,CAMBRE I C Y F S A,30501948981,HAENDEL,000000,,,GARIN,BUENOS AIRES,1619,271020,FABRICACIÓN DE APARATOS DE DISTRIBUCIÓN Y CONTROL DE LA ENERGÍA ELÉCTRICA,0
DNIE95980343,95980343,23959803439,CASTILLO CORDOBA CIRO DANIEL,CASTILLO CORDOBA CIRO DANIEL,"47609,91",,,,,,,,RIO GROUP S.R.L.,33716459239,,,,,,,,477110,"VENTA AL POR MENOR DE ROPA INTERIOR, MEDIAS, PRENDAS PARA DORMIR Y PARA LA PLAYA (INCLUYE CORSETERÍA, LENCERÍA, CAMISETAS, MEDIAS EXCEPTO ORTOPÉDICAS, PIJAMAS, CAMISONES Y SALTOS DE CAMA, SALIDAS DE BAÑO, TRAJES DE BAÑO, ETC.)",0
DNI 35098784,35098784,20350987844,LOPEZ,RICARDO ARIEL,"46131,29",,,,,,,,PINTURERIAS MONIMAR SRL,30710069693,AV PTE PERON,000325,,,SAN JUSTO,BUENOS AIRES,1754,475240,VENTA AL POR MENOR DE PINTURAS Y PRODUCTOS CONEXOS,0
DNI 38922092,38922092,20389220923,ARRIETA,EMANUEL MARTIN,"41836,86",,,,,,,,SUEÑOS PURPURAS,30716922819,,,,,,,,259999,FABRICACIÓN DE PRODUCTOS ELABORADOS DE METAL N.C.P.,0
DNI 30957080,30957080,23309570804,FERNANDEZ,SAMANTA ELISABETH,"35643,78",,,,,,,,GOBIERNO DE LA CIUDAD DE BUENOS AIRES,34999032089,PERON JUAN TTE.GRAL.,000788,07,,CAPITAL FEDERAL,"CAPITAL FEDERAL ",1038,841100,"SERVICIOS GENERALES DE LA ADMINISTRACIÓN PÚBLICA (INCLUYE EL DESEMPEÑO DE FUNCIONES EJECUTIVAS Y LEGISLATIVAS DE ADMINISTRACIÓN POR PARTE DE LAS ENTIDADES DE LA ADMINISTRACIÓN CENTRAL, REGIONAL Y LOCAL, LA ADMINISTRACIÓN Y SUPERVISIÓN DE ASUNTOS FISCALES, LA A",0
DNI 33726057,33726057,27337260573,PALMA,CLAUDIA MARIBEL,"317,32",,,,,,,,DINA ARGENTINA S.R.L.,30711704066,"TACUARI             ","000725 ","  ","   ","CAPITAL FEDERAL     ","CAPITAL FEDERAL     ","1071      ",812010,SERVICIOS DE LIMPIEZA GENERAL DE EDIFICIOS,0
DNI 41105344,41105344,27411053445,BASTRATE,CAMILA MICAELA,"32412,52",,,,,,,,EL REY DEL FIBROFACIL SRL,30715565982,,,,,,,,475220,"VENTA AL POR MENOR DE MADERAS Y ARTÍCULOS DE MADERA  Y CORCHO, EXCEPTO MUEBLES",0
DNI 37853505,37853505,20378535051,VERON,LUCIO ABEL,"17550,53",,,,,,,,COTECSUD COMPA#IA TECNICA SUDAMERICANA SOCIEDAD ANONIMA DE SERVICIOS EMPRESARIOS,30577873654,MAIPU,000942,23,,CAPITAL FEDERAL,"CAPITAL FEDERAL ",1006,780000,"OBTENCIÓN Y DOTACIÓN DE PERSONAL (INCLUYE LAS ACTIVIDADES VINCULADAS CON LA BÚSQUEDA, SELECCIÓN Y COLOCACIÓN DE PERSONAL, LA ACTIVIDAD DE CASTING DE ACTORES, ETC.)",0
DNI 20349585,20349585,20203495855,COLAUTTI BERRA GABRIEL FERNANDO,GABRIEL FERNANDO,"150941,01",,,,,,,,INSTITUTO DE PREVISION SOCIAL DE LA PCIA DE BS AS,33633178009,47,000530,,,LA PLATA NOROESTE CA,BUENOS AIRES,1900,843000,"SERVICIOS DE LA SEGURIDAD SOCIAL OBLIGATORIA, EXCEPTO OBRAS SOCIALES (INCLUYE PAMI Y ANSES)",0
DNI 27812421,27812421,20278124216,RIVERO,NESTOR MATIAS,"247671,84",,,,,,,,HONORABLE CAMARA DE DIPUTADOS DE LA NACION,30534213332,,,,,,,,841100,"SERVICIOS GENERALES DE LA ADMINISTRACIÓN PÚBLICA (INCLUYE EL DESEMPEÑO DE FUNCIONES EJECUTIVAS Y LEGISLATIVAS DE ADMINISTRACIÓN POR PARTE DE LAS ENTIDADES DE LA ADMINISTRACIÓN CENTRAL, REGIONAL Y LOCAL, LA ADMINISTRACIÓN Y SUPERVISIÓN DE ASUNTOS FISCALES, LA A",0
DNI 27556127,27556127,20275561275,ARGENTI,JORGE JAVIER,"94376,70",,,,,,,,E M SERVICIOS PUBLICITARIOS S. A.,30659657003,CERRITO,000146,9,,CAPITAL FEDERAL,"CAPITAL FEDERAL ",1010,731009,SERVICIOS DE PUBLICIDAD N.C.P.,0
DNI 40634693,40634693,20406346936,VARGAS,JUAN ISRAEL,"28691,10",,,,,,,,REPAIRS SERVICE SRL,30716552795,,,,,,,,813000,SERVICIOS DE JARDINERÍA Y MANTENIMIENTO DE ESPACIOS VERDES,0
DNI 29335664,29335664,27293356640,ARROYO PAZ,MIRIAM GRACIELA,"104102,91",,,,,,,,FUNDACION BUNGE Y BORN,30575095506,25 DE MAYO,000515,08,,CAPITAL FEDERAL,"CAPITAL FEDERAL ",1002,949990,SERVICIOS DE ASOCIACIONES N.C.P.,0
DNI 32825698,32825698,20328256984,AVILA,LEANDRO EZEQUIEL,"93025,45",,,,,,,,SCYTHIA  S.A.,33710069749,ALCORTA AMANCIO AV.,001844,PB,.,CAPITAL FEDERAL,"CAPITAL FEDERAL ",1283,801090,SERVICIOS DE SEGURIDAD E INVESTIGACIÓN N.C.P.,0
DNI 25847930,25847930,20258479301,HOLT,MIGUEL ANGEL,"174489,56",,,,,,,,M.O.D.O.  S.A. DE TRANSPORTE AUTOMOTOR,30545775782,SAN ISIDRO AV.,004812,,,CAPITAL FEDERAL,"CAPITAL FEDERAL ",1429,492110,SERVICIO DE TRANSPORTE AUTOMOTOR URBANO Y SUBURBANO REGULAR DE PASAJEROS,0
DNI 37932246,37932246,20379322469,CHEJOLAN,NAHUEL IVAN,"36904,59",,,,,,,,SECURITE SA,30604422732,SAN MARTIN AV.,003965,,,CAPITAL FEDERAL,"CAPITAL FEDERAL ",1417,801090,SERVICIOS DE SEGURIDAD E INVESTIGACIÓN N.C.P.,0
DNI 22430300,22430300,27224303004,LEON,MARIANA,"0,00",,,,,,,,UNIVERSIDAD DE BUENOS AIRES,30546666561,VIAMONTE,000444,,,CAPITAL FEDERAL,"CAPITAL FEDERAL ",1053,853100,ENSEÑANZA  TERCIARIA,0
DNI 23519968,23519968,20235199689,PIÑERO,GABRIEL EDUARDO,"97210,15",,,,,,,,ALVEZ GUSTAVO MARCELO Y SUAREZ DANIEL OSVALDO SH,33710024109,HEREDIA,001261,,,AVELLANEDA,BUENOS AIRES,1870,222090,"FABRICACIÓN DE PRODUCTOS PLÁSTICOS EN FORMAS BÁSICAS Y ARTÍCULOS DE PLÁSTICO N.C.P., EXCEPTO MUEBLES",0
DNI 25114352,25114352,27251143523,PERALTA HERRERA,PATRICIA ELIZABETH,"357745,75",,,,,,,,EMSUR ARGENTINA S.A.,33707142079,XANAES,005412,,,BARRIO PALMAR,"CORDOBA ",5012,170201,FABRICACIÓN DE PAPEL ONDULADO Y ENVASES DE PAPEL,0
DNI 14249609,14249609,20142496098,KROH,CARLOS O,"143018,66",,,,,,,,ITAL ROUEN SA,30708659734,PTE PERON,000985,,,SAN NICOLAS,BUENOS AIRES,2900,451110,"VENTA DE AUTOS, CAMIONETAS Y UTILITARIOS NUEVOS (INCLUYE TAXIS, JEEPS, 4X4 Y VEHÍCULOS SIMILARES)",0
DNI 32422761,32422761,20324227610,IBARRA,NESTOR FABIAN,"36847,72",,,,,,,,GOBIERNO DE LA CIUDAD DE BUENOS AIRES,34999032089,PERON JUAN TTE.GRAL.,000788,07,,CAPITAL FEDERAL,"CAPITAL FEDERAL ",1038,841100,"SERVICIOS GENERALES DE LA ADMINISTRACIÓN PÚBLICA (INCLUYE EL DESEMPEÑO DE FUNCIONES EJECUTIVAS Y LEGISLATIVAS DE ADMINISTRACIÓN POR PARTE DE LAS ENTIDADES DE LA ADMINISTRACIÓN CENTRAL, REGIONAL Y LOCAL, LA ADMINISTRACIÓN Y SUPERVISIÓN DE ASUNTOS FISCALES, LA A",0
DNI 16671183,16671183,20166711836,IBARRA,FABIAN EDUARDO,"164032,46",,,,,,,,ATENTO ARGENTINA S.A.,30709699179,SUIPACHA,000150,5,,CAPITAL FEDERAL,"CAPITAL FEDERAL ",1008,822000,SERVICIOS DE CALL CENTER,0
DNI 30017894,30017894,20300178945,FERREIRA,ERNESTO GABRIEL,"41090,13",,,,,,,,HELADOS DON SANTIAGO S.A.,30711754705,,,,,,,,561030,SERVICIO DE EXPENDIO DE HELADOS,0
DNI 33860460,33860460,27338604608,MARTINO,LAURA CECILIA,"79378,62",,,,,,,,FLORES DE LELOIR S.A.,30714508144,,,,,,,,854940,ENSEÑANZA ESPECIAL Y PARA DISCAPACITADOS,0
DNI 35994852,35994852,20359948523,MESITI,NICOLAS MATIAS,"275445,41",,,,,,,,RAIZEN ARGENTINA S.A,30506726804,SAENZ PEðA R. PTE. A,000788,02,,CAPITAL FEDERAL,"CAPITAL FEDERAL ",1035,192000,FABRICACIÓN DE PRODUCTOS DE LA REFINACIÓN DEL PETRÓLEO,0
DNI 24978272,24978272,27249782721,FARIA,STELLA MARIS,"15571,48",,,,,,,,HUNTER SECURITY S A,33687324809,BERNARDO DE IRIGOYEN,003091,,,MUNRO,BUENOS AIRES,1605,801090,SERVICIOS DE SEGURIDAD E INVESTIGACIÓN N.C.P.,0
DNIE92846126,92846126,27928461268,AGUIRRE,"MIRTHA ISABEL        ","39304,83",,,,,,,,COMERCIALIZADORA ONLINE SA,30714517089,,,,,,,,822000,SERVICIOS DE CALL CENTER,0
DNI 34868063,34868063,20348680634,SRDOS,MIGUEL ANGEL,"75270,59",,,,,,,,TRANSPORTES ERSA CARGAS SOC ANONIMA,30710210302,J. R. VIDAL,004100,,,CORRIENTES,CORRIENTES,3400,492290,SERVICIO DE TRANSPORTE AUTOMOTOR DE CARGAS N.C.P. (INCLUYE  SERVICIOS DE TRANSPORTE DE CARGA REFRIGERADA Y TRANSPORTE PESADO),0
DNI 18782893,18782893,20187828938,MARTINEZ ARANDA,JORGE RAMON,"211538,30",,,,,,,,VICTOR MASSON TRANSPORTES CRUZ DEL SUR S A,30556565798,SANCHEZ DE LORIA,001460,,,CAPITAL FEDERAL,"CAPITAL FEDERAL ",1241,492290,SERVICIO DE TRANSPORTE AUTOMOTOR DE CARGAS N.C.P. (INCLUYE  SERVICIOS DE TRANSPORTE DE CARGA REFRIGERADA Y TRANSPORTE PESADO),0
DNI 18300474,18300474,20183004744,PONCE,ANDRES RAUL,"91161,60",,,,,,,,GOB.DE LA PCIA.DE SGO.DEL ESTERO TESORERIA GENERAL,30999164990,RIVADAVIA,000351,,,SANTIAGO DEL ESTERO,"SANTIAGO DEL ESTERO ",4200,841100,"SERVICIOS GENERALES DE LA ADMINISTRACIÓN PÚBLICA (INCLUYE EL DESEMPEÑO DE FUNCIONES EJECUTIVAS Y LEGISLATIVAS DE ADMINISTRACIÓN POR PARTE DE LAS ENTIDADES DE LA ADMINISTRACIÓN CENTRAL, REGIONAL Y LOCAL, LA ADMINISTRACIÓN Y SUPERVISIÓN DE ASUNTOS FISCALES, LA A",0
RMS379975100141007,4875095,27048750953,OLMOS,OLGA NOEMI,"179734,03",,,,,,,,DIRECCION GENERAL DE CULTURA Y EDUCACIONDE LA PROVINCIA DE BS AS,30627393713,13 ENTRE 56 Y 57,000000,,,LA PLATA SUDESTE CAL,BUENOS AIRES,1900,841200,"SERVICIOS PARA LA REGULACIÓN DE LAS ACTIVIDADES SANITARIAS, EDUCATIVAS, CULTURALES, Y RESTANTES SERVICIOS SOCIALES, EXCEPTO SEGURIDAD SOCIAL OBLIGATORIA (INCLUYE  LA GESTIÓN ADMINISTRATIVA DE PROGRAMAS DESTINADOS A MEJORAR EL BIENESTAR DE LOS CIUDADANOS)",0
DNI 29009086,29009086,20290090866,BLANCO,CARLOS ESTEBAN,"323638,24",,,,,,,,PRAXAIR ARGENTINA SOCIEDAD DE RESPONSABILIDAD LIMITADA,30578780676,SAAVEDRA,002251,,,BARRIO RICARDO ROJAS,BUENOS AIRES,1617,201110,FABRICACIÓN DE GASES INDUSTRIALES Y MEDICINALES COMPRIMIDOS O LICUADOS,0
RMS376413111921004,11625677,27116256776,BERTUCCI,PATRICIA I,"118814,13",,,,,,,,INSTITUTO DE PREVISION SOCIAL DE LA PCIA DE BS AS,33633178009,47,000530,,,LA PLATA NOROESTE CA,BUENOS AIRES,1900,843000,"SERVICIOS DE LA SEGURIDAD SOCIAL OBLIGATORIA, EXCEPTO OBRAS SOCIALES (INCLUYE PAMI Y ANSES)",0
RMS376412219232009,22548725,20225487252,SORIANO,LEONARDO RODRIGO,"378693,75",,,,,,,,ADMINISTRACION FEDERAL DE INGRESOS PUBLICOS,33693450239,YRIGOYEN HIPOLITO,000370,4,475,CAPITAL FEDERAL,"CAPITAL FEDERAL ",1086,841100,"SERVICIOS GENERALES DE LA ADMINISTRACIÓN PÚBLICA (INCLUYE EL DESEMPEÑO DE FUNCIONES EJECUTIVAS Y LEGISLATIVAS DE ADMINISTRACIÓN POR PARTE DE LAS ENTIDADES DE LA ADMINISTRACIÓN CENTRAL, REGIONAL Y LOCAL, LA ADMINISTRACIÓN Y SUPERVISIÓN DE ASUNTOS FISCALES, LA A",0
RMS379975250543002,26847550,27268475503,MACIEL SILVIA MERCEDES,SILVIA MERCEDES,"81086,34",,,,,,,,MINISTERIO DE EDUCACION DE CORRIENTES,30707318240,LA RIOJA,000663,,,CORRIENTES,CORRIENTES,3400,841200,"SERVICIOS PARA LA REGULACIÓN DE LAS ACTIVIDADES SANITARIAS, EDUCATIVAS, CULTURALES, Y RESTANTES SERVICIOS SOCIALES, EXCEPTO SEGURIDAD SOCIAL OBLIGATORIA (INCLUYE  LA GESTIÓN ADMINISTRATIVA DE PROGRAMAS DESTINADOS A MEJORAR EL BIENESTAR DE LOS CIUDADANOS)",0
RMS376687653571000,26402466,20264024669,POLTAVCOV,JORGE NORBERTO,"54055,65",,,,,,,,GOBIERNO DE LA CIUDAD DE BUENOS AIRES,34999032089,PERON JUAN TTE.GRAL.,000788,07,,CAPITAL FEDERAL,"CAPITAL FEDERAL ",1038,841100,"SERVICIOS GENERALES DE LA ADMINISTRACIÓN PÚBLICA (INCLUYE EL DESEMPEÑO DE FUNCIONES EJECUTIVAS Y LEGISLATIVAS DE ADMINISTRACIÓN POR PARTE DE LAS ENTIDADES DE LA ADMINISTRACIÓN CENTRAL, REGIONAL Y LOCAL, LA ADMINISTRACIÓN Y SUPERVISIÓN DE ASUNTOS FISCALES, LA A",0
RMS376418071851000,12421124,27124211242,ASTRADA,MARISA ADRIANA,"2985,96",,,,,,,,CAMARA DE SENADORES DE LA PROVINCIA DE SALTA,30999255899,MITRE,000550,,,SALTA,"SALTA ",4400,841100,"SERVICIOS GENERALES DE LA ADMINISTRACIÓN PÚBLICA (INCLUYE EL DESEMPEÑO DE FUNCIONES EJECUTIVAS Y LEGISLATIVAS DE ADMINISTRACIÓN POR PARTE DE LAS ENTIDADES DE LA ADMINISTRACIÓN CENTRAL, REGIONAL Y LOCAL, LA ADMINISTRACIÓN Y SUPERVISIÓN DE ASUNTOS FISCALES, LA A",0
RMS376414951951002,25800380,20258003803,UBALDI,ROBERTO MARTIN,"356848,50",,,,,,,,ACCENTURE SOCIEDAD DE RESPONSABILIDAD LIMITADA,33610006189,SAENZ PEðA R. PTE. A,000777,,,CAPITAL FEDERAL,"CAPITAL FEDERAL ",1035,620900,SERVICIOS DE INFORMÁTICA N.C.P.,0
RMS376635279881006,8269508,20082695088,VEGA,IGNAIO,"138560,29",,,,,,,,INSTITUTO DE PREVISION SOCIAL DE LA PCIA DE BS AS,33633178009,47,000530,,,LA PLATA NOROESTE CA,BUENOS AIRES,1900,843000,"SERVICIOS DE LA SEGURIDAD SOCIAL OBLIGATORIA, EXCEPTO OBRAS SOCIALES (INCLUYE PAMI Y ANSES)",0
DNI 30406224,30406224,27304062245,FRESCHI GERARDO ALFREDO,GERARDO ALFREDO,"78421,82",,,,,,,,CREDINEA SA,30620608730,AV.25 DE MAYO,001587,,,RESISTENCIA,"CHACO ",3500,649290,"SERVICIOS DE CRÉDITO N.C.P. (INCLUYE EL OTORGAMIENTO DE PRÉSTAMOS POR ENTIDADES QUE NO RECIBEN DEPÓSITOS Y QUE ESTÁN FUERA DEL SISTEMA BANCARIO Y CUYO DESTINO ES FINANCIAR EL CONSUMO, LA VIVIENDA U OTROS BIENES)",0
RMS379975539171005,12923984,27129239846,ACUÑA,SUSANA MABEL,"106853,41",,,,,,,,INSTITUTO DE PREVISION SOCIAL DE LA PCIA DE BS AS,33633178009,47,000530,,,LA PLATA NOROESTE CA,BUENOS AIRES,1900,843000,"SERVICIOS DE LA SEGURIDAD SOCIAL OBLIGATORIA, EXCEPTO OBRAS SOCIALES (INCLUYE PAMI Y ANSES)",0
RMS379975021461005,20636958,20206369583,BORDA,PATRICIO MARTIN,"70650,00",,,,,,,,FULL PRESS SA,30710718195,ALVEAR MARCELO T. DE,000548,8,A,CAPITAL FEDERAL,"CAPITAL FEDERAL ",1058,731009,SERVICIOS DE PUBLICIDAD N.C.P.,0
DNI 33389966,33389966,27333899669,PEDROSA,MARIA TERESA,"80319,60",,,,,,,,TEN+ PRODUCCIONES S.A.S.,30716463644,,,,,,,,931030,PROMOCIÓN Y PRODUCCIÓN DE ESPECTÁCULOS DEPORTIVOS,0
DNI 36072646,36072646,20360726461,MARIÑO SERRATORE,JUAN CARLOS,"5002,65",,,,,,,,UNIC SERVICIOS GASTRONOMICOS S.R.L.,30714778923,,,,,,,,561011,SERVICIOS DE RESTAURANTES Y CANTINAS SIN ESPECTÁCULO,0
DNI 38570201,38570201,23385702019,DUPORTAL,LUIS MANUEL,"89655,38",,,,,,,,COTO CENTRO INTEGRAL DE COMERCIALIZACION SOCIEDAD ANONIMA,30548083156,PAYSANDU,001842,,,CAPITAL FEDERAL,"CAPITAL FEDERAL ",1416,471120,VENTA AL POR MENOR EN SUPERMERCADOS,0
DNI 43113800,43113800,20431138000,VELAZQUEZ,BRUNO LUCAS MAXIMILIANO,"66287,56",,,,,,,,CONTADURIA GENERAL DEL EJERCITO,30546690519,"PIEDRAS             ","000141 ",01,"   ","CAPITAL FEDERAL     ","CAPITAL FEDERAL     ","1070      ",842200,SERVICIOS DE DEFENSA,0
DNI 28520550,28520550,27285205501,DANELON,MARIA ROMINA,"138473,58",,,,,,,,MINISTERIO DE JUSTICIA Y DERECHOS HUMANOS  SANTA FE,30708635274,3 DE FEBRERO,002649,,,SANTA FE,SANTA FE,3000,841100,"SERVICIOS GENERALES DE LA ADMINISTRACIÓN PÚBLICA (INCLUYE EL DESEMPEÑO DE FUNCIONES EJECUTIVAS Y LEGISLATIVAS DE ADMINISTRACIÓN POR PARTE DE LAS ENTIDADES DE LA ADMINISTRACIÓN CENTRAL, REGIONAL Y LOCAL, LA ADMINISTRACIÓN Y SUPERVISIÓN DE ASUNTOS FISCALES, LA A",0
DNI 23463885,23463885,20234638859,RAINIERI,GUSTAVO ADRIAN,"50903,36",,,,,,,,R&T SERVICIOS INFORMATICOS SRL,30710489250,FARREL,000062,,,VALENTIN ALSINA,BUENOS AIRES,1822,465990,"VENTA AL POR MAYOR DE MÁQUINAS, EQUIPO Y MATERIALES CONEXOS N.C.P.",0
DNI 31876752,31876752,20318767522,VALDEZ JUAN RAMON,JUAN RAMON,"52047,95",,,,,,,,LA ESTANCIA YAPEYU S.R.L.,30714076015,BARTOLOME MITRE Y BUENOS AIRES,0," "," ",LA CRUZ,CORRIENTES,3346,551090,"SERVICIOS DE HOSPEDAJE TEMPORAL N.C.P. (INCLUYE HOSPEDAJE EN ESTANCIAS, RESIDENCIAS PARA ESTUDIANTES Y ALBERGUES JUVENILES, APARTAMENTOS TURÍSTICOS, ETC.)",0
DNIE95743910,95743910,20957439102,CLEMENTE VILLEGAS ANGEL JESUS,CLEMENTE VILLEGAS ANGEL JESUS,"95032,40",,,,,,,,TRADE MARKETING TECHNOLOGIES SA,30711002916,LACROZE FEDERICO AV.,002097,,,CAPITAL FEDERAL,"CAPITAL FEDERAL ",1426,829900,SERVICIOS EMPRESARIALES N.C.P.,0
DNI 28027263,28027263,23280272639,PUCHETA ERMIDIO FEDERICO,ERMIDIO FEDERICO,"73843,94",,,,,,,,TEKNO FLOORING S.A.,30711769605,TUCUMAN,000637,3,,CAPITAL FEDERAL,"CAPITAL FEDERAL ",1049,162100,"FABRICACIÓN DE HOJAS DE MADERA PARA ENCHAPADO, FABRICACIÓN DE TABLEROS CONTRACHAPADOS, TABLEROS LAMINADOS, TABLEROS DE PARTÍCULAS Y TABLEROS Y PANELES N.C.P. (INCLUYE LA FABRICACIÓN DE MADERA TERCIADA Y  MACHIMBRE)",0
DNI 33193135,33193135,20331931358,FRIGEIRO,ROBERTO FEDERICO,"62791,58",,,,,,,,BBVA BANCO FRANCES SOCIEDAD ANONIMA,30500003193,RECONQUISTA,000199,,,CAPITAL FEDERAL,"CAPITAL FEDERAL ",1003,641930,SERVICIOS DE LA BANCA MINORISTA,0
DNI 36368528,36368528,27363685280,VELOZO,PAOLA NOELI,"52502,64",,,,,,,,ASOCIACION DE PADRES PASIONISTAS,33611969959,ESTADOS UNIDOS,003150,,,CAPITAL FEDERAL,"CAPITAL FEDERAL ",1228,949100,SERVICIOS DE ORGANIZACIONES RELIGIOSAS,0
DNI 26674230,26674230,20266742305,ZUBARAN,GUILLERMO SEBASTIAN,"0,01",,,,,,,,EL HOTEL PILAR SA,30712292268,"RUTA 8 KM 60.5      ","000060 ","  ","   ",FATIMA ESTACION EMPA,"BUENOS AIRES        ","1633      ",551022,"SERVICIOS DE ALOJAMIENTO EN HOTELES, HOSTERÍAS Y RESIDENCIALES SIMILARES, EXCEPTO POR HORA, QUE INCLUYEN SERVICIO DE RESTAURANTE AL PÚBLICO",0
DNI 20428213,20428213,27204282132,MOSSOTTO,MARIEL,"160375,09",,,,,,,,MUNICIPALIDAD DE MORON,30999273250,"BROWN               ","000946 ","  ","   ","MORON               ","BUENOS AIRES        ","1708      ",841100,"SERVICIOS GENERALES DE LA ADMINISTRACIÓN PÚBLICA (INCLUYE EL DESEMPEÑO DE FUNCIONES EJECUTIVAS Y LEGISLATIVAS DE ADMINISTRACIÓN POR PARTE DE LAS ENTIDADES DE LA ADMINISTRACIÓN CENTRAL, REGIONAL Y LOCAL, LA ADMINISTRACIÓN Y SUPERVISIÓN DE ASUNTOS FISCALES, LA A",0
DNI 32001049,32001049,20320010498,PAREDES,JUAN PABLO,"182511,86",,,,,,,,PROVINCIA DE SALTA,30681304513,CENTRO CIVICO GRAND,000000,,,SALTA,"SALTA ",4400,841100,"SERVICIOS GENERALES DE LA ADMINISTRACIÓN PÚBLICA (INCLUYE EL DESEMPEÑO DE FUNCIONES EJECUTIVAS Y LEGISLATIVAS DE ADMINISTRACIÓN POR PARTE DE LAS ENTIDADES DE LA ADMINISTRACIÓN CENTRAL, REGIONAL Y LOCAL, LA ADMINISTRACIÓN Y SUPERVISIÓN DE ASUNTOS FISCALES, LA A",0
DNI 37297638,37297638,27372976387,VEDIA,ROMINA FABIANA,"75000,00",,,,,,,,GOBIERNO DE LA PROVINCIA DE SAN JUAN ADMINISTRACION CENTRAL,30999015162,CENTRO CIVICO 2DO PI,000000,2,,SAN JUAN,SAN JUAN,5400,841100,"SERVICIOS GENERALES DE LA ADMINISTRACIÓN PÚBLICA (INCLUYE EL DESEMPEÑO DE FUNCIONES EJECUTIVAS Y LEGISLATIVAS DE ADMINISTRACIÓN POR PARTE DE LAS ENTIDADES DE LA ADMINISTRACIÓN CENTRAL, REGIONAL Y LOCAL, LA ADMINISTRACIÓN Y SUPERVISIÓN DE ASUNTOS FISCALES, LA A",0
DNI 16169401,16169401,27161694016,ORTEGA,CARMEN BEATRIZ,"75353,00",,,,,,,,COOPERATIVA TELEFONICA DE PERICO LIMITADA,30566535315,9 DE JULIO,000150,,,PERICO,"JUJUY ",4608,614010,SERVICIOS DE PROVEEDORES DE ACCESO A INTERNET,0
DNI 42517521,42517521,20425175212,RIVAS,BRUNO SANTIAGO,"0,00",,,,,,,,ARCOS DORADOS ARGENTINA SOCIEDAD ANONIMA,30610252334,ROQUE SAENZ PEðA,000432,,,OLIVOS,BUENOS AIRES,1636,561013,"SERVICIOS DE ""FAST FOOD"" Y LOCALES DE VENTA DE COMIDAS Y BEBIDAS AL PASO (INCLUYE EL EXPENDIO DE HAMBURGUESAS, PRODUCTOS LÁCTEOS EXCEPTO HELADOS, ETC.)",0
DNI 21764914,21764914,20217649146,ONTIVERO,WALTER RODOLFO,"174159,10",,,,,,,,AEROLINEAS ARGENTINAS SOCIEDAD ANONIMA,30641405554,BOUCHARD AV.,000547,09,,CAPITAL FEDERAL,"CAPITAL FEDERAL ",1106,511000,SERVICIO DE TRANSPORTE AÉREO DE PASAJEROS,0
DNI 25254045,25254045,24252540454,MOYANO,DANTE ALEXIS,"43500,00",,,,,,,,MORA MARIA DEL CARMEN,27132593952,,,,,,,,524120,SERVICIOS  DE PLAYAS DE ESTACIONAMIENTO Y GARAJES,0
DNI 10067536,10067536,27100675361,PAIZ,NORA MIRTA,"76376,50",,,,,,,,CAJA DE JUBILACIONES Y PENSIONES DE LA  PROVINCIA DE SANTA FE,30999002850,PRIMERA JUNTA,002724,06,000,SANTA FE,SANTA FE,3000,843000,"SERVICIOS DE LA SEGURIDAD SOCIAL OBLIGATORIA, EXCEPTO OBRAS SOCIALES (INCLUYE PAMI Y ANSES)",0
DNI 10773549,10773549,27107735491,GUTIERREZ,ADRIANA ELENA,"76782,23",,,,,,,,CAJA DE JUBILACIONES  PENSIONES Y RETIROS DE CORDOBA,30999012880,ALVEAR,000015,,,BARRIO CENTRO SUR,"CORDOBA ",5000,843000,"SERVICIOS DE LA SEGURIDAD SOCIAL OBLIGATORIA, EXCEPTO OBRAS SOCIALES (INCLUYE PAMI Y ANSES)",0
DNI 95550616,95550616,20955506163,FLORENCIO PALACIOS CARLOS STYVENS,FLORENCIO PALACIOS CARLOS STYVENS,"27440,09",,,,,,,,A.B.I. S.R.L.,30708638176,PUDU,000938,,15,NEUQUEN,"NEUQUEN ",8300,410021,"CONSTRUCCIÓN, REFORMA Y REPARACIÓN DE EDIFICIOS NO RESIDENCIALES (INCLUYE CONSTRUCCIÓN, REFORMA Y REPARACIÓN DE RESTAURANTES, BARES, CAMPAMENTOS, BANCOS, OFICINAS, GALERÍAS COMERCIALES, ESTACIONES DE SERVICIO, EDIFICIOS PARA TRÁFICO Y COMUNICACIONES, GARAJES,",0
DNI 13335191,13335191,20133351915,VOLOSCHIN,LUIS JORGE,"0,00",,,,,,,,UNIVERSIDAD NACIONAL DE CUYO,30546669463,CENTRO UNIVERSITARIO,000000,,,MENDOZA,"MENDOZA ",5500,853201,ENSEÑANZA UNIVERSITARIA EXCEPTO FORMACIÓN DE POSGRADO,0
DNI 31718300,31718300,20317183004,LOPEZ,JUAN JOSE,"166093,11",,,,,,,,TERNIUM ARGENTINA S A,30516888241,DELLA PAOLERA CARLOS,000299,1,,CAPITAL FEDERAL,"CAPITAL FEDERAL ",1001,241009,FABRICACIÓN EN INDUSTRIAS BÁSICAS DE PRODUCTOS DE HIERRO Y ACERO N.C.P. (INCLUYE LA PRODUCCIÓN DE HOJALATA),0
DNI 38617587,38617587,24386175876,RODRIGUEZ,"RODRIGUEZ AGUSTINA ABIGAIL                                                                                                                            ","90331,14",,,,,,,,BIBLIOTECA DEL CONGRESO DE LA NACION,30586759198,,,,,,,,841100,"SERVICIOS GENERALES DE LA ADMINISTRACIÓN PÚBLICA (INCLUYE EL DESEMPEÑO DE FUNCIONES EJECUTIVAS Y LEGISLATIVAS DE ADMINISTRACIÓN POR PARTE DE LAS ENTIDADES DE LA ADMINISTRACIÓN CENTRAL, REGIONAL Y LOCAL, LA ADMINISTRACIÓN Y SUPERVISIÓN DE ASUNTOS FISCALES, LA A",0
