﻿IdExterno,CUIL,Documento,Apellido,Nombre,CodigoArea,Numero,Proveedor,Fuente
DNI 23296211,27232962114,23296211,OVEJERO,MARIA CECILIA,223,2234880,,ANSES
DNI 18327327,27183273278,18327327,LENGUAZA RITA CARMEN,RITA CARMEN,370,4445680,Telecom Argentina,Telecom
DNI 30173673,20301736739,30173673,REGIS,MAURO RAUL,3471,495099,"COOPERATIVA DE SERVICIOS TELEFONICOS DE MONTES DE ",ANSES
DNI 29686485,23296864854,29686485,CAMARGO,MARIA CRISTINA,342,4885331,Telecom Argentina,Movistar
DNI 24802849,27248028497,24802849,BAUQUE,MARIA CONSTANZA,381,4317967,Telecom Argentina,Telecom
DNI 22133578,20221335784,22133578,Colqui,Samuel Augusto,11,60766883,Telefonica Argentina,Telefonica
DNI 22133578,27221335789,22133578,PIERGALLINI,ROSANA TERESA,11,60766883,Telefonica Argentina,Telefonica
DNI 28971512,27289715121,28971512,AGUILERA,GABRIELA NOEMI,11,54359935,TELMEX ARGENTINA SOCIEDAD ANONIMA,ANSES
DNI 28971512,27289715121,28971512,AGUILERA,GABRIELA NOEMI,11,44591391,Telefonica Argentina,Movistar
DNI 23137814,27231378141,23137814,MOREYRA,ELIZABETH NOEMI,11,47023841,Telecom Argentina,Movistar
DNI 31383203,27313832037,31383203,MONTI,MIRIAN VANESA,3400,488742,Telecom Argentina,Telecom
DNIE96017869,27960178691,96017869,BAEZ GIL RAQUEL PATRICIA,BAEZ GIL RAQUEL PATRICIA,11,43598234,Telefonica Argentina,ANSES
DNI 29823800,20298238005,29823800,LACARRUBBA,"HEIM MAURICIO ADR                                                                                                                                     ",11,42641981,Telefonica Argentina,Movistar
DNI 29823800,23298238004,29823800,LACARRUBBA,PAMELA GISELA,11,42641981,Telefonica Argentina,Movistar
DNI 12031282,27120312826,12031282,SPOLIDORI,GRACIELA BEATRIZ,11,55554444,TELMEX ARGENTINA SOCIEDAD ANONIMA,ANSES
DNI 26457794,20264577943,26457794,CONT,DIEGO MARTIN,11,49427304,Telefonica Argentina,Movistar
DNI 12636914,27126369145,12636914,DUTRA,SUSANA HAYDEE,11,11111111,,Movistar
DNI 25825053,20258250533,25825053,ARMENDANO,HUGO RAMIRO,223,4762325,Telefonica Argentina,Movistar
DNI 25825053,27258250538,25825053,FARMACIA,LIBERTAD,223,4762325,Telefonica Argentina,Movistar
DNI 38624328,20386243280,38624328,PISTAN,IVAN FRANCO,11,49313629,Telefonica Argentina,Movistar
DNI 44434618,20444346184,44434618,CARBONE,FRANCISCO GASTÓN,11,44885566,Telefonica Argentina,ANSES
DNI 28146395,27281463956,28146395,OCAMPO,MARIELA ELISABET,341,4625188,Telecom Argentina,ANSES
DNI 11235494,20112354949,11235494,TURIN,ALBERTO JOSE,3442,442672,Telecom Argentina,Movistar
DNI 22085576,27220855762,22085576,ARANDA,PAULA ANDREA,11,42557278,Telefonica Argentina,Telefonica
DNI 22275917,27222759175,22275917,ROMERO,GLADYS,11,40057371,Telecom Argentina,ANSES / Telecom
DNI 21081608,23210816089,21081608,FINS,SERGIO OSCAR,11,47547600,Telecom Argentina,ANSES
DNI 33935702,20339357022,33935702,PARDO SANZANA,RENE EDUARDO,2262,427003,Telefonica Argentina,Cablevision
DNI 35097472,20350974726,35097472,MARTINEZ,FELIX SAUL,11,42625549,Telefonica Argentina,Movistar
DNI 30306774,20303067745,30306774,SANDOVAL,FABIAN RAMON,3858,423298,Telecom Argentina,ANSES
DNI 41921333,20419213331,41921333,LEONARDT,AGUSTIN NICOLAS,11,46921207,Telefonica Argentina,ANSES
DNI 41921333,20419213331,41921333,LEONARDT,AGUSTIN NICOLAS,11,11111111,,Movistar
DNI 17136501,27171365010,17136501,PERALTA,SANDRA LIA,3863,428311,Telecom Argentina,Telecom
DNI 34669946,27346699464,34669946,CACERES,MERIBEL ANTONELA,11,42341529,Telefonica Argentina,ANSES / Movistar
DNI 16500058,27165000582,16500058,GONZALEZ,SILVIA ADRIANA,351,4996276,Telecom Argentina,Telecom
DNI 25556488,24255564885,25556488,JACQUET,"JAQUET MONICA SANDRA                                                                                                                                  ",11,42517161,Telefonica Argentina,Telefonica
DNI 37992199,20379921990,37992199,ALVAREZ,MARCOS EZEQUIEL,11,42229323,Telefonica Argentina,Movistar
DNIE95629748,27956297481,95629748,GARCIA CARVALLO CLAUDIA CAROLI,CARVALLO CLAUDIA CAR,11,11111111,,Movistar
DNI 22590848,27225908481,22590848,ANEA,MARTA,11,46670588,Telefonica Argentina,Telecom
DNI 27536836,23275368369,27536836,OYHENART,DARIO,11,11697327,,ANSES
DNI 27536836,23275368369,27536836,OYHENART,DARIO,11,45836335,Telecom Argentina,Movistar
DNI 26741791,20267417912,26741791,VARGAS,WALTER GASTÓN,11,47040431,Telecom Argentina,Telecom
DNI 34487857,23344878579,34487857,PERROTTA,ESTEBAN AGUSTIN,11,11111111,,Movistar
DNI 26480547,27264805479,26480547,GUTIERREZ,LORENA SOLEDAD,351,4500490,Telecom Argentina,Telecom
DNI 14070891,27140708912,14070891,BEDOYA,GRACIELA BEATRIZ,11,42241222,Telefonica Argentina,ANSES
DNI 39841229,20398412290,39841229,OVELAR FRANCISCO GABRIEL,FRANCISCO GABRIEL,3447,470624,Telecom Argentina,ANSES
DNI 28474287,27284742872,28474287,HARRIAGUE,GLADYS MARIELA,11,44415918,Telefonica Argentina,Movistar
DNIE95786305,20957863052,95786305,MONTERO CARBALLO ANDRES ALFONZO,MONTERO CARBALLO ANDRES ALFONZO,11,11111111,,Movistar
DNI 33108384,23331083844,33108384,CORONEL,JESICA PAOLA,221,4694006,Telefonica Argentina,Movistar
DNI 34561082,27345610826,34561082,TONI,CINTIA ANTONELA,223,4817510,Telefonica Argentina,ANSES
DNI 34561082,27345610826,34561082,TONI,CINTIA ANTONELA,11,11111111,,Movistar
DNI 31706405,20317064056,31706405,CARRUEGA,CARLOS MARIA,3456,421027,Telecom Argentina,ANSES
DNI 33108384,20331083845,33108384,CORONEL,"CORONEL YESICA PAOLA                                                                                                                                  ",221,4694006,Telefonica Argentina,Movistar
DNI 33155329,27331553293,33155329,BEN,JORGELINA,11,49627755,Telecom Argentina,Movistar
DNI 29824164,27298241647,29824164,CAMPOS,ROMINA VANESA,11,44850939,Telefonica Argentina,Movistar
DNI 35458418,27354584188,35458418,ARANDA,DESIRE SOLEDAD,342,4883034,Telecom Argentina,ANSES
DNI 10012926,23100129264,10012926,RUIZ,HILDA DALMIRA,11,55550000,TELMEX ARGENTINA SOCIEDAD ANONIMA,ANSES
DNI 40303655,27403036558,40303655,GONZALEZ,SANDRA ANABELA,11,54307333,TELMEX ARGENTINA SOCIEDAD ANONIMA,ANSES
DNI 28825666,20288256668,28825666,IBARROLA,ANDRES MARCELO,11,11111111,,Movistar
DNI 18555238,27185552387,18555238,GOÑI,MARTA BEATRIZ,11,54334181,TELMEX ARGENTINA SOCIEDAD ANONIMA,ANSES
DNI 22506325,27225063252,22506325,JUGO,ELIZABETH ARGELIA,223,4875669,Telefonica Argentina,Movistar
DNI 22506325,27225063252,22506325,JUGO,ELIZABETH ARGELIA,223,4875069,Telefonica Argentina,Telefonica
DNIE94852922,20948529220,94852922,SEMELMAN FONTAINE JONATHAN DAVID,FONTAINE JONATHAN DA,11,45230200,Telecom Argentina,ANSES
DNI 21650133,20216501331,21650133,ESCOBAR,OSMAR DARIO,3444,422220,Telecom Argentina,Movistar
DNI 42046512,20420465123,42046512,URQUIJO,CANDELA,11,48409646,Telecom Argentina,ANSES
DNI 42046512,27420465128,42046512,URQUIJO,CANDELA,11,48409646,Telecom Argentina,ANSES
DNI 18019587,20180195875,18019587,FARFAN,NESTOR AGUSTIN,387,4351657,Telecom Argentina,Movistar / Telecom
DNI 34004571,20340045719,34004571,CERRILLO,JUAN MANUEL,11,11111111,,Movistar
DNI 30957080,23309570804,30957080,FERNANDEZ,SAMANTA ELISABETH,11,42788612,Telefonica Argentina,ANSES
DNI 41612405,20416124052,41612405,BARAKAT,ALEXANDER MOHAMED,3756,422620,Telecom Argentina,ANSES
DNI 27135403,27271354032,27135403,GONZALEZ,GRACIELA NOEMI,299,4476642,Telefonica Argentina,Telefonica
DNI 7839363,20078393638,7839363,ALVARENGA,JORGE RAMON,11,43421817,Telefonica Argentina,ANSES
DNI 7839363,20078393638,7839363,ALVARENGA,JORGE RAMON,11,42323547,Telefonica Argentina,Telefonica
DNI 7839363,20078393638,7839363,ALVARENGA,JORGE RAMON,11,42955565,Telefonica Argentina,Telefonica
DNI 29523912,20295239124,29523912,BELLAGAMBA,ARIEL DAMIAN,11,42115268,Telefonica Argentina,Movistar
DNI 27121103,20271211032,27121103,WILLAMS,ADOLFO EZEQUIEL,341,4325016,Telecom Argentina,Telecom
DNI 27121103,20271211032,27121103,WILLAMS,ADOLFO EZEQUIEL,341,4471092,Telecom Argentina,Telecom
DNI 27812421,20278124216,27812421,RIVERO,NESTOR MATIAS,11,43120219,Telecom Argentina,Movistar
DNI 22941094,20229410947,22941094,CORIMAYO,SEBASTIAN,11,11111111,,Movistar
DNI 22076995,20220769950,22076995,PALOMINO DOMINGUEZ,JUAN CARLOS,11,46825180,Telefonica Argentina,ANSES
DNIE92854144,20928541445,92854144,BALEIRON,"ESTEBAN DANIEL         ",11,45861639,Telecom Argentina,Telecom
DNI 27556127,20275561275,27556127,ARGENTI,JORGE JAVIER,11,42562323,Telefonica Argentina,ANSES
DNI 16979451,27169794516,16979451,ORTEGA,NORA MABEL,11,44523092,Telefonica Argentina,Movistar
DNI 16979451,27169794516,16979451,ORTEGA,NORA MABEL,11,44520993,Telefonica Argentina,Telefonica
DNI 22430300,27224303004,22430300,LEON,MARIANA,11,49238882,Telefonica Argentina,Telefonica
DNI 10770173,20107701738,10770173,SCANGARELLO,HECTOR FERNANDO,351,1351464,,ANSES
DNI 33698444,20336984441,33698444,VALDEZ,LUCAS DAMIAN,11,47392164,Telecom Argentina,ANSES
DNI 11433284,23114332844,11433284,VAZQUEZ NESTIERO,VIVIANA GRACIELA,223,4843826,Telefonica Argentina,ANSES / Telefonica
DNI 28376215,20283762158,28376215,SEJAS,RUBEN ALFREDO,11,43873768,Telefonica Argentina,ANSES
DNI 28820593,20288205931,28820593,ROLDAN,PABLO DIEGO,11,47349345,Telecom Argentina,ANSES
DNI 25772269,20257722695,25772269,HAFEZ,LEONEL MAXIMILIANO,11,42185738,Telefonica Argentina,Movistar
DNI 18782893,20187828938,18782893,MARTINEZ ARANDA,JORGE RAMON,11,47392621,Telecom Argentina,Telecom
DNI 20420047,27204200470,20420047,AMITRANO,CLAUDIA NADINA,11,48251905,Telecom Argentina,Telecom
DNI 10145010,20101450105,10145010,INSAURRALDE,AGUSTIN TEOFILO,2320,481199,COOPERATIVA TELEFONICA DE GRAND BOURG SERVICIOS PU,ANSES / Movistar
DNI 18300474,20183004744,18300474,PONCE,ANDRES RAUL,385,4224109,Telecom Argentina,Movistar
RMS379975100141007,20048750959,4875095,OLMOS,"NEDICH DIEGO M                                                                                                                                        ",11,47651450,Telecom Argentina,Telecom
RMS379975100141007,27048750953,4875095,OLMOS,OLGA NOEMI,11,47651450,Telecom Argentina,Telecom
DNI 29009086,20290090866,29009086,BLANCO,CARLOS ESTEBAN,387,4361258,Telecom Argentina,Movistar
RMS376413111921004,27116256776,11625677,BERTUCCI,PATRICIA I,11,47666933,Telecom Argentina,Movistar
RMS376418380542001,20261301661,26130166,SZAJNOWICZ,PATRICIO,11,43730251,Telefonica Argentina,Telefonica
RMS376415570501003,20045099874,4509987,BUFFA,ENRIQUE JULIO,11,47942474,Telecom Argentina,ANSES / Telecom
RMS376415570501003,20045099874,4509987,BUFFA,ENRIQUE JULIO,351,4789297,Telecom Argentina,ANSES
RMS376415570501003,27045099879,4509987,LUNA,MARGARITA MARIA,11,47942474,Telecom Argentina,ANSES / Telecom
RMS376415570501003,27045099879,4509987,LUNA,MARGARITA MARIA,351,4789297,Telecom Argentina,ANSES
RMS376412219232009,20225487252,22548725,SORIANO,LEONARDO RODRIGO,11,46052366,Telefonica Argentina,ANSES / Telefonica
RMS376410520839009,20106492345,10649234,MOCORREA,FEDERICO ALBERTO,3388,420798,Telecom Argentina,ANSES
RMS376687653571000,20264024669,26402466,POLTAVCOV,JORGE NORBERTO,11,45443330,Telecom Argentina,ANSES
RMS376418071851000,27124211242,12421124,ASTRADA,MARISA ADRIANA,3873,425388,Telecom Argentina,Telecom
RMS376418071851000,27124211242,12421124,ASTRADA,MARISA ADRIANA,3873,424594,Telecom Argentina,Telecom
RMS376414951951002,20258003803,25800380,UBALDI,ROBERTO MARTIN,237,4623807,Telefonica Argentina,Movistar
RMS376418369503008,20083541734,8354173,SILVA,JUAN M,221,4220300,Telefonica Argentina,ANSES / Telefonica
RMS376418369503008,20083541734,8354173,SILVA,JUAN M,221,4704869,Telefonica Argentina,Telecom
RMS376685858592003,23294986774,29498677,SERENA,CAROLINA,11,42375806,Telefonica Argentina,Telefonica
RMS376685858592003,23294986774,29498677,SERENA,CAROLINA,11,42876298,Telefonica Argentina,Telefonica
RMS376411121821008,20235732093,23573209,MALDONADO,GERMAN ALBERTO,11,46976870,Telefonica Argentina,Telefonica
RMS376402209904006,20048527176,4852717,NIGRELLI,FRANCISCO P,11,46299667,Telefonica Argentina,ANSES
RMS376402209904006,20048527176,4852717,NIGRELLI,FRANCISCO P,351,4831215,Telecom Argentina,ANSES / Telecom
RMS376402209904006,20048527176,4852717,NIGRELLI,FRANCISCO P,11,44830297,Telefonica Argentina,Telefonica
RMS376635279881006,20082695088,8269508,VEGA,IGNAIO,11,47645368,Telecom Argentina,Telecom
RMS376415135122006,23045923509,4592350,NAUMOW,ROBERTO JORGE,11,47454745,Telecom Argentina,ANSES
RMS376415135122006,23045923509,4592350,NAUMOW,ROBERTO JORGE,341,4622708,Telecom Argentina,Telecom
RMS376415135122006,23045923509,4592350,NAUMOW,ROBERTO JORGE,11,49012267,Telefonica Argentina,Telefonica
RMS376402209904006,27048527170,4852717,AGUERO,SUSANA MERCEDES,11,46299667,Telefonica Argentina,ANSES
RMS376402209904006,27048527170,4852717,AGUERO,SUSANA MERCEDES,351,4831215,Telecom Argentina,ANSES / Telecom
RMS376402209904006,27048527170,4852717,AGUERO,SUSANA MERCEDES,11,44830297,Telefonica Argentina,Telefonica
RMS376415135122006,27045923504,4592350,PIUMA,ELSA BEATRIZ,11,47454745,Telecom Argentina,ANSES
RMS376415135122006,27045923504,4592350,PIUMA,ELSA BEATRIZ,341,4622708,Telecom Argentina,Telecom
RMS376415135122006,27045923504,4592350,PIUMA,ELSA BEATRIZ,11,49012267,Telefonica Argentina,Telefonica
DNI 30406224,27304062245,30406224,FRESCHI GERARDO ALFREDO,GERARDO ALFREDO,362,4416433,Telecom Argentina,Telecom
RMS379975539171005,27129239846,12923984,ACUÑA,SUSANA MABEL,11,48470957,Telecom Argentina,ANSES / Telecom
RMS379975021461005,20206369583,20636958,BORDA,PATRICIO MARTIN,11,47155286,Telecom Argentina,Telecom
RMS376686447844004,20169516384,16951638,TENENBAUM,LEON,11,43264389,Telefonica Argentina,Telefonica
RMS376686447844004,20169516384,16951638,TENENBAUM,LEON,11,60790910,Telefonica Argentina,Telefonica
RMS376686447844004,20169516384,16951638,TENENBAUM,LEON,11,43264394,Telefonica Argentina,Telefonica
RMS376686447844004,20169516384,16951638,TENENBAUM,LEON,11,48620272,Telefonica Argentina,Telefonica
DNI 23463885,20234638859,23463885,RAINIERI,GUSTAVO ADRIAN,11,63333361,Telefonica Movistar,ANSES
DNI 10047069,20100470692,10047069,DE CASTRO,DAVID ALBERTO,351,4213484,Telecom Argentina,ANSES
DNI 33193135,20331931358,33193135,FRIGEIRO,ROBERTO FEDERICO,11,43423605,Telefonica Argentina,Movistar
DNI 13548615,23135486159,13548615,BATTAGLINI,ALFREDO JULIO,358,4885445,Telecom Argentina,ANSES
DNI 29286627,27292866270,29286627,BORRACCINI,AGUSTINA,11,43321871,Telefonica Argentina,Movistar
DNI 29286627,27292866270,29286627,BORRACCINI,AGUSTINA,3489,420170,Telecom Argentina,Telecom
DNI 31700823,27317008231,31700823,AMBROGGIO,MARIELA SOLEDAD,342,4895288,Telecom Argentina,ANSES
DNI 28884407,20288844071,28884407,JAITT,SERGIO DANIEL,381,4223879,Telecom Argentina,Movistar
DNI 28884407,20288844071,28884407,JAITT,SERGIO DANIEL,381,4222260,Telecom Argentina,Telecom
DNI 28884407,20288844071,28884407,JAITT,SERGIO DANIEL,381,4975500,Telecom Argentina,Telefonica
DNI 27200738,20272007382,27200738,FAVA,GUSTAVO JULIAN,221,4519880,Telefonica Argentina,Movistar
DNI 27200738,20272007382,27200738,FAVA,GUSTAVO JULIAN,221,4518026,Telefonica Argentina,Telefonica
DNI 32378251,27323782518,32378251,MENDOZA,PATRICIA GISELE,2934,422198,Telefonica Argentina,Movistar
DNI 12944010,20129440105,12944010,AVIGLIANO,JUAN CARLOS,3465,499285,Telecom Argentina,Telecom
DNI 33563677,27335636770,33563677,MARINO,MARIA BELEN,11,42878958,Telefonica Argentina,Movistar
DNI 24575118,23245751184,24575118,VALLES,FLAVIA ANDREA,3401,442635,INTERLINK SOCIEDAD RESPONSABILIDAD LIMITADA,ANSES
DNI 16580664,20165806647,16580664,SCHMUKLER,EDUARDO ALBERTO,11,49836749,Telefonica Argentina,Telefonica
DNI 16580664,20165806647,16580664,SCHMUKLER,EDUARDO ALBERTO,11,49584918,Telefonica Argentina,Telefonica
DNI 16580664,20165806647,16580664,SCHMUKLER,EDUARDO ALBERTO,11,46003697,Telefonica Argentina,Telefonica
DNI 20428213,27204282132,20428213,MOSSOTTO,MARIEL,11,44893091,Telefonica Argentina,Telefonica
DNI 32001049,20320010498,32001049,PAREDES,JUAN PABLO,381,4228843,Telecom Argentina,Telecom
DNI 16169401,27161694016,16169401,ORTEGA,CARMEN BEATRIZ,388,4911684,COOPERATIVA TELEFONICA DE PERICO LIMITADA,ANSES
DNI 28064823,27280648235,28064823,RODRIGUEZ,MARIA SOLEDAD,353,4535070,Telecom Argentina,Telecom
DNI 34861198,23348611984,34861198,OJEDA,JESICA DAIANA,353,4527889,Telecom Argentina,ANSES
DNI 34861198,23348611984,34861198,OJEDA,JESICA DAIANA,353,690080,,Cablevision
DNI 8235537,20082355376,8235537,OLIVIER,JULIO CESAR,11,42677824,Telefonica Argentina,ANSES
DNI 7075008,20070750083,7075008,SANGENIS,PEDRO JOSE,3865,422030,Telecom Argentina,Telecom
DNI 25254045,20252540459,25254045,MOYANO,DANTE ALEXIS,261,4287142,Telefonica Argentina,ANSES
DNI 21764914,20217649146,21764914,ONTIVERO,WALTER RODOLFO,220,4830351,Telefonica Argentina,ANSES
DNI 25254045,24252540454,25254045,MOYANO,DANTE ALEXIS,261,4287142,Telefonica Argentina,ANSES
DNI 35601879,20356018797,35601879,MORALES,ROLANDO JAVIER,299,4487974,Telefonica Argentina,ANSES
DNI 10067536,27100675361,10067536,PAIZ,NORA MIRTA,341,4644802,Telecom Argentina,ANSES / Telecom
DNI 10773549,27107735491,10773549,GUTIERREZ,ADRIANA ELENA,351,4738954,Telecom Argentina,Telecom
DNI 10773549,27107735491,10773549,GUTIERREZ,ADRIANA ELENA,3542,490610,Telecom Argentina,Telecom
DNI 16162711,23161627119,16162711,FALCONE,NESTOR ANTONIO,2964,420771,Telefonica Argentina,Movistar / Telefonica
DNIE95902723,23959027234,95902723,FAJARDO LANDAETA MARIA CECILIA,FAJARDO LANDAETA MARIA CECILIA,11,46321195,Telefonica Argentina,Movistar
DNI 27183616,20271836164,27183616,TRABUCO,FERNANDO MARTIN,336,4427999,Telecom Argentina,Telecom
DNI 13335191,20133351915,13335191,VOLOSCHIN,LUIS JORGE,261,4449112,Telefonica Argentina,ANSES
DNI 37361271,20373612716,37361271,CALEGARI,JOSE ANTONIO,11,42875442,Telefonica Argentina,Movistar
DNI 18664992,20186649924,18664992,MONTERO,ADELA CRISTINA,343,4272851,Telecom Argentina,ANSES
DNI 17490966,20174909661,17490966,REY,JOSE MARIO,11,46132801,Telefonica Argentina,ANSES
DNI 11242794,20112427946,11242794,VIVIANI,JUAN CARLOS,3774,422631,Telecom Argentina,ANSES
DNI 18664992,27186649929,18664992,MONTERO,ADELA CRISTINA,343,4272851,Telecom Argentina,ANSES
