﻿IdExterno,Documento,CUIL,Apellido,Nombre,RazonSocial
DNI 17140041,17140041,20171400415,,CANSINO ALFREDO DANTE,
DNI 23296211,23296211,27232962114,,OVEJERO MARIA  CECILIA,
DNI 18327327,18327327,27183273278,,LENGUAZA RITA CARMEN,
DNIE94823216,94823216,20948232163,,BONILLA CRISTIAN,
DNI 30173673,30173673,20301736739,,REGIS MAURO RAUL,
DNI 36529675,36529675,20365296759,,IGLESIAS MOLLI BENJAMIN,
DNIE95961400,95961400,27959614003,,RAMOS TARAZONA DARMARIS DEL JE,
DNI 29686485,29686485,23296864854,,CAMARGO MARIA CRISTINA,
DNI 37082420,37082420,20370824208,,PEREIRA NICOLAS,
DNI 36529675,36529675,27365296753,,IGLESIAS MOLLI BENJAMIN,
DNI 20602789,20602789,20206027895,,HAJART ENRIQUE ALEJANDRO,
DNIE95905820,95905820,27959058208,,MATHEUS ALTOE ANA AMELIA,
DNI 42725353,42725353,27427253533,,BIRON MARIA VICTORIA,
DNI 29958518,29958518,20299585183,,ROMAN DANIEL ALBERTO,
DNI 12041870,12041870,20120418700,,PEREZ HECTOR EZMENAR,
DNI 24802849,24802849,27248028497,,BAUQUE MARIA CONSTANZA,
DNI 31733574,31733574,20317335742,,ZORAT ARTURO ZADQUIEL,
DNIE95944575,95944575,27959445759,,VILLALOBOS MAYERLING,
DNIE96064355,96064355,27960643556,,VALADAO DOS SANTOS JURACY,
DNI 34220727,34220727,20342207279,,HERNANDEZ MATIAS FEDERICO,
DNI 14900416,14900416,20149004166,,CASTRO LUIS ALBERTO,
DNI 32732029,32732029,20327320298,,TORRENTE JONATAN DAMIAN,
DNI 43026051,43026051,27430260516,,COSTILLA LUDMILA AYLEN,
DNI 37103913,37103913,27371039134,,ALBERTI JESSICA DAIANA,
DNI 43054897,43054897,20430548973,,CARMONA LUCIANO,
DNI 43180963,43180963,20431809630,,VITALE FERNANDO ELIAS EZE,
DNIE94950878,94950878,20949508782,,AMORES MICHEL,
DNI 29059189,29059189,27290591894,,PASQUALICCHIO MARIA ELIZABETH,
DNI 22133578,22133578,20221335784,,PIERGALLINI ROSANA TERES,
DNI 22133578,22133578,27221335789,,PIERGALLINI ROSANA TERES,
DNI 25128749,25128749,20251287490,,LA GRECA BAL JOSE MARIA,
DNI 28971512,28971512,27289715121,,AGUILERA GABRIELA NOEMI,
DNI 36883035,36883035,27368830351,,ORELLANO MAIRA ALEJANDRA,
DNI 23137814,23137814,27231378141,,MOREYRA ELIZABETH NOEMI,
DNI 42001228,42001228,20420012285,,CABRERA GENARO SEBASTIAN,
DNIE95983650,95983650,27959836502,,TESSARI AVILA FERNANDA,
DNI 40389382,40389382,27403893825,,SANCHEZ MOLINUEVO SILVIA PATRI,
DNI 31383203,31383203,27313832037,,MONTI AYALA MIRIAN VANESA,
DNIE96026013,96026013,27960260134,,MARTINS VIEIRA PATRICIA APAREC,
DNIE96017869,96017869,27960178691,,BAEZ GIL RAQUEL PATRICIA,
DNI 14954497,14954497,27149544971,,ALTAMIRANO MARTA S,
DNI 12126900,12126900,20121269008,,FERNANDEZ ROBERTO LUCIANO,
DNI 29727337,29727337,20297273370,,INSFRAN GUSTAVO ADOLFO,
DNIE92108293,92108293,27921082938,,SALINAS TILLNER MYRIAM JULIANA,
DNI 29823800,29823800,20298238005,,LACARRUBBA PAMELA GISELA,
DNIE96051746,96051746,27960517461,,MOREIRA SILVA GENILMA,
DNIE95864734,95864734,23958647344,,FERNANDEZ LAURA,
DNI 29823800,29823800,23298238004,,LACARRUBBA PAMELA GISELA,
DNI 11524661,11524661,20115246616,,LLOMPART DANIEL EDGARDO,
DNI 23182277,23182277,27231822777,,VILLALVA DORA,
DNI 23969725,23969725,23239697259,,BARDOS GUSTAVO NELSON,
DNI 12031282,12031282,27120312826,,SPOLIDORI GRACIELA BEATRIZ,
DNI 26457794,26457794,20264577943,,CONT DIEGO MARTIN,
DNI 43776351,43776351,27437763513,,MENDOZA JULIA DEL CARMEN,
DNI 12636914,12636914,27126369145,,DUTRA SUSANA AHIDEE,
DNI 35586284,35586284,23355862844,,CORTES CARLA BETIANA,
DNI 37866431,37866431,20378664315,,EICHMAN LUCAS ANIBAL,
DNI 26326974,26326974,20263269749,,AMARILLO LEANDRO ABEL,
DNI 38186717,38186717,20381867170,,TORRES VICTOR EZEQUIEL,
DNI 40633515,40633515,20406335152,,TORRES AGUSTIN ALEJANDRO,
DNI 42367048,42367048,27423670482,,VARGAS MILAGROS AYELEN,
DNI 22373041,22373041,27223730413,,PALACIOS GABRIELA ALEJANDRA,
DNI 10490895,10490895,20104908951,,CORONEL FELIX,
DNI 25825053,25825053,20258250533,,ARMENDANO HUGO RAMIRO,
DNI 36690551,36690551,27366905516,,SANDOBAL ROMINA LORENA,
DNI 25825053,25825053,27258250538,,ARMENDANO HUGO RAMIRO,
DNI 35419129,35419129,27354191291,,ACOSTA FLAVIA,
DNI 38087758,38087758,27380877584,,AYRALA MARIA ANABEL,
DNI 38466856,38466856,27384668564,,NAVARRO LABASTI FELICITAS,
DNIE96002754,96002754,27960027545,,DA SILVA BARROS SUELEN,
DNI 38466856,38466856,23384668569,,NAVARRO LABASTI FELICITAS,
DNI 14203953,14203953,27142039538,,ALTAMIRANO ESTELA MARINA,
DNI 32092933,32092933,23320929334,,HRYSZCZUK RENZO EMANUEL,
DNI 32092933,32092933,20320929335,,HRYSZCZUK RENZO EMANUEL,
DNI 27570737,27570737,27275707371,,URBANO SILVINA ISABEL,
DNI 34444729,34444729,27344447298,,LUNA ANABEL,
DNIE95663619,95663619,20956636192,,FAJARDO RODRIGUEZ NELSON ANDRE,
DNI 38624328,38624328,20386243280,,PISTAN IVAN FRANCO,
DNI 34444729,34444729,20344447293,,LUNA ANABEL,
DNIE95801149,95801149,27958011496,,ACOSTA HERNANDEZ JANET JOSEFIN,
DNI 26768049,26768049,20267680494,,CORIA MIGUEL ELIAS,
DNI 16191867,16191867,23161918679,,TELLO  CARLOS ALBERTO,
DNI 35015896,35015896,20350158961,,ABRANSSON JOSE EMANUEL,
DNI 28933470,28933470,27289334705,,DIAZ SILVIA ANDREA,
DNIE95127654,95127654,27951276540,,TORRES PACUA CLAUDIA EVELINA,
DNI 36335256,36335256,20363352562,,VEGA MIGUEL ALEJANDRO,
DNI 39120391,39120391,20391203912,,LERME RODRIGUEZ PABLO ESTEBAN,
DNI 18907900,18907900,27189079007,,LOPEZ DAIANA ESTEFANIA,
DNI 44434618,44434618,20444346184,,CARBONE FRANCISCO,
DNIE96093456,96093456,20960934564,,AGUAYO IGNACIO,
DNI 34603305,34603305,27346033059,,GUERRERO CANCINO CARLA BELEN,
DNI 31083200,31083200,27310832001,,OLIVERA VERONICA ALEJANDRA,
DNIE95862972,95862972,27958629724,,COSTA CAVALHEIRO JANE ALVES,
DNI 35232824,35232824,27352328249,,ROJAS SABRINA,
DNI 12011196,12011196,20120111966,,OHANESSIAN MIGUEL ANGEL,
DNIE95925857,95925857,27959258576,,MELO CINTRA CAROLINE,
DNI 25158416,25158416,20251584169,,JOFRE MIGUEL ANTONIO,
DNI 29655890,29655890,20296558908,,CATANZANO FACUNDO ROBERTO,
DNI 38701368,38701368,27387013682,,MEDINA ANTONELLA ANOUX SAL,
DNI 28146395,28146395,27281463956,,OCAMPO MARIELA ELISABET,
DNI 29460206,29460206,20294602063,,MOYANO JAVIER,
DNI 11235494,11235494,20112354949,,TURIN ALBERTO JOSE,
DNI 33588847,33588847,27335888478,,FERNANDEZ MYRIAN VERONICA,
DNI 30116294,30116294,23301162944,,ALI ANA VALERIA,
DNI 37270193,37270193,20372701936,,GOMEZ  NICOLAS EMANUEL,
DNIE95928487,95928487,27959284879,,PINHO DA SILVA KETLEN NAYA,
DNI 40386461,40386461,20403864618,,RAIN CARLOS MARCELO,
DNI 22085576,22085576,27220855762,,ARANDA PAULA ANDREA,
DNI 22275917,22275917,27222759175,,ROMERO GLADYS,
DNI 21081608,21081608,23210816089,,FINS SERGIO OSCAR,
DNI 33935702,33935702,20339357022,,PARDO SANZANA RENE EDUARDO,
DNI 24622138,24622138,27246221389,,JIMENEZ SILVIA ANDREA,
DNI 22557709,22557709,27225577094,,RIVADENEIRA NOEMI DEL VALLE,
DNI 30185814,30185814,20301858141,,MOLINA AZED MIGUEL,
DNI 35097472,35097472,20350974726,,MARTINEZ FELIX SAUL,
DNI 33771609,33771609,20337716092,,OCAMPO LUCAS MAURICIO,
DNI 16816323,16816323,20168163232,,CASO JORGE OMAR,
DNI 30306774,30306774,20303067745,,SANDOVAL FABIAN RAMON,
DNI 10414811,10414811,20104148116,,MALDONADO ROLANDO LEONARDO,
DNI 40920338,40920338,20409203389,,DEALESSANDRIS NICOLAS,
DNI 33835106,33835106,20338351063,,ZAPIOLA CRISTIAN JONATAN,
DNI 39776753,39776753,27397767537,,AGUIRRE SAUCEDO MALENA,
DNI 34490843,34490843,27344908430,,YBARRA ERICA LILIANA,
DNI 41921333,41921333,20419213331,,LEONARDT AGUSTIN NICOLAS,
DNI 41410703,41410703,27414107031,,ESPEL ANA PAULA,
DNI 25832218,25832218,27258322180,,DUHAU VERONICA,
DNI 39936898,39936898,27399368982,,CORDOBA SOFIA BELEN,
DNI 42500838,42500838,27425008388,,TABOADA MARIAM ANTONELLA,
DNI 17136501,17136501,27171365010,,PERALTA SANDRA LIA,
DNI 27361811,27361811,20273618113,,LEDEZMA JOSE LUIS,
DNI 34669946,34669946,27346699464,,CACERES MERIBEL ANTONELA,
DNI 27092781,27092781,27270927810,,DAVILA NATALIA,
DNI 23873802,23873802,23238738024,,FERREYRA SILVANA LORELEY,
DNI 27930212,27930212,20279302126,,COPPOLA PABLO DAMIAN,
DNI 28254375,28254375,27282543759,,SOTO ELISABETH SOLEDAD,
DNI 42312748,42312748,27423127487,,GOMEZ NAZARENA NEREA,
DNI 16500058,16500058,27165000582,,GONZALEZ SILVIA ADRIANA,
DNI 43090280,43090280,27430902801,,VILAYPHANH CAMILA ANGELA,
DNI 33405916,33405916,20334059163,,FERRAROTI MATIAS LUIS,
DNI 26609826,26609826,20266098260,,BOIDI CLAUDIO JAVIER,
DNI 27671793,27671793,20276717937,,ABBA LUCIANO IGNACIO,
DNI 37240275,37240275,27372402755,,ANTIFORA SOFIA,
DNIE95713185,95713185,27957131854,,GONZALEZ ESTRADA OXSALIS NATAC,
DNI 29176610,29176610,27291766108,,MUSTO MARIA FERNANDA,
DNIE96073669,96073669,27960736694,,CASTILLO GUERRA YANNELIS TERESA,
DNIE94573315,94573315,20945733153,,POLO TORRES ALAN RAUL,
DNI 16856908,16856908,20168569085,,RIVERA ROBERTO DANIEL,
DNI 37604168,37604168,27376041684,,DIAZ JOHANNA,
DNI 37916101,37916101,23379161014,,VIEDMA LUCIANA DANIELA,
DNI 41692764,41692764,27416927648,,REYNA LOURDES ANTONELLA,
DNI 43668166,43668166,20436681667,,FRIAS MICAIAS JESUS,
DNI 40090722,40090722,27400907221,,REBUFELLO AGUSTINA FERNANDA,
DNI 25556488,25556488,27255564884,,"JACQUET, MONICA SANDRA",
DNI 34834714,34834714,20348347145,,CIPOLAT OSVALDO,
DNI 25556488,25556488,24255564885,,"JACQUET, MONICA SANDRA",
DNI 39149745,39149745,27391497457,,BOSCHINI MELANY AGOSTINA,
DNIE95889166,95889166,27958891666,,PORTELA DE PAULO JOSELAINE,
DNI 38880471,38880471,20388804719,,MOYANO JOSE MARIA,
DNI 25009160,25009160,27250091600,,LOZA CLAUDIA YUDYD,
DNI 45124833,45124833,27451248338,,LITERAS MARIA LUISA,
DNI 21534545,21534545,23215345459,,PETRY DIEGO ALBERTO,
DNI 28013518,28013518,20280135187,,LUCENA CRISTIAN ARIEL,
DNI 30443233,30443233,27304432336,,CASTILLO GABRIELA,
DNI 39414357,39414357,20394143570,,BLONSKY FACUNDO NICOLAS,
DNI 37992199,37992199,20379921990,,ALVAREZ MARCOS EZEQUIEL,
DNI 35558612,35558612,20355586120,,SILVESTRI JOSE LUIS,
DNIE95629748,95629748,27956297481,,GARCIA CARVALLO CLAUDIA CAROLI,
DNIE95479374,95479374,20954793746,,AZACON DIAZ CARLOS JESUS,
DNI 18037061,18037061,20180370618,,GONZALEZ DANIEL EDGARDO,
DNI 11987678,11987678,20119876789,,JORGE ARPADJIAN,
DNI 20691408,20691408,23206914084,,PENTENERO GUILLERMINA SILVIA M,
DNI 17492980,17492980,20174929808,,DECHAND MIGUEL ANGEL,
DNI 22590848,22590848,27225908481,,ANEA MARTA,
DNI 31692507,31692507,20316925074,,MANCUELLO SERGIO ARIEL,
DNI 27536836,27536836,23275368369,,OYHENART DARIO,
DNI 26741791,26741791,20267417912,,VARGAS WALTER GASTON,
DNI 34487857,34487857,23344878579,,PERROTTA ESTEBAN AGUSTIN,
DNI 34161165,34161165,27341611658,,LOPEZ VANESA MONSERRAT,
DNI 43318861,43318861,20433188617,,CENTURION AMANDA DEL COR,
DNI 43318861,43318861,27433188611,,CENTURION AMANDA DEL COR,
DNI 31982189,31982189,23319821899,,CERVIQO LUCAS ALBERTO,
DNIE95661645,95661645,27956616455,,VILORIA POLO VANESSA LIZETH,
DNI 41955933,41955933,23419559334,,HERRERA CANDELA,
DNI 29285022,29285022,20292850221,,ORTIZ JULIO DANIEL,
DNI 37319490,37319490,20373194906,,SILVA DAVID GERONIMO,
DNI 26480547,26480547,27264805479,,GUTIERREZ LORENA SOLEDAD,
DNI 14070891,14070891,27140708912,,BEDOYA GRACIELA BEATRIZ,
DNI 21313261,21313261,27213132615,,ECHAZU LILIANA,
DNI 27706581,27706581,27277065814,,MARULICH ELENA ANASTACIA,
DNI 33907105,33907105,27339071050,,CARUGATTI GISELA ESTEFANIA,
DNI 21524615,21524615,27215246154,,GONZALEZ MARIA DE LAS MERCEDE,
DNIE94401227,94401227,27944012279,,CORREA RUIZ LIZ LORENA,
DNI 27437993,27437993,20274379937,,CORREA DIEGO MARTIN,
DNI 22083196,22083196,27220831960,,AMADEO ANA CARMEN,
DNIE95556550,95556550,23955565509,,PENA BECHARA FREDERICK ANTONIO,
DNI 29173700,29173700,20291737006,,CASTRO SILVIO ALAN,
DNI 28022474,28022474,20280224740,,GORDIOLA SATURNINO,
DNI 39841229,39841229,20398412290,,OVELAR FRANCISCO GABRIEL,
DNI 31797797,31797797,20317977973,,TAPIA CRISTIAN ALEJANDRO,
DNI 28474287,28474287,27284742872,,HARRIAGUE GLADYS MARIELA,
DNI 40929659,40929659,23409296599,,MURUA MELITON IGNACIO,
DNI 33119585,33119585,27331195850,,ROMERO DANIELA VALERIA,
DNIE94867906,94867906,20948679060,,TORRES LOPEZ JHON ALEXANDER,
DNI 33119585,33119585,24331195851,,ROMERO DANIELA VALERIA,
DNI 36265220,36265220,20362652201,,PONCE JUAN MANUEL,
DNI 32425042,32425042,27324250420,,SILVERATI DI PRINZIO MARIA SOL,
DNIE95786305,95786305,20957863052,,MONTERO CARBALLO ANDRES ALFONZO,
DNI 30321325,30321325,20303213253,,MORALES RAFAEL FRANCISCO,
DNI 33108384,33108384,23331083844,,CORONEL JESICA PAOLA,
DNI 34561082,34561082,27345610826,,TONI CINTIA ANTONELA,
DNI 31706405,31706405,20317064056,,CARRUEGA CARLOS MARIA,
DNI 32923424,32923424,20329234240,,NAUTO GABRIEL ALEJANDRO,
DNI 19028932,19028932,20190289320,,MONTEALEGRE CUENCA DEIVIT ANDR,
DNIE95316306,95316306,20953163064,,MOLLINEDO CHOQUE MARCOS ABEL,
DNI 22775751,22775751,27227757510,,LEGUIZAMON SUSANA PATRICIA,
DNI 33108384,33108384,20331083845,,CORONEL JESICA PAOLA,
DNI 31224753,31224753,23312247534,,MOLINA VANESA ELIZABETH,
DNI 21544485,21544485,20215444857,,JORGE JORGE DANIEL,
DNI 33155329,33155329,27331553293,,BEN JORGELINA,
DNI 22051681,22051681,20220516815,,GONZALEZ MARCELO RAMON,
DNI 33922581,33922581,27339225813,,OLARAN MARIANA,
DNI 29738665,29738665,23297386654,,RUEDA CAROLINA ALEJANDRA,
DNI 29824164,29824164,27298241647,,CAMPOS ROMINA VANESA,
DNI 40323975,40323975,27403239750,,OJEDA MARIA AYELEN,
DNI 33208565,33208565,20332085655,,JUAREZ JOSE LUIS,
DNI 35458418,35458418,27354584188,,ARANDA DESIRE,
DNIE93034731,93034731,27930347316,,RUIZ NAVARRO BERNARDIT,
DNI 36918427,36918427,27369184275,,BALBUENA MARIA BELEN,
DNI 18545073,18545073,20185450733,,PONCE HORACIO RUBEN,
DNI 43201422,43201422,27432014229,,GIMENEZ MICAELA AGUSTINA,
DNI 10012926,10012926,23100129264,,RUIZ HILDA,
DNI 26444337,26444337,20264443378,,JAIME HECTOR ADRIAN,
DNI 32528847,32528847,27325288472,,LOPEZ NATALIA ELIZABETH,
DNI 18502539,18502539,20185025390,,RETAMOSO ANGEL RICARDO,
DNI 18853215,18853215,20188532153,,FIGUEROA FERNANDO NICOLAS,
DNI 29312532,29312532,20293125326,,ONTIVERO JUAN FABIAN,
DNI 35130684,35130684,20351306840,,PIEDRABUENA MAURO DANIEL,
DNI 40303655,40303655,27403036558,,GONZALEZ SANDRA ANABELA,
DNI 41489589,41489589,27414895897,,TURBALO LUCIA DELFINA,
DNI 24540834,24540834,27245408345,,OSSOLA ANAHI LEONOR,
DNIE94725896,94725896,27947258961,,SANTOS DIAS RENNE ONOFRE,
DNI 35942629,35942629,27359426297,,POLIZZI MANUELA JULIANA,
DNIE94725896,94725896,20947258967,,SANTOS DIAS RENNE ONOFRE,
DNI 34879830,34879830,20348798309,,RIBEIRO SERGIO JOAO,
DNI 28825666,28825666,20288256668,,IBARROLA ANDRES,
DNI 35572056,35572056,20355720560,,RODRIGUEZ MAXIMILIANO NICOLAS,
DNI 36143162,36143162,20361431627,,VILLARREAL DANIEL AGUSTIN,
DNI 36143162,36143162,27361431621,,VILLARREAL DANIEL AGUSTIN,
DNI 36364695,36364695,20363646957,,MARQUEZ JUAN PABLO,
DNI 36364695,36364695,27363646951,,MARQUEZ JUAN PABLO,
DNI 39412481,39412481,20394124819,,DIAZ LUCAS,
DNIE95952188,95952188,27959521889,,FREIRE NASCIMENTO RAIANE,
DNIE95615621,95615621,20956156212,,PEREZ CARDONA SEBASTIAN,
DNI 41496673,41496673,20414966730,,CARDOZO ENZO AGUSTIN,
DNI 20190580,20190580,20201905800,,ACUNA MIGUEL ANGEL,
DNI 18555238,18555238,27185552387,,GONI MARTA BEATRIZ,
DNI 35140606,35140606,20351406063,,CAPIEL JOAQUIN SEBASTIAN,
DNI 37332593,37332593,20373325938,,SEGOVIA RICARDO GABRIEL,
DNI 28044819,28044819,20280448193,,SODERO INAUDI JOSE AGUSTIN,
DNI 11592048,11592048,20115920481,,CHAYA CARLOS RENEE,
DNI 25251835,25251835,20252518356,,ARAUJO CHRISTIAN JORGE,
DNI 22506325,22506325,27225063252,,JUGO ELIZABETH ARGELIA,
DNIE94852922,94852922,20948529220,,SEMELMAN JONATHAN,
DNI 31747633,31747633,27317476332,,VALDEZ MARIA MERCEDES,
DNI 28553550,28553550,20285535507,,CANDIA HORACIO NORBERTO,
DNI 26277721,26277721,27262777214,,MARCIAL ELVIRA,
DNI 28660387,28660387,20286603875,,GADANOTTI  RAFAEL SEBASTIAN,
DNIE95013790,95013790,20950137909,,VELASQUEZ WILLIAM,
DNIE95963394,95963394,20959633941,,GONZALEZ SALAZAR ABRHAM DAVID,
DNI 21650133,21650133,20216501331,,ESCOBAR OSMAR DARIO,
DNI 33831520,33831520,27338315207,,RODRIGUEZ VERONICA CECILIA,
DNI 25294751,25294751,27252947510,,ZAGO CAROLINA VANESA,
DNI 29014123,29014123,27290141236,,BENITEZ MARIANA LUCIA,
DNI 37123253,37123253,20371232533,,JUAREZ JOSE LUIS,
DNI 42046512,42046512,20420465123,,URQUIJO CANDELA,
DNI 42046512,42046512,27420465128,,URQUIJO CANDELA,
DNI 34251341,34251341,27342513412,,DAVID MARIELA PAULA,
DNIE94500460,94500460,27945004601,,ACUNA FRANCISA,
DNIE95980343,95980343,23959803439,,CASTILLO CORDOBA CIRO DANIEL,
DNIE95981914,95981914,27959819144,,ARO LETICIA YUMI,
DNI 27978053,27978053,27279780537,,DUBLORES JORGELINA LUJAN,
DNI 18019587,18019587,20180195875,,FARFAN NESTOR AGUSTIN,
DNI 35098784,35098784,20350987844,,LOPEZ RICARDO ARIEL,
DNI 34004571,34004571,20340045719,,CERRILLO JUAN MANUEL,
DNI 38922092,38922092,20389220923,,ARRIETA EMANUEL MARTIN,
DNI 30957080,30957080,23309570804,,FERNANDEZ SAMANTA,
DNI 33726057,33726057,27337260573,,PALMA CLAUDIA MARIBEL,
DNI 41105344,41105344,27411053445,,BASTRATE CAMILA MICAELA,
DNI 25386358,25386358,27253863582,,BENITEZ ADRIANA,
DNI 36808159,36808159,20368081591,,MEALLA NICOLAS EZEQUIE,
DNI 41612405,41612405,20416124052,,BARAKAT ALEXANDER MOHAMED,
DNI 42229459,42229459,27422294592,,CELANO VALENTINA ABRIL,
DNIE95101414,95101414,27951014147,,QUIONEZ LOPEZ ZUNILDA,
DNIE95384820,95384820,20953848202,,GARCIA HARRY DANIEL,
DNI 27208799,27208799,27272087992,,"MARIA DEL PILAR,DE ALMEIDA",
DNIE94064841,94064841,20940648417,,"MOISES ALEJANDRO,MARQUEZ PASACHE",
DNIE95809681,95809681,20958096810,,"RICARDO RAFAEL,PETRIZZELLI RIVERO",
DNIE95874200,95874200,27958742008,,"PAOLA,MENESES VIDAL",
DNIE92496696,92496696,20924966964,,"JUAN CARLOS,RIVEROS AMARILLA",
DNI 27135403,27135403,27271354032,,GONZALEZ GRACIELA NOEMI,
DNI 37853505,37853505,20378535051,,"LUCIO ABEL,VERON",
DNI 38424473,38424473,23384244734,,"ARACELI JORGELINA,PICCHI",
DNIE94214333,94214333,20942143339,,"DANIEL RICARDO,GONZALEZ CAMACHO",
DNI 11430576,11430576,20114305767,,ALARIS FRANCISCO ISIDORO,
DNI 7839363,7839363,20078393638,,"JORGE RAMON,ALVARENGA",
DNI 41986504,41986504,20419865045,,"GABRIEL,ALAIZ RODRIGUEZ",
DNI 29523912,29523912,20295239124,,"ARIEL DAMIAN,BELLAGAMBA",
DNI 27121103,27121103,20271211032,,"ADOLFO EZEQUIEL,WILLAMS",
DNI 20349585,20349585,20203495855,,"GABRIEL FERNANDO,COLAUTTI BERRA",
DNI 40382605,40382605,20403826058,,"JONATAN,ROMANO",
DNI 27812421,27812421,20278124216,,RIVERO NESTOR MATIAS,
DNI 22941094,22941094,20229410947,,"SEBASTIAN,CORIMAYO",
DNIE95887917,95887917,27958879178,,"BEATRIZ,PACHECO DO VALE",
DNIE94322317,94322317,20943223174,,"EDGAR,QUEZADA PANOZO",
DNI 30934774,30934774,27309347744,,"CYNTHIA KAREN,LOURIDO",
DNI 24093078,24093078,20240930782,,"BENITO,RAMPAZO",
DNI 22076995,22076995,20220769950,,PALOMINO DOMINGUEZ JUAN CARLOS,
DNIE92854144,92854144,20928541445,,"ESTEBAN DANIEL,BALEIRON",
DNI 32832372,32832372,23328323729,,"GONZALO,GALLO",
DNI 36520759,36520759,27365207599,,"AYELEN DANIELA,MARTIN",
DNI 27556127,27556127,20275561275,,"JORGE JAVIER,ARGENTI",
DNI 27822882,27822882,20278228828,,"SEBASTIAN RUBEN,LODOLI",
DNI 40634693,40634693,20406346936,,"JUAN ISRAEL,VARGAS",
DNI 29335664,29335664,27293356640,,"MIRIAM GRACIELA,ARROYO PAZ",
DNI 5530584,5530584,20055305847,,"LUIS ALBERTO,VILLA MORENO",
DNI 5530584,5530584,27055305841,,"LUIS ALBERTO,VILLA MORENO",
DNIE95773515,95773515,27957735156,,"YUNJUAN,HE",
DNI 32825698,32825698,20328256984,,"LEANDRO EZEQUIEL,AVILA",
DNI 25847930,25847930,20258479301,,"MIGUEL ANGEL, HOLT",
DNI 16979451,16979451,27169794516,,"NORA ANABEL,ORTEGA",
DNI 38319497,38319497,20383194971,,"LUCIANO NICOLAS,PANTANO",
DNI 37932246,37932246,20379322469,,"NAHUEL IVAN,CHEJOLAN",
DNI 24021695,24021695,27240216952,,"RAQUEL CECILIA,GARCIA",
DNI 22430300,22430300,27224303004,,"MARIANA,LEON",
DNI 27062483,27062483,23270624839,,"MAURO EMILIANO,PACCUSSI",
DNI 23519968,23519968,20235199689,,"GABRIEL E,PI#ERO",
DNI 33117663,33117663,20331176630,,"RUBEN GONZALO,CARRENO",
DNI 25114352,25114352,27251143523,,"PATRICIA ELIZABETH,PERALTA HERRERA",
DNI 14249609,14249609,20142496098,,"CARLOS OMAR,KROH",
DNI 17778780,17778780,23177787809,,"MARCELO OMAR ANTONIO,PUNTURIERO",
DNI 34430113,34430113,20344301132,,"FERNANDO EMMANUEL,DELGADO",
DNI 32422761,32422761,20324227610,,"NESTOR FABIAN,IBARRA",
DNI 41964749,41964749,27419647492,,"TAMARA ANAEL,ZAVALA",
DNI 16671183,16671183,20166711836,,"FABIAN EDUARDO,IBARRA",
DNI 10770173,10770173,20107701738,,"HECTOR FERNANDO,SCANGARELLO",
DNI 30017894,30017894,20300178945,,"ERNESTO GABRIEL,FERREIRA",
DNI 33698444,33698444,20336984441,,"LUCAS DAMIAN,VALDEZ",
DNIE92749926,92749926,27927499261,,"BERTHA LUISA,VENEGAS TICONA",
DNI 33860460,33860460,27338604608,,"LAURA CECILIA,MARTINO",
DNI 22610180,22610180,20226101803,,"JOSE LUIS,HOLLMANN",
DNI 11433284,11433284,23114332844,,VAZQUEZ VIVIANA G,
DNIE95922349,95922349,27959223497,,"ISIS,MACIEL GARCIA",
DNI 35994852,35994852,20359948523,,"NICOLAS MATIAS,MESITI",
DNI 28376215,28376215,20283762158,,"RUBEN ALFREDO,SEJAS",
DNIE95891753,95891753,27958917533,,"DEBORAH DANIELE,RIBEIRO",
DNI 38638369,38638369,20386383694,,"JOSE DANIEL,PEREZ",
DNIE95944014,95944014,27959440145,,"MARIA YUREIBY,GONZALEZ RUIZ",
DNI 24978272,24978272,27249782721,,"STELLA MARIS,FARIA",
DNIE92846126,92846126,27928461268,,"MIRTHA ISABEL,AGUIRRE",
DNI 34868063,34868063,20348680634,,"MIGUEL ANGEL,SRDOS",
DNI 28820593,28820593,20288205931,,"PABLO DIEGO,ROLDAN",
DNI 36426509,36426509,20364265094,,"FERNANDO,ESCOBAR",
DNIE95877506,95877506,27958775062,,"FABELYS JOSE,CARRILLO GIL",
DNI 25772269,25772269,20257722695,,"LEONEL MAXIMILIANO,HAFEZ",
DNI 35055398,35055398,20350553984,,"ADRIAN DAVID,MARTINEZ",
DNI 18782893,18782893,20187828938,,"JORGE RAMON, MARTINEZ ARANDA",
DNI 20420047,20420047,27204200470,,"CLAUDIA NADINA,AMITRANO",
DNI 10145010,10145010,20101450105,,"AGUSTIN TEOFILO,INSAURRALDE",
DNI 39239572,39239572,20392395726,,"MAURO FEDERICO,GONZALEZ VAZQUEZ",
DNI 18300474,18300474,20183004744,,"ANDRES RAUL,PONCE",
RMS379975100141007,4875095,20048750959,,OLGA NOEMI OLMOS,
RMS376407144261008,29328310,23293283109,,MARCELO PALOSZ,
RMS379975100141007,4875095,27048750953,,OLGA NOEMI OLMOS,
DNI 29009086,29009086,20290090866,,"CARLOS ESTEBAN,BLANCO",
RMS376413111921004,11625677,27116256776,,PATRICIA ISABEL BERTUCCI,
RMS376418380542001,26130166,20261301661,,PATRICIO SZAJNOWICZ,
RMS376415570501003,4509987,20045099874,,ENRIQUE BUFFA,
RMS376415570501003,4509987,27045099879,,ENRIQUE BUFFA,
RMS376412219232009,22548725,20225487252,,LEONARDO SORIANO,
RMS379975250543002,26847550,27268475503,,SILVIA MERCEDES MACIEL,
RMS376410520839009,10649234,20106492345,,FEDERICO MOCORREA,
RMS376687653571000,26402466,20264024669,,JORGE POLTAVCOV,
RMS376418071851000,12421124,27124211242,,MARISA ASTRADA,
RMS376414951951002,25800380,20258003803,,ROBERTO MARTIN UBOLDI,
RMS376418369503008,8354173,20083541734,,JUAN MANUEL SILVA,
RMS376413699111002,7578049,20075780495,,JORGE CAMPOT,
RMS376685858592003,29498677,23294986774,,CAROLINA SERENA,
RMS376411121821008,23573209,20235732093,,GERMAN MALDONADO,
RMS376402209904006,4852717,20048527176,,FRANCISCO P NIGRELLI,
RMS376635279881006,8269508,20082695088,,IGNACIO VEGA,
RMS376415135122006,4592350,23045923509,,ROBERTO NAUMOW,
RMS376402209904006,4852717,27048527170,,FRANCISCO P NIGRELLI,
RMS376415135122006,4592350,27045923504,,ROBERTO NAUMOW,
DNI 30406224,30406224,27304062245,,FRESCHI GERARDO ALFREDO,
RMS379975539171005,12923984,27129239846,,SUSANA MABEL ACUÑA,
RMS379975021461005,20636958,20206369583,,PATRICIO BORDA,
RMS376686447844004,16951638,20169516384,,LEON TENENBAUM,
DNI 33389966,33389966,27333899669,,PEDROSA MARIA TERESA,
DNIE92944228,92944228,20929442289,,QUISBERT VILLACORTA ALFREDO,
DNI 36072646,36072646,20360726461,,MARINO JUAN,
DNI 34132887,34132887,20341328870,,PLANO MAURICIO DANIEL,
DNI 40902233,40902233,20409022333,,FARIAS EZEQUIEL ANTONIO,
DNI 38570201,38570201,23385702019,,DUPORTAL LUIS MANUEL,
DNI 10679697,10679697,27106796977,,DELGADO HILDA LEONOR,
DNI 43113800,43113800,20431138000,,VELAZQUEZ BRUNO LUCAS MAXIMIL,
DNI 22372382,22372382,23223723829,,GOMEZ BERTARELLI FAUSTO AMADEO,
DNI 28520550,28520550,27285205501,,DANELON MARIA ROMINA,
DNI 23463885,23463885,20234638859,,RAINIERI GUSTAVO ADRIAN,
DNI 16843868,16843868,27168438686,,MEZZATESTA NORMA BEATRIZ,
DNI 26689515,26689515,27266895157,,DEMITRIO VALERIA MONICA,
DNI 31876752,31876752,20318767522,,VALDEZ JUAN,
DNI 27742630,27742630,20277426308,,ROMERO SERGIO ANDRES,
DNI 10047069,10047069,20100470692,,DE CASTRO DAVID ALBERTO,
DNIE95743910,95743910,20957439102,,CLEMENTE VILLEGAS ANGEL JESUS,
DNI 28027263,28027263,23280272639,,PUCHETA ERMIDIO FEDERICO,
DNI 26115666,26115666,27261156666,,PEREZ VANESA LAURA,
DNI 33193135,33193135,20331931358,,FRIGERIO ROBERTO FEDERICO,
DNI 36368528,36368528,27363685280,,VELOZO PAOLA NOELI,
DNI 31916091,31916091,20319160915,,MARTIN RAMAUGE EZEQUIEL,
DNI 23968329,23968329,20239683291,,SELLES FERNANDO DIEGO,
DNI 13080662,13080662,20130806628,,BENITEZ FRANCISCO ANTONIO,
DNI 21734820,21734820,27217348205,,ESQUIVEL MARIA ITATI,
DNI 13548615,13548615,23135486159,,BATTAGLINI ALFREDO JULIO,
DNI 28485267,28485267,20284852673,,CELAVE LUCAS EUGENIO,
DNI 23928019,23928019,27239280191,,NUNEZ VANESA,
DNI 29286627,29286627,27292866270,,BORRACCINI AGUSTINA,
DNIE94958416,94958416,27949584165,,CENZANO PARODI CRISTINA JIMENA,
DNI 29736961,29736961,20297369610,,PALOMO ANTONIO ERNESTO,
DNI 31700823,31700823,27317008231,,AMBROGGIO MARIELA SOLEDAD,
DNI 28884407,28884407,20288844071,,JAITT SERGIO DANIEL,
DNI 13741070,13741070,20137410703,,MAZZITELLI CLAUDIO MARIO,
DNI 22551006,22551006,20225510068,,ABEDAT PABLO JOSE FERNANDO,
DNI 95820388,95820388,20958203889,,LOBO ARDILA HUMBERTO ELIAS,
DNI 27200738,27200738,20272007382,,FAVA GUSTAVO JULIAN,
DNI 32378251,32378251,27323782518,,MENDOZA PATRICIA GISELE,
DNI 18095185,18095185,20180951858,,OROZ DANIEL EDGAR,
DNI 12944010,12944010,20129440105,,AVIGLIANO JUAN CARLOS,
DNI 18471031,18471031,20184710316,,BOGGIANO FRANCISCO DANIE,
DNI 39502579,39502579,20395025792,,NICOLAI JUSTO,
DNI 25066867,25066867,20250668679,,PORTILLO OSCAR DARIO,
DNI 33563677,33563677,27335636770,,MARINO MARIA BELEN,
DNIE94805192,94805192,27948051929,,GIRON PANTA MARIA DEL MILAGRO,
DNI 24575118,24575118,23245751184,,VALLES FLAVIA ANDREA,
DNI 35598505,35598505,23355985059,,DANIEL REINALDO     DAVIES,
DNI 26674230,26674230,20266742305,,ZUBARAN  GUILLERMO SEBASTIAN,
DNI 26039445,26039445,20260394453,,TORRES LUIS ALBERTO,
DNI 11458706,11458706,20114587061,,ARCAJO JUAN CARLOS,
DNI 16580664,16580664,20165806647,,SCHMUKLER EDUARDO ALBERTO,
DNI 21351005,21351005,20213510054,,PEREZ DELIA AVELINA,
DNI 20428213,20428213,27204282132,,MASSOTTO MARIEL EDITH,
DNI 39941647,39941647,27399416472,,GARCIA JORGELINA CARLA,
DNI 96008934,96008934,27960089346,,"OSPINA POSADA, ANGELA MARIA",
DNI 32001049,32001049,20320010498,,PAREDES JUAN PABLO,
DNI 37297638,37297638,27372976387,,VEDIA ROMINA FABIANA,
DNI 16169401,16169401,27161694016,,ORTEGA CARMEN BEATRIZ,
DNI 21351005,21351005,27213510059,,PEREZ DELIA AVELINA,
DNI 28064823,28064823,27280648235,,RODRIGUEZ MARIA SOLEDAD,
DNI 42517521,42517521,20425175212,,BRUNO SANTIAGO      RIVAS,
DNI 93046417,93046417,20930464172,,MANAO LEPIO JORGE ALEJANDRO,
DNI 42563964,42563964,20425639642,,CONDORI MAMANI BRIAN KEVIN,
DNI 34861198,34861198,23348611984,,OJEDA JESSICA DAIANA,
DNI 8235537,8235537,20082355376,,OLIVIER JULIO CESAR,
DNI 7075008,7075008,20070750083,,"SANGENIS, PEDRO JOSE",
DNI 25254045,25254045,20252540459,,MOYANO DANTE ALEXIS,
DNI 21764914,21764914,20217649146,,"ONTIVERO, WALTER RODOLFO",
DNI 25254045,25254045,24252540454,,MOYANO DANTE ALEXIS,
DNI 34485069,34485069,27344850696,,TORRES CARINA SOLEDAD,
DNI 40739747,40739747,23407397479,,DIAZ LEONARDO GABRIEL,
DNI 35601879,35601879,20356018797,,MORALES ROLANDO JAVIER,
DNI 10067536,10067536,27100675361,,PAIZ NORA MIRTA,
DNI 10773549,10773549,27107735491,,GUTIERREZ ADRIANA ELENA,
DNI 16162711,16162711,23161627119,,"FALCONE, NESTOR ANTONIO",
DNIE95902723,95902723,23959027234,,FAJARDO LANDAETA MARIA CECILIA,
DNI 35768871,35768871,20357688710,,ALBORNOZ FRANCO NAHUEL ZACARI,
DNI 95550616,95550616,20955506163,,"FLORENCIO PALACIOS, CARLOS STYVENS",
DNI 27183616,27183616,20271836164,,"TRABUCO, FERNANDO MARTIN",
DNI 13335191,13335191,20133351915,,VOLOSCHIN LUIS JORGE,
DNI 10477390,10477390,20104773908,,GARCIA EDGARDO CARLOS,
DNI 31718300,31718300,27317183009,,LOPEZ JUAN JOSE,
DNI 37361271,37361271,20373612716,,CALEGARI JOSE ANTONIO,
DNIE93049938,93049938,20930499383,,CUENCA CASTRO VIRGINIA,
DNIE93936946,93936946,20939369466,,WU LIUJIAN,
DNI 31718300,31718300,20317183004,,LOPEZ JUAN JOSE,
DNIE93936946,93936946,27939369460,,WU LIUJIAN,
DNIE93049938,93049938,27930499388,,CUENCA CASTRO VIRGINIA,
DNI 18664992,18664992,20186649924,,MONTERO ADELA CRISTINA,
DNI 17490966,17490966,20174909661,,REY JOSE MARIO,
DNI 38617587,38617587,27386175875,,RODRIGUEZ AGUSTINA ABIGAIL,
DNI 11242794,11242794,20112427946,,VIVIANI JUAN CARLOS,
DNI 38617587,38617587,24386175876,,RODRIGUEZ AGUSTINA ABIGAIL,
DNI 18664992,18664992,27186649929,,MONTERO ADELA CRISTINA,
