﻿IdExterno,CUIL,Documento,Apellido,Nombre,Fuente,Direccion
DNI 23296211,27232962114,23296211,OVEJERO,MARIA CECILIA,ANSES,turnoaaas@hotmail.com
DNI 18327327,27183273278,18327327,LENGUAZA RITA CARMEN,RITA CARMEN,ANSES,carmenlenguazaaz@gmail.com
DNIE94823216,20948232163,94823216,BONILLA LOSADA CRISTIAN MAURICIO,LOSADA CRISTIAN MAUR,ANSES,cristianm1988@hotmail.com
DNIE94823216,20948232163,94823216,BONILLA LOSADA CRISTIAN MAURICIO,LOSADA CRISTIAN MAUR,Cablevision,bony_2701@hotmail.com
DNI 36529675,20365296759,36529675,IGLESIAS MOLLI,BENJAMIN,ANSES,benja.iglesias@yahoo.com.ar
DNI 29686485,23296864854,29686485,CAMARGO,MARIA CRISTINA,Cablevision,camargomc64@gmail.com
DNI 37082420,20370824208,37082420,PEREIRA,NICOLAS FABIAN,ANSES,nicolasdg08@gmail.com
DNI 36529675,27365296753,36529675,SIN DATOS,SIN DATOS,ANSES,benja.iglesias@yahoo.com.ar
DNI 42725353,27427253533,42725353,BIRON,MARIA VICTORIA,ANSES,mariabiron29@gmail.com
DNI 29958518,20299585183,29958518,ROMAN,DANIEL ALBERTO,ANSES,memartinoia@hotmail.com
DNI 31733574,20317335742,31733574,ZORAT,ARTURO ZADQUIEL,Cablevision,zoratart777@hotmail.com
DNI 34220727,20342207279,34220727,HERNANDEZ MATIAS FEDERICO,MATIAS FEDERICO,ANSES,matiashernandez888@hotmail.com.ar
DNI 43026051,27430260516,43026051,COSTILLA,LUDMILA AYLEN,ANSES,ludmilacostilla14@gmail.com
DNI 37103913,27371039134,37103913,ALBERTI,JESSICA DAIANA,ANSES,daiana.alberti@hotmail.com
DNI 43054897,20430548973,43054897,CARMONA,LUCIANO GERONIMO,ANSES,lucho_crn@hotmail.com
DNIE94950878,20949508782,94950878,RODRIGUEZ AMORES MIGUEL,Amores Miguel Rodriguez,ANSES,analaurahassan@gmail.com
DNI 22133578,20221335784,22133578,Colqui,Samuel Augusto,ANSES,rosana@hotmail.com
DNI 22133578,20221335784,22133578,Colqui,Samuel Augusto,Cablevision,rosanapp@hotmail.com.ar
DNI 22133578,27221335789,22133578,PIERGALLINI,ROSANA TERESA,ANSES,rosana@hotmail.com
DNI 22133578,27221335789,22133578,PIERGALLINI,ROSANA TERESA,Cablevision,rosanapp@hotmail.com.ar
DNI 28971512,27289715121,28971512,AGUILERA,GABRIELA NOEMI,ANSES,gana_31@hotmail.com
DNI 28971512,27289715121,28971512,AGUILERA,GABRIELA NOEMI,ANSES,gana.31@hotmail.com
DNI 36883035,27368830351,36883035,ORELLANO,MAIRA ALEJANDRA,ANSES,notiiene@hotmail.com
DNI 23137814,27231378141,23137814,MOREYRA,ELIZABETH NOEMI,ANSES / Cablevision,rockomic@yahoo.com.ar
DNI 40389382,27403893825,40389382,SANCHEZ MOLINUEVO,SILVIA PATRICIA,ANSES,silviasanchezmolinuevo@gmail.com
DNI 31383203,27313832037,31383203,MONTI,MIRIAN VANESA,ANSES,sa_gal@hotmail.com
DNI 14954497,27149544971,14954497,ALTAMIRANO,MARTA SUSANA,ANSES / Cablevision,martaaltamirano@live.com
DNI 12126900,20121269008,12126900,FERNANDEZ,ROBERTO LUCIANO,ANSES,savaldez@anses.gov
DNIE95864734,23958647344,95864734,FERNANDEZ FERNANDEZ LAURA BEATRIZ,FERNANDEZ FERNANDEZ LAURA BEATRIZ,ANSES,lf7795881@gmail.com
DNI 23182277,27231822777,23182277,VILLALVA,DORA ELVIRA,ANSES,camila_115@hotmail.es
DNI 23969725,23239697259,23969725,BARDOS,GUSTAVO NELSON,ANSES,gustinelson1824@gmail.com
DNI 12031282,27120312826,12031282,SPOLIDORI,GRACIELA BEATRIZ,ANSES,lili@hotmail.com
DNI 26457794,20264577943,26457794,CONT,DIEGO MARTIN,ANSES,dmcont@hotmail.com
DNI 26457794,20264577943,26457794,CONT,DIEGO MARTIN,Cablevision,diegoaa1978@hotmail.com
DNI 12636914,27126369145,12636914,DUTRA,SUSANA HAYDEE,ANSES,saavedrajorgeoctavio@gmail.com
DNI 37866431,20378664315,37866431,EIHMAN,LUCAS ANIBAL,ANSES,mariy-faundez@hotmail.com
DNI 26326974,20263269749,26326974,AMARILLO,LEANDRO ABEL,ANSES,no2posee@hotmail.com
DNI 42367048,27423670482,42367048,VARGAS,MILAGROS AYELEN,ANSES,miilyvargas568@hotmail.com
DNI 22373041,27223730413,22373041,PALACIOS,GABRIELA ALEJANDRA,ANSES,grabal42321@gmail.com
DNI 10490895,20104908951,10490895,CORONEL,FELIX,ANSES,felixcoronel52@hotmial.com
DNI 25825053,20258250533,25825053,ARMENDANO,HUGO RAMIRO,Cablevision,farmacialibertad@ciudad.com.ar
DNI 36690551,27366905516,36690551,SANDOBAL,ROMINA LORENA,ANSES / Cablevision,romina.l.sandobal@gmail.com
DNI 25825053,27258250538,25825053,FARMACIA,LIBERTAD,Cablevision,farmacialibertad@ciudad.com.ar
DNI 38087758,27380877584,38087758,AYRALA,MARIA ANABEL,ANSES,mariiaayrala@gmail.com
DNI 14203953,27142039538,14203953,ALTAMIRANO,ESTELA MARINA,ANSES,late0327@gmail.com
DNI 32092933,23320929334,32092933,GONZALEZ SANDRA LIBRA,RENZO EMANUEL,ANSES,hryszczukren@gmail.com
DNI 32092933,20320929335,32092933,HRYSZCZUK,RENZO EMANUEL,ANSES,hryszczukren@gmail.com
DNI 27570737,27275707371,27570737,URBANO,SILVINA ISABEL,ANSES,telecentroparque@hotmail.com
DNI 34444729,27344447298,34444729,LUNA,ANABEL VERONICA,ANSES / Cablevision,lunaanabel27@gmail.com
DNIE95663619,20956636192,95663619,FAJARDO RODRIGUEZ NELSON ANDRE,RODRIGUEZ NELSON AND,ANSES / Cablevision,foxsardo@hotmail.com
DNI 38624328,20386243280,38624328,PISTAN,IVAN FRANCO,ANSES,franko_de_balvanera2204@hotmail.com
DNI 34444729,20344447293,34444729,LUNA,"ACOSTA JORGE DANIEL                                                                                                                                   ",ANSES / Cablevision,lunaanabel27@gmail.com
DNIE95801149,27958011496,95801149,ACOSTA HERNANDEZ JANET JOSEFINA,ACOSTA HERNANDEZ JANET JOSEFINA,ANSES,yanef4@gmail.com
DNI 26768049,20267680494,26768049,CORIA,MIGUEL ELIAS,ANSES,miguelcoria1233@gmail.com
DNI 26768049,20267680494,26768049,CORIA,MIGUEL ELIAS,ANSES,rubendc53@hotmail.com
DNI 16191867,23161918679,16191867,TELLO,CARLOS A,ANSES / Cablevision,carlosaltello@yahoo.com.ar
DNI 36335256,20363352562,36335256,VEGA,MIGUEL ALEJANDRO,ANSES,melavega95@gmail.com
DNI 18907900,27189079007,18907900,LOPEZ,DAIANA ESTEFANIA,ANSES,jonathangauna1@hotmail.com
DNI 18907900,27189079007,18907900,LOPEZ,DAIANA ESTEFANIA,ANSES / Cablevision,lopezdaiana921@gmail.com
DNI 44434618,20444346184,44434618,CARBONE,FRANCISCO GASTÓN,ANSES,gastoncarbone055@gmail.com
DNI 31083200,27310832001,31083200,OLIVERA,VERONICA ALEJANDRA,ANSES,vero-a77@hotmail.com
DNI 35232824,27352328249,35232824,ROJAS,SABRINA MICAELA BELEN,ANSES,farmassm@hotmail.com
DNI 12011196,20120111966,12011196,OHANESSIAN MIGUEL ANGEL,"OHANESSIAN MIGUEL ANGEL                                                                                                                               ",ANSES,betyvaoh@gmail.com
DNI 25158416,20251584169,25158416,JOFRE,MIGUEL ANTONIO,ANSES,roxiagus@gmail.com
DNI 29655890,20296558908,29655890,CATANZANO,FACUNDO ROBERTO,ANSES,delfinoeuge2608@gmail.com
DNI 38701368,27387013682,38701368,MEDINA,ANTONELLA ANOUX SALOME,ANSES,medinaantonella95@yahoo.com.ar
DNI 28146395,27281463956,28146395,OCAMPO,MARIELA ELISABET,ANSES,marurojo1980@gmail.com
DNI 28146395,27281463956,28146395,OCAMPO,MARIELA ELISABET,ANSES,maru_lyg@hotmail.com
DNI 11235494,20112354949,11235494,TURIN,ALBERTO JOSE,Cablevision,albertoturin@hotmail.com
DNI 33588847,27335888478,33588847,FERNANDEZ,MYRIAN VERONICA,ANSES,eduardofretes35@gmail.com
DNI 30116294,23301162944,30116294,ALI,ANA VALERIA,ANSES / Cablevision,valeriaali33@gmail.com
DNI 37270193,20372701936,37270193,GOMEZ,NICOLAS EMANUEL,ANSES,nicoe_gomez@hotmail.es
DNI 22085576,27220855762,22085576,ARANDA,PAULA ANDREA,ANSES,r0_25@hotmail.com
DNI 22275917,27222759175,22275917,ROMERO,GLADYS,ANSES / Cablevision,gladysromero1608@gmail.com
DNI 22275917,27222759175,22275917,ROMERO,GLADYS,ANSES,gladysromero1608@mail.com
DNI 21081608,23210816089,21081608,FINS,SERGIO OSCAR,ANSES,sergio69oscar@outlook.es
DNI 33935702,20339357022,33935702,PARDO SANZANA,RENE EDUARDO,Cablevision,susipardo@live.com.ar
DNI 24622138,27246221389,24622138,JIMENEZ,SILVIA ANDREA,ANSES,sj6698782@gmail.com
DNI 33771609,20337716092,33771609,OCAMPO,LUCAS MAURICIO,ANSES,lucasmauoca88@gmail.com
DNI 16816323,20168163232,16816323,CASO,JORGE OMAR,Cablevision,jorge.omar.caso@gmail.com
DNI 30306774,20303067745,30306774,SANDOVAL,FABIAN RAMON,ANSES,fsandoval.fs83.fs@gmail.com
DNI 40920338,20409203389,40920338,DEALESSANDRIS BORDONI,NICOLAS,ANSES,dealessandris.talleres@gmail.com
DNI 33835106,20338351063,33835106,ZAPIOLA,CRISTIAN JONATAN,Cablevision,jonyquirozzz@gmail.com
DNI 39776753,27397767537,39776753,AGUIRRE SAUCEDO MALENA MARIANA,MALENA MARIANA,ANSES,saucedomalena830@gmail.com
DNI 34490843,27344908430,34490843,YBARRA,ERICA LILIANA,ANSES,elgrancanino@hotmail.com
DNI 41921333,20419213331,41921333,LEONARDT,AGUSTIN NICOLAS,Cablevision,leonardt341@gmail.com
DNI 39936898,27399368982,39936898,CORDOBA,SOFIA BELEN,ANSES,sofii.cba@gmail.com
DNI 42500838,27425008388,42500838,TABOADA,MARIAM ANTONELLA,ANSES,1.1@uno.com
DNI 27361811,20273618113,27361811,LEDEZMA,JOSE LUIS,ANSES,gballerini@hotmail.com
DNI 34669946,27346699464,34669946,CACERES,MERIBEL ANTONELA,ANSES,caceresantonela9@gmail.com
DNI 34669946,27346699464,34669946,CACERES,MERIBEL ANTONELA,ANSES,mery18.tslomas@hotmail.es
DNI 27092781,27270927810,27092781,DAVILA,NATALIA RAQUEL,Cablevision,natalitadavila@yahoo.com.ar
DNI 23873802,23238738024,23873802,FERREYRA,SILVANA LORELEY,ANSES,loreley_sil@hotmail.com
DNI 27930212,20279302126,27930212,COPPOLA,PABLO DAMIAN,ANSES,pablodamiancoppola@gmail.com
DNI 28254375,27282543759,28254375,SOTO ELISABETH SOLEDAD,ELISABETH SOLEDAD,ANSES,soto.raimundo@hotmmail.com
DNI 42312748,27423127487,42312748,GOMEZ,NAZARENA NEREA,ANSES,nazarenagomez849@gmail.com
DNI 43090280,27430902801,43090280,VILAYPHANH,CAMILA ANGELA,ANSES,camilavilayphanh@outlook.com
DNI 43090280,27430902801,43090280,VILAYPHANH,CAMILA ANGELA,ANSES,thongone_vilayphanh@hotmail.com
DNI 33405916,20334059163,33405916,FERRAROTTI MATIAS LUIS,MATIAS LUIS,ANSES / Cablevision,matias28_16@hotmail.com
DNI 27671793,20276717937,27671793,ABBA,LUCIANO IGNACIO,Cablevision,lucianoabba525@hotmail.com
DNI 27671793,20276717937,27671793,ABBA,LUCIANO IGNACIO,Cablevision,lardani.23@gmail.com
DNI 37240275,27372402755,37240275,ANTIFORA,SOFIA,ANSES,sofiantifora@hotmail.com
DNI 29176610,27291766108,29176610,MUSTO,MARIA FERNANDA,Cablevision,fernandamusto@hotmail.com
DNIE94573315,20945733153,94573315,POLO,"TORRES ALAN RAUL     ",Cablevision,alanpolo17@gmail.com
DNI 37604168,27376041684,37604168,DIAZ,JOHANNA BELEN,ANSES,johabelen00@gmail.com
DNI 37916101,23379161014,37916101,VIEDMA,LUCIANA DANIELA,ANSES,luuviiedma@gmail.com
DNI 41692764,27416927648,41692764,REYNA,LOURDES ANTONELLA,ANSES,lolireyna1528@gmail.com
DNI 40090722,27400907221,40090722,REBUFELLO,AGUSTINA FERNANDA,Cablevision,rebufellofernandaagustina@gmail.com
DNI 34834714,20348347145,34834714,CIPOLAT,OSVALDO LUIS,ANSES,ocipolat@hotmail.com
DNI 39149745,27391497457,39149745,BOSCHINI,MELANY AGOSTINA,ANSES / Cablevision,boschinimelany@gmail.com
DNI 38880471,20388804719,38880471,MOYANO,JOSE MARIA,ANSES,josse.moyano@gmail.com
DNI 38880471,20388804719,38880471,MOYANO,JOSE MARIA,Cablevision,josse_moyano@hotmail.com
DNI 25009160,27250091600,25009160,LOZA,CLAUDIA YUDYD,ANSES,tambelsan@gmail.com
DNI 45124833,27451248338,45124833,LITERAS,MARIA LUISA,ANSES,literasmluisa@gmail.com
DNI 21534545,23215345459,21534545,PETRY,DIEGO ALBERTO,ANSES / Cablevision,diego47dap@gmail.com
DNI 21534545,23215345459,21534545,PETRY,DIEGO ALBERTO,Cablevision,dpetry@3blasones.com.ar
DNI 21534545,23215345459,21534545,PETRY,DIEGO ALBERTO,La Nacion,godiedap@hotmail.com
DNI 30443233,27304432336,30443233,CASTILLO GABRIELA ALEJANDRA,GABRIELA ALEJANDRA,ANSES,gabrielalina.gc@gmail.com
DNIE95629748,27956297481,95629748,GARCIA CARVALLO CLAUDIA CAROLI,CARVALLO CLAUDIA CAR,ANSES,claudiagc274@hotmail.com
DNIE95629748,27956297481,95629748,GARCIA CARVALLO CLAUDIA CAROLI,CARVALLO CLAUDIA CAR,Cablevision,claudiagc274@gmail.com
DNIE95479374,20954793746,95479374,AZACON DIAZ CARLOS JESUS,AZACON DIAZ CARLOS JESUS,Cablevision,cjazacondiaz@gmail.com
DNI 11987678,20119876789,11987678,ARPADJIAN,JORGE,La Nacion,jarpadjian@gmail.com
DNI 20691408,23206914084,20691408,PENTENERO,GUILLERMINA SILVIA MONICA,ANSES,leandropentenero@hotmail.com
DNI 17492980,20174929808,17492980,DECHAND MIGUEL ANGEL,MIGUEL ANGEL,ANSES,adrianasoledadcartolano@gmail.com
DNI 27536836,23275368369,27536836,OYHENART,DARIO,ANSES,dario.oyhenart@gmail.com
DNI 27536836,23275368369,27536836,OYHENART,DARIO,Cablevision,laboticadelcan@gmail.com
DNI 27536836,23275368369,27536836,OYHENART,DARIO,La Nacion,dariooyhenart@ubbi.com
DNI 34487857,23344878579,34487857,PERROTTA,ESTEBAN AGUSTIN,ANSES,tamaralasaga20@gmail.com
DNI 34161165,27341611658,34161165,LOPEZ,VANESA MONSERRAT,ANSES,monserath0327@gmail.com
DNI 34161165,27341611658,34161165,LOPEZ,VANESA MONSERRAT,ANSES,gabijuni1984@hotmail.com
DNI 43318861,20433188617,43318861,CENTURION,AMANDA DEL CORAZON DE JESUS,ANSES,centurionamanda512@gmail.com
DNI 43318861,27433188611,43318861,CENTURION,AMANDA DEL CORAZON DE JESUS,ANSES,centurionamanda512@gmail.com
DNI 31982189,23319821899,31982189,CERVIÑO,LUCAS ALBERTO,ANSES,lucas-cervino@hotmail.com
DNI 41955933,23419559334,41955933,HERRERA,CANDELA,ANSES,herreracandela642@gmail.com
DNI 37319490,20373194906,37319490,SILVA,DAVID GERONIMO,ANSES,gero1407b@gmail.com
DNI 37319490,20373194906,37319490,SILVA,DAVID GERONIMO,ANSES,loqiithaa.12.09@hotmail.com.ar
DNI 26480547,27264805479,26480547,GUTIERREZ,LORENA SOLEDAD,ANSES,pereyrabenjamin77@gamil.com
DNI 14070891,27140708912,14070891,BEDOYA,GRACIELA BEATRIZ,ANSES / Cablevision,ailen.reckzy@hotmail.com
DNI 21313261,27213132615,21313261,ECHAZU,LILIANA,ANSES,l.echazu@hotmail.com
DNI 27706581,27277065814,27706581,MARULICH ELENA ANASTACIA,ELENA ANASTACIA,ANSES,elenamarulich@hotmail.com
DNI 33907105,27339071050,33907105,CARUGATTI,GISELA ESTEFANIA,ANSES,nopo@hotmail.com
DNI 27437993,20274379937,27437993,CORREA,DIEGO MARTIN,ANSES,dimarco.dc@gmail.com
DNI 22083196,27220831960,22083196,AMADEO,ANA CARMEN,Cablevision,juanitapublicidad@gmail.com
DNI 29173700,20291737006,29173700,CASTRO,SILVIO ALAN,Cablevision,rx7bt@hotmail.com
DNI 28022474,20280224740,28022474,GORDIOLA SATURNINO,SATURNINO,Cablevision,corriente_satur@hotmail.com
DNI 40929659,23409296599,40929659,MURUA,MELITON IGNACIO,ANSES,no_posee@hotmail.com
DNI 33119585,27331195850,33119585,ROMERO,DANIELA VALERIA,ANSES,daannyluu87@gmail.com
DNI 33119585,24331195851,33119585,ROMERO,"GIMENEZ PAMELA GISELA                                                                                                                                 ",ANSES,daannyluu87@gmail.com
DNI 32425042,27324250420,32425042,SILVERATI DI PRINZIO,MARIA SOL GRACIELA,Cablevision,solsilverati@live.com.ar
DNIE95786305,20957863052,95786305,MONTERO CARBALLO ANDRES ALFONZO,MONTERO CARBALLO ANDRES ALFONZO,ANSES / Cablevision,alfonzomontero@gmail.com
DNI 30321325,20303213253,30321325,MORALES,RAFAEL FRANCISCO,ANSES,turnos@turnos.com
DNI 30321325,20303213253,30321325,MORALES,RAFAEL FRANCISCO,La Nacion,bolivar478@yahoo.com.ar
DNI 34561082,27345610826,34561082,TONI,CINTIA ANTONELA,ANSES,antonelacintiatoni@gmail.com
DNI 34561082,27345610826,34561082,TONI,CINTIA ANTONELA,Cablevision,anto.toni_25@hotmail.com
DNI 31706405,20317064056,31706405,CARRUEGA,CARLOS MARIA,ANSES,mariaines@estudiomolo.com.ar
DNI 32923424,20329234240,32923424,NAUTO,GABRIEL ALEJANDRO,ANSES,gabrielnauto12@gmail.com
DNI 19028932,20190289320,19028932,MONTEALEGRE CUENCA,DEIVIT ANDRES,ANSES / Cablevision,david.montealegre@gmail.com
DNI 22775751,27227757510,22775751,LEGUIZAMON SUSANA PATRICIA,SUSANA PATRICIA,ANSES,susanaleguizamon671@gmail.com
DNI 31224753,23312247534,31224753,MOLINA,VANESA ELIZABETH,ANSES,vannmolina_22@hotmail.com
DNI 21544485,20215444857,21544485,JORGE,JORGE DANIEL,La Nacion,lucianabloise@hotmail.com
DNI 33155329,27331553293,33155329,BEN,JORGELINA,ANSES / Cablevision,benjorgelina@hotmail.com
DNI 33155329,27331553293,33155329,BEN,JORGELINA,Cablevision,benjorgelina@gmail.com
DNI 33922581,27339225813,33922581,OLARAN,MARIANA,Cablevision,mariana_olaran@hotmail.com
DNI 29738665,23297386654,29738665,RUEDA,CAROLINA ALEJANDRA,ANSES,alejandra.2283@hotmail.com
DNI 29824164,27298241647,29824164,CAMPOS,ROMINA VANESA,ANSES,romicam21@hotmail.com
DNI 40323975,27403239750,40323975,OJEDA,MARIA AYELEN,ANSES,pedro.allen@hotmail.com
DNI 33208565,20332085655,33208565,JUAREZ,JOSE LUIS,ANSES / Cablevision,ummajeremiaschelodani@gmail.com
DNI 36918427,27369184275,36918427,BALBUENA,MARIA BELEN,ANSES,belenbalbuena78@gmail.com
DNI 18545073,20185450733,18545073,PONCE,HORACIO RUBEN,ANSES,beluema1997@gmail.com
DNI 26444337,20264443378,26444337,JAIME,HECTOR ADRIAN,ANSES,maryduran-@hotmail.com
DNI 32528847,27325288472,32528847,LOPEZ,NATALIA ELIZABETH,ANSES,natyeli3245@gmail.com
DNI 29312532,20293125326,29312532,ONTIVERO,JUAN FABIAN,ANSES,jfontivero.eventos@gmail.com
DNI 35130684,20351306840,35130684,PIEDRABUENA MAURO DANIEL,MAURO DANIEL,ANSES,ely_rc_06@hotmail.com
DNI 40303655,27403036558,40303655,GONZALEZ,SANDRA ANABELA,ANSES,anabelayjavier@hotmail.com
DNIE94725896,27947258961,94725896,SIN DATOS,SIN DATOS,Cablevision,rennebranco@gmail.com
DNI 35942629,27359426297,35942629,POLIZZI,MANUELA JULIANA,ANSES,mjuliana_polizzi@hotmail.com
DNIE94725896,20947258967,94725896,DIAS SANTOS RENNE ONOFRE,DIAS SANTOS RENNE ONOFRE,Cablevision,rennebranco@gmail.com
DNI 34879830,20348798309,34879830,RIBEIRO,SERGIO JOAO,ANSES,sergiojoaoribeiro@hotmail.com
DNI 28825666,20288256668,28825666,IBARROLA,ANDRES MARCELO,ANSES,villagrapriscila86@gmail.com
DNI 36143162,20361431627,36143162,VILLARREAL,DANIEL AGUSTIN,ANSES,davtalleres@gmail.com
DNI 36143162,20361431627,36143162,VILLARREAL,DANIEL AGUSTIN,Cablevision,lalu_cord@yahoo.com.ar
DNI 36143162,20361431627,36143162,VILLARREAL,DANIEL AGUSTIN,Cablevision,lalu_cord@hotmail.com
DNI 36143162,27361431621,36143162,SIN DATOS,SIN DATOS,ANSES,davtalleres@gmail.com
DNI 36143162,27361431621,36143162,SIN DATOS,SIN DATOS,Cablevision,lalu_cord@yahoo.com.ar
DNI 36143162,27361431621,36143162,SIN DATOS,SIN DATOS,Cablevision,lalu_cord@hotmail.com
DNI 36364695,20363646957,36364695,MARQUEZ,JUAN PABLO,Cablevision,juan91_48@hotmail.com
DNI 36364695,20363646957,36364695,MARQUEZ,JUAN PABLO,Cablevision,juan00703@hotmail.com
DNI 36364695,27363646951,36364695,SIN DATOS,SIN DATOS,Cablevision,juan91_48@hotmail.com
DNI 36364695,27363646951,36364695,SIN DATOS,SIN DATOS,Cablevision,juan00703@hotmail.com
DNI 39412481,20394124819,39412481,DIAZ,LUCAS GABRIEL,ANSES,julietaluciasuarez@hotmail.com
DNIE95615621,20956156212,95615621,PEREZ CARDONA SEBASTIAN,PEREZ CARDONA SEBASTIAN,Cablevision,manu_repo9@hotmail.com
DNI 20190580,20201905800,20190580,ACUÑA,MIGUEL ANGEL,ANSES,miguelcerminato@yahoo.com.ar
DNI 35140606,20351406063,35140606,CAPIEL,JOAQUIN SEBASTIAN,ANSES / Cablevision,joaquincapiel@hotmail.es
DNI 28044819,20280448193,28044819,SODERO INAUDI,JOSE AGUSTIN,ANSES / Cablevision,jsoderoinaudi@gmail.com
DNI 28044819,20280448193,28044819,SODERO INAUDI,JOSE AGUSTIN,La Nacion,jose@holamail.com.ar
DNI 11592048,20115920481,11592048,CHAYA,CARLOS RENEE,ANSES,crenee.chaya@gmail.com
DNI 25251835,20252518356,25251835,ARAUJO,CHRISTIAN JORGE,Cablevision,marydelvallezanutto@gmail.com
DNI 22506325,27225063252,22506325,JUGO,ELIZABETH ARGELIA,ANSES,guille_mdp@live.com
DNIE94852922,20948529220,94852922,SEMELMAN FONTAINE JONATHAN DAVID,FONTAINE JONATHAN DA,ANSES,celestesesin@hotmail.com
DNIE94852922,20948529220,94852922,SEMELMAN FONTAINE JONATHAN DAVID,FONTAINE JONATHAN DA,Cablevision,jonathan.semelman@ironmountain.com.ar
DNI 28553550,20285535507,28553550,CANDIA,HORACIO NORBERTO,ANSES,hori2503@gmail.com
DNIE95013790,20950137909,95013790,Velasquez William Antonio,WILLIAM ANTONIO,Cablevision,velasquezwa@gmail.com
DNI 33831520,27338315207,33831520,RODRIGUEZ,VERONICA CECILIA,ANSES / Cablevision,rodriguezvero29@gmail.com
DNI 25294751,27252947510,25294751,ZAGO,CAROLINA VANESA,Cablevision,juancruz.ferretto@hotmail.com
DNI 37123253,20371232533,37123253,JUAREZ,JOSE LUIS,ANSES,jljuarez440@gmail.com
DNI 42046512,20420465123,42046512,URQUIJO,CANDELA,La Nacion,carol.cande@hotmail.com
DNI 42046512,27420465128,42046512,URQUIJO,CANDELA,La Nacion,carol.cande@hotmail.com
DNI 34251341,27342513412,34251341,DAVID,MARIELA PAULA,ANSES,marie_david_03@hotmail.com
DNIE94500460,27945004601,94500460,ACUÑA FRANCISCA,"ACU¹A FRANCISCA                                                                                                                                       ",ANSES,lidaacuna6@mail.com
DNI 27978053,27279780537,27978053,DUBLORES,JORGELINA LUJAN,ANSES,jorgelina79.jd@gmail.com
DNI 38922092,20389220923,38922092,ARRIETA,EMANUEL MARTIN,ANSES,martinchalu@gmail.com
DNI 30957080,23309570804,30957080,FERNANDEZ,SAMANTA ELISABETH,ANSES,laspuertas09@hotmail.com
DNI 33726057,27337260573,33726057,PALMA,CLAUDIA MARIBEL,ANSES,maribelpalma21@gmail.com
DNI 41105344,27411053445,41105344,BASTRATE,CAMILA MICAELA,ANSES,camilamicaelabastrate@gmail.com
DNI 41612405,20416124052,41612405,BARAKAT,ALEXANDER MOHAMED,Cablevision,alexdbarakat@gmail.com
DNI 42229459,27422294592,42229459,CELANO,VALENTINA ABRIL,ANSES,valentinabril99@gmail.com
DNIE95101414,27951014147,95101414,QUIÑONEZ LOPEZ ZUNILDA,QUIÑONEZ LOPEZ ZUNILDA,ANSES,zuny1988_@hotmail.com
DNI 27208799,27272087992,27208799,DE ALMEIDA MARIA DEL PILAR,MARIA DEL PILAR,ANSES,pilardealmeida@yahoo.com.ar
DNIE94064841,20940648417,94064841,MARQUEZ,"PASACHE MOISES ALEJANDRO      ",ANSES,moisesmarquez71@hotmail.com
DNIE95809681,20958096810,95809681,RICARDO,PETRIZZELLI,Cablevision,rpetrizz_1990@hotmail.com
DNIE92496696,20924966964,92496696,RIVEROS,"A JUAN CARLO        ",ANSES / Cablevision,dramelisariveros@gmail.com
DNI 37853505,20378535051,37853505,VERON,LUCIO ABEL,ANSES,lucioveron16@gmail.com
DNI 37853505,20378535051,37853505,VERON,LUCIO ABEL,ANSES,emilsebarboza11@gmail.com
DNI 38424473,23384244734,38424473,PICCHI,ARACELI JORGELINA,ANSES,aracelipicchi@hotmail.com
DNI 11430576,20114305767,11430576,ALARIS,ARSENIO ISIDORO,ANSES,arseniobostero@hotmail.com
DNI 7839363,20078393638,7839363,ALVARENGA,JORGE RAMON,ANSES,lala_shao@hotmail.com
DNI 29523912,20295239124,29523912,BELLAGAMBA,ARIEL DAMIAN,ANSES,dbservicios7@gmail.com
DNI 20349585,20203495855,20349585,COLAUTTI BERRA GABRIEL FERNANDO,GABRIEL FERNANDO,ANSES,cristina.lujan@hotmail.com
DNI 40382605,20403826058,40382605,ROMANO,JONATAN,ANSES,romano_jonatan@hotmail.com
DNI 27812421,20278124216,27812421,RIVERO,NESTOR MATIAS,ANSES / Cablevision,matiasrivero01@gmail.com
DNI 22941094,20229410947,22941094,CORIMAYO,SEBASTIAN,ANSES,cajelmorro@gmail.com
DNI 30934774,27309347744,30934774,LOURIDO,CYNTHIA KAREN,ANSES,cynlurido@gmail.com
DNI 30934774,27309347744,30934774,LOURIDO,CYNTHIA KAREN,ANSES,natybenja.fer@gmail.com
DNI 22076995,20220769950,22076995,PALOMINO DOMINGUEZ,JUAN CARLOS,ANSES / Cablevision,juanpalomino1971@hotmail.com
DNIE92854144,20928541445,92854144,BALEIRON,"ESTEBAN DANIEL         ",Cablevision,deb2067@hotmail.com
DNI 32832372,23328323729,32832372,GALLO,GONZALO,ANSES / Cablevision,gonzalogallo6407@hotmail.com
DNI 36520759,27365207599,36520759,MARTIN,AYELEN DANIELA,ANSES,ayemartin11@gmail.com
DNI 40634693,20406346936,40634693,VARGAS,JUAN ISRAEL,ANSES,juan.vargas2020arg@gmail.com
DNI 29335664,27293356640,29335664,ARROYO PAZ,MIRIAM GRACIELA,Cablevision,miri.greyspaz@gmail.com
DNI 32825698,20328256984,32825698,AVILA,LEANDRO EZEQUIEL,ANSES,patriciorey952@gmail.com
DNI 32825698,20328256984,32825698,AVILA,LEANDRO EZEQUIEL,ANSES,leandroavila_e@hotmail.com
DNI 25847930,20258479301,25847930,HOLT,MIGUEL ANGEL,ANSES / Cablevision,miguelangel.holt@gmail.com
DNI 16979451,27169794516,16979451,ORTEGA,NORA MABEL,ANSES / La Nacion,anabel_vam@hotmail.com
DNI 24021695,27240216952,24021695,GARCIA,RAQUEL CECILIA,ANSES,raquel.mpg0@gmail.com
DNI 22430300,27224303004,22430300,LEON,MARIANA,ANSES / Cablevision,lamaleon@hotmail.com
DNI 33117663,20331176630,33117663,CARREÑO,RUBEN GONZALO,Cablevision,gonza_kripton@hotmail.com
DNI 25114352,27251143523,25114352,PERALTA HERRERA,PATRICIA ELIZABETH,ANSES / Cablevision,patriciaeperalta@yahoo.com.ar
DNI 25114352,27251143523,25114352,PERALTA HERRERA,PATRICIA ELIZABETH,Cablevision,maximilianocampos@yahoo.com.ar
DNI 14249609,20142496098,14249609,KROH,CARLOS O,ANSES,lorenadelasala78@giml.com
DNI 17778780,23177787809,17778780,PUNTURIERO,MARCELO OMAR A,ANSES,marcelo.omar1366@gmail.com
DNI 34430113,20344301132,34430113,DELGADO,FERNANDO EMMANUEL,ANSES,nando.emmanuel@gmail.com
DNI 32422761,20324227610,32422761,IBARRA,NESTOR FABIAN,ANSES,naty_solcito32@hotmail.com
DNI 41964749,27419647492,41964749,ZAVALA TAMARA ANAEL,"ZAVALA TAMARA ANAEL                                                                                                                                   ",ANSES,tamiselenatika1@gmail.com
DNI 16671183,20166711836,16671183,IBARRA,FABIAN EDUARDO,ANSES / Cablevision,fabian@argentinamail.com
DNI 10770173,20107701738,10770173,SCANGARELLO,HECTOR FERNANDO,ANSES,hscangarello@hotmail.com
DNI 33698444,20336984441,33698444,VALDEZ,LUCAS DAMIAN,ANSES,kasxion@gmail.com
DNIE92749926,27927499261,92749926,VENEGAS,"BERTHA LUISA        ",ANSES,rocha.ayelen@hotmail.com
DNI 22610180,20226101803,22610180,HOLLMAN,JOSE LUIS,ANSES,zulmab.474@hotmail.com
DNI 11433284,23114332844,11433284,VAZQUEZ NESTIERO,VIVIANA GRACIELA,ANSES,vivanes4@yahoo.com.ar
DNI 35994852,20359948523,35994852,MESITI,NICOLAS MATIAS,ANSES,nicolasmesiti@gmail.com
DNI 38638369,20386383694,38638369,PEREZ,JOSE DANIEL,ANSES,perezjosedaniel74@gmail.com
DNI 24978272,27249782721,24978272,FARIA,STELLA MARIS,ANSES,morocha_tany@hotmail.com
DNIE92846126,27928461268,92846126,AGUIRRE,"MIRTHA ISABEL        ",ANSES,mirthaaguirre2014@gmail.com
DNIE92846126,27928461268,92846126,AGUIRRE,"MIRTHA ISABEL        ",La Nacion,etrueba03@yahoo.com.ar
DNI 34868063,20348680634,34868063,SRDOS,MIGUEL ANGEL,ANSES,angelsrdos24@gmail.com
DNI 36426509,20364265094,36426509,ESCOBAR,FERNANDO JOSE,ANSES,gerdavalbaanto@gmail.com
DNI 25772269,20257722695,25772269,HAFEZ,LEONEL MAXIMILIANO,ANSES,xx@hotmail.com
DNI 35055398,20350553984,35055398,MARTINEZ,ADRIAN DAVID,ANSES,enano022.am@gmail.com
DNI 39239572,20392395726,39239572,GONZALEZ VAZQUEZ,MAURO FEDERICO,ANSES,maurogonzalezfede@gmail.com
DNI 39239572,20392395726,39239572,GONZALEZ VAZQUEZ,MAURO FEDERICO,Cablevision,maurogonzalez@gmail.com
DNI 18300474,20183004744,18300474,PONCE,ANDRES RAUL,ANSES,marcelaejaime@hotmail.com
RMS379975100141007,20048750959,4875095,OLMOS,"NEDICH DIEGO M                                                                                                                                        ",Cablevision,olganolmos@hotmail.com
RMS376407144261008,23293283109,29328310,PALOSZ,MARCELO ALEJANDRO,ANSES,paloszhouse@live.com.ar
RMS379975100141007,27048750953,4875095,OLMOS,OLGA NOEMI,Cablevision,olganolmos@hotmail.com
DNI 29009086,20290090866,29009086,BLANCO,CARLOS ESTEBAN,Cablevision,cestebanblanco1981@gmail.com
RMS376413111921004,27116256776,11625677,BERTUCCI,PATRICIA I,ANSES,leotaber@gmail.com
RMS376418380542001,20261301661,26130166,SZAJNOWICZ,PATRICIO,Cablevision,patosza@gmail.com
RMS376415570501003,20045099874,4509987,BUFFA,ENRIQUE JULIO,ANSES,ebuffa@live.com
RMS376415570501003,20045099874,4509987,BUFFA,ENRIQUE JULIO,ANSES,pablo_eze@hotmail.com
RMS376415570501003,20045099874,4509987,BUFFA,ENRIQUE JULIO,Cablevision,marialaforet@hotmail.com
RMS376415570501003,27045099879,4509987,LUNA,MARGARITA MARIA,ANSES,ebuffa@live.com
RMS376415570501003,27045099879,4509987,LUNA,MARGARITA MARIA,ANSES,pablo_eze@hotmail.com
RMS376415570501003,27045099879,4509987,LUNA,MARGARITA MARIA,Cablevision,marialaforet@hotmail.com
RMS376412219232009,20225487252,22548725,SORIANO,LEONARDO RODRIGO,Cablevision,lsoriano@afip.gob.ar
RMS376412219232009,20225487252,22548725,SORIANO,LEONARDO RODRIGO,La Nacion,lsoria@jgm.gov.ar
RMS379975250543002,27268475503,26847550,MACIEL SILVIA MERCEDES,SILVIA MERCEDES,La Nacion,silviamaci@gmail.com
RMS376410520839009,20106492345,10649234,MOCORREA,FEDERICO ALBERTO,Cablevision,federicomocorrea@gmail.com
RMS376687653571000,20264024669,26402466,POLTAVCOV,JORGE NORBERTO,ANSES,ruso_polta@hotmail.com
RMS376418369503008,20083541734,8354173,SILVA,JUAN M,ANSES,www.juan@yahoo.com
RMS376418369503008,20083541734,8354173,SILVA,JUAN M,Cablevision,jumasi47@hotmail.com
RMS376418369503008,20083541734,8354173,SILVA,JUAN M,Cablevision,juani_irurueta@hotmail.com
RMS376402209904006,20048527176,4852717,NIGRELLI,FRANCISCO P,ANSES,cacho@hotmail.com
RMS376402209904006,20048527176,4852717,NIGRELLI,FRANCISCO P,ANSES,yajacaju@hotmail.com
RMS376635279881006,20082695088,8269508,VEGA,IGNAIO,ANSES / Cablevision,contadorvegaignacio@hotmail.com
RMS376635279881006,20082695088,8269508,VEGA,IGNAIO,Cablevision,sonko@ciudad.com.ar
RMS376415135122006,23045923509,4592350,NAUMOW,ROBERTO JORGE,ANSES,roberklintek@msn.com
RMS376415135122006,23045923509,4592350,NAUMOW,ROBERTO JORGE,ANSES,ajaimematteo@gmail.com
RMS376402209904006,27048527170,4852717,AGUERO,SUSANA MERCEDES,ANSES,cacho@hotmail.com
RMS376402209904006,27048527170,4852717,AGUERO,SUSANA MERCEDES,ANSES,yajacaju@hotmail.com
RMS376415135122006,27045923504,4592350,PIUMA,ELSA BEATRIZ,ANSES,roberklintek@msn.com
RMS376415135122006,27045923504,4592350,PIUMA,ELSA BEATRIZ,ANSES,ajaimematteo@gmail.com
DNI 30406224,27304062245,30406224,FRESCHI GERARDO ALFREDO,GERARDO ALFREDO,Cablevision,gfreschi83@outlook.com
RMS379975539171005,27129239846,12923984,ACUÑA,SUSANA MABEL,ANSES / Cablevision,rocioshamile@gmail.com
RMS379975539171005,27129239846,12923984,ACUÑA,SUSANA MABEL,Cablevision,rocioshamile@yahoo.com.ar
RMS379975021461005,20206369583,20636958,BORDA,PATRICIO MARTIN,La Nacion,pborda@feedback-press.com.ar
RMS376686447844004,20169516384,16951638,TENENBAUM,LEON,Cablevision / La Nacion,l_tenen@hotmail.com
DNI 33389966,27333899669,33389966,PEDROSA,MARIA TERESA,ANSES,mariatpedrosa@gmail.com
DNI 33389966,27333899669,33389966,PEDROSA,MARIA TERESA,ANSES,no_tien@hotmailo.com
DNIE92944228,20929442289,92944228,QUISBERT,"VILLACORTA ALFREDO         ",ANSES,alfredo.villacorta58@gmail.com
DNI 38570201,23385702019,38570201,DUPORTAL,LUIS MANUEL,ANSES,duportalluis@gmail.com
DNI 38570201,23385702019,38570201,DUPORTAL,LUIS MANUEL,Cablevision,marie-9559@hotmail.com
DNI 10679697,27106796977,10679697,DELGADO,HILDA LEONOR,ANSES,pablitox1383@gmail.com
DNI 43113800,20431138000,43113800,VELAZQUEZ,BRUNO LUCAS MAXIMILIANO,ANSES,brunnito01@gmail.com
DNI 22372382,23223723829,22372382,GOMEZ BERTARELLI,FAUSTO AMADEO,ANSES / Cablevision,fgbertarelli@gmail.com
DNI 28520550,27285205501,28520550,DANELON,MARIA ROMINA,Cablevision,romina0550@hotmail.com
DNI 23463885,20234638859,23463885,RAINIERI,GUSTAVO ADRIAN,ANSES,sikuta233@hotmail.com
DNI 23463885,20234638859,23463885,RAINIERI,GUSTAVO ADRIAN,Cablevision,rainierigustavo@gmail.com
DNI 26689515,27266895157,26689515,DEMITRIO VALERIA MONICA,VALERIA MONICA,ANSES / Cablevision,vdemitrio@yahoo.com
DNI 27742630,20277426308,27742630,ROMERO,SERGIO ANDRES,ANSES,sergior3668@gmail.com
DNI 10047069,20100470692,10047069,DE CASTRO,DAVID ALBERTO,ANSES,gustavoacenteno@hotmail.com
DNIE95743910,20957439102,95743910,CLEMENTE VILLEGAS ANGEL JESUS,CLEMENTE VILLEGAS ANGEL JESUS,ANSES / Cablevision,angelclemente2012@gmail.com
DNI 33193135,20331931358,33193135,FRIGEIRO,ROBERTO FEDERICO,Cablevision,robertofederico.frigerio@gmail.com
DNI 33193135,20331931358,33193135,FRIGEIRO,ROBERTO FEDERICO,Cablevision,rhino.galactico@gmail.com
DNI 33193135,20331931358,33193135,FRIGEIRO,ROBERTO FEDERICO,La Nacion,fede.frigerio@hotmail.com
DNI 31916091,20319160915,31916091,MARTIN RAMAUGE,EZEQUIEL,ANSES,ezymartin10@gmail.com
DNI 23968329,20239683291,23968329,SELLES,FERNANDO DIEGO,Cablevision,fefozoe@hotmail.com
DNI 13080662,20130806628,13080662,BENITEZ,FRANCISCO ANTONIO,ANSES,elianabeatrizalv80@gmail.com
DNI 21734820,27217348205,21734820,ESQUIVEL,MARIA ITATI,ANSES,niko9mm6@gmail.com
DNI 13548615,23135486159,13548615,BATTAGLINI,ALFREDO JULIO,Cablevision,bordadosjulian@gmail.com
DNI 13548615,23135486159,13548615,BATTAGLINI,ALFREDO JULIO,Cablevision,cebattaglini@hotmail.com
DNI 23928019,27239280191,23928019,NUÑEZ,VANESA,ANSES,jorgeamericolaporta@gmail.com
DNI 29286627,27292866270,29286627,BORRACCINI,AGUSTINA,ANSES,agustinaborraccini@hotmail.com
DNI 29286627,27292866270,29286627,BORRACCINI,AGUSTINA,Cablevision,lucasborraccini@gmail.com
DNIE94958416,27949584165,94958416,CENZANO PARODI CRISTINA JIMENA,PARODI CRISTINA JIME,Cablevision,jimenacenzano@gmail.com
DNI 31700823,27317008231,31700823,AMBROGGIO,MARIELA SOLEDAD,Cablevision,marielita_colo@hotmail.com
DNI 28884407,20288844071,28884407,JAITT,SERGIO DANIEL,ANSES,sergio@yahoo.com.ar
DNI 13741070,20137410703,13741070,MAZZITELLI,CLAUDIO MARIO,ANSES / Cablevision,claumazzi@hotmail.com
DNI 13741070,20137410703,13741070,MAZZITELLI,CLAUDIO MARIO,Cablevision,claumazzi@hotmail.com.ar
DNI 22551006,20225510068,22551006,ABEDAT,PABLO JOSE FERNANDO,ANSES,pablo@hotmail.como
DNI 22551006,20225510068,22551006,ABEDAT,PABLO JOSE FERNANDO,Cablevision,pablojsabedat@yahoo.com.ar
DNI 22551006,20225510068,22551006,ABEDAT,PABLO JOSE FERNANDO,Cablevision,pablojsabedat@gmail.com
DNI 22551006,20225510068,22551006,ABEDAT,PABLO JOSE FERNANDO,Cablevision,pablojfabedat@yahoo.com.ar
DNI 27200738,20272007382,27200738,FAVA,GUSTAVO JULIAN,Cablevision,latec-electronica@hotmail.com
DNI 32378251,27323782518,32378251,MENDOZA,PATRICIA GISELE,ANSES,mendozapatriciag@hotmail.com.ar
DNI 18095185,20180951858,18095185,OROZ,DANIEL EDGAR,Cablevision,danieleoroz@hotmail.com
DNI 18471031,20184710316,18471031,BOGGIANO,FRANCISCO DANIEL,ANSES,santiagoalcala@fibertel.com.ar
DNI 26039445,20260394453,26039445,TORRES,LUIS ALBERTO,ANSES,luisalberto2712@yahoo.com
DNI 11458706,20114587061,11458706,ARCAJO,JUAN C,ANSES,no_posee@hotmail.com
DNI 16580664,20165806647,16580664,SCHMUKLER,EDUARDO ALBERTO,Cablevision,adelina.schmukler@yahoo.com.ar
DNI 21351005,20213510054,21351005,PEREZ,DELIA AVELINA,ANSES,perezdel@hotmail.com
DNI 20428213,27204282132,20428213,MOSSOTTO,MARIEL,Cablevision,mossottomarieledith@hotmail.com
DNI 20428213,27204282132,20428213,MOSSOTTO,MARIEL,Cablevision,mossotomarieledith@hotmail.com
DNI 20428213,27204282132,20428213,MOSSOTTO,MARIEL,Cablevision,jerecasaux17@gmail.com
DNI 39941647,27399416472,39941647,GARCIA JORGELINA CARLA,JORGELINA CARLA,ANSES,jorgelinag799@gmail.com
DNI 16169401,27161694016,16169401,ORTEGA,CARMEN BEATRIZ,ANSES,ansespitperico@yahoo.com
DNI 21351005,27213510059,21351005,PEREZ,DELIA AVELINA,ANSES,perezdel@hotmail.com
DNI 28064823,27280648235,28064823,RODRIGUEZ,MARIA SOLEDAD,ANSES,sisinostrai@hotmail.com
DNI 34861198,23348611984,34861198,OJEDA,JESICA DAIANA,ANSES,marinaoberofer@hotmail.com
DNI 34861198,23348611984,34861198,OJEDA,JESICA DAIANA,Cablevision,jessi_cordoba12@hotmail.com
DNI 34861198,23348611984,34861198,OJEDA,JESICA DAIANA,Cablevision,chelo_strato@hotmail.com
DNI 34861198,23348611984,34861198,OJEDA,JESICA DAIANA,Cablevision,jessicaojeda100@gmail.com
DNI 8235537,20082355376,8235537,OLIVIER,JULIO CESAR,ANSES,natashaolivier21@gmail.com
DNI 7075008,20070750083,7075008,SANGENIS,PEDRO JOSE,ANSES,pjsster@gmail.com
DNI 7075008,20070750083,7075008,SANGENIS,PEDRO JOSE,La Nacion,pjs@arnet.com.ar
DNI 25254045,20252540459,25254045,MOYANO,DANTE ALEXIS,ANSES,turnos@turnos.com
DNI 25254045,20252540459,25254045,MOYANO,DANTE ALEXIS,Cablevision,alexisdmoyano@hotmail.com.ar
DNI 21764914,20217649146,21764914,ONTIVERO,WALTER RODOLFO,ANSES,elviejolobo@hotmail.com
DNI 25254045,24252540454,25254045,MOYANO,DANTE ALEXIS,ANSES,turnos@turnos.com
DNI 25254045,24252540454,25254045,MOYANO,DANTE ALEXIS,Cablevision,alexisdmoyano@hotmail.com.ar
DNI 35601879,20356018797,35601879,MORALES,ROLANDO JAVIER,Cablevision,javi-roli@hotmail.com
DNIE95902723,23959027234,95902723,FAJARDO LANDAETA MARIA CECILIA,FAJARDO LANDAETA MARIA CECILIA,Cablevision,mariaflandaeta.29@gmail.com
DNI 27183616,20271836164,27183616,TRABUCO,FERNANDO MARTIN,Cablevision,feronen@live.com.ar
DNI 13335191,20133351915,13335191,VOLOSCHIN,LUIS JORGE,La Nacion,luis.jorge@voloschin.com.ar
DNI 10477390,20104773908,10477390,GARCIA,EDGARDO CARLOS,ANSES,edgardogarcia954@gmail.com
DNI 31718300,27317183009,31718300,SOLA YANET,JUAN JOSE,ANSES / Cablevision,gian222@hotmail.com.ar
DNI 31718300,20317183004,31718300,LOPEZ,JUAN JOSE,ANSES / Cablevision,gian222@hotmail.com.ar
DNI 18664992,20186649924,18664992,MONTERO,ADELA CRISTINA,ANSES,emi_31_marianela@outlook.com
DNI 38617587,27386175875,38617587,RODRIGUEZ,AGUSTINA ABIGAIL,Cablevision,agustinariot@hotmail.com
DNI 38617587,27386175875,38617587,RODRIGUEZ,AGUSTINA ABIGAIL,Cablevision,agustinariot@gmail.com
DNI 38617587,24386175876,38617587,RODRIGUEZ,"RODRIGUEZ AGUSTINA ABIGAIL                                                                                                                            ",Cablevision,agustinariot@hotmail.com
DNI 38617587,24386175876,38617587,RODRIGUEZ,"RODRIGUEZ AGUSTINA ABIGAIL                                                                                                                            ",Cablevision,agustinariot@gmail.com
DNI 18664992,27186649929,18664992,MONTERO,ADELA CRISTINA,ANSES,emi_31_marianela@outlook.com
