﻿IdExterno,CUIL,Documento,Apellido,Nombre,Entidad,Periodo,Monto,Situacion,SituacionDesc
,20140024091,14002409,CARMONA,CARLOS RUBEN,BBVA BANCO FRANCES S.A.,03-2021,11000.00,1,En situación normal
,20146153845,14615384,LOPEZ,JORGE OSVALDO,BANCO DE GALICIA Y BUENOS AIRES S.A.U.,03-2021,23000.00,5,Irrecuperable
,20146153845,14615384,LOPEZ,JORGE OSVALDO,INDUSTRIAL AND COMMERCIAL BANK OF CHINA (ARGENTINA) S.A.,03-2021,20000.00,5,Irrecuperable
,20146153845,14615384,LOPEZ,JORGE OSVALDO,BBVA BANCO FRANCES S.A.,03-2021,337000.00,1,En situación normal
,20146153845,14615384,LOPEZ,JORGE OSVALDO,ROMBO COMPAÑÍA FINANCIERA S.A.,03-2021,346000.00,1,En situación normal
,20146153845,14615384,LOPEZ,JORGE OSVALDO,Coppel S.A.,01-2021,174000.00,4,Con alto riesgo de insolvencia
,20165291477,16529147,OLIVA,MARCELO AGUSTIN,BBVA BANCO FRANCES S.A.,03-2021,25000.00,3,Con problemas
,27190606533,19060653,FERNANDEZ REBECA NOEMI,NOEMI,BBVA BANCO FRANCES S.A.,03-2021,39000.00,3,Con problemas
,27222814974,22281497,GONZALEZ,MIRIAN MABEL,BANCO DE GALICIA Y BUENOS AIRES S.A.U.,03-2021,54000.00,1,En situación normal
,27222814974,22281497,GONZALEZ,MIRIAN MABEL,BBVA BANCO FRANCES S.A.,03-2021,240000.00,1,En situación normal
,27222814974,22281497,GONZALEZ,MIRIAN MABEL,BANCO DE SANTA CRUZ S.A.,03-2021,360000.00,1,En situación normal
,27222814974,22281497,GONZALEZ,MIRIAN MABEL,BANCO DE SERVICIOS FINANCIEROS S.A.,03-2021,20000.00,1,En situación normal
,27222814974,22281497,GONZALEZ,MIRIAN MABEL,Asociación Mutual de protección Familiar,03-2021,48000.00,1,En situación normal
,27222814974,22281497,GONZALEZ,MIRIAN MABEL,TARJETA NARANJA S.A.,03-2021,57000.00,1,En situación normal
,27222814974,22281497,GONZALEZ,MIRIAN MABEL,TDF S.A.,03-2021,38000.00,2,Con seguimiento especial
