﻿IdExterno,CUIL,Documento,Apellido,Nombre,Numero,Domicilio,Localidad,Provincia,CP,TelefonoReferencia,TelefonoReferenciaTipo,Proveedor,Plan,Fuente
,20146153845,14615384,LOPEZ,JORGE OSVALDO,0111538217441,,,,,,,AMX ARGENTINA,-,ANSES
,20146153845,14615384,LOPEZ,JORGE OSVALDO,0111559288017,,,,,,,Telefonica Movistar,-,Cablevision
,20165291477,16529147,OLIVA,MARCELO AGUSTIN,0111561532073,,,,,,,Telefonica Movistar,-,ANSES / Cablevision / IFE Anses / Movistar
,20165291477,16529147,OLIVA,MARCELO AGUSTIN,0111562880080,"Castelli 1605,casa",General San Martin,Buenos Aires,1650,01147528576,Fijo,Telefonica Movistar,-,Movistar
,27190606533,19060653,FERNANDEZ REBECA NOEMI,NOEMI,0111531752192,,,,,,,Telefonica Movistar,-,ANSES / IFE Anses
,27190606533,19060653,FERNANDEZ REBECA NOEMI,NOEMI,0351152014694,BVRD CHACABUCO 472,CORDOBA,,5000,,,AMX ARGENTINA,-,Claro
