﻿IdExterno,Documento,CUIL,Apellido,Nombre,FechaNacimiento,DomicilioPadron,LocalidadPadron,ProvinciaPadron,Sexo,Fallecido,FallecidoActa,FallecidoTomo,FallecidoFolio,FallecidoFecha
,14002409,20140024091,CARMONA,CARLOS RUBEN,19/06/1961,UJEMVI,EL ZAPALLAR,MENDOZA,M,NO,,,,
,14615384,20146153845,LOPEZ,JORGE OSVALDO,08/11/1961,ISLANDIA 4030,LANUS,BUENOS AIRES,M,NO,,,,
,16529147,20165291477,OLIVA,MARCELO AGUSTIN,30/04/1963,CASTELLI 1605,BILLINGHURST,BUENOS AIRES,M,NO,,,,
,19060653,27190606533,FERNANDEZ REBECA NOEMI,NOEMI,,,,,F,NO,,,,
,22281497,27222814974,GONZALEZ,MIRIAN MABEL,04/03/1972,LAS PIEDRAS 364,RIO GALLEGOS,SANTA CRUZ,F,NO,,,,
