﻿IdExterno,CUIL,Documento,Apellido,Nombre,Domicilio,Cp,Localidad,Partido,Provincia,Origen,DetOrigen
,20140024091,14002409,CARMONA,CARLOS RUBEN,UJEMVI,,EL ZAPALLAR,,MENDOZA,Padron Electoral 2019,
,20140024091,14002409,CARMONA,CARLOS RUBEN,PEÑA Y LILLO 857,,LA CAÑADITA,,MENDOZA,Padron Electoral 2017,
,20140024091,14002409,CARMONA,CARLOS RUBEN,PEÃ‘A Y LILLO 857,,LA CAÃ‘ADITA,,Mendoza,Padron Electoral 2015,
,20140024091,14002409,CARMONA,CARLOS RUBEN,"B¦ 134 VIV. MZA.284 C.5  ",,SAN LUIS,,SAN LUIS,Padron Electoral 2013,
,20140024091,14002409,CARMONA,CARLOS RUBEN,"B¦ 134 VIV. MZA.284 C.5  ",,Capital,,SAN LUIS,Padron Electoral 2011,
,20140024091,14002409,CARMONA,CARLOS RUBEN,"FRANKLIN3ER BO COVIMET 1434  ",5503,SAN FRANCISCO DEL MON,,MENDOZA,ANSES,
,20146153845,14615384,LOPEZ,JORGE OSVALDO,ISLANDIA 4030,,LANUS,,BUENOS AIRES,Padron Electoral 2019,
,20146153845,14615384,LOPEZ,JORGE OSVALDO,ISLANDIA 4030,,LANUS,,BUENOS AIRES,Padron Electoral 2017,
,20146153845,14615384,LOPEZ,JORGE OSVALDO,ISLANDIA 4030,,Lanus Oeste (Parte),,Buenos Aires,Padron Electoral 2015,
,20146153845,14615384,LOPEZ,JORGE OSVALDO,"ISLANDIA 4030 ",,LANUS,,BUENOS AIRES,Padron Electoral 2013,
,20146153845,14615384,LOPEZ,JORGE OSVALDO,"ISLANDIA 4030 ",,LANUS,,BUENOS AIRES,Padron Electoral 2011,
,20146153845,14615384,LOPEZ,JORGE OSVALDO,AV PTE H YRIGOYEN 4883 13 C,1824,LANUS OESTE,,BUENOS AIRES,ANSES,
,20146153845,14615384,LOPEZ,JORGE OSVALDO,"MORAZAN FRANCISCO DE 306  ",,BANFIELD / LOMAS DE ZAMORA,,BUENOS AIRES,Cablevision,
,20146153845,14615384,LOPEZ,JORGE OSVALDO,"AVELLANEDA DR MARCO ,AV. 2782 PA ",,REMEDIOS DE ESCALADA - LA / LANUS,,BUENOS AIRES,Cablevision,
,20165291477,16529147,OLIVA,MARCELO AGUSTIN,CASTELLI 1605,,BILLINGHURST,,BUENOS AIRES,Padron Electoral 2019,
,20165291477,16529147,OLIVA,MARCELO AGUSTIN,CASTELLI 1605,,BILLINGHURST,,BUENOS AIRES,Padron Electoral 2017,
,20165291477,16529147,OLIVA,MARCELO AGUSTIN,109 NÂ°2119,,Ciudad Libert.S.Martin (Parte),,Buenos Aires,Padron Electoral 2015,
,20165291477,16529147,OLIVA,MARCELO AGUSTIN,"109 N°2119  ",,GENERAL SAN MARTIN,,BUENOS AIRES,Padron Electoral 2013,
,20165291477,16529147,OLIVA,MARCELO AGUSTIN,"109 N°2119  ",,GENERAL SAN MARTIN,,BUENOS AIRES,Padron Electoral 2011,
,20165291477,16529147,OLIVA,MARCELO AGUSTIN,"CASTELLI 1605 ",1650,GENERAL SAN MARTIN,,BUENOS AIRES,IFE Anses,
,20165291477,16529147,OLIVA,MARCELO AGUSTIN,"CASTELLI 1605  ",1650,GENERAL SAN MARTIN,,BUENOS AIRES,ANSES,
,20165291477,16529147,OLIVA,MARCELO AGUSTIN,"111-CASTELLI 1605 PB ",,GRAL. SAN MARTIN / GRAL. SAN MARTIN,,BUENOS AIRES,Cablevision,
,20165291477,16529147,OLIVA,MARCELO AGUSTIN,Castelli 1605,1650,General San Martin,,Buenos Aires,Telefonia celular (Telefonica Movistar),Telefonica Movistar
,20165291477,16529147,OLIVA,MARCELO AGUSTIN,"Castelli 1605,casa",1650,General San Martin,,Buenos Aires,Telefonia celular (Telefonica Movistar),Telefonica Movistar
,27190606533,19060653,FERNANDEZ REBECA NOEMI,NOEMI,"RUMANIA  419 MZA 20 CASA 00002 ",1888,SANTA ROSA,,BUENOS AIRES,IFE Anses,
,27190606533,19060653,FERNANDEZ REBECA NOEMI,NOEMI,"RUMANIA  419 MZA 20 CASA 2  ",1888,VILLA SANTA ROSA,,BUENOS AIRES,ANSES,
,27190606533,19060653,FERNANDEZ REBECA NOEMI,NOEMI,BVRD CHACABUCO 472,5000,CORDOBA,,,Telefonia celular (AMX ARGENTINA),AMX ARGENTINA
,27222814974,22281497,GONZALEZ,MIRIAN MABEL,LAS PIEDRAS 364,,RIO GALLEGOS,,SANTA CRUZ,Padron Electoral 2019,
,27222814974,22281497,GONZALEZ,MIRIAN MABEL,LAS PIEDRAS 364,,RIO GALLEGOS,,SANTA CRUZ,Padron Electoral 2017,
,27222814974,22281497,GONZALEZ,MIRIAN MABEL,LAS PIEDRAS 364,,RIO GALLEGOS,,Santa Cruz,Padron Electoral 2015,
,27222814974,22281497,GONZALEZ,MIRIAN MABEL,"TELLIER 297 ",,GUER AIKE,,SANTA CRUZ,Padron Electoral 2013,
,27222814974,22281497,GONZALEZ,MIRIAN MABEL,"TELLIER 297 ",,GUER AIKE,,SANTA CRUZ,Padron Electoral 2011,
,27222814974,22281497,GONZALEZ,MIRIAN MABEL,"MISIONES 326  ",9400,RIO GALLEGOS,,SANTA CRUZ,ANSES,
,27222814974,22281497,GONZALEZ,MIRIAN MABEL,RUTA 40 KM 83,5560,TUNUYAN,,MENDOZA,Reg. Automotor (ANC016),
