﻿IdExterno,Documento,CUIL,Apellido,Nombre,VinculoCUIL,VinculoRelacion,VinculoDocumento,VinculoSexo,VinculoApellido,VinculoNombre
,14002409,20140024091,CARMONA,CARLOS RUBEN,27370004663,FAMILIAR,37000466,F,CARMONA,JOHANA MARIANELA
,14002409,20140024091,CARMONA,CARLOS RUBEN,20346077469,FAMILIAR,34607746,M,CARMONA CARLOS MAXIMILIANO,
,14002409,20140024091,CARMONA,CARLOS RUBEN,27149625203,FAMILIAR,14962520,F,MORAN,MARIA ISABEL
,14615384,20146153845,LOPEZ,JORGE OSVALDO,27185914599,FAMILIAR,18591459,F,CORVALAN,MABEL
,14615384,20146153845,LOPEZ,JORGE OSVALDO,27320048422,FAMILIAR,32004842,F,LOPEZ GONZALEZ,MARIA FLORENCIA
,14615384,20146153845,LOPEZ,JORGE OSVALDO,27356034851,FAMILIAR,35603485,F,LOPEZ,MARGARITA ELIZABETH
,14615384,20146153845,LOPEZ,JORGE OSVALDO,27431994874,FAMILIAR,43199487,F,LOPEZ CORVALAN,IARA BELEN
,22281497,27222814974,GONZALEZ,MIRIAN MABEL,27489711112,FAMILIAR,48971111,F,,RUIZ DIAZ EMMA FRANCESCA
,22281497,27222814974,GONZALEZ,MIRIAN MABEL,20392056174,FAMILIAR,39205617,M,MIRANDA LUCIANO NAHUEL,
,22281497,27222814974,GONZALEZ,MIRIAN MABEL,23146567819,FAMILIAR,14656781,M,MIRANDA,TITO EDUARDO
,22281497,27222814974,GONZALEZ,MIRIAN MABEL,20355671233,VINCULADOS,35567123,M,MIRANDA,RODRIGO EMMANUEL
,22281497,27222814974,GONZALEZ,MIRIAN MABEL,20380614538,VINCULADOS,38061453,M,MIRANDA,FRANCO MAXIMILIANO
