﻿IdExterno,Documento,CUIL,Apellido,Nombre,Calle,Altura,Piso,Depto,Localidad,Provincia,CP,ObraSocial,Tipo
DNI 25404988,25404988,20254049884,IBARROLA,GABRIEL MARTIN,,,,,,,,O.S. DE LA UNION OBRERA METALURGICA DE LA REP. ARGENTINA,Titular
DNI 18747447,18747447,20187474478,PEREA,WALTER BENIGNO,,,,,,,,OBRA SOCIAL DEL PERSONAL DE EDIFICIOS DE RENTA Y HORIZONTAL DE LA CIUDAD AUTONOMA DE BUENOS AIRES Y GRAN BUENOS AIRES,Titular
DNI 20019584,20019584,20200195842,ALVAREZ,JOSE MARIA,,,,,,,,OBRA SOCIAL DEL PERSONAL DE LA FEDERACION DE SINDICATOS DE LA INDUSTRIA QUIMICAS Y PETROQUIMICAS DE LA REPUBLICA ARGENTINA,Titular
DNI 23873821,23873821,20238738211,ESCUBILLA,EMILIO MARCELO,,,,,,,,OBRA SOCIAL DEL PERSONAL ADMINISTRATIVO Y TECNICO DE LA CONSTRUCCION Y AFINES,Titular
DNI 26680486,26680486,20266804866,ALARCON,HORACIO ARGENTINO,,,,,,,,OBRA SOCIAL DE MANDOS MEDIOS DE TELECOMUNICACIONES EN LA REPUBLICA ARGENTINA Y MERCOSUR,Titular
DNI 30667374,30667374,20306673743,BRANDAN,LUCAS IGNACIO,,,,,,,,O. S. DEL PERSONAL DE LA SANIDAD ARGENTINA,Beneficiario
DNI 26788823,26788823,27267888235,MENOTTI,NIDIA YESICA,,,,,,,,OBRA SOCIAL DEL PERSONAL DE FABRICAS DE PINTURA,Titular
DNI 13623168,13623168,20136231686,QUIROGA,SERGIO RAUL,,,,,,,,OBRA SOCIAL DE LA CAMARA DE EMPRESARIOS DE AGENCIAS DE REMISES DE LA PROVINCIA DE BUENOS AIRES,Titular
DNI 16511495,16511495,27165114952,GARCIA,ALICIA CLAUDIA,,,,,,,,OBRA SOCIAL DE YACIMIENTOS CARBONIFEROS,Titular
DNI 29009200,29009200,20290092001,GONZALEZ,MATIAS ENRIQUE,,,,,,,,OBRA SOCIAL DE EMPLEADOS Y PERSONAL JERARQUICO DE LA ACTIVIDAD DEL NEUMATICO ARGENTINO DE NEUMATICOS GOOD YEAR SRL,Titular
DNI 18301824,18301824,27183018243,GOMEZ,VIVIANA,,,,,,,,O.S. DE LOS EMPLEADOS DE COMERCIO Y ACT.ES CIVILES,Titular
DNI 22133822,22133822,20221338228,ZAFFE,ARIEL FABIÁN,,,,,,,,OBRA SOCIAL DEL PERSONAL DE LA CONSTRUCCION,Titular
DNI 11726911,11726911,20117269117,CAEZZA,JOSE LUIS,,,,,,,,OBRA SOCIAL DE LOS EMPLEADOS DE COMERCIO Y ACTIVIDADES CIVILES,Titular
DNI 25899872,25899872,27258998729,ROBLEDO,MARGARITA ELIZABETH,CANADA,03240,,,LANUS OESTE,BUENOS AIRES,1824,O.S. DEL PERSONAL DEL AUTOMOVIL CLUB ARGENTINO,Titular
DNI 14561015,14561015,20145610150,VISONA,HUGO RODOLFO,,,,,,,,OBRA SOCIAL DE LOS EMPLEADOS DE COMERCIO Y ACTIVIDADES CIVILES,Titular
DNI 36448557,36448557,27364485579,AMARILLA,AIDA VICTORIA,,,,,,,,O.S. DEL PERS. DE LA INDUSTRIA DEL TABACO,Titular
DNI 32481459,32481459,27324814596,PALACIO,CINTIA ELIZABETH,,,,,,,,"OBRA SOCIAL DEL PERSONAL DEL TURISMO, HOTELERO Y GASTRONOMICO DE LA UNION DE TRABAJADORES DEL TURISMO HOTELEROS Y GASTRONOMICOS DE LA REPUBLICA ARGENTINA",Titular
DNI 36412988,36412988,27364129888,LOPEZ,LAURA CRISTINA,MONSEGUR,03842,,,MORENO,BUENOS AIRES,1744,O. S. DE LOS EMPLEADOS DE COMERCIO Y ACTIVIDADES CIVILES,Titular
DNI 20206540,20206540,27202065401,GALARZA,ALICIA HAYDEE,DARWIN,01165,PB,2,CIUDAD AUTONOMA DE BS.AS.,CAP. FEDERAL,1414,O.S . DE AGENTES DE LOTERIAS Y AFINES DE LA REPUBLICA ARGENTINA,Titular
DNI 17651051,17651051,20176510510,CORDOBA,JOSE LORENZO,,,,,,,,OBRA SOCIAL DE LOS EMPLEADOS DE COMERCIO Y ACTIVIDADES CIVILES,Titular
DNI 26499978,26499978,27264999788,MEDINA,SILVANA MARIANA,CURA BROCHERO,9956,,,MORENO,BUENOS AIRES,1664,O.S. DE CAPATACES ESTIBADORES PORTUARIOS,Titular
DNI 13410295,13410295,27134102956,MAZARIEGO,MARIA ALEJANDRA,MEDRANO,00237,,,CIUDAD AUTONOMA DE BS.AS.,CAP. FEDERAL,1178,O. S. DE LOS EMPLEADOS DE COMERCIO Y ACTIVIDADES CIVILES,Titular
DNI 21535814,21535814,27215358149,ESPINDOLA,GLADYS ELIZABETH,,,,,,,,OBRA SOCIAL DEL PERSONAL DE LA ENSE¥ANZA PRIVADA,Titular
DNI 27028320,27028320,27270283204,LAZARTE,VERONICA DANIELA,JOAQUIN V GONZALEZ,02328,,,MORENO,BUENOS AIRES,1744,O.S. DE LOS MÉDICOS DE LA CIUDAD DE BUENOS AIRES,Titular
DNI 33225339,33225339,20332253396,MERELES RODRIGO DAMIAN,RODRIGO DAMIAN,,,,,,,,IOSE,Titular
DNI 14850315,14850315,20148503150,QUIROGA,PATRICIO RUMALDO,,,,,,,,O. S. DEL PERSONAL DE DIRECCION DE LA SANIDAD LUIS PASTEUR,Beneficiario
DNI 23439141,23439141,27234391416,GALAN,MARIA DE LAS MERCEDES,ROCAMORA,02322,00,0,POSADAS,MISIONES,3300,NINGUNA,Titular
DNI 14364253,14364253,20143642535,ARIAS ALFREDO OSCAR,ALFREDO OSCAR,,,,,,,,OBRA SOCIAL DEL PERSONAL DEL AUTOMOVIL CLUB ARGENTINO,Titular
DNI 30733183,30733183,27307331832,ALFONSO,ANALIA VERONICA,,,,,,,,O.S.P. BUENOS AIRES (IOMA),Titular
DNI 31089922,31089922,23310899224,ABOY,YANINA VANESA,,,,,,,,OBRA SOCIAL UNION PERSONAL DE LA UNION DEL  PERSONAL CIVIL DE LA NACION,Titular
DNI 30680403,30680403,20306804031,DELGADILLO OLIVA,BERNARDO ANTONIO,,,,,,,,OBRA SOCIAL DE LOS EMPLEADOS DE COMERCIO Y ACTIVIDADES CIVILES,Titular
DNI 25705770,25705770,23257057704,ARIAS,ADRIANA GISELA,,,,,,,,O.S.P. BUENOS AIRES (IOMA),Titular
DNI 12279496,12279496,20122794963,FERNANDEZ,PABLO ALFREDO,,,,,,,,OBRA SOCIAL DE TECNICOS DE VUELO DE LINEAS AEREAS,Titular
DNI 13277144,13277144,27132771443,HERZOVICH,PATRICIA IRENE,,,,,,,,OBRA SOCIAL DE LOS EMPLEADOS DE COMERCIO Y ACTIVIDADES CIVILES,Titular
DNI 13465170,13465170,27134651704,KEVARKIAN,NORMA SUSANA,AZARA,01643,00,0000,CIUDAD AUTONOMA DE BS.AS.,CAP. FEDERAL,1269,O. S. DEL PERSONAL DE LA SANIDAD ARGENTINA,Titular
DNI 29655336,29655336,27296553366,PALERMO,ROMINA MARIEL,,,,,,,,OBRA SOCIAL UNION PERSONAL DE LA UNION DEL PERSONAL CIVIL DE LA NACION,Titular
DNI 43782039,43782039,27437820398,GUTIERREZ,MIRYAM EVANGELINA,,,,,,,,O.S.P. BUENOS AIRES (IOMA),Titular
DNI 4090971,4090971,27040909716,PRIVIDERA,AMELIA LUCIA,ALBERDI,00647,,,SAN ANTONIO DE PADUA,BUENOS AIRES,1718,NINGUNA,Titular
DNI 4403690,4403690,20044036909,SAVINO,JORGE RITO,,,,,,,,OBRA SOCIAL BANCARIA ARGENTINA,Titular
DNI 94649760,94649760,20946497607,SANCHEZ GUTIERREZ LUIS ALBERTO,"SANCHEZ GUTIERREZ LUIS ALBERTO                                                                                                                        ",,,,,,,,OBRA SOCIAL DEL SINDICATO DE MECANICOS Y AFINES DEL TRANSPORTE AUTOMOTOR,Titular
DNI 18865914,18865914,23188659144,ABALOS,MARIA TERESA,,,,,,,,O.S.P. CIUDAD AUT. DE BUENOS AIRES (ObSBA),Titular
DNI 94063883,94063883,27940638831,VEIZAGA ROJAS GOLDI,"ROJAS GOLDI        ",,,,,,,,OBRA SOCIAL DE LOS EMPLEADOS DE COMERCIO Y ACTIVIDADES CIVILES,Titular
DNI 33995842,33995842,20339958425,PALACIO,JAVIER EZEQUIEL,,,,,,,,"OBRA SOCIAL DEL PERSONAL DEL TURISMO, HOTELERO Y GASTRONOMICO DE LA UNION DE TRABAJADORES DEL TURISMO HOTELEROS Y GASTRONOMICOS DE LA REPUBLICA ARGENTINA",Titular
DNI 28843697,28843697,27288436970,PELLICANI,AGUSTINA PAULA,,,,,,,,"OBRA SOCIAL DEL PERSONAL DEL TURISMO, HOTELERO Y GASTRONOMICO DE LA UNION DE TRABAJADORES DEL TURISMO HOTELEROS Y GASTRONOMICOS DE LA REPUBLICA ARGENTINA",Titular
DNI 33114734,33114734,20331147347,MOLINA,WALTER ANTONIO,,,,,,,,O.S. DEL PERS. DE LA INDUSTRIA MOLINERA,Titular
DNI 27170296,27170296,27271702960,FRANCAVILLA SABRINA BARBARA,SABRINA BARBARA,,,,,,,,OBRA SOCIAL DEL PERSONAL ASOCIADO A ASOCIACION MUTUAL SANCOR,Titular
DNI 30135137,30135137,27301351378,ALMIRON,ROMINA GISELLE,,,,,,,,"OBRA SOCIAL DEL PERSONAL DE PELUQUERIAS, ESTETICAS Y AFINES",Titular
DNI 12270488,12270488,27122704888,MELLINO,ANA MARIA,,,,,,,,NINGUNA,Beneficiario
DNI 23480993,23480993,20234809939,HUARACHI,HECTOR JUSTINO,,,,,,,,OBRA SOCIAL DE MANDOS MEDIOS DE TELECOMUNICACIONES EN LA REPUBLICA ARGENTINA Y MERCOSUR,Titular
DNI 92610168,92610168,20926101685,FERREIRA,"SILVA DAVY EDISON         ",,,,,,,,"OBRA SOCIAL DEL PERSONAL DEL TURISMO, HOTELERO Y GASTRONOMICO DE LA UNION DE TRABAJADORES DEL TURISMO HOTELEROS Y GASTRONOMICOS DE LA REPUBLICA ARGENTINA",Titular
DNI 18310932,18310932,23183109324,PRIETO,SUSANA MABEL,,,,,,,,O.S.P. CIUDAD AUT. DE BUENOS AIRES (ObSBA),Titular
DNI 28825284,28825284,20288252840,BARRETO,NESTOR GABRIEL,SALADILLO,00836,,,BANFIELD,BUENOS AIRES,1828,O. S. DE LOS EMPLEADOS DE COMERCIO Y ACTIVIDADES CIVILES,Titular
DNI 20481399,20481399,27204813995,SANCHEZ,ELIZABETH JULIA,,,,,,,,OBRA SOCIAL MUTUALIDAD INDUSTRIAL TEXTIL ARGENTINA,Titular
DNI 28916049,28916049,20289160494,RODRIGUEZ,MARCELO DAVID,,,,,,,,"OBRA SOCIAL DE EMPRESARIOS, PROFESIONALES Y MONOTRIBUTISTAS",Titular
DNI 30616398,30616398,27306163987,ENRIQUEZ,NORA MARIANA,,,,,,,,O.S.P. BUENOS AIRES (IOMA),Titular
DNI 21773397,21773397,23217733979,MORAN,JORGE RAMON,,,,,,,,"OBRA SOCIAL DEL PERSONAL DE ESTACIONES DE SERVICIO, GARAGES, PLAYAS DE ESTACIONAMIENTO Y LAVADEROS AUTOMATICOS",Titular
DNI 4540934,4540934,20045409342,MOUMDJIAN,ALBERTO RICARDO,,,,,,,,O.S. DE DOCENTES PARTICULARES,Beneficiario
DNI 20335393,20335393,20203353937,CORIA,CESAR RUBEN,AMADO NERVO,00040,,,EL JAGUEL,BUENOS AIRES,1842,O.S. DEL PERSONAL DE PANADERIAS,Titular
DNI 22024103,22024103,27220241039,WENBICKI,VIVIANA LAURA,,,,,,,,OBRA SOCIAL UNION PERSONAL DE LA UNION DEL PERSONAL CIVIL DE LA NACION,Titular
DNI 24994690,24994690,27249946902,MAGGIO,MARIA FLORENCIA,,,,,,,,OBRA SOCIAL DEL PERSONAL DEL ORGANISMO DE CONTROL EXTERNO,Titular
DNI 13664101,13664101,27136641013,RAMOS,SUSANA AMANDA,,,,,,,,O.S.P. CIUDAD AUT. DE BUENOS AIRES (ObSBA),Titular
DNI 16497086,16497086,20164970869,PALOMO,ROLANDO,,,,,,,,OBRA SOCIAL DEL PERSONAL DE EDIFICIOS DE RENTA Y HORIZONTAL DE LA CIUDAD AUTONOMA DE BUENOS AIRES Y GRAN BUENOS AIRES,Titular
DNI 17499360,17499360,27174993608,FAITA,ANDREA FABIANA,,,,,,,,OBRA SOCIAL DEL PERSONAL DE LA CONSTRUCCION,Titular
DNI 22226977,22226977,20222269777,AZZETTI,LEONARDO CARLOS GUIDO,CONDE,03276,,,CIUDAD AUTONOMA DE BS.AS.,CAP. FEDERAL,1430,NINGUNA,Titular
DNI 22981039,22981039,20229810392,VILDOZA,CHRISTIAN HERNAN,,,,,,,,OBRA SOCIAL DEL PERSONAL GRAFICO,Titular
DNI 17287133,17287133,20172871330,BROSKY,MARCELO IGNACIO,,,,,,,,OBRA SOCIAL DE EJECUTIVOS Y DEL PERSONAL DE DIRECCION DE EMPRESAS,Titular
DNI 5441755,5441755,27054417557,GONZALEZ,LEONOR,,,,,,,,O.S.P. BUENOS AIRES (IOMA),Titular
DNI 29616524,29616524,20296165248,GOMEZ,DIEGO LEANDRO,,,,,,,,OBRA SOCIAL DE LOS EMPLEADOS DE COMERCIO Y ACTIVIDADES CIVILES,Titular
DNI 26299859,26299859,20262998593,MONTOYA SERGIO DANIEL,SERGIO DANIEL,,,,,,,,OBRA SOCIAL DEL PERSONAL DE TELEVISION,Titular
DNI 18076260,18076260,23180762604,PASSARDI,RITA MARIA A,,,,,,,,OBRA SOCIAL DEL PERSONAL DEL AUTOMOVIL CLUB ARGENTINO,Titular
DNI 27637640,27637640,27276376409,GUZMAN,IVANA MARIELA,,,,,,,,O.S.P. BUENOS AIRES (IOMA),Titular
DNI 27636260,27636260,27276362602,PREZIOSO,LORENA NATALIA,,,,,,,,OBRA SOCIAL UNION PERSONAL DE LA UNION DEL PERSONAL CIVIL DE LA NACION,Titular
DNI 93886970,93886970,27938869702,MORAL,"RIVAROLA VICTORIA      ",,,,,,,,OBRA SOCIAL DE ARBITROS DEPORTIVOS DE LA REPUBLICA ARGENTINA,Titular
DNI 26119183,26119183,20261191831,BENITEZ,HERNAN JAVIER,,,,,,,,OBRA SOCIAL DEL PERSONAL DE EDIFICIOS DE RENTA Y HORIZONTAL DE LA CIUDAD AUTONOMA DE BUENOS AIRES Y GRAN BUENOS AIRES,Titular
DNI 23525390,23525390,23235253909,IBARRA,ALEJANDRO ADRIAN,,,,,,,,OBRA SOCIAL DE PETROLEROS,Titular
DNI 22195391,22195391,20221953917,LAUZEL,GUSTAVO ENRIQUE,,,,,,,,OBRA SOCIAL DE CONDUCTORES DE TRANSPORTE COLECTIVO DE PASAJEROS,Titular
DNI 24431141,24431141,20244311416,CARLOS,JUAN PABLO,,,,,,,,O.S.P. CIUDAD AUT. DE BUENOS AIRES (ObSBA),Titular
DNI 11201330,11201330,27112013305,PAURA,MARIA CRISTINA,,,,,,,,O.S. DE EMPLEADOS DE AGENCIAS DE INFORMES (O.S.E.D.I.),Beneficiario
DNI 39551087,39551087,27395510873,BARBOZA,ROCIO BELEN,,,,,,,,"OBRA SOCIAL DE EMPRESARIOS, PROFESIONALES Y MONOTRIBUTISTAS",Titular
DNI 37424239,37424239,27374242399,CORDOBA,EVELYN GISELLE,,,,,,,,O.S.P. BUENOS AIRES (IOMA),Titular
DNI 4282339,4282339,20042823393,REPETTO,EDUARDO ALBERTO,YERBAL,02846,0,,LANUS,BUENOS AIRES,1824,NINGUNA,Titular
DNI 25966746,25966746,27259667467,TASSARA,PAULA VALERIA,,,,,,,,OBRA SOCIAL DE PATRONES DE CABOTAJE DE RIOS Y PUERTOS,Titular
DNI 14679486,14679486,20146794867,REALES,SERGIO RAUL,,,,,,,,"OBRA SOCIAL DEL PERSONAL DEL TURISMO, HOTELERO Y GASTRONOMICO DE LA UNION DE TRABAJADORES DEL TURISMO HOTELEROS Y GASTRONOMICOS DE LA REPUBLICA ARGENTINA",Titular
DNI 5454097,5454097,27054540979,PEREZ,BLANCA BEATRIZ,,,,,,,,O.S. DEL PERSONAL DE EDIFICIOS DE RENTAS Y HORIZONTAL DE CAPITAL FEDERAL Y GRAN BUENOS ARIES,Beneficiario
DNI 26661487,26661487,20266614870,MARTIN,ARIEL HERNAN,,,,,,,,OBRA SOCIAL DEL PERSONAL DE TELECOMUNICACIONES SINDICATO BUENOS AIRES,Titular
DNI 35416781,35416781,20354167817,VILLARREAL,NELSON ALEJANDRO,,,,,,,,OBRA SOCIAL DE LOS EMPLEADOS DE COMERCIO Y ACTIVIDADES CIVILES,Titular
DNI 25475691,25475691,20254756912,BARBA DANIEL ROBERTO,DANIEL ROBERTO,,,,,,,,OBRA SOCIAL DE LOS EMPLEADOS DE COMERCIO Y ACTIVIDADES CIVILES,Titular
DNI 14169574,14169574,20141695747,PIÑA,MIGUEL ADRIAN,,,,,,,,O.S. DEL PERS. DE LA INDUSTRIA DE LA ALIMENTACION,Titular
DNI 21809365,21809365,20218093656,TROILO,GUSTAVO ADOLFO,,,,,,,,O.S.P. BUENOS AIRES (IOMA),Titular
DNI 32905611,32905611,20329056113,CHAO,HERNAN,,,,,,,,"OBRA SOCIAL TRABAJADORES PASTELEROS, CONFITEROS, PIZZEROS , HELADEROS Y ALFAJOREROS DE LA REPUBLICA ARGENTINA",Titular
DNI 30287647,30287647,23302876479,TORO JOSE EDUARDO,JOSE EDUARDO,,,,,,,,OBRA SOCIAL DEL PERSONAL DE LA INDUSTRIA TEXTIL,Titular
DNI 93761645,93761645,27937616452,VILLAVERDE,"LEGUIZA ISABEL           ",,,,,,,,O.S. DEL PERS. DE LA SANIDAD ARGENTINA,Titular
DNI 25003528,25003528,23250035284,RIOS,LILIANA MABEL,,,,,,,,OBRA SOCIAL DE LOS EMPLEADOS DE COMERCIO Y ACTIVIDADES CIVILES,Titular
DNI 40458413,40458413,27404584133,OCHOA,MARIA VICTORIA,,,,,,,,"OBRA SOCIAL TRABAJADORES PASTELEROS, CONFITEROS, PIZZEROS , HELADEROS Y ALFAJOREROS DE LA REPUBLICA ARGENTINA",Titular
DNI 16146096,16146096,20161460967,MACIEL,MIGUEL ISAURO,,,,,,,,OBRA SOCIAL DE PEONES DE TAXIS DE LA CAPITAL FEDERAL,Titular
DNI 16623855,16623855,20166238553,SANTOS,NORBERTO TRANSITO,,,,,,,,O.S. DE LOS EMPLEADOS DE COMERCIO Y ACT.ES CIVILES,Titular
DNI 23609813,23609813,27236098139,ARCE,ALEJANDRA GABRIELA,,,,,,,,O.S.P. CIUDAD AUT. DE BUENOS AIRES (ObSBA),Titular
DNI 92668898,92668898,20926688988,AGUILA,"DIAZ CRISTIAN HUMBERTO       ",,,,,,,,OBRA SOCIAL DEL PERSONAL DE EDIFICIOS DE RENTA Y HORIZONTAL DE LA CIUDAD AUTONOMA DE BUENOS AIRES  Y GRAN BUENOS AIRES,Titular
DNI 11037125,11037125,27110371255,GAMARRA,NORMA PASCUALA,,,,,,,,OBRA SOCIAL DEL PERSONAL MUNICIPAL DE LA MATANZA,Titular
DNI 31442087,31442087,27314420875,CAPITANELLI,MARIA NATALIA,,,,,,,,OBRA SOCIAL DEL PERSONAL DE LA CONSTRUCCION,Titular
DNI 5752408,5752408,27057524087,STRELEC,MIRTA HAYDEE,,,,,,,,O.S.P. NEUQUEN (ISSN),Titular
DNI 12789595,12789595,20127895954,LOPEZ,NESTOR ALBERTO,,,,,,,,OBRA SOCIAL DE BOXEADORES AGREMIADOS DE LA REPUBLICA ARGENTINA,Titular
DNI 22126651,22126651,27221266515,COMAS,MONICA ELIZABETH,,,,,,,,OBRA SOCIAL DEL PERSONAL DE LA INDUSTRIA DEL PLASTICO,Titular
DNI 21857490,21857490,20218574905,RAMOS,REYNALDO ROSA,,,,,,,,OBRA SOCIAL DEL PERSONAL DE EDIFICIOS DE RENTA Y HORIZONTAL DE LA CIUDAD AUTONOMA DE BUENOS AIRES Y GRAN BUENOS AIRES,Titular
DNI 10732189,10732189,27107321891,CACCIATORE,MARIA OFELIA,PUERREDON,00406,,,GENERAL RODRIGUEZ,BUENOS AIRES,1748,NINGUNA,Titular
DNI 8487235,8487235,20084872351,GONZALEZ,HUGO FRANCISCO,RECONQUISTA,00432,,,TIGRE,BUENOS AIRES,1648,O. S. DE LA UNION OBRERA METALURGICA DE LA REPUBLICA ARGENTINA,Titular
DNI 30497604,30497604,20304976048,BARROCA,JUAN MARCOS,,,,,,,,OBRA SOCIAL DE EMPLEADOS Y PERSONAL JERARQUICO DE LA ACTIVIDAD DEL NEUMATICO ARGENTINO DE NEUMATICOS GOOD YEAR SRL,Titular
DNI 20281710,20281710,27202817101,MUSCO,CLAUDIA GRACIELA,,,,,,,,OBRA SOCIAL DEL PERSONAL DE LA SANIDAD ARGENTINA,Titular
DNI 23149834,23149834,20231498347,MELLIA BERONDA,MATIAS EUGENIO,,,,,,,,OBRA SOCIAL DE JEFES Y OFICIALES NAVALES DE RADIOCOMUNICACIONES,Titular
DNI 22312701,22312701,20223127011,AMAYA,CESAR MARIO,,,,,,,,OBRA SOCIAL DEL PERSONAL DE EDIFICIOS DE RENTA Y HORIZONTAL DE LA CIUDAD AUTONOMA DE BUENOS AIRES Y GRAN BUENOS AIRES,Titular
DNI 28312126,28312126,20283121268,CARABALLO,CLAUDIO MARCELO,,,,,,,,OBRA SOCIAL DE AGENTES DE LOTERIAS Y AFINES DE LA REPUBLICA ARGENTINA,Titular
DNI 34306340,34306340,27343063402,CASTILLO,AYELEN VANESA,,,,,,,,"OBRA SOCIAL DEL PERSONAL DE PELUQUERIAS, ESTETICAS Y AFINES",Titular
DNI 12183268,12183268,20121832683,MUÑOZ,RICARDO OSVALDO,,,,,,,,"OBRA SOCIAL DEL PERSONAL DEL TURISMO, HOTELERO Y GASTRONOMICO DE LA UNION DE TRABAJADORES DEL TURISMO HOTELEROS Y GASTRONOMICOS DE LA REPUBLICA ARGENTINA",Titular
DNI 26036495,26036495,20260364953,ESPINOSA,CLAUDIO ALEJANDRO,,,,,,,,OBRA SOCIAL DEL PERSONAL DE DIRECCION DE LA INDUSTRIA METALURGICA Y DEMAS ACTIVIDADES EMPRESARIAS,Titular
DNI 24420728,24420728,20244207287,GONZALEZ,OSCAR ALBERTO,,,,,,,,OBRA SOCIAL DE LA UNION OBRERA METALURGICA DE LA REPUBLICA ARGENTINA,Titular
DNI 10761216,10761216,20107612166,LEIVA,MARIANO CARLOS,,,,,,,,O.S. DE EJECUTIVOS Y DEL PERS. DE DIR. DE EMPRESAS,Titular
DNI 16732987,16732987,20167329870,CENTURION,JOSE HORACIO,,,,,,,,O.S. DEL PERS. DEL PAPEL,Titular
DNI 20471505,20471505,20204715050,GOMEZ,CARLOS ALBERTO,,,,,,,,O.S.P. BUENOS AIRES (IOMA),Titular
DNI 5485103,5485103,27054851036,FUNES,NELBA NOEMI,,,,,,,,O.S.P. BUENOS AIRES (IOMA),Titular
DNI 5319601,5319601,20053196013,ARANDA,RAMON LUJAN,OLMOS,290,,,MAR DE AJO,BUENOS AIRES,7109,NINGUNA,Titular
DNI 28587729,28587729,27285877291,MENDEZ,NATALIA ALEJANDRA,,,,,,,,O.S. DEL PERS. DE SOCIEDADES DE AUTORES Y AFINES,Titular
DNI 14814851,14814851,20148148512,GODOY,JOSE MARCELO,,,,,,,,O.S.P. BUENOS AIRES (IOMA),Titular
DNI 17196326,17196326,27171963260,ROMANO,MARIA ALEJANDRA,,,,,,,,OBRA SOCIAL DE LOS EMPLEADOS DE COMERCIO Y ACTIVIDADES CIVILES,Titular
DNI 28961427,28961427,27289614279,GODOY,LAURA GUADALUPE,,,,,,,,OBRA SOCIAL DE LOS EMPLEADOS DE COMERCIO Y ACTIVIDADES CIVILES,Titular
DNI 16114640,16114640,23161146404,DE VINCENTIS,MIRYAM ELIZABETH,,,,,,,,"OBRA SOCIAL DEL PERSONAL DE LA INDUSTRIA DEL FOSFORO, ENCENDIDO Y AFINES",Titular
DNI 6147322,6147322,20061473220,TORRES,HUMBERTO,SARMIENTO,02845,01,F,CIUDAD AUTONOMA DE BS.AS.,CAP. FEDERAL,1103,NINGUNA,Titular
DNI 28266107,28266107,27282661077,CHOCOBAR,PAMELA MELINA,,,,,,,,OBRA SOCIAL DE MANDOS MEDIOS DE TELECOMUNICACIONES EN LA REPUBLICA ARGENTINA Y MERCOSUR,Titular
DNI 17656425,17656425,20176564254,SENISE,HECTOR ARMANDO,,,,,,,,O.S.P. BUENOS AIRES (IOMA),Titular
DNI 13302738,13302738,27133027381,GOMEZ,MARTA ELENA,,,,,,,,O.S. DE LOS EMPLEADOS DE COMERCIO Y ACT.ES CIVILES,Titular
DNI 29599387,29599387,27295993877,ARELLO,ELIZABETH GISELA,,,,,,,,OBRA SOCIAL DE RELOJEROS Y JOYEROS,Titular
DNI 10090133,10090133,20100901332,ESPINDOLA,ANGEL C,,,,,,,,O.S.P. BUENOS AIRES (IOMA),Titular
DNI 16038378,16038378,27160383785,MIRANDA,VIVIAN EDITH,,,,,,,,O.S. DEL PERS. DEL AUTOMOVIL  CLUB ARGENTINO,Titular
DNI 13431676,13431676,20134316765,RICCI,OSCAR ENRIQUE,,,,,,,,O.S. DEL PERS. DEL AUTOMOVIL  CLUB ARGENTINO,Titular
DNI 4456343,4456343,27044563431,PRIETO,FELICIDAD ROSARIO,,,,,,,,O.S.P. BUENOS AIRES (IOMA),Titular
DNI 40398394,40398394,27403983948,GUDIÑO,SHEILA MELANIE,ESQUIU,2005,,,LIBERTAD,BUENOS AIRES,1716,O.S. DEL PERSONAL DE LA INDUSTRIA MOLINERA,Titular
DNI 5611078,5611078,20056110780,DOMINGUEZ,ALBERTO ADOLFO,,,,,,,,O.S.P. BUENOS AIRES (IOMA),Titular
DNI 23692401,23692401,20236924018,BELLO,GUILLERMO DANIEL,,,,,,,,O.S.P. BUENOS AIRES (IOMA),Titular
DNI 18133296,18133296,23181332964,AQUINO,MERCEDES NOEMI,,,,,,,,O.S. TRABAJADORES PASTELEROS,Titular
DNI 11893524,11893524,27118935247,LARA,NORA NOEMI,,,,,,,,OBRA SOCIAL PARA EL PERSONAL MUNICIPAL DE TRES DE FEBRERO,Titular
DNI 16639926,16639926,20166399263,COLARTE,MARCELO GREGORIO,,,,,,,,OBRA SOCIAL DEL PERSONAL DE LA SANIDAD ARGENTINA,Titular
DNI 30427058,30427058,20304270587,SANCHIS MELIAN,FEDERICO EZEQUIEL,,,,,,,,OBRA SOCIAL DEL PERSONAL DE LA CONSTRUCCION,Titular
DNI 12204548,12204548,27122045485,ACOSTA,MARIA DEL CARMEN,,,,,,,,O.S.P. BUENOS AIRES (IOMA),Titular
DNI 30525731,30525731,20305257312,MAMMARELLA,DANTE JAVIER,,,,,,,,O.S.P. BUENOS AIRES (IOMA),Titular
DNI 31926802,31926802,27319268028,MORALES,ALDANA BELEN,,,,,,,,OBRA SOCIAL DE DOCENTES PARTICULARES,Titular
DNI 93961443,93961443,27939614430,HUAMAN VALDEZ SANTOS TERESA,"VALDEZ SANTOS TERESA       ",LAVALLE,03263,PB,5,CIUDAD AUTONOMA DE BS.AS.,CAP. FEDERAL,1190,O.S. DEL PERSONAL DE LA PUBLICIDAD,Titular
DNI 26160499,26160499,27261604995,POMAR ERIKA NELIDA,ERIKA NELIDA,salta,772,,,CIUDAD AUTONOMA DE BS.AS.,CAP. FEDERAL,1074,"O.S. DE LA UNION DE TRABAJADORES DEL TURISMO, HOTELEROS Y GASTRONOMICOS DE LA REPUBLICA ARGENTINA ",Titular
DNI 32220057,32220057,23322200579,MANDARINO,FEDERICO MATIAS,,,,,,,,"OBRA SOCIAL DEL PERSONAL DEL TURISMO, HOTELERO Y GASTRONOMICO DE LA UNION DE TRABAJADORES DEL TURISMO HOTELEROS Y GASTRONOMICOS DE LA REPUBLICA ARGENTINA",Titular
DNI 36374546,36374546,20363745467,TOTCHILOVSKI,CRISTIAN GABRIEL,,,,,,,,OBRA SOCIAL DE EJECUTIVOS Y DEL PERSONAL DE DIRECCION DE EMPRESAS,Titular
DNI 18583540,18583540,27185835400,PEREYRA,GRACIELA MABEL,,,,,,,,"OBRA SOCIAL DEL PERSONAL DEL TURISMO, HOTELERO Y GASTRONOMICO DE LA UNION DE TRABAJADORES DEL TURISMO HOTELEROS Y GASTRONOMICOS DE LA REPUBLICA ARGENTINA",Titular
DNI 34901116,34901116,20349011167,NAPORICHI ALEJANDRO RAMON,ALEJANDRO RAMON,,,,,,,,OBRA SOCIAL DEL PERSONAL DE LA CONSTRUCCION,Titular
DNI 32809467,32809467,20328094674,GUAYMAS,DIEGO ALEJANDRO,JUAN D ARIENZO,841,,,SALTA,SALTA,4400,O.S. DE LOS SUPERVISORES DE LA INDUSTRIA METALMECANICA DE LA REPUBLICA ARGENTINA,Titular
DNI 41004155,41004155,20410041554,ESPINOZA,CRISTIAN DAVID,,,,,,,,OBRA SOCIAL DE CONDUCTORES NAVALES,Titular
DNI 32779177,32779177,27327791775,BARROS,ADRIANA EDIT,,,,,,,,O.S. DE CONDUCTORES CAMIONEROS Y PERSONAL DEL TRANSPORTE AUTOMOTOR DE CARGAS,Beneficiario
DNI 32291957,32291957,20322919574,FLORES,DIEGO ARMANDO,,,,,,,,O.S. DEL PERSONAL DE LA CONSTRUCCION,Beneficiario
DNI 33010721,33010721,23330107219,ASNAL JORGE MARCELO,JORGE MARCELO,,,,,,,,O.S. DE CONDUCTORES CAMIONEROS Y PERS. DEL TRANSP.AUTOMOTOR DE CARGAS,Titular
DNI 34464097,34464097,27344640977,PRATVIEL,ESTRELLA CRISTINA,,,,,,,,OBRA SOCIAL DEL PERSONAL DE MAESTRANZA,Titular
DNI 38561155,38561155,20385611553,LAYOIA,MATIAS EZEQUIEL,SCHWEITZER,01514,,,BARRIO AERONAUTICO,BUENOS AIRES,1714,O.S. DE LA CAMARA DE EMPRESARIOS DE AGENCIAS DE REMISES DE LA PROVINCIA DE BUENOS AIRES (O.S.C.E.A.R.B.A),Titular
DNI 25083265,25083265,20250832657,ZALAZAR,NORBERTO,,,,,,,,"OBRA SOCIAL DEL PERSONAL DEL TURISMO, HOTELERO Y GASTRONOMICO DE LA UNION DE TRABAJADORES DEL TURISMO HOTELEROS Y GASTRONOMICOS DE LA REPUBLICA ARGENTINA",Titular
DNI 43371167,43371167,20433711670,DEPETRIS NICOLAS LAUTARO,"DEPETRIS NICOLAS                                                                                                                                      ",,,,,,,,OBRA SOCIAL DEL PERSONAL MOSAISTA,Titular
DNI 36962580,36962580,27369625808,GALLARDO,SOFIA JORGELINA,,,,,,,,OBRA SOCIAL DE LA CAMARA DE EMPRESARIOS DE AGENCIAS DE REMISES DE LA PROVINCIA DE BUENOS AIRES,Titular
DNI 42687493,42687493,27426874933,RUEJAS,MILAGROS ELIZABETH,,,,,,,,O.S. DEL PERS. DE LAS TELECOMUNICACIONES DE LA REP. ARGENTINA,Titular
DNI 34043729,34043729,20340437293,ASTORGA,LEONARDO SILVIO,,,,,,,,OBRA SOCIAL DEL PERSONAL NAVAL,Titular
DNI 12475225,12475225,27124752251,FERNANDEZ,LUISA CARMEN,LOS ARRIEROS,930,,,MERLO,BUENOS AIRES,1722,O.S. PARA LA ACTIVIDAD DOCENTE,Titular
DNI 43743679,43743679,27437436792,CORONEL,MELANY AGUSTINA,,,,,,,,"O.S. DE MINISTROS, SECRETARIOS Y SUBSECRETARIOS",Beneficiario
DNI 37801595,37801595,20378015953,MARTINEZ,SEBASTIAN ORLANDO,SECC G LOTE,00052,,,LOS HELECHOS,MISIONES,3361,O. S. DEL SINDICATO DE MECANICOS Y AFINES DEL TRANSPORTE AUTOMOTOR,Titular
DNI 29156145,29156145,20291561455,PEREZ,EZEQUIEL LUIS,,,,,,,,OBRA SOCIAL DE LOS EMPLEADOS DE COMERCIO Y ACTIVIDADES CIVILES,Titular
DNIE94620071,94620071,27946200714,MONASTERIOS GONZALEZ THANIA SIRET,"MONASTERIOS GONZALEZ THANIA SIRET                                                                                                                     ",,,,,,,,"OBRA SOCIAL TRABAJADORES  PASTELEROS, CONFITEROS, PIZZEROS , HELADEROS Y ALFAJOREROS DE LA REPUBLICA ARGENTINA",Titular
DNI 34212144,34212144,20342121447,BARRAZA,FEDERICO EZEQUIEL,,,,,,,,OBRA SOCIAL DE LOS EMPLEADOS DE COMERCIO Y ACTIVIDADES CIVILES,Titular
DNI 14950588,14950588,27149505887,BOGADO,MARIA SILVIA,,,,,,,,OBRA SOCIAL DEL PERSONAL AUXILIAR DE CASAS PARTICULARES,Titular
DNI 29783087,29783087,27297830878,BARRIOS,ROMINA HILEN,,,,,,,,OBRA SOCIAL DEL PERSONAL DE LA ACTIVIDAD DEL TURF,Titular
DNIE94773656,94773656,20947736567,SANCHEZ TORRES MICHAEL JAMES,TORRES MICHAEL JAMES,AV BELGRANO,00915,,,SIN INFORMAR,CAP. FEDERAL,0000,O. S. DE LOS EMPLEADOS DE COMERCIO Y ACTIVIDADES CIVILES,Titular
DNI 38672363,38672363,20386723630,CHARIANO,NORBERTO LUIS OMAR,,,,,,,,OBRA SOCIAL DEL PERSONAL DE MAESTRANZA,Titular
DNI 38688407,38688407,20386884073,VARGAS,ALBERTO NICOLAS,,,,,,,,O. S. DE LA UNION OBRERA METALURGICA DE LA REPUBLICA ARGENTINA,Beneficiario
DNI 25900805,25900805,20259008051,VENICA,NICOLAS RAUL,,,,,,,,"OBRA SOCIAL DE MINISTROS, SECRETARIOS Y SUBSECRETARIOS",Titular
DNI 38699796,38699796,23386997969,ROMERO,ALEXIS DIEGO,,,,,,,,OBRA SOCIAL DE CHOFERES DE CAMIONES,Titular
DNI 36404834,36404834,27364048349,SANCHEZ,JIMENA SOLEDAD,,,,,,,,"OBRA SOCIAL TRABAJADORES  PASTELEROS, CONFITEROS, PIZZEROS , HELADEROS Y ALFAJOREROS DE LA REPUBLICA ARGENTINA",Titular
DNIE94835424,94835424,20948354242,Recalde,Osvaldo,,,,,,,,OBRA SOCIAL DE CONDUCTORES DE TRANSPORTE COLECTIVO DE PASAJEROS,Titular
DNI 34843318,34843318,27348433186,SAUCEDO,ROCIO SOLEDAD,,,,,,,,O.S. DE LA CAMARA DE EMPRESARIOS DE AGENCIAS DE REMISES DE LA PROVINCIA DE BUENOS AIRES (O.S.C.E.A.R.B.A),Beneficiario
DNI 42483409,42483409,20424834093,LEGUIZA,JUAN ANTONIO,,,,,,,,OBRA SOCIAL DEL PERSONAL DE LA CONSTRUCCION,Titular
DNI 18178961,18178961,27181789617,BAROLIN,RUT NANCI,,,,,,,,O.S. DEL PERS. DE MAESTRANZA,Titular
DNI 36561113,36561113,27365611136,MOLINA,YESICA SOLEDAD,,,,,,,,O.S. DE LOS MÉDICOS DE LA CIUDAD DE BUENOS AIRES,Beneficiario
DNI 41171320,41171320,27411713208,GAYOL,SOFIA ALDANA,,,,,,,,OBRA SOCIAL DE LOS EMPLEADOS DE COMERCIO Y ACTIVIDADES CIVILES,Titular
DNI 37318558,37318558,20373185583,PAEZ,LUIS ALBERTO,,,,,,,,OBRA SOCIAL DE LOS EMPLEADOS DE COMERCIO Y ACTIVIDADES CIVILES,Titular
DNI 41171320,41171320,27411713208,GAYOL,SOFIA ALDANA,LA PAZ,00031,00,,RINCON DE MILBERG,BUENOS AIRES,1648,O.S. DEL PERSONAL DEL ESPECTACULO PUBLICO,Titular
DNI 37258119,37258119,20372581191,IBARRA FRANCO NICOLAS,"IBARRA FRANCO NICOLAS                                                                                                                                 ",,,,,,,,OBRA SOCIAL DE CHOFERES DE CAMIONES,Titular
DNI 19062921,19062921,20190629210,GARRIDO ROMERO ECEQUIEL ALEJAN,ECEQUIEL ALEJANDRO,,,,,,,,"OBRA SOCIAL DEL PERSONAL DEL TURISMO, HOTELERO Y GASTRONOMICO DE LA UNION DE TRABAJADORES DEL TURISMO HOTELEROS Y GASTRONOMICOS DE LA REPUBLICA ARGENTINA",Titular
DNI 40304991,40304991,20403049914,GARCIA,ULISES SANTIAGO,,,,,,,,O.S. DE PEONES DE TAXIS DE LA CAPITAL FEDERAL,Beneficiario
DNI 37020478,37020478,27370204786,VILLAGRA,YAMILA ANABELLA,,,,,,,,O. S. DEL PERSONAL DE LA ACTIVIDAD DEL TURF,Beneficiario
DNI 35589953,35589953,27355899530,LEIVA,ANA LUZ,,,,,,,,OBRA SOCIAL DE LOS EMPLEADOS DE COMERCIO Y ACTIVIDADES CIVILES,Titular
DNI 28216014,28216014,27282160140,MIRANDA,NOELIA SOLEDAD,,,,,,,,O.S. DEL PERSONAL DE ENTIDADES DEPORTIVAS Y CIVILES,Beneficiario
DNI 32645211,32645211,23326452114,SOSA MARIA AMELIA,MARIA AMELIA,,,,,,,,O.S. DEL PERSONAL DE LA CONSTRUCCION,Beneficiario
DNI 18125676,18125676,20181256762,PINTOS,MARCELO GUSTAVO,,,,,,,,OBRA SOCIAL DEL PERSONAL DE LA SANIDAD ARGENTINA,Titular
DNI 41314833,41314833,27413148338,QUIROGA,ROCIO BELEN,,,,,,,,OBRA SOCIAL DEL PERSONAL ASOCIADO A ASOCIACION MUTUAL SANCOR,Titular
DNI 24841701,24841701,20248417014,SOTO,FERNANDO GABRIEL,,,,,,,,O.S.P. CORDOBA (APROSS),Titular
DNI 40240624,40240624,20402406241,AGUILAR,JUAN,,,,,,,,O.S. FERROVIARIA,Titular
DNI 42185373,42185373,20421853739,CASTEIG FRANCO JOEL,"CASTEIG FRANCO JOEL                                                                                                                                   ",,,,,,,,OBRA SOCIAL DE LA FEDERACION GREMIAL DE LA INDUSTRIA DE LA CARNE Y SUS DERIVADOS,Titular
DNI 33114849,33114849,27331148496,IGLESIAS,NATALIA ROMINA,RECONQUISTA,047,,,AVELLANEDA,BUENOS AIRES,1870,O. S. DE LOS EMPLEADOS DE COMERCIO Y ACTIVIDADES CIVILES,Titular
DNI 28566296,28566296,24285662962,MORALES,"MORALES IVANA CRISTINA                                                                                                                                ",,,,,,,,O. S. DEL PERSONAL DE LA ACTIVIDAD DEL TURF,Beneficiario
DNI 40347513,40347513,20403475131,GOROSITO,HECTOR JAVIER ALEJANDRO,,,,,,,,OBRA SOCIAL DE LA UNION OBRERA METALURGICA DE LA REPUBLICA ARGENTINA,Titular
DNI 17363202,17363202,27173632024,ALVAREZ,SANDRA CLAUDIA,AV.FERNANDEZ DE LA CRUZ,01239,,,CIUDAD AUTONOMA DE BS.AS.,CAP. FEDERAL,1437,O. S. DE LOS EMPLEADOS DE COMERCIO Y ACTIVIDADES CIVILES,Titular
DNI 32106110,32106110,27321061104,MARTINEZ,LIDIA ESTELA,,,,,,,,NINGUNA,Beneficiario
DNI 32173999,32173999,20321739998,QUIROGA,RAMON SEBASTIAN,,,,,,,,OBRA SOCIAL DEL PERSONAL DE CARGA Y DESCARGA,Titular
DNI 42595802,42595802,20425958020,NUNES DOS SANTOS,DYLAN AMARO,,,,,,,,O.S.P. BUENOS AIRES (IOMA),Titular
DNI 41874243,41874243,27418742432,EGEA,JESSICA BELEN,,,,,,,,"O. S. DE LA ACTIVIDAD DE SEGUROS, REASEGUROS, CAPITALIZACION Y AHORRO Y PRESTAMO PARA VIVIENDA",Beneficiario
DNI 32197128,32197128,27321971283,TORRES,YANINA SOLEDAD,,,,,,,,OBRA SOCIAL DE LOS EMPLEADOS DE COMERCIO Y ACTIVIDADES CIVILES,Titular
DNI 36365849,36365849,20363658491,GUEVARA,FERNANDO ALBERTO,,,,,,,,O.S. DEL PERS. DE LA INDUSTRIA LECHERA,Titular
