﻿IdExterno,Documento,CUIL,Apellido,Nombre,Sueldo,Calle,Altura,Piso,Depto,Localidad,Provincia,CP,EmpleadorRazonSocial,EmpleadorCUIT,EmpleadorCalle,EmpleadorAltura,EmpleadorPiso,EmpleadorDepto,EmpleadorLocalidad,EmpleadorProvincia,EmpleadorCP,EmpleadorCodigo,EmpleadorActividad,EmpleadorEmpleados
DNI 18747447,18747447,20187474478,PEREA,WALTER BENIGNO,"80891,62",,,,,,,,CONSORCIO DE PROPIETARIOS MAIPU 222 SECTOR B,30711285373,MAIPU,000222,,,CAPITAL FEDERAL,"CAPITAL FEDERAL ",1084,949920,SERVICIOS DE CONSORCIOS DE EDIFICIOS,5
DNI 20019584,20019584,20200195842,ALVAREZ,JOSE MARIA,"117997,28",,,,,,,,BARDAHL LUBRICANTES ARGENTINA S A,30536110840,RIVERA PEDRO I. DR.,003454,,,CAPITAL FEDERAL,"CAPITAL FEDERAL ",1430,202908,"FABRICACIÓN DE PRODUCTOS QUÍMICOS N.C.P. (INCLUYE LA PRODUCCIÓN DE ACEITES ESENCIALES, TINTAS EXCEPTO PARA IMPRENTA, ETC.)",157
DNI 23873821,23873821,20238738211,ESCUBILLA,EMILIO MARCELO,"0,00",,,,,,,,CORROSION INDUSTRIAL MANTENIMIENTOS Y SERVICIOS AMBIENTALES SRL,30708057076,NAZARRE,004456,,,CAPITAL FEDERAL,"CAPITAL FEDERAL ",1417,429090,"CONSTRUCCIÓN DE OBRAS DE INGENIERÍA CIVIL N.C.P. (INCLUYE LOS TRABAJOS GENERALES DE CONSTRUCCIÓN PARA LA MINERÍA Y LA INDUSTRIA,  DE CENTRALES ELÉCTRICAS Y NUCLEARES, EXCAVACIONES DE SEPULTURAS, ETC.)",105
DNI 26680486,26680486,20266804866,ALARCON,HORACIO ARGENTINO,"67993,44",,,,,,,,SADESA SOCIEDAD ANONIMA,30500977848,MORENO,002843,,,ESPERANZA,SANTA FE,3080,151100,CURTIDO Y TERMINACIÓN DE CUEROS,1370
DNI 26788823,26788823,27267888235,MENOTTI,NIDIA YESICA,"90482,97",,,,,,,,LASA MARTIN OSCAR Y LASA ISMAEL ORLANDO SH,30625044789,,,,,,,,202908,"FABRICACIÓN DE PRODUCTOS QUÍMICOS N.C.P. (INCLUYE LA PRODUCCIÓN DE ACEITES ESENCIALES, TINTAS EXCEPTO PARA IMPRENTA, ETC.)",8
DNI 13623168,13623168,20136231686,QUIROGA,SERGIO RAUL,"88987,78",,,,,,,,ROBERTO A.  VALLOSCURO SA,30587812122,TOMKINSON,001399,,,BECCAR,BUENOS AIRES,1643,473000,VENTA AL POR MENOR DE COMBUSTIBLE PARA VEHÍCULOS AUTOMOTORES Y MOTOCICLETAS (INCLUYE LA VENTA AL POR MENOR DE PRODUCTOS LUBRICANTES Y REFRIGERANTES),21
DNI 16511495,16511495,27165114952,GARCIA,ALICIA CLAUDIA,"47490,60",,,,,,,,MUNICIPALIDAD DE MORON,30999273250,"BROWN               ","000946 ","  ","   ","MORON               ","BUENOS AIRES        ","1708      ",841100,"SERVICIOS GENERALES DE LA ADMINISTRACIÓN PÚBLICA (INCLUYE EL DESEMPEÑO DE FUNCIONES EJECUTIVAS Y LEGISLATIVAS DE ADMINISTRACIÓN POR PARTE DE LAS ENTIDADES DE LA ADMINISTRACIÓN CENTRAL, REGIONAL Y LOCAL, LA ADMINISTRACIÓN Y SUPERVISIÓN DE ASUNTOS FISCALES, LA A",4683
DNI 29009200,29009200,20290092001,GONZALEZ,MATIAS ENRIQUE,"116358,35",,,,,,,,LA PRIMERA DE GRAND BOURG S A,30561900678,MUNOZ,002257,,,SAN MIGUEL,BUENOS AIRES,1663,492110,SERVICIO DE TRANSPORTE AUTOMOTOR URBANO Y SUBURBANO REGULAR DE PASAJEROS,720
DNI 22133822,22133822,20221338228,ZAFFE,ARIEL FABIÁN,"80670,20",,,,,,,,MATEO EDGARDO SERGIO,20149250574,,,,,,,,422200,"CONSTRUCCIÓN, REFORMA Y REPARACIÓN DE REDES DISTRIBUCIÓN DE ELECTRICIDAD, GAS, AGUA, TELECOMUNICACIONES Y DE OTROS SERVICIOS PÚBLICOS",10
DNI 14561015,14561015,20145610150,VISONA,HUGO RODOLFO,"57302,00",,,,,,,,ACYR S A,30689002494,MALAVER,003797,,,FLORIDA,BUENOS AIRES,1602,801090,SERVICIOS DE SEGURIDAD E INVESTIGACIÓN N.C.P.,23
DNI 32481459,32481459,27324814596,PALACIO,CINTIA ELIZABETH,"60167,34",,,,,,,,BP GASTRONOMIA S.R.L,30716429381,,,,,,,,562010,"SERVICIOS DE PREPARACIÓN DE COMIDAS PARA EMPRESAS Y EVENTOS (INCLUYE EL SERVICIO DE CATERING, EL SUMINISTRO DE COMIDAS PARA BANQUETES, BODAS, FIESTAS Y OTRAS CELEBRACIONES, COMIDAS PARA HOSPITAL, ETC.)",9
DNI 2512966,2512966,27025129666,ROCHA,CELIA ANTONIA,"107463,81",,,,,,,,CAJA DE RETIROS JUBILACIONES Y PENSIONES DE LA POLICIA DE LA PROVINCIA DE BS AS,30620698012,48,000502,,,LA PLATA NOROESTE CA,BUENOS AIRES,1900,949990,SERVICIOS DE ASOCIACIONES N.C.P.,37661
DNI 21535814,21535814,27215358149,ESPINDOLA,GLADYS ELIZABETH,"69508,29",,,,,,,,NASTRO EMILCE NELLY Y GIRANDOLA ANA MABEL S.H.,33610006499,BELGRANO,001041,,,MORON,BUENOS AIRES,1708,854940,ENSEÑANZA ESPECIAL Y PARA DISCAPACITADOS,109
DNI 33225339,33225339,20332253396,MERELES RODRIGO DAMIAN,RODRIGO DAMIAN,"92829,09",,,,,,,,GENDARMERIA NACIONAL,30546694263,,,,,,,,842300,SERVICIOS PARA EL ORDEN PÚBLICO Y LA SEGURIDAD,37507
DNI 23439141,23439141,27234391416,GALAN,MARIA DE LAS MERCEDES,"252462,50",,,,,,,,ENTIDAD BINACIONAL YACYRETA,30561672942,MADERO EDUARDO AV.,000942,22,,CAPITAL FEDERAL,"CAPITAL FEDERAL ",1106,351130,GENERACIÓN DE ENERGÍA HIDRÁULICA (INCLUYE LA PRODUCCIÓN DE ENERGÍA ELÉCTRICA MEDIANTE CENTRALES DE BOMBEO),653
DNI 14364253,14364253,20143642535,ARIAS ALFREDO OSCAR,ALFREDO OSCAR,"53954,36",,,,,,,,YAFELOP I SA,30597092179,VENEZUELA,001399,,,CAPITAL FEDERAL,"CAPITAL FEDERAL ",1095,561011,SERVICIOS DE RESTAURANTES Y CANTINAS SIN ESPECTÁCULO,18
DNI 30733183,30733183,27307331832,ALFONSO,ANALIA VERONICA,"114126,31",,,,,,,,MINISTERIO DE SEGURIDAD -SEGURIDAD PROVINCIAL,30648839088,51 SIN NUMERO,000000,PB,31,LA PLATA SUDESTE CAL,BUENOS AIRES,1900,842300,SERVICIOS PARA EL ORDEN PÚBLICO Y LA SEGURIDAD,86596
DNI 25705770,25705770,23257057704,ARIAS,ADRIANA GISELA,"154384,03",,,,,,,,CAJA DE RETIROS JUBILACIONES Y PENSIONES DE LA POLICIA DE LA PROVINCIA DE BS AS,30620698012,48,000502,,,LA PLATA NOROESTE CA,BUENOS AIRES,1900,949990,SERVICIOS DE ASOCIACIONES N.C.P.,37661
DNI 12279496,12279496,20122794963,FERNANDEZ,PABLO ALFREDO,"204291,10",,,,,,,,CORREDOR AMERICANO S.A.,33709841489,HONDURAS,005663,,,CAPITAL FEDERAL,"CAPITAL FEDERAL ",1414,421000,"CONSTRUCCIÓN, REFORMA Y REPARACIÓN DE OBRAS DE INFRAESTRUCTURA PARA EL TRANSPORTE (INCLUYE LA CONSTRUCCIÓN, REFORMA Y REPARACIÓN DE CALLES, AUTOPISTAS, CARRETERAS, PUENTES, TÚNELES, VÍAS FÉRREAS Y PISTAS DE ATERRIZAJE, LA SEÑALIZACIÓN MEDIANTE PINTURA, ETC.)",296
DNI 13277144,13277144,27132771443,HERZOVICH,PATRICIA IRENE,"63129,53",,,,,,,,CORBATTO OSCAR NICOLAS,20126150513,,,,,,,,791100,SERVICIOS MINORISTAS DE AGENCIAS DE VIAJES,1
DNI 29655336,29655336,27296553366,PALERMO,ROMINA MARIEL,"64341,20",,,,,,,,JEFATURA DE GABINETE DE MINISTROS,30680604572,ROCA JULIO A.PTE.AV.,000782,08,,CAPITAL FEDERAL,"CAPITAL FEDERAL ",1067,841100,"SERVICIOS GENERALES DE LA ADMINISTRACIÓN PÚBLICA (INCLUYE EL DESEMPEÑO DE FUNCIONES EJECUTIVAS Y LEGISLATIVAS DE ADMINISTRACIÓN POR PARTE DE LAS ENTIDADES DE LA ADMINISTRACIÓN CENTRAL, REGIONAL Y LOCAL, LA ADMINISTRACIÓN Y SUPERVISIÓN DE ASUNTOS FISCALES, LA A",1419
DNI 43782039,43782039,27437820398,GUTIERREZ,MIRYAM EVANGELINA,"99666,60",,,,,,,,MINISTERIO DE SEGURIDAD -SEGURIDAD PROVINCIAL,30648839088,51 SIN NUMERO,000000,PB,31,LA PLATA SUDESTE CAL,BUENOS AIRES,1900,842300,SERVICIOS PARA EL ORDEN PÚBLICO Y LA SEGURIDAD,86596
DNI 94649760,94649760,20946497607,SANCHEZ GUTIERREZ LUIS ALBERTO,"SANCHEZ GUTIERREZ LUIS ALBERTO                                                                                                                        ","0,00",,,,,,,,TEC LIMP S.R.L,33709402779,CORRIENTES AV.,002589,11,62,CAPITAL FEDERAL,"CAPITAL FEDERAL ",1046,812010,SERVICIOS DE LIMPIEZA GENERAL DE EDIFICIOS,171
DNI 18865914,18865914,23188659144,ABALOS,MARIA TERESA,"0,00",,,,,,,,GOBIERNO DE LA CIUDAD DE BUENOS AIRES,34999032089,PERON JUAN TTE.GRAL.,000788,07,,CAPITAL FEDERAL,"CAPITAL FEDERAL ",1038,841100,"SERVICIOS GENERALES DE LA ADMINISTRACIÓN PÚBLICA (INCLUYE EL DESEMPEÑO DE FUNCIONES EJECUTIVAS Y LEGISLATIVAS DE ADMINISTRACIÓN POR PARTE DE LAS ENTIDADES DE LA ADMINISTRACIÓN CENTRAL, REGIONAL Y LOCAL, LA ADMINISTRACIÓN Y SUPERVISIÓN DE ASUNTOS FISCALES, LA A",153082
DNI 94063883,94063883,27940638831,VEIZAGA ROJAS GOLDI,"ROJAS GOLDI        ","9892,79",,,,,,,,FLOR FINA S R L,30682110534,PATRICIOS REGTO. AV.,000698,,,CAPITAL FEDERAL,"CAPITAL FEDERAL ",1265,141199,"CONFECCIÓN DE PRENDAS DE VESTIR N.C.P., EXCEPTO PRENDAS DE PIEL, CUERO Y DE PUNTO",58
DNI 33995842,33995842,20339958425,PALACIO,JAVIER EZEQUIEL,"10261,66",,,,,,,,BETTER CATERING SA,30708218681,ALVEAR MARCELO T. DE,001354,07,A,CAPITAL FEDERAL,"CAPITAL FEDERAL ",1058,562010,"SERVICIOS DE PREPARACIÓN DE COMIDAS PARA EMPRESAS Y EVENTOS (INCLUYE EL SERVICIO DE CATERING, EL SUMINISTRO DE COMIDAS PARA BANQUETES, BODAS, FIESTAS Y OTRAS CELEBRACIONES, COMIDAS PARA HOSPITAL, ETC.)",235
DNI 27170296,27170296,27271702960,FRANCAVILLA SABRINA BARBARA,SABRINA BARBARA,"49408,23",,,,,,,,FUNDACION IBIS PARA LA INVESTIGACION DE HIV/SIDA,30709572411,25 DE MAYO,000168,6,,CAPITAL FEDERAL,"CAPITAL FEDERAL ",1002,949990,SERVICIOS DE ASOCIACIONES N.C.P.,22
DNI 23480993,23480993,20234809939,HUARACHI,HECTOR JUSTINO,"114577,95",,,,,,,,BAUMGARTEN GRAFICA ARGENTINA S.A.,30646362675,BENITO PEREZ GALDOS,009150,,,PABLO PODESTA,BUENOS AIRES,1657,181109,"IMPRESIÓN N.C.P., EXCEPTO DE DIARIOS Y REVISTAS",93
DNI 18310932,18310932,23183109324,PRIETO,SUSANA MABEL,"45121,66",,,,,,,,GOBIERNO DE LA CIUDAD DE BUENOS AIRES,34999032089,PERON JUAN TTE.GRAL.,000788,07,,CAPITAL FEDERAL,"CAPITAL FEDERAL ",1038,841100,"SERVICIOS GENERALES DE LA ADMINISTRACIÓN PÚBLICA (INCLUYE EL DESEMPEÑO DE FUNCIONES EJECUTIVAS Y LEGISLATIVAS DE ADMINISTRACIÓN POR PARTE DE LAS ENTIDADES DE LA ADMINISTRACIÓN CENTRAL, REGIONAL Y LOCAL, LA ADMINISTRACIÓN Y SUPERVISIÓN DE ASUNTOS FISCALES, LA A",153082
DNI 30616398,30616398,27306163987,ENRIQUEZ,NORA MARIANA,"29972,93",,,,,,,,MUNICIPALIDAD DE LANUS,30999001005,HIPOLITO YRIGOYEN,003863,,,LANUS,BUENOS AIRES,1824,841900,"SERVICIOS AUXILIARES PARA LOS SERVICIOS GENERALES DE LA ADMINISTRACIÓN PÚBLICA (INCLUYE LAS ACTIVIDADES DE SERVICIOS GENERALES Y DE PERSONAL, LA ADMINISTRACIÓN, DIRECCIÓN Y APOYO DE SERVICIOS GENERALES, COMPRAS Y SUMINISTROS, ETC. )",5041
DNI 21773397,21773397,23217733979,MORAN,JORGE RAMON,"92825,56",,,,,,,,MASTROCOLA ENZO,20129660253,,,,,,,,524120,SERVICIOS  DE PLAYAS DE ESTACIONAMIENTO Y GARAJES,4
DNI 24994690,24994690,27249946902,MAGGIO,MARIA FLORENCIA,"0,00",,,,,,,,INSTITUTO DE ENSE#ANZA GENERAL INSTITUTO SUPERIOR MARISTA,30677794484,MONTEVIDEO,001050,,,CAPITAL FEDERAL,"CAPITAL FEDERAL ",1019,853100,ENSEÑANZA  TERCIARIA,39
DNI 16497086,16497086,20164970869,PALOMO,ROLANDO,"96777,97",,,,,,,,CONS PROP SAN LUIS 2962,30593584646,,,,,,,,949920,SERVICIOS DE CONSORCIOS DE EDIFICIOS,1
DNI 22226977,22226977,20222269777,AZZETTI,LEONARDO CARLOS GUIDO,"40000,00",,,,,,,,VIEWCOM SRL,30710128010,PEDRAZA MANUELA,003585,,,CAPITAL FEDERAL,"CAPITAL FEDERAL ",1430,432190,"INSTALACIÓN, EJECUCIÓN Y MANTENIMIENTO DE INSTALACIONES ELÉCTRICAS, ELECTROMECÁNICAS Y ELECTRÓNICAS N.C.P. (INCLUYE LA INSTALACIÓN DE ANTENAS, PARARRAYOS, SISTEMAS DE ALARMAS CONTRA INCENDIOS Y ROBOS, SISTEMAS DE TELECOMUNICACIÓN, ETC.)",18
DNI 22981039,22981039,20229810392,VILDOZA,CHRISTIAN HERNAN,"72352,82",,,,,,,,ESPOPROP SRL,30715977261,,,,,,,,170990,FABRICACIÓN DE ARTÍCULOS DE PAPEL Y CARTÓN N.C.P. (NO INCLUYE EL PAPEL DE LIJA:  239900),3
DNI 5441755,5441755,27054417557,GONZALEZ,LEONOR,"44151,96",,,,,,,,INSTITUTO DE PREVISION SOCIAL DE LA PCIA DE BS AS,33633178009,47,000530,,,LA PLATA NOROESTE CA,BUENOS AIRES,1900,843000,"SERVICIOS DE LA SEGURIDAD SOCIAL OBLIGATORIA, EXCEPTO OBRAS SOCIALES (INCLUYE PAMI Y ANSES)",312361
DNI 26299859,26299859,20262998593,MONTOYA SERGIO DANIEL,SERGIO DANIEL,"146549,95",,,,,,,,COMFLEX S.A.,30714734373,,,,,,,,432190,"INSTALACIÓN, EJECUCIÓN Y MANTENIMIENTO DE INSTALACIONES ELÉCTRICAS, ELECTROMECÁNICAS Y ELECTRÓNICAS N.C.P. (INCLUYE LA INSTALACIÓN DE ANTENAS, PARARRAYOS, SISTEMAS DE ALARMAS CONTRA INCENDIOS Y ROBOS, SISTEMAS DE TELECOMUNICACIÓN, ETC.)",20
DNI 18076260,18076260,23180762604,PASSARDI,RITA MARIA A,"135733,09",,,,,,,,INSTITUTO DE FERTILIDAD S A,30615240067,ALVEAR MARCELO T. DE,002259,07,,CAPITAL FEDERAL,"CAPITAL FEDERAL ",1122,869090,"SERVICIOS RELACIONADOS CON LA SALUD HUMANA N.C.P. (INCLUYE SERVICIOS DE PSICÓLOGOS, FONOAUDIÓLOGOS, SERVICIOS DE ENFERMERÍA, TERAPIA OCUPACIONAL, BANCOS DE SANGRE, DE SEMEN,ETC.)",33
DNI 27637640,27637640,27276376409,GUZMAN,IVANA MARIELA,"138054,22",,,,,,,,DIRECCION GENERAL DE CULTURA Y EDUCACIONDE LA PROVINCIA DE BS AS,30627393713,13 ENTRE 56 Y 57,000000,,,LA PLATA SUDESTE CAL,BUENOS AIRES,1900,841200,"SERVICIOS PARA LA REGULACIÓN DE LAS ACTIVIDADES SANITARIAS, EDUCATIVAS, CULTURALES, Y RESTANTES SERVICIOS SOCIALES, EXCEPTO SEGURIDAD SOCIAL OBLIGATORIA (INCLUYE  LA GESTIÓN ADMINISTRATIVA DE PROGRAMAS DESTINADOS A MEJORAR EL BIENESTAR DE LOS CIUDADANOS)",297927
DNI 27636260,27636260,27276362602,PREZIOSO,LORENA NATALIA,"75701,59",,,,,,,,REGISTRO NACIONAL DE LAS PERSONAS,30546662507,PERON JUAN TTE.GRAL.,000666,,,CAPITAL FEDERAL,"CAPITAL FEDERAL ",1038,841100,"SERVICIOS GENERALES DE LA ADMINISTRACIÓN PÚBLICA (INCLUYE EL DESEMPEÑO DE FUNCIONES EJECUTIVAS Y LEGISLATIVAS DE ADMINISTRACIÓN POR PARTE DE LAS ENTIDADES DE LA ADMINISTRACIÓN CENTRAL, REGIONAL Y LOCAL, LA ADMINISTRACIÓN Y SUPERVISIÓN DE ASUNTOS FISCALES, LA A",2806
DNI 93886970,93886970,27938869702,MORAL,"RIVAROLA VICTORIA      ","46383,84",,,,,,,,RODRIGUEZ APARICIO JORGE HECTO,20042701506,,,,,,,,692000,"SERVICIOS DE CONTABILIDAD, AUDITORÍA Y ASESORÍA FISCAL",9
DNI 26119183,26119183,20261191831,BENITEZ,HERNAN JAVIER,"94514,86",,,,,,,,CONSORCIO DE PROPIETARIOS AGUILAR 2468070,30570597279,,,,,,,,949920,SERVICIOS DE CONSORCIOS DE EDIFICIOS,1
DNI 23525390,23525390,23235253909,IBARRA,ALEJANDRO ADRIAN,"131012,69",,,,,,,,RED DE SERVICIOS RURALES S.R.L.,30708714026,SAN JUAN,000090,,,MAR DE AJO,BUENOS AIRES,7109,473000,VENTA AL POR MENOR DE COMBUSTIBLE PARA VEHÍCULOS AUTOMOTORES Y MOTOCICLETAS (INCLUYE LA VENTA AL POR MENOR DE PRODUCTOS LUBRICANTES Y REFRIGERANTES),107
DNI 22195391,22195391,20221953917,LAUZEL,GUSTAVO ENRIQUE,"112996,25",,,,,,,,EMPRESARIOS TRANSPORTE AUTOMOTOR   PASAJEROS S A,30546341077,ONZARI FABIAN,002150,,,WILDE,BUENOS AIRES,1875,492110,SERVICIO DE TRANSPORTE AUTOMOTOR URBANO Y SUBURBANO REGULAR DE PASAJEROS,212
DNI 24431141,24431141,20244311416,CARLOS,JUAN PABLO,"58415,98",,,,,,,,GOBIERNO DE LA CIUDAD DE BUENOS AIRES,34999032089,PERON JUAN TTE.GRAL.,000788,07,,CAPITAL FEDERAL,"CAPITAL FEDERAL ",1038,841100,"SERVICIOS GENERALES DE LA ADMINISTRACIÓN PÚBLICA (INCLUYE EL DESEMPEÑO DE FUNCIONES EJECUTIVAS Y LEGISLATIVAS DE ADMINISTRACIÓN POR PARTE DE LAS ENTIDADES DE LA ADMINISTRACIÓN CENTRAL, REGIONAL Y LOCAL, LA ADMINISTRACIÓN Y SUPERVISIÓN DE ASUNTOS FISCALES, LA A",153082
DNI 37424239,37424239,27374242399,CORDOBA,EVELYN GISELLE,"73057,83",,,,,,,,MINISTERIO DE SEGURIDAD -SEGURIDAD PROVINCIAL,30648839088,51 SIN NUMERO,000000,PB,31,LA PLATA SUDESTE CAL,BUENOS AIRES,1900,842300,SERVICIOS PARA EL ORDEN PÚBLICO Y LA SEGURIDAD,86596
DNI 25966746,25966746,27259667467,TASSARA,PAULA VALERIA,"165067,37",,,,,,,,BANCO MACRO SOCIEDAD ANONIMA,30500010084,SARMIENTO,000447,,,CAPITAL FEDERAL,"CAPITAL FEDERAL ",1041,641930,SERVICIOS DE LA BANCA MINORISTA,8173
DNI 14679486,14679486,20146794867,REALES,SERGIO RAUL,"26071,00",,,,,,,,GRAN HOTEL AMERICA SRL,30535865082,IRIGOYEN BERNARDO DE,001608,,,CAPITAL FEDERAL,"CAPITAL FEDERAL ",1138,551023,"SERVICIOS DE ALOJAMIENTO EN HOTELES, HOSTERÍAS Y RESIDENCIALES SIMILARES, EXCEPTO POR HORA, QUE NO INCLUYEN SERVICIO DE RESTAURANTE AL PÚBLICO",6
DNI 26661487,26661487,20266614870,MARTIN,ARIEL HERNAN,"105530,61",,,,,,,,TELECOM ARGENTINA SOCIEDAD ANONIMA,30639453738,MOREAU DE JUSTO A.AV,000050,10,,CAPITAL FEDERAL,"CAPITAL FEDERAL ",1107,611090,"SERVICIOS DE TELEFONÍA FIJA, EXCEPTO LOCUTORIOS",21916
DNI 35416781,35416781,20354167817,VILLARREAL,NELSON ALEJANDRO,"40633,98",,,,,,,,DUAL CENTER GROUP SA,30709137030,PARANA,004106,,,OLIVOS,BUENOS AIRES,1636,473000,VENTA AL POR MENOR DE COMBUSTIBLE PARA VEHÍCULOS AUTOMOTORES Y MOTOCICLETAS (INCLUYE LA VENTA AL POR MENOR DE PRODUCTOS LUBRICANTES Y REFRIGERANTES),41
DNI 21809365,21809365,20218093656,TROILO,GUSTAVO ADOLFO,"66795,74",,,,,,,,PROVINCIA DE MENDOZA,30689235545,BARRIO CIVICO CASA D,000000,,,MENDOZA,"MENDOZA ",5500,841100,"SERVICIOS GENERALES DE LA ADMINISTRACIÓN PÚBLICA (INCLUYE EL DESEMPEÑO DE FUNCIONES EJECUTIVAS Y LEGISLATIVAS DE ADMINISTRACIÓN POR PARTE DE LAS ENTIDADES DE LA ADMINISTRACIÓN CENTRAL, REGIONAL Y LOCAL, LA ADMINISTRACIÓN Y SUPERVISIÓN DE ASUNTOS FISCALES, LA A",114918
DNI 32905611,32905611,20329056113,CHAO,HERNAN,"46632,18",,,,,,,,PIZZERIA LOS 3 ASES S.R.L.,30710985649,AVENIDA MITRE,002772,,,SARANDI,BUENOS AIRES,1872,561013,"SERVICIOS DE ""FAST FOOD"" Y LOCALES DE VENTA DE COMIDAS Y BEBIDAS AL PASO (INCLUYE EL EXPENDIO DE HAMBURGUESAS, PRODUCTOS LÁCTEOS EXCEPTO HELADOS, ETC.)",7
DNI 30287647,30287647,23302876479,TORO JOSE EDUARDO,JOSE EDUARDO,"54417,12",,,,,,,,CREAR TEXTIL S A,30709491055,BOEDO AV.,001738,,,CAPITAL FEDERAL,"CAPITAL FEDERAL ",1239,143010,FABRICACIÓN DE MEDIAS,108
DNI 93761645,93761645,27937616452,VILLAVERDE,"LEGUIZA ISABEL           ","60000,00",,,,,,,,ISSALUD SRL,30715114654,,,,,,,,862120,"SERVICIOS DE PROVEEDORES DE ATENCIÓN MÉDICA DOMICILIARIA (INCLUYE LAS ACTIVIDADES LLEVADAS A CABO EN DOMICILIOS DE PACIENTES CON ALTA PRECOZ, Y QUE OFRECEN ATENCIÓN POR MÓDULO)",2
DNI 25003528,25003528,23250035284,RIOS,LILIANA MABEL,"32731,29",,,,,,,,SANTORO LEONARDO SEBASTIAN,20265254595,,,,,,,,472130,"VENTA AL POR MENOR DE CARNES ROJAS, MENUDENCIAS Y CHACINADOS FRESCOS",5
DNI 40458413,40458413,27404584133,OCHOA,MARIA VICTORIA,"41015,41",,,,,,,,ARCOS DORADOS ARGENTINA SOCIEDAD ANONIMA,30610252334,ROQUE SAENZ PEðA,000432,,,OLIVOS,BUENOS AIRES,1636,561013,"SERVICIOS DE ""FAST FOOD"" Y LOCALES DE VENTA DE COMIDAS Y BEBIDAS AL PASO (INCLUYE EL EXPENDIO DE HAMBURGUESAS, PRODUCTOS LÁCTEOS EXCEPTO HELADOS, ETC.)",11573
DNI 23609813,23609813,27236098139,ARCE,ALEJANDRA GABRIELA,"45121,66",,,,,,,,GOBIERNO DE LA CIUDAD DE BUENOS AIRES,34999032089,PERON JUAN TTE.GRAL.,000788,07,,CAPITAL FEDERAL,"CAPITAL FEDERAL ",1038,841100,"SERVICIOS GENERALES DE LA ADMINISTRACIÓN PÚBLICA (INCLUYE EL DESEMPEÑO DE FUNCIONES EJECUTIVAS Y LEGISLATIVAS DE ADMINISTRACIÓN POR PARTE DE LAS ENTIDADES DE LA ADMINISTRACIÓN CENTRAL, REGIONAL Y LOCAL, LA ADMINISTRACIÓN Y SUPERVISIÓN DE ASUNTOS FISCALES, LA A",153082
DNI 11037125,11037125,27110371255,GAMARRA,NORMA PASCUALA,"82673,97",,,,,,,,MUNICIPALIDAD DE LA MATANZA,34999257560,ALMAFUERTE,003050,,,SAN JUSTO,BUENOS AIRES,1754,841100,"SERVICIOS GENERALES DE LA ADMINISTRACIÓN PÚBLICA (INCLUYE EL DESEMPEÑO DE FUNCIONES EJECUTIVAS Y LEGISLATIVAS DE ADMINISTRACIÓN POR PARTE DE LAS ENTIDADES DE LA ADMINISTRACIÓN CENTRAL, REGIONAL Y LOCAL, LA ADMINISTRACIÓN Y SUPERVISIÓN DE ASUNTOS FISCALES, LA A",5757
DNI 31442087,31442087,27314420875,CAPITANELLI,MARIA NATALIA,"66499,00",,,,,,,,OSPECON OBRA SOCIAL DEL PERSONAL DE LA CONSTRUCCION,30614455094,BELGRANO AV.,001870,,,CAPITAL FEDERAL,"CAPITAL FEDERAL ",1094,651310,OBRAS SOCIALES,1310
DNI 5752408,5752408,27057524087,STRELEC,MIRTA HAYDEE,"117824,80",,,,,,,,INSTITUTO DE PREVISION SOCIAL DE LA PCIA DE BS AS,33633178009,47,000530,,,LA PLATA NOROESTE CA,BUENOS AIRES,1900,843000,"SERVICIOS DE LA SEGURIDAD SOCIAL OBLIGATORIA, EXCEPTO OBRAS SOCIALES (INCLUYE PAMI Y ANSES)",312361
DNI 22126651,22126651,27221266515,COMAS,MONICA ELIZABETH,"29184,26",,,,,,,,TEC NOBA S.A.,30711986983,AV. OTERO,000450,,,PONTEVEDRA,BUENOS AIRES,1761,293090,"FABRICACIÓN DE PARTES, PIEZAS Y ACCESORIOS PARA VEHÍCULOS AUTOMOTORES Y SUS MOTORES N.C.P.",6
DNI 21857490,21857490,20218574905,RAMOS,REYNALDO ROSA,"100446,65",,,,,,,,CONSORCIO DE PROPIETARIOS BARRIO PRIVADO CAMPOS DE ALVAREZ,30696980809,ALMAFUERTE,001402,,,FRANCISCO ALVAREZ,BUENOS AIRES,1746,960990,"SERVICIOS PERSONALES N.C.P. (INCLUYE ACTIVIDADES DE ASTROLOGÍA Y ESPIRITISMO, LAS REALIZADAS CON FINES SOCIALES COMO AGENCIAS MATRIMONIALES, DE INVESTIGACIONES GENEALÓGICAS, DE CONTRATACIÓN DE ACOMPAÑANTES, LA ACTIVIDAD DE LUSTRABOTAS, ACOMODADORES DE AUTOS, E",17
DNI 30497604,30497604,20304976048,BARROCA,JUAN MARCOS,"82422,96",,,,,,,,JUSTO RODERO E HIJOS S A I C,30500191402,DORREGO AV.,000623,,,CAPITAL FEDERAL,"CAPITAL FEDERAL ",1414,324000,FABRICACIÓN DE JUEGOS Y JUGUETES,31
DNI 20281710,20281710,27202817101,MUSCO,CLAUDIA GRACIELA,"57068,00",,,,,,,,PRESENZA MARIO ANIBAL,20172632719,,,,,,,,863200,"SERVICIOS DE TRATAMIENTO (INCLUYE HEMODIÁLISIS, COBALTOTERAPIA, ETC)",7
DNI 23149834,23149834,20231498347,MELLIA BERONDA,MATIAS EUGENIO,"146206,71",,,,,,,,TELECENTRO S A,30640897267,BRIG J M DE ROSAS,000635,,,LOMAS DEL MIRADOR,BUENOS AIRES,1752,602200,OPERADORES DE TELEVISIÓN POR SUSCRIPCIÓN.,1052
DNI 22312701,22312701,20223127011,AMAYA,CESAR MARIO,"92810,50",,,,,,,,CONS PROP NAZCA 1319 ESQ JUAN B JUSTO 5682 84 86 88,30540647026,JUSTO JUAN B AV.,005682,,,CAPITAL FEDERAL,"CAPITAL FEDERAL ",1416,949920,SERVICIOS DE CONSORCIOS DE EDIFICIOS,1
DNI 28312126,28312126,20283121268,CARABALLO,CLAUDIO MARCELO,"69349,80",,,,,,,,CONSORCIO PROPIETARIO PUEYRREDON 111,30547346544,PUEYRREDON,000111,2,b,RAMOS MEJIA,BUENOS AIRES,1704,812010,SERVICIOS DE LIMPIEZA GENERAL DE EDIFICIOS,0
DNI 26036495,26036495,20260364953,ESPINOSA,CLAUDIO ALEJANDRO,"87037,16",,,,,,,,ARCANGEL MAGGIO SOCIEDAD ANONIMA,30500802568,LAFAYETTE,001695,,,CAPITAL FEDERAL,"CAPITAL FEDERAL ",1286,181109,"IMPRESIÓN N.C.P., EXCEPTO DE DIARIOS Y REVISTAS",168
DNI 24420728,24420728,20244207287,GONZALEZ,OSCAR ALBERTO,"31899,05",,,,,,,,TORBA PABLO CESAR,20112947966,,,,,,,,453292,"VENTA AL POR MENOR DE PARTES, PIEZAS Y ACCESORIOS USADOS N.C.P.",2
DNI 20471505,20471505,20204715050,GOMEZ,CARLOS ALBERTO,"167115,71",,,,,,,,MINISTERIO DE SEGURIDAD -SEGURIDAD PROVINCIAL,30648839088,51 SIN NUMERO,000000,PB,31,LA PLATA SUDESTE CAL,BUENOS AIRES,1900,842300,SERVICIOS PARA EL ORDEN PÚBLICO Y LA SEGURIDAD,86596
DNI 5485103,5485103,27054851036,FUNES,NELBA NOEMI,"114611,64",,,,,,,,INSTITUTO DE PREVISION SOCIAL DE LA PCIA DE BS AS,33633178009,47,000530,,,LA PLATA NOROESTE CA,BUENOS AIRES,1900,843000,"SERVICIOS DE LA SEGURIDAD SOCIAL OBLIGATORIA, EXCEPTO OBRAS SOCIALES (INCLUYE PAMI Y ANSES)",312361
DNI 5319601,5319601,20053196013,ARANDA,RAMON LUJAN,"14040,00",,,,,,,,INSTITUTO DE PREVISION SOCIAL DE LA PCIA DE BS AS,33633178009,47,000530,,,LA PLATA NOROESTE CA,BUENOS AIRES,1900,843000,"SERVICIOS DE LA SEGURIDAD SOCIAL OBLIGATORIA, EXCEPTO OBRAS SOCIALES (INCLUYE PAMI Y ANSES)",312361
DNI 28587729,28587729,27285877291,MENDEZ,NATALIA ALEJANDRA,"119408,37",,,,,,,,HONORABLE CAMARA DE DIPUTADOS DE LA NACION,30534213332,,,,,,,,841100,"SERVICIOS GENERALES DE LA ADMINISTRACIÓN PÚBLICA (INCLUYE EL DESEMPEÑO DE FUNCIONES EJECUTIVAS Y LEGISLATIVAS DE ADMINISTRACIÓN POR PARTE DE LAS ENTIDADES DE LA ADMINISTRACIÓN CENTRAL, REGIONAL Y LOCAL, LA ADMINISTRACIÓN Y SUPERVISIÓN DE ASUNTOS FISCALES, LA A",0
DNI 14814851,14814851,20148148512,GODOY,JOSE MARCELO,"82008,23",,,,,,,,CAJA DE RETIROS JUBILACIONES Y PENSIONES DE LA POLICIA DE LA PROVINCIA DE BS AS,30620698012,48,000502,,,LA PLATA NOROESTE CA,BUENOS AIRES,1900,949990,SERVICIOS DE ASOCIACIONES N.C.P.,37661
DNI 17196326,17196326,27171963260,ROMANO,MARIA ALEJANDRA,"31895,54",,,,,,,,DI CARLO ESTEBAN OSCAR,20217167494,,,,,,,,691001,SERVICIOS JURÍDICOS,1
DNI 28961427,28961427,27289614279,GODOY,LAURA GUADALUPE,"80800,72",,,,,,,,GRUPO ILHSA SOCIEDAD ANONIMA,30654386192,PATAGONES,002463,,,CAPITAL FEDERAL,"CAPITAL FEDERAL ",1282,476110,VENTA AL POR MENOR DE LIBROS,566
DNI 16114640,16114640,23161146404,DE VINCENTIS,MIRYAM ELIZABETH,"18140,85",,,,,,,,LIMPIDO SA,30689387108,PAVON,004254,,,CAPITAL FEDERAL,"CAPITAL FEDERAL ",1253,812010,SERVICIOS DE LIMPIEZA GENERAL DE EDIFICIOS,1100
DNI 6147322,6147322,20061473220,TORRES,HUMBERTO,"30796,70",,,,,,,,PARKHAUS S.R.L,30715675281,,,,,,,,524120,SERVICIOS  DE PLAYAS DE ESTACIONAMIENTO Y GARAJES,0
DNI 28266107,28266107,27282661077,CHOCOBAR,PAMELA MELINA,"0,00",,,,,,,,LOLISTART SRL,30710838255,ALSINA,000231,,,QUILMES,BUENOS AIRES,1878,477190,VENTA AL POR MENOR DE PRENDAS Y ACCESORIOS DE VESTIR N.C.P.,3
DNI 17656425,17656425,20176564254,SENISE,HECTOR ARMANDO,"166433,04",,,,,,,,MINISTERIO DE SEGURIDAD -SEGURIDAD PROVINCIAL,30648839088,51 SIN NUMERO,000000,PB,31,LA PLATA SUDESTE CAL,BUENOS AIRES,1900,842300,SERVICIOS PARA EL ORDEN PÚBLICO Y LA SEGURIDAD,86596
DNI 29599387,29599387,27295993877,ARELLO,ELIZABETH GISELA,"0,00",,,,,,,,GOBIERNO DE LA CIUDAD DE BUENOS AIRES,34999032089,PERON JUAN TTE.GRAL.,000788,07,,CAPITAL FEDERAL,"CAPITAL FEDERAL ",1038,841100,"SERVICIOS GENERALES DE LA ADMINISTRACIÓN PÚBLICA (INCLUYE EL DESEMPEÑO DE FUNCIONES EJECUTIVAS Y LEGISLATIVAS DE ADMINISTRACIÓN POR PARTE DE LAS ENTIDADES DE LA ADMINISTRACIÓN CENTRAL, REGIONAL Y LOCAL, LA ADMINISTRACIÓN Y SUPERVISIÓN DE ASUNTOS FISCALES, LA A",153082
DNI 4456343,4456343,27044563431,PRIETO,FELICIDAD ROSARIO,"97858,23",,,,,,,,DIRECCION GENERAL DE CULTURA Y EDUCACIONDE LA PROVINCIA DE BS AS,30627393713,13 ENTRE 56 Y 57,000000,,,LA PLATA SUDESTE CAL,BUENOS AIRES,1900,841200,"SERVICIOS PARA LA REGULACIÓN DE LAS ACTIVIDADES SANITARIAS, EDUCATIVAS, CULTURALES, Y RESTANTES SERVICIOS SOCIALES, EXCEPTO SEGURIDAD SOCIAL OBLIGATORIA (INCLUYE  LA GESTIÓN ADMINISTRATIVA DE PROGRAMAS DESTINADOS A MEJORAR EL BIENESTAR DE LOS CIUDADANOS)",297927
DNI 5611078,5611078,20056110780,DOMINGUEZ,ALBERTO ADOLFO,"14040,00",,,,,,,,INSTITUTO DE PREVISION SOCIAL DE LA PCIA DE BS AS,33633178009,47,000530,,,LA PLATA NOROESTE CA,BUENOS AIRES,1900,843000,"SERVICIOS DE LA SEGURIDAD SOCIAL OBLIGATORIA, EXCEPTO OBRAS SOCIALES (INCLUYE PAMI Y ANSES)",312361
DNI 23692401,23692401,20236924018,BELLO,GUILLERMO DANIEL,"116626,17",,,,,,,,MINISTERIO DE SEGURIDAD -SEGURIDAD PROVINCIAL,30648839088,51 SIN NUMERO,000000,PB,31,LA PLATA SUDESTE CAL,BUENOS AIRES,1900,842300,SERVICIOS PARA EL ORDEN PÚBLICO Y LA SEGURIDAD,86596
DNI 11893524,11893524,27118935247,LARA,NORA NOEMI,"23787,08",,,,,,,,MUNICIPALIDAD PARTIDO 3 DE FEBRERO,30999001242,ALBERDI S/N ESQ.MEDI,000000,,,CASEROS,BUENOS AIRES,1678,841100,"SERVICIOS GENERALES DE LA ADMINISTRACIÓN PÚBLICA (INCLUYE EL DESEMPEÑO DE FUNCIONES EJECUTIVAS Y LEGISLATIVAS DE ADMINISTRACIÓN POR PARTE DE LAS ENTIDADES DE LA ADMINISTRACIÓN CENTRAL, REGIONAL Y LOCAL, LA ADMINISTRACIÓN Y SUPERVISIÓN DE ASUNTOS FISCALES, LA A",2514
DNI 16639926,16639926,20166399263,COLARTE,MARCELO GREGORIO,"82629,37",,,,,,,,CLUB RESIDENCIAL FLOR DE LIS SA,30596184231,3 DE FEBRERO,002121,PB,,CAPITAL FEDERAL,"CAPITAL FEDERAL ",1428,870210,SERVICIOS DE ATENCIÓN A ANCIANOS CON ALOJAMIENTO,27
DNI 30427058,30427058,20304270587,SANCHIS MELIAN,FEDERICO EZEQUIEL,"36009,88",,,,,,,,SG 19 S.R.L.,30715756133,,,,,,,,432190,"INSTALACIÓN, EJECUCIÓN Y MANTENIMIENTO DE INSTALACIONES ELÉCTRICAS, ELECTROMECÁNICAS Y ELECTRÓNICAS N.C.P. (INCLUYE LA INSTALACIÓN DE ANTENAS, PARARRAYOS, SISTEMAS DE ALARMAS CONTRA INCENDIOS Y ROBOS, SISTEMAS DE TELECOMUNICACIÓN, ETC.)",7
DNI 12204548,12204548,27122045485,ACOSTA,MARIA DEL CARMEN,"73428,34",,,,,,,,MUNICIPALIDAD DE SAN ISIDRO,33999000709,9 DE JULIO,000526,,,SAN ISIDRO,BUENOS AIRES,1642,841100,"SERVICIOS GENERALES DE LA ADMINISTRACIÓN PÚBLICA (INCLUYE EL DESEMPEÑO DE FUNCIONES EJECUTIVAS Y LEGISLATIVAS DE ADMINISTRACIÓN POR PARTE DE LAS ENTIDADES DE LA ADMINISTRACIÓN CENTRAL, REGIONAL Y LOCAL, LA ADMINISTRACIÓN Y SUPERVISIÓN DE ASUNTOS FISCALES, LA A",4612
DNI 30525731,30525731,20305257312,MAMMARELLA,DANTE JAVIER,"39643,66",,,,,,,,MUNICIPALIDAD DE SAN ISIDRO,33999000709,9 DE JULIO,000526,,,SAN ISIDRO,BUENOS AIRES,1642,841100,"SERVICIOS GENERALES DE LA ADMINISTRACIÓN PÚBLICA (INCLUYE EL DESEMPEÑO DE FUNCIONES EJECUTIVAS Y LEGISLATIVAS DE ADMINISTRACIÓN POR PARTE DE LAS ENTIDADES DE LA ADMINISTRACIÓN CENTRAL, REGIONAL Y LOCAL, LA ADMINISTRACIÓN Y SUPERVISIÓN DE ASUNTOS FISCALES, LA A",4612
DNI 32220057,32220057,23322200579,MANDARINO,FEDERICO MATIAS,"24852,52",,,,,,,,1.765 C.A.B.A. S.A.,30710381395,ITALIA,005829,,,CHACRAS DE CORIA,"MENDOZA ",5505,561011,SERVICIOS DE RESTAURANTES Y CANTINAS SIN ESPECTÁCULO,48
DNI 36374546,36374546,20363745467,TOTCHILOVSKI,CRISTIAN GABRIEL,"83289,82",,,,,,,,ACCENTURE SOCIEDAD DE RESPONSABILIDAD LIMITADA,33610006189,SAENZ PEðA R. PTE. A,000777,,,CAPITAL FEDERAL,"CAPITAL FEDERAL ",1035,620900,SERVICIOS DE INFORMÁTICA N.C.P.,5657
DNI 33010721,33010721,23330107219,ASNAL JORGE MARCELO,JORGE MARCELO,"59991,36",,,,,,,,LH SERVICIOS INDUSTRIALES SRL,30716309890,,,,,,,,439990,"ACTIVIDADES ESPECIALIZADAS DE CONSTRUCCIÓN N.C.P. (INCLUYE EL ALQUILER, MONTAJE Y DESMANTELAMIENTO DE ANDAMIOS,  LA CONSTRUCCIÓN DE CHIMENEAS Y HORNOS INDUSTRIALES, EL ACORAZAMIENTO DE CAJAS FUERTES Y CÁMARAS FRIGORÍFICAS, EL ARMADO E INSTALACIÓN DE COMPUERTAS",33
DNI 25083265,25083265,20250832657,ZALAZAR,NORBERTO,"69973,73",,,,,,,,TEYLEM SA,33708444419,HIPOLITO YRIGOYEN,001816,,,CIUDADELA,BUENOS AIRES,1702,463199,"VENTA AL POR MAYOR DE PRODUCTOS ALIMENTICIOS N.C.P. (INCLUYE LA VENTA DE MIEL Y DERIVADOS, PRODUCTOS CONGELADOS,  ETC.)",291
DNI 34043729,34043729,20340437293,ASTORGA,LEONARDO SILVIO,"58625,24",,,,,,,,DAYTONA MEDICAL SA,30708178892,INTENDENTE CASARES,001235,,,VILLA ZAGALA,BUENOS AIRES,1651,131209,"FABRICACIÓN DE TEJIDOS (TELAS) PLANOS DE FIBRAS TEXTILES N.C.P., INCLUYE HILANDERÍAS Y TEJEDURÍAS INTEGRADAS",24
DNI 29156145,29156145,20291561455,PEREZ,EZEQUIEL LUIS,"62842,79",,,,,,,,CORRALON TRES ARROYOS S.A.,30713679301,,,,,,,,475290,VENTA AL POR MENOR DE MATERIALES DE CONSTRUCCIÓN N.C.P.,4
DNI 34212144,34212144,20342121447,BARRAZA,FEDERICO EZEQUIEL,"38198,69",,,,,,,,WAL- MART ARGENTINA  SOCIEDAD DE RESPONSABILIDAD LIMITADA,30678138300,BOLIVIA,005831,,,CAPITAL FEDERAL,"CAPITAL FEDERAL ",1419,471110,VENTA AL POR MENOR EN HIPERMERCADOS,9776
DNI 25900805,25900805,20259008051,VENICA,NICOLAS RAUL,"58519,62",,,,,,,,SINDICATO DE TRABAJADORES MUNICIPALES  DE  ROSARIO,30530994801,ENTRE RIOS,001242,,,ROSARIO SUD,SANTA FE,2000,942000,SERVICIOS DE SINDICATOS,81
DNI 38699796,38699796,23386997969,ROMERO,ALEXIS DIEGO,"40833,00",,,,,,,,RIVA S A I I C F A,30518917125,SUIPACHA,001067,10,,CAPITAL FEDERAL,"CAPITAL FEDERAL ",1008,410021,"CONSTRUCCIÓN, REFORMA Y REPARACIÓN DE EDIFICIOS NO RESIDENCIALES (INCLUYE CONSTRUCCIÓN, REFORMA Y REPARACIÓN DE RESTAURANTES, BARES, CAMPAMENTOS, BANCOS, OFICINAS, GALERÍAS COMERCIALES, ESTACIONES DE SERVICIO, EDIFICIOS PARA TRÁFICO Y COMUNICACIONES, GARAJES,",858
DNIE94835424,94835424,20948354242,Recalde,Osvaldo,"88118,75",,,,,,,,UNION PLATENSE S R L,30546252910,60 E 145 Y 146,000000,,,LOS HORNOS (LAS CALL,BUENOS AIRES,1900,492110,SERVICIO DE TRANSPORTE AUTOMOTOR URBANO Y SUBURBANO REGULAR DE PASAJEROS,573
DNI 41171320,41171320,27411713208,GAYOL,SOFIA ALDANA,"26392,54",,,,,,,,MERA SOLUTIONS S.A.,30714210668,,,,,,,,822000,SERVICIOS DE CALL CENTER,857
DNI 37318558,37318558,20373185583,PAEZ,LUIS ALBERTO,"23499,54",,,,,,,,AUTOMEKANIKA S.A.,30711009775,AV. ORTIZ DE OCAMPO,001590,,,LA RIOJA,LA RIOJA,5300,451190,"VENTA DE VEHÍCULOS AUTOMOTORES NUEVOS N.C.P. (INCLUYE CASAS RODANTES, TRAILERS, CAMIONES, REMOLQUES, AMBULANCIAS, ÓMNIBUS, MICROBUSES Y SIMILARES, CABEZAS TRACTORAS, ETC.)",33
DNI 19062921,19062921,20190629210,GARRIDO ROMERO ECEQUIEL ALEJAN,ECEQUIEL ALEJANDRO,"32843,01",,,,,,,,PREGO RESTO & BRUNCH SRL,30715014412,,,,,,,,561019,SERVICIOS DE EXPENDIO DE COMIDAS Y BEBIDAS EN ESTABLECIMIENTOS CON SERVICIO DE MESA Y/O EN MOSTRADOR N.C.P.,10
DNI 41314833,41314833,27413148338,QUIROGA,ROCIO BELEN,"33300,95",,,,,,,,CAT TECHNOLOGIES CUSTOMER EXPERIENCES S.A.,30712221964,ALEM LEANDRO N. AV.,000928,7,721,CAPITAL FEDERAL,"CAPITAL FEDERAL ",1001,822000,SERVICIOS DE CALL CENTER,490
DNI 24841701,24841701,20248417014,SOTO,FERNANDO GABRIEL,"98765,85",,,,,,,,MUNICIPALIDAD DE CORDOBA,30999074843,MARCELO T DE ALVEAR,000120,,,CIUDAD DE CORDOBA SU,"CORDOBA ",5000,841100,"SERVICIOS GENERALES DE LA ADMINISTRACIÓN PÚBLICA (INCLUYE EL DESEMPEÑO DE FUNCIONES EJECUTIVAS Y LEGISLATIVAS DE ADMINISTRACIÓN POR PARTE DE LAS ENTIDADES DE LA ADMINISTRACIÓN CENTRAL, REGIONAL Y LOCAL, LA ADMINISTRACIÓN Y SUPERVISIÓN DE ASUNTOS FISCALES, LA A",9450
DNI 32173999,32173999,20321739998,QUIROGA,RAMON SEBASTIAN,"43687,00",,,,,,,,TAURO EXPRESS S.R.L.,30715746731,,,,,,,,492290,SERVICIO DE TRANSPORTE AUTOMOTOR DE CARGAS N.C.P. (INCLUYE  SERVICIOS DE TRANSPORTE DE CARGA REFRIGERADA Y TRANSPORTE PESADO),4
DNI 42595802,42595802,20425958020,NUNES DOS SANTOS,DYLAN AMARO,"42239,52",,,,,,,,JORGE Y FRANCISCO OTRANTO S A,30554345774,ROCHA MONTARCE,001495,,,HAEDO,BUENOS AIRES,1706,131131,"FABRICACIÓN DE HILADOS TEXTILES DE LANA, PELOS Y SUS MEZCLAS",161
DNI 40357164,40357164,23403571644,PEÑALVA,FLORENCIA,"45200,00",,,,,,,,TRANSPORTE HACHA DE PIEDRA S.R.L.,30708913266,AUTOPISTA JUAN DOMIN,000000,,,ALDERETES,"TUCUMAN ",4178,492290,SERVICIO DE TRANSPORTE AUTOMOTOR DE CARGAS N.C.P. (INCLUYE  SERVICIOS DE TRANSPORTE DE CARGA REFRIGERADA Y TRANSPORTE PESADO),99
