﻿IdExterno,CUIL,Documento,Apellido,Nombre,CUIT,Denominacion,Tipo,Ganancias,Iva,Monotributo,IntegranteSociedad,Empleador,Codigo,Actividad,Categoria
DNI 21497370,27214973702,21497370,TOLEDO,SILVIA NOEMI,27214973702,TOLEDO SILVIA NOEMI,,No Inscripto,No Inscripto,BV,N,No Inscripto,801090,,BV
DNI 30667374,20306673743,30667374,BRANDAN,LUCAS IGNACIO,20306673743,BRANDAN LUCAS IGNACIO,,No Inscripto,No Inscripto,B,N,No Inscripto,432200,,B
DNI 4374833,20043748336,4374833,VEGA,JUAN CARLOS,20043748336,VEGA JUAN CARLOS,,No Inscripto,No Inscripto,A,N,No Inscripto,492120,,A
DNI 18301824,27183018243,18301824,GOMEZ,VIVIANA,27183018243,GOMEZ VIVIANA,,No Inscripto,No Inscripto,A,N,No Inscripto,691001,,A
DNI 11726911,20117269117,11726911,CAEZZA,JOSE LUIS,20117269117,CAEZZA JOSE LUIS,,No Inscripto,No Inscripto,A,N,No Inscripto,492120,,A
DNI 23439141,27234391416,23439141,GALAN,MARIA DE LAS MERCEDES,27234391416,GALAN MARIA DE LAS MERCEDES,,No Inscripto,No Inscripto,A,N,No Inscripto,472171,,A
DNI 30680403,20306804031,30680403,DELGADILLO OLIVA,BERNARDO ANTONIO,20306804031,DELGADILLO OLIVA BERNARDO ANTO,,No Inscripto,No Inscripto,A,N,No Inscripto,410011,,A
DNI 4403690,20044036909,4403690,SAVINO,JORGE RITO,20044036909,SAVINO JORGE RITO,,Activo,Exento,No Inscripto,N,No Inscripto,581100,,
DNI 8550357,20085503570,8550357,MAZZITELLI,JOSE PABLO,20085503570,MAZZITELLI JOSE PABLO,,No Inscripto,No Inscripto,B,N,No Inscripto,471190,,B
DNI 7661579,23076615799,7661579,BATTISTONI,ANGEL LUIS,23076615799,BATTISTONI ANGEL LUIS,,No Inscripto,No Inscripto,C,N,No Inscripto,681098,,C
DNI 33114734,20331147347,33114734,MOLINA,WALTER ANTONIO,20331147347,MOLINA WALTER ANTONIO,,No Inscripto,No Inscripto,A,N,No Inscripto,492190,,A
DNI 27170296,27271702960,27170296,FRANCAVILLA SABRINA BARBARA,SABRINA BARBARA,27271702960,FRANCAVILLA SABRINA BARBARA,,No Inscripto,No Inscripto,D,N,No Inscripto,841100,,D
DNI 30135137,27301351378,30135137,ALMIRON,ROMINA GISELLE,27301351378,ALMIRON ROMINA GISELLE,,No Inscripto,No Inscripto,A,N,No Inscripto,960201,,A
DNI 20481399,27204813995,20481399,SANCHEZ,ELIZABETH JULIA,27204813995,SANCHEZ ELIZABETH JULIA,,No Inscripto,No Inscripto,A,N,No Inscripto,692000,,A
DNI 28916049,20289160494,28916049,RODRIGUEZ,MARCELO DAVID,20289160494,RODRIGUEZ MARCELO DAVID,,No Inscripto,No Inscripto,A,N,No Inscripto,492280,,A
DNI 96007297,27960072974,96007297,MANUKYAN INGA,MANUKYAN INGA,27960072974,MANUKYAN INGA,,No Inscripto,No Inscripto,F,N,No Inscripto,477420,,F
DNI 22024103,27220241039,22024103,WENBICKI,VIVIANA LAURA,27220241039,WERBICKI VIVIANA LAURA,,No Inscripto,No Inscripto,A,N,No Inscripto,741000,,A
DNI 13664101,27136641013,13664101,RAMOS,SUSANA AMANDA,27136641013,RAMOS SUSANA AMANDA,,No Inscripto,No Inscripto,A,N,No Inscripto,601000,,A
DNI 17499360,27174993608,17499360,FAITA,ANDREA FABIANA,27174993608,FAITA ANDREA FABIANA,,No Inscripto,No Inscripto,A,N,No Inscripto,477320,,A
DNI 22226977,20222269777,22226977,AZZETTI,LEONARDO CARLOS GUIDO,20222269777,AZZETTI LEONARDO CARLOS GUIDO,,Activo,Activo,No Inscripto,N,No Inscripto,842500,,
DNI 17287133,20172871330,17287133,BROSKY,MARCELO IGNACIO,20172871330,BROSKY MARCELO IGNACIO,,Activo,Activo,No Inscripto,N,No Inscripto,869090,,
DNI 29616524,20296165248,29616524,GOMEZ,DIEGO LEANDRO,20296165248,GOMEZ DIEGO LEANDRO,,No Inscripto,No Inscripto,A,N,No Inscripto,492140,,A
DNI 26299859,20262998593,26299859,MONTOYA SERGIO DANIEL,SERGIO DANIEL,20262998593,MONTOYA SERGIO DANIEL,,No Inscripto,No Inscripto,A,N,No Inscripto,492120,,A
DNI 92645706,20926457064,92645706,GONZALEZ,"HERRERA JUAN DANIEL         ",20926457064,GONZALEZ HERRERA JUAN DANIEL,,No Inscripto,No Inscripto,A,N,No Inscripto,960990,,A
DNI 39551087,27395510873,39551087,BARBOZA,ROCIO BELEN,27395510873,BARBOZA ROCIO BELEN,,No Inscripto,No Inscripto,D,N,No Inscripto,477130,,D
DNI 25475691,20254756912,25475691,BARBA DANIEL ROBERTO,DANIEL ROBERTO,20254756912,BARBA DANIEL ROBERTO,,No Inscripto,No Inscripto,A,N,No Inscripto,472130,,A
DNI 21809365,20218093656,21809365,TROILO,GUSTAVO ADOLFO,20218093656,TROILO GUSTAVO ADOLFO,,No Inscripto,No Inscripto,B,N,No Inscripto,900021,,B
DNI 32905611,20329056113,32905611,CHAO,HERNAN,20329056113,CHAO HERNAN,,No Inscripto,No Inscripto,B,N,No Inscripto,960990,,B
DNI 28696617,23286966179,28696617,DELGADO HUGO ENRIQUE,"DELGADO HUGO E N                                                                                                                                      ",23286966179,DELGADO HUGO ENRIQUE,,No Inscripto,No Inscripto,A,N,No Inscripto,492120,,A
DNI 93761645,27937616452,93761645,VILLAVERDE,"LEGUIZA ISABEL           ",27937616452,VILLAVERDE LEGUIZA ISABEL,,Activo,Activo,No Inscripto,N,No Inscripto,702092,,
DNI 16623855,20166238553,16623855,SANTOS,NORBERTO TRANSITO,20166238553,SANTOS NORBERTO  FAUSTINO,,No Inscripto,No Inscripto,A,N,No Inscripto,960990,,A
DNI 11037125,27110371255,11037125,GAMARRA,NORMA PASCUALA,27110371255,GAMARRA NORMA PASCUALA,,No Inscripto,No Inscripto,H,N,No Inscripto,869090,,H
DNI 11275850,27112758505,11275850,GRAHL,LILIANA MARTA,27112758505,GRAHL LILIANA,,No Inscripto,No Inscripto,B,N,No Inscripto,960990,,B
DNI 13730072,27137300724,13730072,ALBARENGA,ZULMA MIRTA,27137300724,ALBARENGA ZULMA MIRTA,,No Inscripto,No Inscripto,BT,N,No Inscripto,463160,,BT
DNI 5485103,20054851031,5485103,SANSONE,ANGEL ESTEBAN,20054851031,SANSONE ANGEL ESTEBAN,,No Inscripto,No Inscripto,D,N,No Inscripto,702099,,D
DNI 17656425,20176564254,17656425,SENISE,HECTOR ARMANDO,20176564254,SENISE HECTOR ARMANDO,,No Inscripto,No Inscripto,B,N,No Inscripto,681098,,B
DNI 13302738,27133027381,13302738,GOMEZ,MARTA ELENA,27133027381,GOMEZ MARTA ELENA,,No Inscripto,No Inscripto,B,N,No Inscripto,931020,,B
DNI 16038378,27160383785,16038378,MIRANDA,VIVIAN EDITH,27160383785,MIRANDA VIVIAN,,No Inscripto,No Inscripto,D,N,No Inscripto,141202,,D
DNI 18133296,23181332964,18133296,AQUINO,MERCEDES NOEMI,23181332964,AQUINO MERCEDES NOEMI,,No Inscripto,No Inscripto,A,N,No Inscripto,869090,,A
DNI 30846875,27308468750,30846875,LALLANA,CLAUDIA SOLEDAD,27308468750,LALLANA CLAUDIA SOLEDAD,,No Inscripto,No Inscripto,A,N,No Inscripto,631190,,A
DNI 18583540,27185835400,18583540,PEREYRA,GRACIELA MABEL,27185835400,PEREYRA GRACIELA MABEL,,Activo,Activo,No Inscripto,N,No Inscripto,472120,,
DNI 34901116,20349011167,34901116,NAPORICHI ALEJANDRO RAMON,ALEJANDRO RAMON,20349011167,NAPORICHI ALEJANDRO RAMON,,No Inscripto,No Inscripto,BL,N,No Inscripto,960990,,BL
DNI 32779177,27327791775,32779177,BARROS,ADRIANA EDIT,27327791775,BARROS ADRIANA EDIT,,No Inscripto,No Inscripto,A,N,No Inscripto,472160,,A
DNIE95784980,27957849801,95784980,PORTILLO ELISSA ESTELA,ELISSA,27957849801,PORTILLO ELISSA ESTELA,,No Inscripto,No Inscripto,A,N,No Inscripto,682099,,A
DNIE95904218,20959042188,95904218,CASTELLANO ESCORCIA KENDRY ADALBERTO,CASTELLANO ESCORCIA KENDRY ADALBERTO,20959042188,CASTELLANO ESCORCIA KENDRY ADA,,No Inscripto,No Inscripto,A,N,No Inscripto,530090,,A
DNI 43371167,20433711670,43371167,DEPETRIS NICOLAS LAUTARO,"DEPETRIS NICOLAS                                                                                                                                      ",20433711670,DEPETRIS NICOLAS LAUTARO,,No Inscripto,No Inscripto,A,N,No Inscripto,492120,,A
DNI 42687493,27426874933,42687493,RUEJAS,MILAGROS ELIZABETH,27426874933,RUEJAS MILAGROS ELIZABETH,,No Inscripto,No Inscripto,A,N,No Inscripto,960201,,A
DNI 25997154,27259971549,25997154,NUÑEZ,SUSANA GRACIELA,27259971549,NUÑEZ SUSANA GRACIELA,,No Inscripto,No Inscripto,D,N,No Inscripto,869090,,D
DNI 34279840,20342798404,34279840,SANCHEZ,CHRISTIAN FABIAN,20342798404,SANCHEZ CHRISTIAN FABIAN,,,,BV,N,,,,BV
DNI 29783087,27297830878,29783087,BARRIOS,ROMINA HILEN,27297830878,BARRIOS ROMINA HILEN,,No Inscripto,No Inscripto,A,N,No Inscripto,960990,,A
DNIE94773656,20947736567,94773656,SANCHEZ TORRES MICHAEL JAMES,TORRES MICHAEL JAMES,20947736567,SANCHEZ TORRES MICHAEL JAMES,,No Inscripto,No Inscripto,A,N,No Inscripto,523090,,A
DNIE95283286,27952832862,95283286,SANCHEZ FERRERAS YOHANNA ELIZA,YOHANNA ELIZABETH,27952832862,SANCHEZ FERRERAS YOHANNA ELIZA,,,,BL,N,,,,BL
DNIE93970028,20939700286,93970028,CELIS,"VILLEGAS DANIEL ARMANDO      ",20939700286,CELIS VILLEGAS DANIEL ARMANDO,,No Inscripto,No Inscripto,C,N,No Inscripto,410011,,C
DNI 38761412,27387614120,38761412,CEBALLOS,AGOSTINA AYLEN,27387614120,CEBALLOS AGOSTINA AYLEN,,No Inscripto,No Inscripto,BL,N,No Inscripto,,,BL
DNIE94835424,20948354242,94835424,Recalde,Osvaldo,20948354242,RECALDE OSVALDO,,No Inscripto,No Inscripto,A,N,No Inscripto,475300,,A
DNI 31598459,23315984599,31598459,GOMEZ,ISRAEL,23315984599,GOMEZ ISRAEL,,,,BV,N,,,,BV
DNI 18178961,27181789617,18178961,BAROLIN,RUT NANCI,27181789617,BAROLIN RUT NANCI,,No Inscripto,No Inscripto,BL,N,No Inscripto,854990,,BL
DNI 19062921,20190629210,19062921,GARRIDO ROMERO ECEQUIEL ALEJAN,ECEQUIEL ALEJANDRO,20190629210,GARRIDO ROMERO ECEQUIEL ALEJAN,,,,BV,N,,,,BV
DNI 33114849,27331148496,33114849,IGLESIAS,NATALIA ROMINA,27331148496,IGLESIAS NATALIA ROMINA,,No Inscripto,No Inscripto,A,N,No Inscripto,869090,,A
DNI 17363202,27173632024,17363202,ALVAREZ,SANDRA CLAUDIA,27173632024,ALVAREZ SANDRA CLAUDIA,,No Inscripto,No Inscripto,B,N,No Inscripto,453291,,B
DNI 42595802,20425958020,42595802,NUNES DOS SANTOS,DYLAN AMARO,20425958020,NUNES DOS SANTOS DYLAN AMARO,,No Inscripto,No Inscripto,A,N,No Inscripto,864000,,A
DNI 36365849,20363658491,36365849,GUEVARA,FERNANDO ALBERTO,20363658491,GUEVARA FERNANDO ALBERTO,,No Inscripto,No Inscripto,A,N,No Inscripto,561019,,A
