﻿IdExterno,CUIL,Documento,Apellido,Nombre,CodigoArea,Numero,Proveedor,Fuente
DNI 7594506,20075945060,7594506,MANDRA JUAN ROBERTO,"MANDRA JUAN ROBERTO                                                                                                                                   ",11,49011338,Telefonica Argentina,ANSES
DNI 7594506,27075945065,7594506,S R L,ROMARMAR,11,49011338,Telefonica Argentina,ANSES
DNI 10743783,27107437830,10743783,GIURASTANTE,SILVIA MONICA,11,45214860,Telecom Argentina,Movistar
DNI 23873821,20238738211,23873821,ESCUBILLA,EMILIO MARCELO,2224,432427,Telefonica Argentina,ANSES
DNI 26680486,20266804866,26680486,ALARCON,HORACIO ARGENTINO,11,42787153,Telefonica Argentina,Movistar
DNI 13623168,20136231686,13623168,QUIROGA,SERGIO RAUL,11,47457104,Telecom Argentina,ANSES
DNI 13623168,20136231686,13623168,QUIROGA,SERGIO RAUL,11,47450463,Telecom Argentina,Movistar
DNI 4374833,27043748330,4374833,VEGA,"CUCCO CATALINA HERMINIA                                                                                                                               ",11,11111111,,Movistar
DNI 4374833,20043748336,4374833,VEGA,JUAN CARLOS,11,11111111,,Movistar
DNI 16511495,27165114952,16511495,GARCIA,ALICIA CLAUDIA,11,42424242,Telefonica Argentina,ANSES
DNI 16511495,27165114952,16511495,GARCIA,ALICIA CLAUDIA,220,4820568,Telefonica Argentina,Movistar
DNI 18301824,27183018243,18301824,GOMEZ,VIVIANA,11,42641131,Telefonica Argentina,Movistar
DNI 18301824,27183018243,18301824,GOMEZ,VIVIANA,11,42646320,Telefonica Argentina,Telefonica
DNI 22133822,20221338228,22133822,ZAFFE,ARIEL FABIÁN,221,1111111,,Movistar
DNI 22133822,20221338228,22133822,ZAFFE,ARIEL FABIÁN,2246,420130,Telefonica Argentina,Telefonica
DNI 22133822,20221338228,22133822,ZAFFE,ARIEL FABIÁN,11,49198635,Telefonica Argentina,Telefonica
DNI 14561015,20145610150,14561015,VISONA,HUGO RODOLFO,11,47125146,Telecom Argentina,Telecom
DNI 2512966,27025129666,2512966,ROCHA,CELIA ANTONIA,11,49023718,Telefonica Argentina,Telefonica
DNI 2512966,27025129666,2512966,ROCHA,CELIA ANTONIA,11,42481702,Telefonica Argentina,Telefonica
DNI 2512966,27025129666,2512966,ROCHA,CELIA ANTONIA,11,60809358,Telefonica Argentina,Telefonica
DNI 2512966,27025129666,2512966,ROCHA,CELIA ANTONIA,11,44413794,Telefonica Argentina,Telefonica
DNI 17651051,20176510510,17651051,CORDOBA,JOSE LORENZO,11,43085157,Telefonica Argentina,Movistar
DNI 13410295,27134102956,13410295,MAZARIEGO,MARIA ALEJANDRA,11,46335500,Telefonica Argentina,ANSES
DNI 13410295,27134102956,13410295,MAZARIEGO,MARIA ALEJANDRA,237,4666205,Telefonica Argentina,Movistar
DNI 16718653,27167186535,16718653,SOTELO,MARIA ESTER,11,42869955,Telefonica Argentina,ANSES / Movistar / Telefonica
DNI 23439141,27234391416,23439141,GALAN,MARIA DE LAS MERCEDES,376,4433534,Telecom Argentina,Telecom
DNI 10122603,23101226034,10122603,ROMERO,ANA MARIA,11,44591463,Telefonica Argentina,ANSES / Movistar
DNI 31089922,23310899224,31089922,ABOY,YANINA VANESA,221,1111111,,Movistar
DNI 25705770,23257057704,25705770,ARIAS,ADRIANA GISELA,11,42166366,Telefonica Argentina,ANSES / Telefonica
DNI 12279496,20122794963,12279496,FERNANDEZ,PABLO ALFREDO,261,4294563,Telefonica Argentina,ANSES
DNI 12009995,27120099952,12009995,BLASCO,FLORENTINA,11,46464646,Telefonica Argentina,ANSES
DNI 12009995,27120099952,12009995,BLASCO,FLORENTINA,11,43080496,Telefonica Argentina,Telefonica
DNI 27887618,27278876182,27887618,ADORNO ROXANA ITATI,ROXANA ITATI,11,49640766,Telecom Argentina,Telecom
DNI 13465170,27134651704,13465170,KEVARKIAN,NORMA SUSANA,221,4502585,Telefonica Argentina,ANSES
DNI 29655336,27296553366,29655336,PALERMO,ROMINA MARIEL,11,46291946,Telefonica Argentina,ANSES / Movistar
DNI 8093256,20080932562,8093256,LOPEZ,FRANCISCO ROGELIO,11,46536493,Telefonica Argentina,ANSES
DNI 8093256,27080932567,8093256,LOPEZ,"CORTEZ LEONOR YOLANDA                                                                                                                                 ",11,46536493,Telefonica Argentina,ANSES
DNI 7574198,20075741988,7574198,MARIN,OSCAR ISAIAS,11,43010735,Telefonica Argentina,Telefonica
DNI 7574198,27075741982,7574198,MICHELON,VELIA,11,43010735,Telefonica Argentina,Telefonica
DNI 94054817,27940548174,94054817,SAGASTEGUI,"CHAVEZ ROSA ELVIRA           ",11,47137291,Telecom Argentina,Telecom
DNI 4090971,20040909711,4090971,FRANCO,ANSELMO VICENTE,220,4826038,Telefonica Argentina,ANSES / Movistar
DNI 4090971,20040909711,4090971,FRANCO,ANSELMO VICENTE,11,43075251,Telefonica Argentina,Telefonica
DNI 4090971,27040909716,4090971,PRIVIDERA,AMELIA LUCIA,220,4826038,Telefonica Argentina,ANSES / Movistar
DNI 4090971,27040909716,4090971,PRIVIDERA,AMELIA LUCIA,11,43075251,Telefonica Argentina,Telefonica
DNI 4403690,20044036909,4403690,SAVINO,JORGE RITO,298,4460059,Telefonica Argentina,ANSES / Movistar
DNI 4403690,20044036909,4403690,SAVINO,JORGE RITO,11,49575973,Telefonica Argentina,Telefonica
DNI 4403690,27044036903,4403690,CLOBAZ,LIBERA,298,4460059,Telefonica Argentina,ANSES / Movistar
DNI 4403690,27044036903,4403690,CLOBAZ,LIBERA,11,49575973,Telefonica Argentina,Telefonica
DNI 8550357,20085503570,8550357,MAZZITELLI,JOSE PABLO,341,4248256,Telecom Argentina,Telecom
DNI 8550357,20085503570,8550357,MAZZITELLI,JOSE PABLO,348,4446940,Telecom Argentina,Telecom
DNI 94649760,20946497607,94649760,SANCHEZ GUTIERREZ LUIS ALBERTO,"SANCHEZ GUTIERREZ LUIS ALBERTO                                                                                                                        ",11,46361976,Telefonica Argentina,ANSES
DNI 4386098,20043860985,4386098,EYRAUD,ALFONSO,2972,413745,"COOPERATIVA TELEFONICA Y OTROS SERVICIOS PUBLICOS ",ANSES
DNI 4386098,20043860985,4386098,EYRAUD,ALFONSO,11,49828734,Telefonica Argentina,Movistar
DNI 4386098,20043860985,4386098,EYRAUD,ALFONSO,11,42495147,Telefonica Argentina,Telefonica
DNI 4386098,23043860984,4386098,SALA,MARTA HAYDEE,2972,413745,"COOPERATIVA TELEFONICA Y OTROS SERVICIOS PUBLICOS ",ANSES
DNI 4386098,23043860984,4386098,SALA,MARTA HAYDEE,11,49828734,Telefonica Argentina,Movistar
DNI 4386098,23043860984,4386098,SALA,MARTA HAYDEE,11,42495147,Telefonica Argentina,Telefonica
DNI 5892418,27058924186,5892418,ORELLANA,MARIA E,11,20933402,TELECENTRO SOCIEDAD ANONIMA,ANSES
DNI 5892418,27058924186,5892418,ORELLANA,MARIA E,11,42369263,Telefonica Argentina,Telefonica
DNI 5892418,20058924181,5892418,GOMEZ RAIMUNDO,MARIA E,11,20933402,TELECENTRO SOCIEDAD ANONIMA,ANSES
DNI 5892418,20058924181,5892418,GOMEZ RAIMUNDO,MARIA E,11,42369263,Telefonica Argentina,Telefonica
DNI 92420437,20924204371,92420437,AQUINO,"MARIO       ",11,42258522,Telefonica Argentina,ANSES
DNI 33114734,20331147347,33114734,MOLINA,WALTER ANTONIO,11,42772171,Telefonica Argentina,ANSES
DNI 27170296,27271702960,27170296,FRANCAVILLA SABRINA BARBARA,SABRINA BARBARA,11,55554444,TELMEX ARGENTINA SOCIEDAD ANONIMA,ANSES
DNI 30135137,27301351378,30135137,ALMIRON,ROMINA GISELLE,11,47889625,Telecom Argentina,ANSES / Movistar
DNI 12270488,27122704888,12270488,MELLINO,ANA MARIA,221,1111111,,Movistar
DNI 23480993,20234809939,23480993,HUARACHI,HECTOR JUSTINO,220,4897342,Telefonica Argentina,Telefonica
DNI 3566327,20035663275,3566327,VERGA,MATEO,11,66987317,Telecom Argentina,ANSES
DNI 3566327,20035663275,3566327,VERGA,MATEO,260,4424880,Telefonica Argentina,Telefonica
DNI 3566327,23035663274,3566327,RICCI,CLARA,11,66987317,Telecom Argentina,ANSES
DNI 3566327,23035663274,3566327,RICCI,CLARA,260,4424880,Telefonica Argentina,Telefonica
DNI 20481399,27204813995,20481399,SANCHEZ,ELIZABETH JULIA,11,43620271,Telefonica Argentina,ANSES / Telefonica
DNI 28916049,20289160494,28916049,RODRIGUEZ,MARCELO DAVID,221,1111111,,Movistar
DNI 93410530,20934105304,93410530,IGLESIAS,"VAZQUEZ MARIA         ",11,46328481,Telefonica Argentina,ANSES
DNI 93410530,27934105309,93410530,IGLESIAS,"IGLESIAS VAZQUEZ MARIA                                                                                                                                ",11,46328481,Telefonica Argentina,ANSES
DNI 8172737,20081727377,8172737,GUTIERREZ SOSA,JOSE,11,11111111,,Movistar
DNI 8172737,20081727377,8172737,GUTIERREZ SOSA,JOSE,387,4290092,Telecom Argentina,Telecom
DNI 10469237,27104692376,10469237,CASTIÑEIRA,MARIA RITA,11,49521163,Telefonica Argentina,ANSES
DNI 23227067,27232270670,23227067,MARTINEZ,DORA ROSA ALBA,348,4424928,Telecom Argentina,ANSES
DNI 6291879,23062918799,6291879,ROSSA,ETELVIN LIONEL B,11,47507252,Telecom Argentina,ANSES
DNI 6291879,23062918799,6291879,ROSSA,ETELVIN LIONEL B,11,46122920,Telefonica Argentina,Telefonica
DNI 6291879,27062918794,6291879,TAIANA,ELBA DELIA,11,47507252,Telecom Argentina,ANSES
DNI 6291879,27062918794,6291879,TAIANA,ELBA DELIA,11,46122920,Telefonica Argentina,Telefonica
DNI 11356860,27113568602,11356860,CEJAS,ANA ELISA,237,4818373,Telefonica Argentina,Telefonica
DNI 8270457,20082704575,8270457,ZIVIC,SERGIO,11,45230209,Telecom Argentina,Telecom
DNI 8270457,20082704575,8270457,ZIVIC,SERGIO,220,4840112,Telefonica Argentina,Telefonica
DNI 30616398,27306163987,30616398,ENRIQUEZ,NORA MARIANA,11,42764176,Telefonica Argentina,Movistar
DNI 21773397,23217733979,21773397,MORAN,JORGE RAMON,11,49817275,Telefonica Argentina,ANSES / Movistar
DNI 4540934,20045409342,4540934,MOUMDJIAN,ALBERTO RICARDO,11,44330774,Telefonica Argentina,ANSES / Telefonica
DNI 22024103,27220241039,22024103,WENBICKI,VIVIANA LAURA,11,11111111,,Movistar
DNI 24994690,27249946902,24994690,MAGGIO,MARIA FLORENCIA,221,1111111,,Movistar
DNI 13664101,27136641013,13664101,RAMOS,SUSANA AMANDA,11,45830066,Telecom Argentina,Movistar / Telecom
DNI 16497086,20164970869,16497086,PALOMO,ROLANDO,11,49639640,Telecom Argentina,ANSES
DNI 17499360,27174993608,17499360,FAITA,ANDREA FABIANA,11,48659751,Telefonica Argentina,Telecom
DNI 17499360,27174993608,17499360,FAITA,ANDREA FABIANA,11,49318484,Telefonica Argentina,Telefonica
DNI 22226977,20222269777,22226977,AZZETTI,LEONARDO CARLOS GUIDO,11,47955532,Telecom Argentina,Telecom
DNI 22981039,27229810397,22981039,Lensina,Maria,11,46470987,Telefonica Argentina,ANSES
DNI 22981039,20229810392,22981039,VILDOZA,CHRISTIAN HERNAN,11,46470987,Telefonica Argentina,ANSES
DNI 4149417,23041494174,4149417,LOPEZ,ZULMA DILMA,2964,425444,Telefonica Argentina,ANSES
DNI 4149417,23041494174,4149417,LOPEZ,ZULMA DILMA,2964,423802,Telefonica Argentina,Telefonica
DNI 4149417,20041494175,4149417,SANTA CRUZ,JUAN ANTONIO,2964,425444,Telefonica Argentina,ANSES
DNI 4149417,20041494175,4149417,SANTA CRUZ,JUAN ANTONIO,2964,423802,Telefonica Argentina,Telefonica
DNI 17287133,20172871330,17287133,BROSKY,MARCELO IGNACIO,11,48631613,Telefonica Argentina,Movistar
DNI 17287133,20172871330,17287133,BROSKY,MARCELO IGNACIO,11,45235579,Telecom Argentina,Telecom
DNI 5635009,20056350099,5635009,SILVA,ADELFIA,11,42567704,Telefonica Argentina,ANSES
DNI 5635009,27056350093,5635009,SILVA,ADELFIA,11,42567704,Telefonica Argentina,ANSES
DNI 26299859,20262998593,26299859,MONTOYA SERGIO DANIEL,SERGIO DANIEL,11,11111111,,ANSES / Movistar
DNI 10678326,27106783263,10678326,MACCARONE,HAYDEE ROSARIO,2225,483392,Telefonica Argentina,Telefonica
DNI 18076260,23180762604,18076260,PASSARDI,RITA MARIA A,11,42162975,Telefonica Argentina,ANSES / Movistar
DNI 27637640,27276376409,27637640,GUZMAN,IVANA MARIELA,11,60846496,Telefonica Argentina,Telefonica
DNI 26119183,20261191831,26119183,BENITEZ,HERNAN JAVIER,11,47885486,Telecom Argentina,ANSES
DNI 23525390,23235253909,23525390,IBARRA,ALEJANDRO ADRIAN,11,11111111,,Movistar
DNI 22195391,20221953917,22195391,LAUZEL,GUSTAVO ENRIQUE,11,42057709,Telefonica Argentina,ANSES / Movistar
DNI 4641290,27046412902,4641290,PASCUAL,MATILDE GRACIELA,11,42566514,Telefonica Argentina,ANSES
DNI 4641290,27046412902,4641290,PASCUAL,MATILDE GRACIELA,11,47880843,Telecom Argentina,Telecom
DNI 4641290,20046412908,4641290,GARROCHO,JUAN CARLOS,11,42566514,Telefonica Argentina,ANSES
DNI 4641290,20046412908,4641290,GARROCHO,JUAN CARLOS,11,47880843,Telecom Argentina,Telecom
DNI 92645706,20926457064,92645706,GONZALEZ,"HERRERA JUAN DANIEL         ",11,47241232,Telecom Argentina,Telecom
DNI 11201330,27112013305,11201330,PAURA,MARIA CRISTINA,11,42276979,Telefonica Argentina,ANSES / Telefonica
DNI 39551087,27395510873,39551087,BARBOZA,ROCIO BELEN,11,11111111,,Movistar
DNI 4282339,20042823393,4282339,REPETTO,EDUARDO ALBERTO,11,42900734,Telefonica Argentina,Telefonica
DNI 25966746,27259667467,25966746,TASSARA,PAULA VALERIA,11,43070455,Telefonica Argentina,ANSES
DNI 14679486,20146794867,14679486,REALES,SERGIO RAUL,11,35282072,TELECENTRO SOCIEDAD ANONIMA,ANSES
DNI 92015162,27920151626,92015162,SUSLUAGA,"NILSA LOURDES         ",11,42018739,Telefonica Argentina,Telefonica
DNI 21809365,20218093656,21809365,TROILO,GUSTAVO ADOLFO,11,47906285,Telecom Argentina,ANSES
DNI 32905611,20329056113,32905611,CHAO,HERNAN,11,42064975,Telefonica Argentina,ANSES
DNI 32905611,20329056113,32905611,CHAO,HERNAN,11,42045764,Telefonica Argentina,Movistar
DNI 4402943,20044029430,4402943,GALSMAN,ELIAS SAUL,11,20719976,TELECENTRO SOCIEDAD ANONIMA,ANSES
DNI 4402943,20044029430,4402943,GALSMAN,ELIAS SAUL,11,45825755,Telecom Argentina,Movistar
DNI 4402943,20044029430,4402943,GALSMAN,ELIAS SAUL,11,46591897,Telefonica Argentina,Telefonica
DNI 4402943,27044029435,4402943,MIRABILE,PASCUALINA ROSA,11,20719976,TELECENTRO SOCIEDAD ANONIMA,ANSES
DNI 4402943,27044029435,4402943,MIRABILE,PASCUALINA ROSA,11,45825755,Telecom Argentina,Movistar
DNI 4402943,27044029435,4402943,MIRABILE,PASCUALINA ROSA,11,46591897,Telefonica Argentina,Telefonica
DNI 28696617,23286966179,28696617,DELGADO HUGO ENRIQUE,"DELGADO HUGO E N                                                                                                                                      ",11,11111111,,Movistar
DNI 16950781,27169507819,16950781,AVEIRO ESPINOLA,JUANA,11,42862482,Telefonica Argentina,ANSES / Telefonica
DNI 5078676,27050786760,5078676,OVIEDO,ROSALIA,11,47767185,Telecom Argentina,ANSES
DNI 5078676,27050786760,5078676,OVIEDO,ROSALIA,11,47733210,Telecom Argentina,Telecom
DNI 25003528,23250035284,25003528,RIOS,LILIANA MABEL,11,11111111,,Movistar
DNI 6699243,27066992433,6699243,SUAREZ,GREGORIA ARGENTINA,11,47724793,Telecom Argentina,ANSES
DNI 6699243,20066992439,6699243,DOMINGUEZ,LUIS ANTONIO,11,47724793,Telecom Argentina,ANSES
DNI 16146096,20161460967,16146096,MACIEL,MIGUEL ISAURO,11,20851148,TELECENTRO SOCIEDAD ANONIMA,ANSES
DNI 16146096,20161460967,16146096,MACIEL,MIGUEL ISAURO,11,11111111,,Movistar
DNI 5777510,27057775101,5777510,DIAZ,ANA RAQUEL,11,41142037,Telecom Argentina,ANSES
DNI 5777510,27057775101,5777510,DIAZ,ANA RAQUEL,11,42037534,Telefonica Argentina,Telefonica
DNI 16623855,20166238553,16623855,SANTOS,NORBERTO TRANSITO,11,42283959,Telefonica Argentina,ANSES / Telefonica
DNI 16623855,20166238553,16623855,SANTOS,NORBERTO TRANSITO,11,42186183,Telefonica Argentina,Telefonica
DNI 92668898,20926688988,92668898,AGUILA,"DIAZ CRISTIAN HUMBERTO       ",11,48114384,Telefonica Argentina,ANSES
DNI 4877601,27048776014,4877601,RODRIGUEZ,JUANA R,11,44894839,Telefonica Argentina,Telefonica
DNI 4877601,23048776019,4877601,RODRIGUEZ,"ROCA JOSE LUIS                                                                                                                                        ",11,44894839,Telefonica Argentina,Telefonica
DNI 5752408,27057524087,5752408,STRELEC,MIRTA HAYDEE,2972,429551,"COOPERATIVA TELEFONICA Y OTROS SERVICIOS PUBLICOS ",ANSES
DNI 5752408,27057524087,5752408,STRELEC,MIRTA HAYDEE,11,42011496,Telefonica Argentina,Telefonica
DNI 5752408,27057524087,5752408,STRELEC,MIRTA HAYDEE,11,42018709,Telefonica Argentina,Telefonica
DNI 5884469,20058844692,5884469,MORALI,HUGO ALFREDO,11,41142772,Telecom Argentina,ANSES
DNI 5752408,20057524082,5752408,GUTIERREZ FAUSTINO HERMINIO,FAUSTINO HERMINIO,2972,429551,"COOPERATIVA TELEFONICA Y OTROS SERVICIOS PUBLICOS ",ANSES
DNI 5752408,20057524082,5752408,GUTIERREZ FAUSTINO HERMINIO,FAUSTINO HERMINIO,11,42011496,Telefonica Argentina,Telefonica
DNI 5752408,20057524082,5752408,GUTIERREZ FAUSTINO HERMINIO,FAUSTINO HERMINIO,11,42018709,Telefonica Argentina,Telefonica
DNI 5884469,27058844697,5884469,RIVEROS,ENRIQUETA,11,41142772,Telecom Argentina,ANSES
DNI 22126651,27221266515,22126651,COMAS,MONICA ELIZABETH,220,4974606,Telefonica Argentina,ANSES
DNI 4368978,23043689789,4368978,ALVAREZ,OSVALDO ANTONIO,2202,426104,Telefonica Argentina,ANSES
DNI 10732189,27107321891,10732189,CACCIATORE,MARIA OFELIA,11,45411890,Telecom Argentina,Movistar
DNI 4368978,27043689784,4368978,AYBAR,SENOVIA,2202,426104,Telefonica Argentina,ANSES
DNI 10671623,23106716234,10671623,SILVA,ELIDA ELBA,11,43678568,Telefonica Argentina,ANSES / Movistar
DNI 10671623,20106716235,10671623,ALEJANDRO,MEDINA,11,43678568,Telefonica Argentina,ANSES / Movistar
DNI 3959078,27039590781,3959078,ANELLO,MARIA DE GUADALUPE,11,47840776,Telecom Argentina,Telecom
DNI 3959078,27039590781,3959078,ANELLO,MARIA DE GUADALUPE,11,47622749,Telecom Argentina,Telecom
DNI 28312126,20283121268,28312126,CARABALLO,CLAUDIO MARCELO,11,46564164,Telefonica Argentina,ANSES
DNI 28312126,20283121268,28312126,CARABALLO,CLAUDIO MARCELO,3751,266338,,ANSES
DNI 3959078,20039590787,3959078,ANELLO,"CHAILE VICITACION ISABEL                                                                                                                              ",11,47840776,Telecom Argentina,Telecom
DNI 3959078,20039590787,3959078,ANELLO,"CHAILE VICITACION ISABEL                                                                                                                              ",11,47622749,Telecom Argentina,Telecom
DNI 28312126,20283121268,28312126,CARABALLO,CLAUDIO MARCELO,11,46564164,Telefonica Argentina,ANSES
DNI 2343774,27023437746,2343774,DAFFARA,MARIA ELENA,11,42008222,Telefonica Argentina,Movistar
DNI 2343774,27023437746,2343774,DAFFARA,MARIA ELENA,11,48223191,Telecom Argentina,Telecom
DNI 2343774,27023437746,2343774,DAFFARA,MARIA ELENA,230,4424710,Telefonica Argentina,Telefonica
DNI 2343774,27023437746,2343774,DAFFARA,MARIA ELENA,11,42514768,Telefonica Argentina,Telefonica
DNI 2343774,27023437746,2343774,DAFFARA,MARIA ELENA,11,43719599,Telefonica Argentina,Telefonica
DNI 4616850,27046168505,4616850,MARQUEZ,MIRTHA ASUCENA,11,43153463,Telecom Argentina,ANSES / Telecom
DNI 2734202,27027342022,2734202,RUS,MARIA ESTHER,11,43002681,Telefonica Argentina,ANSES
DNI 2734202,27027342022,2734202,RUS,MARIA ESTHER,2320,460156,Telefonica Argentina,Telefonica
DNI 10970504,20109705048,10970504,VERON,HUGO RUBEN,11,21121981,TELECENTRO SOCIEDAD ANONIMA,ANSES
DNI 26036495,20260364953,26036495,ESPINOSA,CLAUDIO ALEJANDRO,11,11111111,,ANSES / Movistar
DNI 11713152,20117131522,11713152,HERRERA,GUILLERMO LUIS,11,49310002,Telefonica Argentina,Movistar
DNI 10761216,20107612166,10761216,LEIVA,MARIANO CARLOS,11,44581645,Telefonica Argentina,Telefonica
DNI 16732987,20167329870,16732987,CENTURION,JOSE HORACIO,11,45804102,Telecom Argentina,ANSES
DNI 16732987,20167329870,16732987,CENTURION,JOSE HORACIO,3327,482617,"COOPERATIVA DE PROVISION DE SERVICIOS TELEFONICOS ",Movistar
DNI 5485103,27054851036,5485103,FUNES,NELBA NOEMI,220,4807425,Telefonica Argentina,ANSES
DNI 5485103,20054851031,5485103,SANSONE,ANGEL ESTEBAN,220,4807425,Telefonica Argentina,ANSES
DNI 6388200,20063882004,6388200,ARGUELLO,ALBERTO OSCAR,11,46721469,Telefonica Argentina,ANSES / Telefonica
DNI 6388200,27063882009,6388200,ARENA,MONICA MARIA CRISTINA,11,46721469,Telefonica Argentina,ANSES / Telefonica
DNI 14814851,20148148512,14814851,GODOY,JOSE MARCELO,11,42372308,Telefonica Argentina,Telefonica
DNI 16114640,20161146405,16114640,NICOLAS MATIAS,EBORA,11,39669569,TELECENTRO SOCIEDAD ANONIMA,ANSES
DNI 17196326,27171963260,17196326,ROMANO,MARIA ALEJANDRA,11,48336454,Telecom Argentina,ANSES
DNI 9995264,23099952644,9995264,GARCIA,PABLA,11,43715009,Telefonica Argentina,Movistar
DNI 9995264,23099952644,9995264,GARCIA,PABLA,11,42031747,Telefonica Argentina,Telefonica
DNI 16114640,23161146404,16114640,DE VINCENTIS,MIRYAM ELIZABETH,11,39669569,TELECENTRO SOCIEDAD ANONIMA,ANSES
DNI 6147322,20061473220,6147322,TORRES,HUMBERTO,11,35316896,TELECENTRO SOCIEDAD ANONIMA,ANSES
DNI 6147322,20061473220,6147322,TORRES,HUMBERTO,3482,420301,Telecom Argentina,ANSES / Telecom
DNI 6147322,27061473225,6147322,AQUINO ELSA NATIVIDAD,HUMBERTO,11,35316896,TELECENTRO SOCIEDAD ANONIMA,ANSES
DNI 6147322,27061473225,6147322,AQUINO ELSA NATIVIDAD,HUMBERTO,3482,420301,Telecom Argentina,ANSES / Telecom
DNI 17656425,20176564254,17656425,SENISE,HECTOR ARMANDO,11,44852287,Telefonica Argentina,ANSES
DNI 17656425,20176564254,17656425,SENISE,HECTOR ARMANDO,11,44664617,Telefonica Argentina,Movistar
DNI 5488940,20054889403,5488940,RECALDE,NESTOR ADEMAR,291,2914518,,ANSES
DNI 5488940,20054889403,5488940,RECALDE,NESTOR ADEMAR,2246,427675,Telefonica Argentina,ANSES
DNI 5488940,20054889403,5488940,RECALDE,NESTOR ADEMAR,2246,527675,Telecom Argentina,Telecom
DNI 5488940,20054889403,5488940,RECALDE,NESTOR ADEMAR,291,4518857,Telefonica Argentina,Telefonica
DNI 5488940,27054889408,5488940,PALOMBO,ANA MARIA,291,2914518,,ANSES
DNI 5488940,27054889408,5488940,PALOMBO,ANA MARIA,2246,427675,Telefonica Argentina,ANSES
DNI 5488940,27054889408,5488940,PALOMBO,ANA MARIA,2246,527675,Telecom Argentina,Telecom
DNI 5488940,27054889408,5488940,PALOMBO,ANA MARIA,291,4518857,Telefonica Argentina,Telefonica
DNI 4505142,27045051426,4505142,TOLABA,ELENA LIDIA,11,42185778,Telefonica Argentina,ANSES / Telefonica
DNI 29599387,27295993877,29599387,ARELLO,ELIZABETH GISELA,11,43029017,Telefonica Argentina,ANSES / Movistar
DNI 4871957,27048719576,4871957,COLOMBO,HILDA ROSA,11,41142078,Telecom Argentina,ANSES
DNI 4871957,27048719576,4871957,COLOMBO,HILDA ROSA,11,42078512,Telefonica Argentina,Telefonica
DNI 16038378,27160383785,16038378,MIRANDA,VIVIAN EDITH,11,49238939,Telefonica Argentina,Movistar
DNI 4871957,20048719571,4871957,CECCONI,RAUL JORGE,11,41142078,Telecom Argentina,ANSES
DNI 4871957,20048719571,4871957,CECCONI,RAUL JORGE,11,42078512,Telefonica Argentina,Telefonica
DNI 5776666,20057766663,5776666,CERDAN SATURNINO,MARIA CRISTINA,11,41142426,Telecom Argentina,ANSES
DNI 13431676,20134316765,13431676,RICCI,OSCAR ENRIQUE,11,43722107,Telefonica Argentina,Movistar
DNI 5776666,27057766668,5776666,ROSSELLO,MARIA CRISTINA,11,41142426,Telecom Argentina,ANSES
DNI 16038378,20160383780,16038378,MIRANDA,"MURYK ENRIQUE                                                                                                                                         ",11,49238939,Telefonica Argentina,Movistar
DNI 40398394,27403983948,40398394,GUDIÑO,SHEILA MELANIE,220,4949617,Telefonica Argentina,ANSES
DNI 5611078,20056110780,5611078,DOMINGUEZ,ALBERTO ADOLFO,220,4854545,Telefonica Argentina,ANSES
DNI 5611078,20056110780,5611078,DOMINGUEZ,ALBERTO ADOLFO,11,47416972,Telecom Argentina,ANSES
DNI 5611078,27056110785,5611078,LEIVA,VICTORIANA,220,4854545,Telefonica Argentina,ANSES
DNI 5611078,27056110785,5611078,LEIVA,VICTORIANA,11,47416972,Telecom Argentina,ANSES
DNI 5611078,20056110780,5611078,DOMINGUEZ,ALBERTO ADOLFO,220,4854545,Telefonica Argentina,ANSES
DNI 5611078,20056110780,5611078,DOMINGUEZ,ALBERTO ADOLFO,11,47416972,Telecom Argentina,ANSES
DNI 18133296,23181332964,18133296,AQUINO,MERCEDES NOEMI,11,42222485,Telefonica Argentina,ANSES / Telefonica
DNI 4236374,20042363740,4236374,TOLEDO,"SZORENYI AMERICO GABRIEL                                                                                                                              ",11,46719261,Telefonica Argentina,ANSES / Telefonica
DNI 4236374,27042363745,4236374,TOLEDO,REINA VICTORIA,11,46719261,Telefonica Argentina,ANSES / Telefonica
DNI 12204548,27122045485,12204548,ACOSTA,MARIA DEL CARMEN,11,11111111,,ANSES / Movistar
DNI 12204548,27122045485,12204548,ACOSTA,MARIA DEL CARMEN,11,47376345,Telecom Argentina,Telecom
DNI 4505262,27045052627,4505262,DIAZ,MABEL ALICIA,11,49533352,Telefonica Argentina,ANSES / Telefonica
DNI 4505262,27045052627,4505262,DIAZ,MABEL ALICIA,11,45814816,Telecom Argentina,Telecom
DNI 4505262,20045052622,4505262,DIAZ,"BALBI LUIS ANTONIO                                                                                                                                    ",11,49533352,Telefonica Argentina,ANSES / Telefonica
DNI 4505262,20045052622,4505262,DIAZ,"BALBI LUIS ANTONIO                                                                                                                                    ",11,45814816,Telecom Argentina,Telecom
DNI 11299095,27112990955,11299095,BATISTA,MARIA EVA,11,47376612,Telecom Argentina,Telecom
DNI 18258341,27182583419,18258341,KRENZ,VIRGINIA SILVIA,11,47594465,Telecom Argentina,ANSES
DNI 18258341,27182583419,18258341,KRENZ,VIRGINIA SILVIA,11,60765075,Telefonica Argentina,Telefonica
DNI 6662167,20066621678,6662167,SLININ OSVALDO,NELIDA JOSEFA,11,47207681,Telecom Argentina,Telecom
DNI 6662167,20066621678,6662167,SLININ OSVALDO,NELIDA JOSEFA,11,46531732,Telefonica Argentina,Telefonica
DNI 6662167,27066621672,6662167,D AMICO,NELIDA JOSEFA,11,47207681,Telecom Argentina,Telecom
DNI 6662167,27066621672,6662167,D AMICO,NELIDA JOSEFA,11,46531732,Telefonica Argentina,Telefonica
DNI 93961443,20939614436,93961443,HUAMAN,"VALDEZ SANTOS TERESA       ",11,48611127,Telefonica Argentina,ANSES / Telecom
DNI 93961443,27939614430,93961443,HUAMAN VALDEZ SANTOS TERESA,"VALDEZ SANTOS TERESA       ",11,48611127,Telefonica Argentina,ANSES / Telecom
DNI 13073405,27130734052,13073405,MENINI,JORGELINA,220,4806414,Telefonica Argentina,Movistar / Telefonica
DNI 30846875,27308468750,30846875,LALLANA,CLAUDIA SOLEDAD,220,4976269,Telefonica Argentina,Movistar
DNI 4875468,27048754681,4875468,CORREA,ROSA ALICIA,264,4288294,Telefonica Argentina,ANSES
DNI 4875468,20048754687,4875468,BARRIONUEVO,LUIS CARLOS,264,4288294,Telefonica Argentina,ANSES
DNI 5422174,20054221747,5422174,MEDINA,MODARELL ROQUE HECTOR,11,20621828,TELECENTRO SOCIEDAD ANONIMA,ANSES
DNI 5422174,20054221747,5422174,MEDINA,MODARELL ROQUE HECTOR,11,42282690,Telefonica Argentina,Telefonica
DNI 5422174,27054221741,5422174,MEDINA,BLANCA AURORA,11,20621828,TELECENTRO SOCIEDAD ANONIMA,ANSES
DNI 5422174,27054221741,5422174,MEDINA,BLANCA AURORA,11,42282690,Telefonica Argentina,Telefonica
DNI 27274438,27272744381,27274438,AMABILE ANDREA VERONICA,ANDREA VERONICA,3772,424105,Telecom Argentina,Telecom
DNI 32809467,20328094674,32809467,GUAYMAS,DIEGO ALEJANDRO,387,4351747,Telecom Argentina,Movistar
DNI 33010721,23330107219,33010721,ASNAL JORGE MARCELO,JORGE MARCELO,3476,421111,Telecom Argentina,ANSES
DNI 12295927,27122959274,12295927,OLID,CRISTINA DEL VALLE,11,11111111,,Movistar
DNIE95590289,27955902896,95590289,BATISTA SOUZA RAYANA,BATISTA SOUZA RAYANA,11,11111111,,Movistar
DNI 29156145,20291561455,29156145,PEREZ,EZEQUIEL LUIS,11,49577574,Telefonica Argentina,Telefonica
DNI 29156145,20291561455,29156145,PEREZ,EZEQUIEL LUIS,11,49576006,Telefonica Argentina,Telefonica
DNI 38356378,27383563785,38356378,FERNANDEZ,MELINA JANET,11,46953156,Telefonica Argentina,Movistar
DNI 38672363,20386723630,38672363,CHARIANO,NORBERTO LUIS OMAR,11,44854131,Telefonica Argentina,Movistar
DNIE95283286,27952832862,95283286,SANCHEZ FERRERAS YOHANNA ELIZA,YOHANNA ELIZABETH,11,11111111,,Movistar
DNI 31034917,27310349173,31034917,GONZALEZ,SANDRA NOEMI,3482,420137,Telecom Argentina,ANSES
DNI 34850522,20348505220,34850522,PAZ,CARLOS DARIO,2254,407308,COOPERATIVA TELEFONICA DE PINAMAR LIMITADA,Movistar
DNI 34850522,27348505225,34850522,SIN DATOS,SIN DATOS,2254,407308,COOPERATIVA TELEFONICA DE PINAMAR LIMITADA,Movistar
DNI 39333044,27393330444,39333044,LINZALATA,MELISA DENISE,11,46503443,Telefonica Argentina,Movistar
DNI 18178961,27181789617,18178961,BAROLIN,RUT NANCI,11,46336803,Telefonica Argentina,Movistar
DNI 41171320,27411713208,41171320,GAYOL,SOFIA ALDANA,11,47474747,Telecom Argentina,ANSES / Movistar
DNI 37318558,20373185583,37318558,PAEZ,LUIS ALBERTO,380,4435055,Telecom Argentina,Telecom
DNI 41171320,27411713208,41171320,GAYOL,SOFIA ALDANA,11,47474747,Telecom Argentina,ANSES / Movistar
DNI 35589953,27355899530,35589953,LEIVA,ANA LUZ,370,4429329,Telecom Argentina,ANSES
DNI 35589953,27355899530,35589953,LEIVA,ANA LUZ,370,4421061,Telecom Argentina,Movistar
DNI 28216014,27282160140,28216014,MIRANDA,NOELIA SOLEDAD,11,44528971,Telefonica Argentina,ANSES
DNI 28216014,27282160140,28216014,MIRANDA,NOELIA SOLEDAD,11,44522977,Telefonica Argentina,Movistar
DNI 18125676,20181256762,18125676,PINTOS,MARCELO GUSTAVO,11,45826920,Telecom Argentina,Movistar
DNI 24841701,20248417014,24841701,SOTO,FERNANDO GABRIEL,351,4792502,Telecom Argentina,ANSES / Movistar / Telecom
DNI 41767750,20417677500,41767750,PIAZZOLI,FABRIZIO NICOLAS,11,42647223,Telefonica Argentina,ANSES
DNI 42585952,20425859529,42585952,LARTIGUE,AGUSTIN NICOLAS,11,46726950,Telefonica Argentina,ANSES
DNI 32173999,20321739998,32173999,QUIROGA,RAMON SEBASTIAN,11,42235074,Telefonica Argentina,Movistar
DNI 42320083,27423200834,42320083,VELIZ,ANTONELLA TAMARA,11,39762044,TELECENTRO SOCIEDAD ANONIMA,ANSES
DNI 32197128,27321971283,32197128,TORRES,YANINA SOLEDAD,11,11111111,,Movistar
DNI 35339747,27353397473,35339747,DIAZ,MAIRA ADRIANA,11,11111111,,Movistar
DNI 17393879,23173938799,17393879,NARANJO JUAN CARLOS,JUAN CARLOS,261,4912372,Telefonica Argentina,Telefonica
