﻿IdExterno,CUIL,Documento,Apellido,Nombre,Fuente,Direccion
DNI 7594506,20075945060,7594506,MANDRA JUAN ROBERTO,"MANDRA JUAN ROBERTO                                                                                                                                   ",ANSES,edylid@fibertel.com.ar
DNI 7594506,20075945060,7594506,MANDRA JUAN ROBERTO,"MANDRA JUAN ROBERTO                                                                                                                                   ",Cablevision,grupomandra@gmail.com
DNI 7594506,27075945065,7594506,S R L,ROMARMAR,ANSES,edylid@fibertel.com.ar
DNI 7594506,27075945065,7594506,S R L,ROMARMAR,Cablevision,grupomandra@gmail.com
DNI 10743783,27107437830,10743783,GIURASTANTE,SILVIA MONICA,Cablevision,smgiura@yahoo.com.ar
DNI 21497370,27214973702,21497370,TOLEDO,SILVIA NOEMI,ANSES,aa@hotmail.com
DNI 25404988,20254049884,25404988,IBARROLA,GABRIEL MARTIN,Cablevision,camilasoledad_ibarrola@hotmail.com
DNI 26680486,20266804866,26680486,ALARCON,HORACIO ARGENTINO,ANSES,horacio212246@gmail.com
DNI 26680486,20266804866,26680486,ALARCON,HORACIO ARGENTINO,Cablevision,horacio212236@gmail.com
DNI 1731543,27017315434,1731543,CABEDA,DOMINGA NELLY,ANSES,metro@hotmail.com
DNI 30667374,20306673743,30667374,BRANDAN,LUCAS IGNACIO,ANSES,lucasignaciobrandan@gmail.com
DNI 26788823,27267888235,26788823,MENOTTI,NIDIA YESICA,La Nacion,jorgitolosa@yahoo.com.ar
DNI 1731543,23017315439,1731543,CABEDA,"PINO VICENTE                                                                                                                                          ",ANSES,metro@hotmail.com
DNI 13623168,20136231686,13623168,QUIROGA,SERGIO RAUL,ANSES,sergio@hotmail.com
DNI 18485446,27184854460,18485446,SANCHEZ,NELIDA RAMONA,ANSES,nelysanchez050@gmail.com
DNI 4374833,27043748330,4374833,VEGA,"CUCCO CATALINA HERMINIA                                                                                                                               ",ANSES,claudiamvega@gmail.com
DNI 4374833,20043748336,4374833,VEGA,JUAN CARLOS,ANSES,claudiamvega@gmail.com
DNI 16511495,27165114952,16511495,GARCIA,ALICIA CLAUDIA,ANSES,11anses@hotmail.com
DNI 16511495,27165114952,16511495,GARCIA,ALICIA CLAUDIA,Cablevision,claudia_aliciagarcia@hotmail.com
DNI 29009200,20290092001,29009200,GONZALEZ,MATIAS ENRIQUE,ANSES,matygonzalez6112@gmail.com
DNI 30733183,20307331838,30733183,BARRIOS ARMANDO SEBA N,ANALIA VERONICA,Cablevision,aleitoyo@hotmail.com.ar
DNI 18301824,27183018243,18301824,GOMEZ,VIVIANA,ANSES / La Nacion,vidafegomez@hotmail.com
DNI 18301824,27183018243,18301824,GOMEZ,VIVIANA,Cablevision,dravivianagomez@gmail.com
DNI 11726911,20117269117,11726911,CAEZZA,JOSE LUIS,ANSES,joseluiscaezza@hotmail.es
DNI 25899872,27258998729,25899872,ROBLEDO,MARGARITA ELIZABETH,Cablevision,elizabethrobledomakeup@gmail.com
DNI 94232772,20942327723,94232772,ALCARAZ,"ZARATE DILMA        ",ANSES,3.3@hotmail.com
DNI 94232772,20942327723,94232772,ALCARAZ,"ZARATE DILMA        ",Cablevision,dilmaal76@live.com
DNI 94232772,20942327723,94232772,ALCARAZ,"ZARATE DILMA        ",Cablevision,dilmaal.76@live.com.ar
DNI 94232772,27942327728,94232772,ALCARAZ,"ALCARAZ ZARATE DILMA                                                                                                                                  ",ANSES,3.3@hotmail.com
DNI 94232772,27942327728,94232772,ALCARAZ,"ALCARAZ ZARATE DILMA                                                                                                                                  ",Cablevision,dilmaal76@live.com
DNI 94232772,27942327728,94232772,ALCARAZ,"ALCARAZ ZARATE DILMA                                                                                                                                  ",Cablevision,dilmaal.76@live.com.ar
DNI 36448557,27364485579,36448557,AMARILLA,AIDA VICTORIA,ANSES,aidavictoria.amarilla@gmail.com
DNI 32481459,27324814596,32481459,PALACIO,CINTIA ELIZABETH,ANSES,elipalacio1628@gmail.com
DNI 5977105,27059771057,5977105,DUARTE,MARIA HILDA,ANSES,sofia_svetloff@hotmail.com
DNI 2512966,27025129666,2512966,ROCHA,CELIA ANTONIA,ANSES,eduardoaguirre264@gmail.com
DNI 2512966,27025129666,2512966,ROCHA,CELIA ANTONIA,Cablevision,aktorres2073@gmail.com
DNI 5977105,20059771052,5977105,LOPEZ LEOPOLDO ELIO,MARIA HILDA,ANSES,sofia_svetloff@hotmail.com
DNI 36412988,27364129888,36412988,LOPEZ,LAURA CRISTINA,ANSES,ilop60.ar@gmail.com
DNI 20206540,27202065401,20206540,GALARZA,ALICIA HAYDEE,ANSES,correadaniela65@yahoo.com.ar
DNI 17651051,20176510510,17651051,CORDOBA,JOSE LORENZO,ANSES,fjc150294@gmail.com
DNI 26499978,27264999788,26499978,MEDINA,SILVANA MARIANA,ANSES / Cablevision,sil_med1@live.com.ar
DNI 13410295,27134102956,13410295,MAZARIEGO,MARIA ALEJANDRA,ANSES,gerencia@galantesi.com.ar
DNI 16718653,27167186535,16718653,SOTELO,MARIA ESTER,Cablevision,ester-sotelo@hotmail.com
DNI 27028320,27270283204,27028320,LAZARTE,VERONICA DANIELA,ANSES,vanebren03@gmail.com
DNI 14850315,20148503150,14850315,QUIROGA,PATRICIO RUMALDO,ANSES / Cablevision,quirogapatricio@hotmail.com
DNI 14850315,20148503150,14850315,QUIROGA,PATRICIO RUMALDO,La Nacion,quirogapatricio@hotmail.com.ar
DNI 23439141,27234391416,23439141,GALAN,MARIA DE LAS MERCEDES,Cablevision,mariadelamerecesgalan@gmail.com
DNI 23439141,27234391416,23439141,GALAN,MARIA DE LAS MERCEDES,Cablevision,mariadelamercedesgalan@gmail.com
DNI 10122603,23101226034,10122603,ROMERO,ANA MARIA,ANSES,hur@gmail.com
DNI 30733183,27307331832,30733183,ALFONSO,ANALIA VERONICA,Cablevision,aleitoyo@hotmail.com.ar
DNI 31089922,23310899224,31089922,ABOY,YANINA VANESA,ANSES,yaninaaboy@gmail.com
DNI 30680403,20306804031,30680403,DELGADILLO OLIVA,BERNARDO ANTONIO,ANSES,bdconstrucciones@live.com
DNI 8341877,20083418770,8341877,FRETE,DIONISIO ANTONIO,ANSES,clau@gmail.com
DNI 18405755,20184057558,18405755,CORNEJO,MARCELO LUIS,ANSES,mlc19674@gmail.com
DNI 12009995,27120099952,12009995,BLASCO,FLORENTINA,Cablevision,leandro_elbostero93@live.com.ar
DNI 13277144,27132771443,13277144,HERZOVICH,PATRICIA IRENE,ANSES,patriherzovich@gmail.com
DNI 13465170,27134651704,13465170,KEVARKIAN,NORMA SUSANA,ANSES,larre@hotmail.com
DNI 13465170,27134651704,13465170,KEVARKIAN,NORMA SUSANA,Cablevision,nskevark@hotmail.com
DNI 29655336,27296553366,29655336,PALERMO,ROMINA MARIEL,Cablevision,rominampalermo@yahoo.com.ar
DNI 3780234,23037802344,3780234,SALINAS,DOMINGA F,ANSES,acermenaro@yahoo.com.ar
DNI 7574198,20075741988,7574198,MARIN,OSCAR ISAIAS,Cablevision,veliamichelon@gmail.com
DNI 7574198,27075741982,7574198,MICHELON,VELIA,Cablevision,veliamichelon@gmail.com
DNI 94054817,27940548174,94054817,SAGASTEGUI,"CHAVEZ ROSA ELVIRA           ",ANSES,rosasch72@gmail.com
DNI 4403690,20044036909,4403690,SAVINO,JORGE RITO,ANSES,nposee@hotmail.com
DNI 4403690,27044036903,4403690,CLOBAZ,LIBERA,ANSES,nposee@hotmail.com
DNI 12645117,27126451178,12645117,MALDONADO,ANA ISABEL,ANSES,halconeshagen@gmail.com
DNI 12645117,27126451178,12645117,MALDONADO,ANA ISABEL,La Nacion,maldonadoany@hotmail.com
DNI 94649760,20946497607,94649760,SANCHEZ GUTIERREZ LUIS ALBERTO,"SANCHEZ GUTIERREZ LUIS ALBERTO                                                                                                                        ",ANSES,rivadavia8966@gmail.com
DNI 4386098,20043860985,4386098,EYRAUD,ALFONSO,ANSES,debarrosomos02@gmail.com
DNI 4386098,20043860985,4386098,EYRAUD,ALFONSO,ANSES,emereggi@hotmail.com
DNI 4386098,20043860985,4386098,EYRAUD,ALFONSO,Cablevision,martasur74@hotmail.com
DNI 94063883,20940638837,94063883,VEIZAGA,"ROJAS GOLDI        ",ANSES,luciojguzman@hotmail.com
DNI 4386098,23043860984,4386098,SALA,MARTA HAYDEE,ANSES,debarrosomos02@gmail.com
DNI 4386098,23043860984,4386098,SALA,MARTA HAYDEE,ANSES,emereggi@hotmail.com
DNI 4386098,23043860984,4386098,SALA,MARTA HAYDEE,Cablevision,martasur74@hotmail.com
DNI 5892418,27058924186,5892418,ORELLANA,MARIA E,Cablevision,danideborah3@gmail.com
DNI 5892418,20058924181,5892418,GOMEZ RAIMUNDO,MARIA E,Cablevision,danideborah3@gmail.com
DNI 94063883,27940638831,94063883,VEIZAGA ROJAS GOLDI,"ROJAS GOLDI        ",ANSES,luciojguzman@hotmail.com
DNI 33995842,23339958424,33995842,CINTIA,LOPEZ,ANSES,javi_polli_87@hotmail.com
DNI 33995842,23339958424,33995842,CINTIA,LOPEZ,Cablevision,cintylove_20@hotmail.com
DNI 92420437,20924204371,92420437,AQUINO,"MARIO       ",ANSES,msbprev@hoatmail.com
DNI 33995842,20339958425,33995842,PALACIO,JAVIER EZEQUIEL,ANSES,javi_polli_87@hotmail.com
DNI 33995842,20339958425,33995842,PALACIO,JAVIER EZEQUIEL,Cablevision,cintylove_20@hotmail.com
DNI 7661579,23076615799,7661579,BATTISTONI,ANGEL LUIS,ANSES,normalasala@hotmail.com
DNI 7661579,27076615794,7661579,BATTISTONI,"BORRI ROSA ANTONIA                                                                                                                                    ",ANSES,normalasala@hotmail.com
DNI 28843697,20288436976,28843697,PELLICANI,"VERGARA FERNANDO G                                                                                                                                    ",ANSES,agus_pel27@hotmail.com
DNI 28843697,20288436976,28843697,PELLICANI,"VERGARA FERNANDO G                                                                                                                                    ",Cablevision,agus_tel27@hotmail.com
DNI 28843697,27288436970,28843697,PELLICANI,AGUSTINA PAULA,ANSES,agus_pel27@hotmail.com
DNI 28843697,27288436970,28843697,PELLICANI,AGUSTINA PAULA,Cablevision,agus_tel27@hotmail.com
DNI 27170296,27271702960,27170296,FRANCAVILLA SABRINA BARBARA,SABRINA BARBARA,ANSES / Cablevision,sabru79@live.com
DNI 30135137,27301351378,30135137,ALMIRON,ROMINA GISELLE,ANSES / Cablevision,giselle17283@hotmail.com
DNI 12270488,27122704888,12270488,MELLINO,ANA MARIA,ANSES / Cablevision,s.lezcano88@gmail.com
DNI 4165584,23041655844,4165584,QUIROGA,NIDIA,ANSES,ara.aye.ac@gmail.com
DNI 4165584,20041655845,4165584,CUEVAS,RODOLFO JESUS,ANSES,ara.aye.ac@gmail.com
DNI 92610168,20926101685,92610168,FERREIRA,"SILVA DAVY EDISON         ",ANSES,mayteferreira1@gmail.com
DNI 92610168,20926101685,92610168,FERREIRA,"SILVA DAVY EDISON         ",ANSES,mayteferreira1@gmail.com
DNI 3566327,20035663275,3566327,VERGA,MATEO,ANSES,riici1@hotmail.com
DNI 3566327,20035663275,3566327,VERGA,MATEO,Cablevision,clararicci49@hotmai.com
DNI 3566327,23035663274,3566327,RICCI,CLARA,ANSES,riici1@hotmail.com
DNI 3566327,23035663274,3566327,RICCI,CLARA,Cablevision,clararicci49@hotmai.com
DNI 20481399,27204813995,20481399,SANCHEZ,ELIZABETH JULIA,ANSES,elizabethj.sanchez@yahoo.com.ar
DNI 28916049,20289160494,28916049,RODRIGUEZ,MARCELO DAVID,ANSES,mcintia77@yahoo.com
DNI 93410530,20934105304,93410530,IGLESIAS,"VAZQUEZ MARIA         ",ANSES / Cablevision,mariaiglesiasvazquez@hotmail.com
DNI 93410530,27934105309,93410530,IGLESIAS,"IGLESIAS VAZQUEZ MARIA                                                                                                                                ",ANSES / Cablevision,mariaiglesiasvazquez@hotmail.com
DNI 8172737,20081727377,8172737,GUTIERREZ SOSA,JOSE,ANSES,que_sucede@hotmail.com
DNI 10469237,27104692376,10469237,CASTIÑEIRA,MARIA RITA,ANSES,locardini@yahoo.com.ar
DNI 23227067,27232270670,23227067,MARTINEZ,DORA ROSA ALBA,ANSES,maria_marinez74@hotmail.com.ar
DNI 11356860,27113568602,11356860,CEJAS,ANA ELISA,ANSES,no_posee@hotmail.com
DNI 8270457,20082704575,8270457,ZIVIC,SERGIO,ANSES,sergiozivic@hotmail.com
DNI 30616398,27306163987,30616398,ENRIQUEZ,NORA MARIANA,Cablevision,katyenriquez62@hotmail.com
DNI 21773397,23217733979,21773397,MORAN,JORGE RAMON,ANSES,patriciamercado091@gmail.com
DNI 21773397,23217733979,21773397,MORAN,JORGE RAMON,Cablevision,jorgemoran72@hotmail.com
DNI 94037473,27940374737,94037473,YANAMANGO,"MORALES ELIZABETH JUANA       ",ANSES,eli.yana@hotmail.com
DNI 4540934,20045409342,4540934,MOUMDJIAN,ALBERTO RICARDO,ANSES,molean@hotmail.com
DNI 20335393,20203353937,20335393,CORIA,CESAR RUBEN,ANSES,rubencoria168@gmail.com
DNI 22024103,27220241039,22024103,WENBICKI,VIVIANA LAURA,ANSES,viviwerbicki@gmail.com
DNI 22024103,27220241039,22024103,WENBICKI,VIVIANA LAURA,Cablevision,lauramoro10@gmail.com
DNI 24994690,27249946902,24994690,MAGGIO,MARIA FLORENCIA,ANSES / Cablevision,maggioflorencia@yahoo.com.ar
DNI 13664101,27136641013,13664101,RAMOS,SUSANA AMANDA,ANSES / Cablevision,susyram@gmail.com
DNI 13664101,27136641013,13664101,RAMOS,SUSANA AMANDA,Cablevision,suram23@hotmail.com
DNI 13664101,27136641013,13664101,RAMOS,SUSANA AMANDA,La Nacion,susanaramos@fibertel.com.ar
DNI 16497086,20164970869,16497086,PALOMO,ROLANDO,Cablevision,lauraluna_2@hotmail.com
DNI 17499360,27174993608,17499360,FAITA,ANDREA FABIANA,ANSES,faitaaf@yahoo.com.ar
DNI 22226977,20222269777,22226977,AZZETTI,LEONARDO CARLOS GUIDO,Cablevision,kv.azzetti@viewcom.com.ar
DNI 22981039,27229810397,22981039,Lensina,Maria,ANSES / Cablevision,ylpdt@yahoo.com.ar
DNI 22981039,20229810392,22981039,VILDOZA,CHRISTIAN HERNAN,ANSES / Cablevision,ylpdt@yahoo.com.ar
DNI 4149417,23041494174,4149417,LOPEZ,ZULMA DILMA,ANSES,gustav968@hotmail.com.ar
DNI 4149417,23041494174,4149417,LOPEZ,ZULMA DILMA,ANSES,martaferrero56@gmail.com
DNI 4149417,20041494175,4149417,SANTA CRUZ,JUAN ANTONIO,ANSES,gustav968@hotmail.com.ar
DNI 4149417,20041494175,4149417,SANTA CRUZ,JUAN ANTONIO,ANSES,martaferrero56@gmail.com
DNI 17287133,20172871330,17287133,BROSKY,MARCELO IGNACIO,Cablevision,andreadlin@hotmail.com
DNI 17287133,20172871330,17287133,BROSKY,MARCELO IGNACIO,Cablevision,marbros@ciudad.com.ar
DNI 5635009,20056350099,5635009,SILVA,ADELFIA,ANSES,carla@jubilarnos.com
DNI 5635009,27056350093,5635009,SILVA,ADELFIA,ANSES,carla@jubilarnos.com
DNI 29616524,20296165248,29616524,GOMEZ,DIEGO LEANDRO,ANSES,dg337266@gmail.com
DNI 26299859,20262998593,26299859,MONTOYA SERGIO DANIEL,SERGIO DANIEL,Cablevision,sdm_churras@hotmail.com
DNI 26299859,20262998593,26299859,MONTOYA SERGIO DANIEL,SERGIO DANIEL,Cablevision,stam-mary@hotmail.com.ar
DNI 10678326,27106783263,10678326,MACCARONE,HAYDEE ROSARIO,ANSES,haydeemaccarone@gmail.com
DNI 18076260,23180762604,18076260,PASSARDI,RITA MARIA A,Cablevision,ritapassardi@gmail.com
DNI 27636260,27276362602,27636260,PREZIOSO,LORENA NATALIA,Cablevision,b.benvenuto@hotmail.com
DNI 93886970,27938869702,93886970,MORAL,"RIVAROLA VICTORIA      ",ANSES,moralvictoria@hotmail.com
DNI 26119183,20261191831,26119183,BENITEZ,HERNAN JAVIER,Cablevision,carmenensiso1986@gmail.com
DNI 23525390,23235253909,23525390,IBARRA,ALEJANDRO ADRIAN,ANSES,elpaisa22@hotmail.com.ar
DNI 4641290,27046412902,4641290,PASCUAL,MATILDE GRACIELA,ANSES,maruval_05@hotmail.com
DNI 4641290,27046412902,4641290,PASCUAL,MATILDE GRACIELA,Cablevision,graciela_pascual@hotmail.com
DNI 4641290,20046412908,4641290,GARROCHO,JUAN CARLOS,ANSES,maruval_05@hotmail.com
DNI 4641290,20046412908,4641290,GARROCHO,JUAN CARLOS,Cablevision,graciela_pascual@hotmail.com
DNI 92645706,20926457064,92645706,GONZALEZ,"HERRERA JUAN DANIEL         ",ANSES,deividagv19032007@gmail.com
DNI 11201330,27112013305,11201330,PAURA,MARIA CRISTINA,ANSES,pyacuzzi7@gail.com
DNI 39551087,27395510873,39551087,BARBOZA,ROCIO BELEN,ANSES,rociobelenbarboza@hotmail.com
DNI 4282339,20042823393,4282339,REPETTO,EDUARDO ALBERTO,ANSES,galberti1526@gmail.com
DNI 4282339,20042823393,4282339,REPETTO,EDUARDO ALBERTO,Cablevision,erepetto@guillonsa.com.ar
DNI 4282339,20042823393,4282339,REPETTO,EDUARDO ALBERTO,Cablevision,sjalberti1@hotmail.com
DNI 25966746,27259667467,25966746,TASSARA,PAULA VALERIA,ANSES,ptassara@merval.sba.com.ar
DNI 25966746,27259667467,25966746,TASSARA,PAULA VALERIA,ANSES,ptassara@outlook.com
DNI 25966746,27259667467,25966746,TASSARA,PAULA VALERIA,La Nacion,eldiadia2010@gmail.com
DNI 14679486,20146794867,14679486,REALES,SERGIO RAUL,Cablevision,senire72@hotmail.com
DNI 14679486,20146794867,14679486,REALES,SERGIO RAUL,La Nacion,semire05@hotmail.com
DNI 26661487,20266614870,26661487,MARTIN,ARIEL HERNAN,ANSES / Cablevision,arielbmartin@yahoo.com.ar
DNI 35416781,20354167817,35416781,VILLARREAL,NELSON ALEJANDRO,ANSES,villarreal.nelson.nv@gmail.com
DNI 25475691,20254756912,25475691,BARBA DANIEL ROBERTO,DANIEL ROBERTO,ANSES,silvana.taylor40@gmail.com
DNI 14169574,20141695747,14169574,PIÑA,MIGUEL ADRIAN,ANSES,migueladrianpina@gmail.com
DNI 92015162,27920151626,92015162,SUSLUAGA,"NILSA LOURDES         ",ANSES,pppp@hotmail.com
DNI 92015162,27920151626,92015162,SUSLUAGA,"NILSA LOURDES         ",Cablevision,silvanaandreagonzalez@hotmail.com
DNI 7932133,20079321339,7932133,ACOSTA,BENITO ARCADIO,ANSES,type0negative77@gmail.com
DNI 21809365,20218093656,21809365,TROILO,GUSTAVO ADOLFO,Cablevision,a.keller86@hotmail.com
DNI 21809365,20218093656,21809365,TROILO,GUSTAVO ADOLFO,Cablevision,gtroilo@mendoza.gov.ar
DNI 21809365,20218093656,21809365,TROILO,GUSTAVO ADOLFO,Cablevision,gatroilo@gmail.com
DNI 32905611,20329056113,32905611,CHAO,HERNAN,ANSES,hernanchao87@gmail.com
DNI 32905611,20329056113,32905611,CHAO,HERNAN,ANSES,nombre@nombre.com
DNI 4402943,20044029430,4402943,GALSMAN,ELIAS SAUL,ANSES,chichegalsman@gmail.com
DNI 4402943,27044029435,4402943,MIRABILE,PASCUALINA ROSA,ANSES,chichegalsman@gmail.com
DNI 28696617,23286966179,28696617,DELGADO HUGO ENRIQUE,"DELGADO HUGO E N                                                                                                                                      ",ANSES,hugoenriquedelgado@gmail.com
DNI 5078676,27050786760,5078676,OVIEDO,ROSALIA,ANSES,holaanses@hotmail.com
DNI 5078676,27050786760,5078676,OVIEDO,ROSALIA,Cablevision,vanesatanzer@yahoo.com.ar
DNI 5078676,27050786760,5078676,OVIEDO,ROSALIA,PP,cucaoviedo@hotmail.com
DNI 30287647,23302876479,30287647,TORO JOSE EDUARDO,JOSE EDUARDO,ANSES,torotutujose@gmail.com
DNI 6699243,27066992433,6699243,SUAREZ,GREGORIA ARGENTINA,ANSES,sorue@ign.gob.ar
DNI 6699243,27066992433,6699243,SUAREZ,GREGORIA ARGENTINA,ANSES,gestion_anses@yahoo.com.ar
DNI 11458376,27114583761,11458376,HUCK,MARIA ESTER,ANSES,quilmes_formomu@hotmail.com
DNI 6699243,20066992439,6699243,DOMINGUEZ,LUIS ANTONIO,ANSES,sorue@ign.gob.ar
DNI 6699243,20066992439,6699243,DOMINGUEZ,LUIS ANTONIO,ANSES,gestion_anses@yahoo.com.ar
DNI 16146096,20161460967,16146096,MACIEL,MIGUEL ISAURO,ANSES,mau@live.com.ar
DNI 5777510,27057775101,5777510,DIAZ,ANA RAQUEL,ANSES,cpwjt@hotmail.com
DNI 23609813,27236098139,23609813,ARCE,ALEJANDRA GABRIELA,ANSES / Cablevision,el_trebol_397@hotmail.com
DNI 92668898,20926688988,92668898,AGUILA,"DIAZ CRISTIAN HUMBERTO       ",ANSES,alejandra@canada43.com.ar
DNI 11275850,27112758505,11275850,GRAHL,LILIANA MARTA,ANSES / Cablevision,lilianagrahl@hotmail.com
DNI 5752408,27057524087,5752408,STRELEC,MIRTA HAYDEE,ANSES / Cablevision,lecmir@hotmail.com
DNI 5884469,20058844692,5884469,MORALI,HUGO ALFREDO,ANSES,famiacuna@hotmail.com
DNI 5752408,20057524082,5752408,GUTIERREZ FAUSTINO HERMINIO,FAUSTINO HERMINIO,ANSES / Cablevision,lecmir@hotmail.com
DNI 5884469,27058844697,5884469,RIVEROS,ENRIQUETA,ANSES,famiacuna@hotmail.com
DNI 12789595,20127895954,12789595,LOPEZ,NESTOR ALBERTO,ANSES,jbarbalace@gmail.com
DNI 22126651,27221266515,22126651,COMAS,MONICA ELIZABETH,ANSES,admtecnobasa@gmail.com
DNI 4368978,23043689789,4368978,ALVAREZ,OSVALDO ANTONIO,ANSES,pilarbm2016@gmail.com
DNI 11778341,20117783414,11778341,MARTINEZ,ANTONIO JULIO,Cablevision,argentabogados@hotmail.com
DNI 10732189,27107321891,10732189,CACCIATORE,MARIA OFELIA,ANSES,micamariola@gmail.com
DNI 10732189,27107321891,10732189,CACCIATORE,MARIA OFELIA,Cablevision,micaela-mariola@hotmail.com
DNI 4368978,27043689784,4368978,AYBAR,SENOVIA,ANSES,pilarbm2016@gmail.com
DNI 8487235,20084872351,8487235,GONZALEZ,HUGO FRANCISCO,ANSES,anarath@hotmey.com
DNI 10671623,23106716234,10671623,SILVA,ELIDA ELBA,ANSES,almada.florencia12@gmail.com
DNI 30497604,20304976048,30497604,BARROCA,JUAN MARCOS,ANSES,traspaso@uocra.org
DNI 10671623,20106716235,10671623,ALEJANDRO,MEDINA,ANSES,almada.florencia12@gmail.com
DNI 23149834,20231498347,23149834,MELLIA BERONDA,MATIAS EUGENIO,ANSES,matias.mellia@gmail.com
DNI 3959078,27039590781,3959078,ANELLO,MARIA DE GUADALUPE,Cablevision,castaneirame@hotmail.com
DNI 3959078,27039590781,3959078,ANELLO,MARIA DE GUADALUPE,Cablevision,vithalogistica@gmail.com
DNI 28312126,20283121268,28312126,CARABALLO,CLAUDIO MARCELO,ANSES,inexistent@hotmail.com
DNI 28312126,20283121268,28312126,CARABALLO,CLAUDIO MARCELO,ANSES,telecentromontecarlo@yahoo.com.ar
DNI 28312126,20283121268,28312126,CARABALLO,CLAUDIO MARCELO,Cablevision,carol_stone12@hotmail.com
DNI 8528150,20085281500,8528150,GONZALEZ,BENJAMIN,ANSES,estudiodesimonemariela@hotmail.com
DNI 3959078,20039590787,3959078,ANELLO,"CHAILE VICITACION ISABEL                                                                                                                              ",Cablevision,castaneirame@hotmail.com
DNI 3959078,20039590787,3959078,ANELLO,"CHAILE VICITACION ISABEL                                                                                                                              ",Cablevision,vithalogistica@gmail.com
DNI 22312701,20223127011,22312701,AMAYA,CESAR MARIO,ANSES,marioamaya_71@yahoo.com.ar
DNI 22312701,20223127011,22312701,AMAYA,CESAR MARIO,Cablevision,amayamario701@gmail.com
DNI 28312126,20283121268,28312126,CARABALLO,CLAUDIO MARCELO,ANSES,inexistent@hotmail.com
DNI 28312126,20283121268,28312126,CARABALLO,CLAUDIO MARCELO,Cablevision,carol_stone12@hotmail.com
DNI 7940451,23079404519,7940451,SOSA,MANUEL AGUSTIN,ANSES,merlina578@yahoo.com
DNI 7940451,27079404514,7940451,SOSA,"DIAZ LUISA S                                                                                                                                          ",ANSES,merlina578@yahoo.com
DNI 34306340,27343063402,34306340,CASTILLO,AYELEN VANESA,ANSES / Cablevision,ayeforever2004@gmail.com
DNI 2343774,27023437746,2343774,DAFFARA,MARIA ELENA,ANSES,daianasoledad_08@hotmail.com
DNI 2343774,27023437746,2343774,DAFFARA,MARIA ELENA,Cablevision,mar_ita@hotmail.com
DNI 2343774,27023437746,2343774,DAFFARA,MARIA ELENA,Cablevision,vivi_paz_02@hotmail.com
DNI 2343774,27023437746,2343774,DAFFARA,MARIA ELENA,Cablevision,vivi_paz_co2@hotmail.com
DNI 12183268,20121832683,12183268,MUÑOZ,RICARDO OSVALDO,ANSES,lunabustos42@gmail.com
DNI 2734202,27027342022,2734202,RUS,MARIA ESTHER,ANSES,no_posee@hotmail.com
DNI 2734202,27027342022,2734202,RUS,MARIA ESTHER,Cablevision,veronic99@hotmail.com
DNI 24420728,20244207287,24420728,GONZALEZ,OSCAR ALBERTO,ANSES,bkonaszczuk@hotmail.com
DNI 10761216,20107612166,10761216,LEIVA,MARIANO CARLOS,La Nacion,mleiva@promusicaonline.com
DNI 16732987,20167329870,16732987,CENTURION,JOSE HORACIO,ANSES,maria@hotmail.com
DNI 5485103,27054851036,5485103,FUNES,NELBA NOEMI,ANSES,ventas@sanras.com.ar
DNI 5485103,20054851031,5485103,SANSONE,ANGEL ESTEBAN,ANSES,ventas@sanras.com.ar
DNI 5319601,27053196018,5319601,FERNANDEZ,ISABEL MARIA,ANSES,corsamar278@gmail.com
DNI 5319601,27053196018,5319601,FERNANDEZ,ISABEL MARIA,Cablevision,aldototal@hotmail.com
DNI 5319601,20053196013,5319601,ARANDA,RAMON LUJAN,ANSES,corsamar278@gmail.com
DNI 5319601,20053196013,5319601,ARANDA,RAMON LUJAN,Cablevision,aldototal@hotmail.com
DNI 6388200,20063882004,6388200,ARGUELLO,ALBERTO OSCAR,ANSES,metro@hotmail.com.ar
DNI 6388200,27063882009,6388200,ARENA,MONICA MARIA CRISTINA,ANSES,metro@hotmail.com.ar
DNI 28587729,27285877291,28587729,MENDEZ,NATALIA ALEJANDRA,ANSES,natata@live.com.ar
DNI 28587729,27285877291,28587729,MENDEZ,NATALIA ALEJANDRA,Cablevision,natyalemendez@gmail.com
DNI 16114640,20161146405,16114640,NICOLAS MATIAS,EBORA,Cablevision,mirydevi@hotmail.com
DNI 17196326,27171963260,17196326,ROMANO,MARIA ALEJANDRA,ANSES / Cablevision,florr.romano@hotmail.com
DNI 16114640,23161146404,16114640,DE VINCENTIS,MIRYAM ELIZABETH,Cablevision,mirydevi@hotmail.com
DNI 6147322,20061473220,6147322,TORRES,HUMBERTO,ANSES,claudiotorres1043@gmail.com
DNI 6147322,20061473220,6147322,TORRES,HUMBERTO,ANSES,fa.binas1@hotmail.com
DNI 5900294,27059002940,5900294,VIDAL,ESTELA RAMONA,ANSES,armandoodorico@yahoo.com.ar
DNI 5900294,20059002946,5900294,ORSINI SILVERIO SEBASTIAN,ESTELA RAMONA,ANSES,armandoodorico@yahoo.com.ar
DNI 28266107,27282661077,28266107,CHOCOBAR,PAMELA MELINA,ANSES,ch.pamelamelina@gmail.com
DNI 6147322,27061473225,6147322,AQUINO ELSA NATIVIDAD,HUMBERTO,ANSES,claudiotorres1043@gmail.com
DNI 6147322,27061473225,6147322,AQUINO ELSA NATIVIDAD,HUMBERTO,ANSES,fa.binas1@hotmail.com
DNI 17656425,20176564254,17656425,SENISE,HECTOR ARMANDO,ANSES,mir_escalante@hotmail.com
DNI 5488940,20054889403,5488940,RECALDE,NESTOR ADEMAR,ANSES,fdrk@live.com.ar
DNI 4187840,20041878402,4187840,PILTCH,ENRIQUE,ANSES / Cablevision,dr.piltchenrique@hotmail.com
DNI 5488940,27054889408,5488940,PALOMBO,ANA MARIA,ANSES,fdrk@live.com.ar
DNI 13302738,27133027381,13302738,GOMEZ,MARTA ELENA,ANSES,marttaqueen@hotmail.com
DNI 4187840,27041878407,4187840,PILTCH,"BURGOS ANGELA HAYDEE                                                                                                                                  ",ANSES / Cablevision,dr.piltchenrique@hotmail.com
DNI 4505142,27045051426,4505142,TOLABA,ELENA LIDIA,ANSES,rociobelen85@hotmail.com
DNI 4505142,27045051426,4505142,TOLABA,ELENA LIDIA,Cablevision,marcelo.cayoja@outlook.com
DNI 4505142,27045051426,4505142,TOLABA,ELENA LIDIA,Cablevision,victor_lanus_12@hotmail.com
DNI 10090133,20100901332,10090133,ESPINDOLA,ANGEL C,ANSES,cajvillajardin@gmail.com
DNI 16038378,27160383785,16038378,MIRANDA,VIVIAN EDITH,Cablevision,edyvivian@hotmail.com
DNI 5776666,20057766663,5776666,CERDAN SATURNINO,MARIA CRISTINA,ANSES,reina-cristina@hotmail.com
DNI 13431676,20134316765,13431676,RICCI,OSCAR ENRIQUE,Cablevision,oscarleloir@gmail.com
DNI 13431676,20134316765,13431676,RICCI,OSCAR ENRIQUE,La Nacion,oscarriccireiki@yahoo.com.ar
DNI 5776666,27057766668,5776666,ROSSELLO,MARIA CRISTINA,ANSES,reina-cristina@hotmail.com
DNI 16038378,20160383780,16038378,MIRANDA,"MURYK ENRIQUE                                                                                                                                         ",Cablevision,edyvivian@hotmail.com
DNI 40398394,27403983948,40398394,GUDIÑO,SHEILA MELANIE,ANSES,shey_09-06@hotmail.com
DNI 5611078,20056110780,5611078,DOMINGUEZ,ALBERTO ADOLFO,ANSES,nanchu10@gmail.com
DNI 5611078,20056110780,5611078,DOMINGUEZ,ALBERTO ADOLFO,ANSES,alcira2013@hotmail.com
DNI 5611078,27056110785,5611078,LEIVA,VICTORIANA,ANSES,nanchu10@gmail.com
DNI 5611078,27056110785,5611078,LEIVA,VICTORIANA,ANSES,alcira2013@hotmail.com
DNI 5611078,20056110780,5611078,DOMINGUEZ,ALBERTO ADOLFO,ANSES,nanchu10@gmail.com
DNI 5611078,20056110780,5611078,DOMINGUEZ,ALBERTO ADOLFO,ANSES,alcira2013@hotmail.com
DNI 18133296,23181332964,18133296,AQUINO,MERCEDES NOEMI,ANSES,aquino-mercedes@hotmail.com
DNI 4236374,20042363740,4236374,TOLEDO,"SZORENYI AMERICO GABRIEL                                                                                                                              ",Cablevision,fliagonzaleztoledo@gmail.com
DNI 4236374,27042363745,4236374,TOLEDO,REINA VICTORIA,Cablevision,fliagonzaleztoledo@gmail.com
DNI 30427058,20304270587,30427058,SANCHIS MELIAN,FEDERICO EZEQUIEL,ANSES,federicosanchis38@gmail.com
DNI 30427058,20304270587,30427058,SANCHIS MELIAN,FEDERICO EZEQUIEL,ANSES,russogh@hotmail.com
DNI 12204548,27122045485,12204548,ACOSTA,MARIA DEL CARMEN,ANSES,anaflor83@live.com.ar
DNI 30525731,20305257312,30525731,MAMMARELLA,DANTE JAVIER,Cablevision,mammarelladante@gmail.com
DNI 4505262,27045052627,4505262,DIAZ,MABEL ALICIA,ANSES,mariaperalta@hotmail.com
DNI 4505262,27045052627,4505262,DIAZ,MABEL ALICIA,Cablevision,ignaciomsantillan@hotmail.com
DNI 4505262,20045052622,4505262,DIAZ,"BALBI LUIS ANTONIO                                                                                                                                    ",ANSES,mariaperalta@hotmail.com
DNI 4505262,20045052622,4505262,DIAZ,"BALBI LUIS ANTONIO                                                                                                                                    ",Cablevision,ignaciomsantillan@hotmail.com
DNI 11299095,27112990955,11299095,BATISTA,MARIA EVA,ANSES,mariabatista_10@hotmail.com
DNI 12864750,27128647509,12864750,MASCAREÑO,ELBA ESTER,ANSES,vanesa_18_25_20@hotmail.com.ar
DNI 31926802,27319268028,31926802,MORALES,ALDANA BELEN,ANSES,aldanamorales1985@hotmail.com
DNI 6662167,20066621678,6662167,SLININ OSVALDO,NELIDA JOSEFA,ANSES,lorenso.aylen@gmail.com
DNI 6662167,27066621672,6662167,D AMICO,NELIDA JOSEFA,ANSES,lorenso.aylen@gmail.com
DNI 17230040,27172300400,17230040,VELAZQUEZ,ANA DOLORES,ANSES,anadoloresvelazquez58@gmail.com
DNI 13073405,27130734052,13073405,MENINI,JORGELINA,ANSES,vpb_8@hotmail.com
DNI 30846875,27308468750,30846875,LALLANA,CLAUDIA SOLEDAD,ANSES,solsyy_84@hotmail.com.ar
DNI 4875468,27048754681,4875468,CORREA,ROSA ALICIA,ANSES,xx@hotmail.com
DNI 4875468,27048754681,4875468,CORREA,ROSA ALICIA,Cablevision,emilbarr.3@gmail.com
DNI 8402619,20084026191,8402619,FLORIO,MARCOS ANTONIO,ANSES,clientesgyc@yahoo.com.ar
DNI 4875468,20048754687,4875468,BARRIONUEVO,LUIS CARLOS,ANSES,xx@hotmail.com
DNI 4875468,20048754687,4875468,BARRIONUEVO,LUIS CARLOS,Cablevision,emilbarr.3@gmail.com
DNI 26160499,27261604995,26160499,POMAR ERIKA NELIDA,ERIKA NELIDA,ANSES / Cablevision,erikapomar77@hotmail.com
DNI 5422174,20054221747,5422174,MEDINA,MODARELL ROQUE HECTOR,ANSES,diegodizz@hotmail.com
DNI 5422174,27054221741,5422174,MEDINA,BLANCA AURORA,ANSES,diegodizz@hotmail.com
DNI 32220057,23322200579,32220057,MANDARINO,FEDERICO MATIAS,ANSES,hergaston30@gmail.com
DNI 23790463,20237904630,23790463,RECIO,PAULO CESAR,ANSES,reciopaulocesar0@gmail.com
DNI 27274438,27272744381,27274438,AMABILE ANDREA VERONICA,ANDREA VERONICA,ANSES,florgonzlez17@hotmail.com
DNI 40699074,27406990740,40699074,PAEZ,JULIETA GISELLE,ANSES,gisellepaez2016@gmail.com
DNI 36374546,20363745467,36374546,TOTCHILOVSKI,CRISTIAN GABRIEL,ANSES,c.totchilovski@hotmail.com
DNI 18583540,27185835400,18583540,PEREYRA,GRACIELA MABEL,ANSES / La Nacion,ber_nyz@hotmail.com
DNI 32959748,27329597488,32959748,DOMINGUEZ,FLORA GABRIELA VIVIANA,ANSES,viviana.caceres.980@gmail.com
DNI 34901116,20349011167,34901116,NAPORICHI ALEJANDRO RAMON,ALEJANDRO RAMON,ANSES,alejandronaporichi@gmail.com
DNI 32809467,20328094674,32809467,GUAYMAS,DIEGO ALEJANDRO,ANSES,dieguaymas@gmail.com
DNI 32779177,27327791775,32779177,BARROS,ADRIANA EDIT,ANSES / Cablevision,adrunanu@hotmail.com
DNIE95784980,27957849801,95784980,PORTILLO ELISSA ESTELA,ELISSA,Cablevision,portilloelie@gmail.com
DNI 33010721,23330107219,33010721,ASNAL JORGE MARCELO,JORGE MARCELO,ANSES,oficinaturnos@outlook.es
DNI 34464097,27344640977,34464097,PRATVIEL,ESTRELLA CRISTINA,ANSES,estrelapretha85@gmail.com
DNI 20457573,27204575733,20457573,ACOSTA,MARIA ELENA,ANSES,elena@hotmail.com
DNIE95818511,20958185112,95818511,PALACIOS OSORIO MARLON ADRIAN,PALACIOS OSORIO MARLON ADRIAN,Cablevision,mpalacios23@gmail.com
DNI 38561155,20385611553,38561155,LAYOIA,MATIAS EZEQUIEL,ANSES / Cablevision,matiaslayoia@outlook.com.ar
DNI 43743523,27437435230,43743523,LEDESMA,AYLEN LUCIA,ANSES,aylenledesma210@gmail.com
DNI 36962580,27369625808,36962580,GALLARDO,SOFIA JORGELINA,ANSES,sofiiigdo@gmail.com
DNI 42687493,27426874933,42687493,RUEJAS,MILAGROS ELIZABETH,ANSES,milagrosruejas482@gmail.com
DNI 12295927,27122959274,12295927,OLID,CRISTINA DEL VALLE,ANSES,luciat3@hotmail.com
DNI 34043729,20340437293,34043729,ASTORGA,LEONARDO SILVIO,ANSES,giselacapdevila22@gmail.com
DNI 22269855,27222698559,22269855,AGUERO,ANALIA ROSA,ANSES,analiarosaaguero@gmail.com
DNI 25997154,27259971549,25997154,NUÑEZ,SUSANA GRACIELA,ANSES,tuchislula934@gmail.com
DNI 37801595,20378015953,37801595,MARTINEZ,SEBASTIAN ORLANDO,ANSES,sebastianomartinez2o4@gmail.com
DNI 34279840,27342798409,34279840,SIN DATOS,SIN DATOS,ANSES,marcelo.elmas@hotmail.com
DNI 34279840,20342798404,34279840,SANCHEZ,CHRISTIAN FABIAN,ANSES,marcelo.elmas@hotmail.com
DNI 29156145,20291561455,29156145,PEREZ,EZEQUIEL LUIS,ANSES,ezequielluizperez@hotmail.com
DNI 29156145,20291561455,29156145,PEREZ,EZEQUIEL LUIS,Cablevision,ezequielluisperez@hotmail.com
DNI 38356378,27383563785,38356378,FERNANDEZ,MELINA JANET,ANSES,mel_yanet@hotmail.com
DNI 38356378,27383563785,38356378,FERNANDEZ,MELINA JANET,ANSES,santiago_gomezfernandez@hotmail.com
DNI 34212144,20342121447,34212144,BARRAZA,FEDERICO EZEQUIEL,ANSES,fede_river17@hotmail.com
DNI 14950588,27149505887,14950588,BOGADO,MARIA SILVIA,ANSES,astolkiner@gmail.com
DNI 29783087,27297830878,29783087,BARRIOS,ROMINA HILEN,ANSES,hilen82@hotmail.com
DNIE94773656,20947736567,94773656,SANCHEZ TORRES MICHAEL JAMES,TORRES MICHAEL JAMES,Cablevision,michael-sanchez2010@hotmail.com
DNI 38672363,20386723630,38672363,CHARIANO,NORBERTO LUIS OMAR,ANSES,norbertoluischariano217@gmail.com
DNIE95283286,27952832862,95283286,SANCHEZ FERRERAS YOHANNA ELIZA,YOHANNA ELIZABETH,ANSES,floweli49@gmail.com
DNI 34843318,20348433181,34843318,SAUCEDO,"MERELES ALDO LEONEL                                                                                                                                   ",ANSES,roosaucedo590@gmail.com
DNI 25900805,20259008051,25900805,VENICA,NICOLAS RAUL,Cablevision,nicolasvenica@gmail.com
DNI 38699796,23386997969,38699796,ROMERO,ALEXIS DIEGO,ANSES,alexisromero202020@gmail.com
DNIE93970028,20939700286,93970028,CELIS,"VILLEGAS DANIEL ARMANDO      ",ANSES,danielcelis.94@hotmail.com
DNI 40723842,27407238422,40723842,LINARES,LUZ MILENA,ANSES,luzlinares72@gmail.com
DNI 38761412,27387614120,38761412,CEBALLOS,AGOSTINA AYLEN,ANSES,andrea_patricia-aguilera@hotmail.com
DNI 36404834,27364048349,36404834,SANCHEZ,JIMENA SOLEDAD,ANSES,sanchezjimena383@gmail.com
DNI 36404834,27364048349,36404834,SANCHEZ,JIMENA SOLEDAD,ANSES,micalibre@hotmail.com
DNI 41076085,27410760857,41076085,MELLADO,MILAGROS NAHIR,ANSES,milagrosnahir.-@hotma.com
DNI 17002889,27170028894,17002889,PALOMEQUE,MYRIAM DEL VALLE,ANSES,notiene@hotmail.com
DNIE94835424,20948354242,94835424,Recalde,Osvaldo,ANSES,djosvaldo99@gmail.com
DNI 34843318,27348433186,34843318,SAUCEDO,ROCIO SOLEDAD,ANSES,roosaucedo590@gmail.com
DNI 31598459,23315984599,31598459,GOMEZ,ISRAEL,ANSES,stellamarismartin22@yahoo.com
DNI 34850522,20348505220,34850522,PAZ,CARLOS DARIO,ANSES,dariopazgenesis@gmail.com
DNI 34850522,27348505225,34850522,SIN DATOS,SIN DATOS,ANSES,dariopazgenesis@gmail.com
DNI 39333044,27393330444,39333044,LINZALATA,MELISA DENISE,ANSES,melisadenise014@gmail.com
DNI 41164109,27411641096,41164109,PINI,MARTINA AYELEN,ANSES,martinapini.34@gmail.com
DNI 18255763,27182557639,18255763,MARQUEZ,RAMONA ARGEMINA,ANSES,rebeca_torrez87@hotmail.com
DNI 35727000,27357270001,35727000,GUIRIN,LEYLA ALEJANDRA,ANSES,fg3372489@gmail.com
DNI 35727000,27357270001,35727000,GUIRIN,LEYLA ALEJANDRA,Cablevision,leyla.guirin.90@gmail.com
DNI 36561113,27365611136,36561113,MOLINA,YESICA SOLEDAD,ANSES,molinashesi@gmail.com
DNI 41171320,27411713208,41171320,GAYOL,SOFIA ALDANA,ANSES,sofia.gayol98@hotmail.com
DNI 37318558,20373185583,37318558,PAEZ,LUIS ALBERTO,ANSES,secdegestionprevisonal@hotmail.com
DNI 41171320,27411713208,41171320,GAYOL,SOFIA ALDANA,ANSES,sofia.gayol98@hotmail.com
DNI 37258119,20372581191,37258119,IBARRA FRANCO NICOLAS,"IBARRA FRANCO NICOLAS                                                                                                                                 ",ANSES,ibarrafranco092@gmail.com
DNI 19062921,20190629210,19062921,GARRIDO ROMERO ECEQUIEL ALEJAN,ECEQUIEL ALEJANDRO,ANSES,ezuhgarrido17@gmail.com
DNI 40304991,20403049914,40304991,GARCIA,ULISES SANTIAGO,ANSES,ulisesgarcia1434@gmail.com
DNI 37020478,27370204786,37020478,VILLAGRA,YAMILA ANABELLA,ANSES,villagrayamila64@gmail.com
DNI 35589953,27355899530,35589953,LEIVA,ANA LUZ,ANSES,analuzleiva701@gmail.com
DNI 35589953,27355899530,35589953,LEIVA,ANA LUZ,ANSES,desconocido@hotmail.com
DNI 32645211,23326452114,32645211,SOSA MARIA AMELIA,MARIA AMELIA,ANSES,briian.palacii@gmail.com
DNI 24841701,20248417014,24841701,SOTO,FERNANDO GABRIEL,ANSES,nando_cba@hotmail.com
DNI 40240624,20402406241,40240624,AGUILAR,JUAN,ANSES,aguileraaldo360@gmail.com
DNI 28566296,27285662961,28566296,MORALES,IVANA CRISTINA,ANSES,yvanamoralesjf.81@gmail.com
DNI 28566296,27285662961,28566296,MORALES,IVANA CRISTINA,Cablevision,ivanamoralesjf.81@mail.com
DNI 33114849,27331148496,33114849,IGLESIAS,NATALIA ROMINA,ANSES,ig.nataliar@gmail.com
DNI 28566296,24285662962,28566296,MORALES,"MORALES IVANA CRISTINA                                                                                                                                ",ANSES,yvanamoralesjf.81@gmail.com
DNI 28566296,24285662962,28566296,MORALES,"MORALES IVANA CRISTINA                                                                                                                                ",Cablevision,ivanamoralesjf.81@mail.com
DNI 24386169,27243861697,24386169,CONDOLEO,MARIA EUGENIA,ANSES,manly.0455@gmail.com
DNI 17363202,27173632024,17363202,ALVAREZ,SANDRA CLAUDIA,ANSES / Cablevision,san_1712@hotmail.com
DNI 32106110,27321061104,32106110,MARTINEZ,LIDIA ESTELA,Cablevision,martinezestelalidia@gmail.com
DNI 32106110,27321061104,32106110,MARTINEZ,LIDIA ESTELA,Cablevision,ojedaa908@yahoo.com.ar
DNI 42595802,20425958020,42595802,NUNES DOS SANTOS,DYLAN AMARO,ANSES,dylannunes00@gmail.com
DNI 40357164,23403571644,40357164,PEÑALVA,FLORENCIA,ANSES,florencia4035@gmail.com
DNI 41874243,27418742432,41874243,EGEA,JESSICA BELEN,ANSES,egeajessi8@gmail.com
DNI 42320083,27423200834,42320083,VELIZ,ANTONELLA TAMARA,ANSES,tamishania416@gmail.com
DNI 32197128,27321971283,32197128,TORRES,YANINA SOLEDAD,ANSES,yaninatorresdylan@gmail.com
DNI 36365849,20363658491,36365849,GUEVARA,FERNANDO ALBERTO,ANSES,barritoguevara@hotmail.com.ar
