﻿IdExterno,CUIL,Documento,Apellido,Nombre,CodigoArea,Numero,Proveedor,Fuente
DNI 7594506,20075945060,7594506,MANDRA JUAN ROBERTO,"MANDRA JUAN ROBERTO                                                                                                                                   ",11,40276558,Telefonica Movistar,Cablevision
DNI 7594506,20075945060,7594506,MANDRA JUAN ROBERTO,"MANDRA JUAN ROBERTO                                                                                                                                   ",11,64572922,Telecom Personal,Cablevision
DNI 7594506,27075945065,7594506,S R L,ROMARMAR,11,40276558,Telefonica Movistar,Cablevision
DNI 7594506,27075945065,7594506,S R L,ROMARMAR,11,64572922,Telecom Personal,Cablevision
DNI 10743783,27107437830,10743783,GIURASTANTE,SILVIA MONICA,11,40791886,Telefonica Movistar,ANSES / Movistar
DNI 10743783,27107437830,10743783,GIURASTANTE,SILVIA MONICA,11,41739750,Telefonica Movistar,Cablevision
DNI 10743783,27107437830,10743783,GIURASTANTE,SILVIA MONICA,11,59593858,Telefonica Movistar,Movistar
DNI 10743783,27107437830,10743783,GIURASTANTE,SILVIA MONICA,11,67162667,Telefonica Movistar,Movistar
DNI 10743783,27107437830,10743783,GIURASTANTE,SILVIA MONICA,11,61805356,Telefonica Movistar,Movistar
DNI 21497370,27214973702,21497370,TOLEDO,SILVIA NOEMI,2246,451681,Telecom Personal,ANSES
DNI 21497370,27214973702,21497370,TOLEDO,SILVIA NOEMI,11,41777645,Telefonica Movistar,Movistar
DNI 21497370,27214973702,21497370,TOLEDO,SILVIA NOEMI,2246,498136,Telefonica Movistar,Movistar
DNI 21497370,27214973702,21497370,TOLEDO,SILVIA NOEMI,11,67834360,Telefonica Movistar,Movistar
DNI 21497370,27214973702,21497370,TOLEDO,SILVIA NOEMI,2257,554853,Telefonica Movistar,Movistar
DNI 21497370,27214973702,21497370,TOLEDO,SILVIA NOEMI,11,56010121,Telefonica Movistar,Movistar
DNI 25404988,20254049884,25404988,IBARROLA,GABRIEL MARTIN,11,49691589,Telefonica Movistar,ANSES / Cablevision
DNI 25404988,20254049884,25404988,IBARROLA,GABRIEL MARTIN,11,32408832,AMX ARGENTINA,Claro
DNI 18747447,20187474478,18747447,PEREA,WALTER BENIGNO,11,21721492,AMX ARGENTINA,ANSES / Movistar
DNI 18747447,20187474478,18747447,PEREA,WALTER BENIGNO,11,31409892,Telefonica Movistar,Movistar
DNI 18747447,20187474478,18747447,PEREA,WALTER BENIGNO,2625,410803,Telefonica Movistar,Movistar
DNI 18747447,20187474478,18747447,PEREA,WALTER BENIGNO,2625,522287,Telefonica Movistar,Movistar
DNI 18747447,20187474478,18747447,PEREA,WALTER BENIGNO,2625,527115,Telefonica Movistar,Movistar
DNI 18747447,20187474478,18747447,PEREA,WALTER BENIGNO,2625,660817,Telefonica Movistar,Movistar
DNI 18747447,20187474478,18747447,PEREA,WALTER BENIGNO,11,27079955,AMX ARGENTINA,Movistar
DNI 18747447,20187474478,18747447,PEREA,WALTER BENIGNO,387,4695788,AMX ARGENTINA,Claro
DNI 20019584,20200195842,20019584,ALVAREZ,JOSE MARIA,11,33310851,AMX ARGENTINA,Claro
DNI 26680486,20266804866,26680486,ALARCON,HORACIO ARGENTINO,11,59651836,Telefonica Movistar,ANSES / Cablevision / Movistar
DNI 26680486,20266804866,26680486,ALARCON,HORACIO ARGENTINO,11,51159651,Telecom Personal,ANSES
DNI 26680486,20266804866,26680486,ALARCON,HORACIO ARGENTINO,11,61622651,Telefonica Movistar,Movistar
DNI 1731543,27017315434,1731543,CABEDA,DOMINGA NELLY,11,65465464,Telefonica Movistar,ANSES
DNI 30667374,20306673743,30667374,BRANDAN,LUCAS IGNACIO,11,53235005,Telefonica Movistar,ANSES
DNI 30667374,20306673743,30667374,BRANDAN,LUCAS IGNACIO,11,35874922,Telefonica Movistar,Personal
DNI 1731543,23017315439,1731543,CABEDA,"PINO VICENTE                                                                                                                                          ",11,65465464,Telefonica Movistar,ANSES
DNI 13623168,20136231686,13623168,QUIROGA,SERGIO RAUL,11,28183153,Telefonica Movistar,Movistar
DNI 13623168,20136231686,13623168,QUIROGA,SERGIO RAUL,11,28255599,Telefonica Movistar,Movistar
DNI 13623168,20136231686,13623168,QUIROGA,SERGIO RAUL,11,68930131,Telecom Personal,Movistar
DNI 13623168,20136231686,13623168,QUIROGA,SERGIO RAUL,11,68938595,Telecom Personal,Personal
DNI 18485446,27184854460,18485446,SANCHEZ,NELIDA RAMONA,11,40988669,Telefonica Movistar,ANSES / Movistar
DNI 18485446,27184854460,18485446,SANCHEZ,NELIDA RAMONA,11,35843588,Telefonica Movistar,Movistar
DNI 18485446,27184854460,18485446,SANCHEZ,NELIDA RAMONA,11,39051157,Telefonica Movistar,Movistar
DNI 18485446,27184854460,18485446,SANCHEZ,NELIDA RAMONA,11,56045783,Telefonica Movistar,Movistar
DNI 10308138,27103081381,10308138,KOROPESKI,MARIA FRANCISCA,348,4504466,AMX ARGENTINA,ANSES
DNI 10308138,27103081381,10308138,KOROPESKI,MARIA FRANCISCA,11,33086803,AMX ARGENTINA,Claro
DNI 4374833,27043748330,4374833,VEGA,"CUCCO CATALINA HERMINIA                                                                                                                               ",11,67996130,Telecom Personal,ANSES / Movistar / Personal
DNI 4374833,27043748330,4374833,VEGA,"CUCCO CATALINA HERMINIA                                                                                                                               ",11,69664971,Telecom Personal,Movistar / Personal
DNI 4374833,27043748330,4374833,VEGA,"CUCCO CATALINA HERMINIA                                                                                                                               ",11,56154496,Telefonica Movistar,Movistar
DNI 4374833,27043748330,4374833,VEGA,"CUCCO CATALINA HERMINIA                                                                                                                               ",11,68835682,Telecom Personal,Personal
DNI 4374833,20043748336,4374833,VEGA,JUAN CARLOS,11,67996130,Telecom Personal,ANSES / Movistar / Personal
DNI 4374833,20043748336,4374833,VEGA,JUAN CARLOS,11,69664971,Telecom Personal,Movistar / Personal
DNI 4374833,20043748336,4374833,VEGA,JUAN CARLOS,11,56154496,Telefonica Movistar,Movistar
DNI 4374833,20043748336,4374833,VEGA,JUAN CARLOS,11,68835682,Telecom Personal,Personal
DNI 16511495,27165114952,16511495,GARCIA,ALICIA CLAUDIA,11,54519076,Telecom Personal,Cablevision
DNI 16511495,27165114952,16511495,GARCIA,ALICIA CLAUDIA,11,23370980,Telefonica Movistar,Movistar
DNI 16511495,27165114952,16511495,GARCIA,ALICIA CLAUDIA,11,65298110,Telefonica Movistar,Movistar
DNI 16511495,27165114952,16511495,GARCIA,ALICIA CLAUDIA,11,32787345,AMX ARGENTINA,Claro
DNI 29009200,20290092001,29009200,GONZALEZ,MATIAS ENRIQUE,11,69731504,Telecom Personal,ANSES
DNI 29009200,20290092001,29009200,GONZALEZ,MATIAS ENRIQUE,11,67280709,Telefonica Movistar,Movistar
DNI 29009200,20290092001,29009200,GONZALEZ,MATIAS ENRIQUE,11,54168582,AMX ARGENTINA,Claro
DNI 29009200,20290092001,29009200,GONZALEZ,MATIAS ENRIQUE,11,64251745,AMX ARGENTINA,Claro
DNI 30733183,20307331838,30733183,BARRIOS ARMANDO SEBA N,ANALIA VERONICA,11,58933257,AMX ARGENTINA,Cablevision
DNI 18301824,27183018243,18301824,GOMEZ,VIVIANA,11,24043655,Telefonica Movistar,ANSES
DNI 18301824,27183018243,18301824,GOMEZ,VIVIANA,11,62041493,AMX ARGENTINA,Cablevision
DNI 18301824,27183018243,18301824,GOMEZ,VIVIANA,11,57731331,AMX ARGENTINA,ANSES
DNI 18301824,27183018243,18301824,GOMEZ,VIVIANA,11,31772368,Telefonica Movistar,Movistar
DNI 18301824,27183018243,18301824,GOMEZ,VIVIANA,11,58599987,AMX ARGENTINA,Claro
DNI 18301824,27183018243,18301824,GOMEZ,VIVIANA,11,50211984,AMX ARGENTINA,Claro
DNI 22133822,20221338228,22133822,ZAFFE,ARIEL FABIÁN,2257,602936,Telefonica Movistar,Movistar
DNI 11726911,20117269117,11726911,CAEZZA,JOSE LUIS,11,34559500,Telecom Personal,ANSES
DNI 11726911,20117269117,11726911,CAEZZA,JOSE LUIS,11,32436094,AMX ARGENTINA,Claro
DNI 25899872,27258998729,25899872,ROBLEDO,MARGARITA ELIZABETH,11,59206472,Telefonica Movistar,Cablevision
DNI 94232772,20942327723,94232772,ALCARAZ,"ZARATE DILMA        ",11,61380713,AMX ARGENTINA,ANSES
DNI 94232772,20942327723,94232772,ALCARAZ,"ZARATE DILMA        ",11,54013503,AMX ARGENTINA,Cablevision
DNI 94232772,27942327728,94232772,ALCARAZ,"ALCARAZ ZARATE DILMA                                                                                                                                  ",11,61380713,AMX ARGENTINA,ANSES
DNI 94232772,27942327728,94232772,ALCARAZ,"ALCARAZ ZARATE DILMA                                                                                                                                  ",11,54013503,AMX ARGENTINA,Cablevision
DNI 36448557,27364485579,36448557,AMARILLA,AIDA VICTORIA,387,5312452,AMX ARGENTINA,ANSES
DNI 32481459,27324814596,32481459,PALACIO,CINTIA ELIZABETH,11,36191885,Telefonica Movistar,ANSES / Movistar
DNI 32481459,27324814596,32481459,PALACIO,CINTIA ELIZABETH,11,23828823,Telefonica Movistar,Movistar
DNI 32481459,27324814596,32481459,PALACIO,CINTIA ELIZABETH,11,66834994,AMX ARGENTINA,Claro
DNI 5977105,27059771057,5977105,DUARTE,MARIA HILDA,11,57809435,AMX ARGENTINA,ANSES
DNI 2512966,27025129666,2512966,ROCHA,CELIA ANTONIA,11,69919879,Telecom Personal,ANSES / Cablevision
DNI 2512966,27025129666,2512966,ROCHA,CELIA ANTONIA,11,50569456,Telefonica Movistar,Movistar
DNI 2512966,27025129666,2512966,ROCHA,CELIA ANTONIA,11,60138163,AMX ARGENTINA,Claro
DNI 2512966,27025129666,2512966,ROCHA,CELIA ANTONIA,11,57224127,AMX ARGENTINA,Claro
DNI 5977105,20059771052,5977105,LOPEZ LEOPOLDO ELIO,MARIA HILDA,11,57809435,AMX ARGENTINA,ANSES
DNI 36412988,27364129888,36412988,LOPEZ,LAURA CRISTINA,11,28155035,Telefonica Movistar,ANSES / Movistar
DNI 36412988,27364129888,36412988,LOPEZ,LAURA CRISTINA,11,55800883,Telefonica Movistar,Movistar
DNI 36412988,27364129888,36412988,LOPEZ,LAURA CRISTINA,11,61476486,Telefonica Movistar,Movistar
DNI 20206540,27202065401,20206540,GALARZA,ALICIA HAYDEE,11,69831968,Telecom Personal,ANSES
DNI 17651051,20176510510,17651051,CORDOBA,JOSE LORENZO,388,5819928,AMX ARGENTINA,ANSES
DNI 17651051,20176510510,17651051,CORDOBA,JOSE LORENZO,11,38158500,AMX ARGENTINA,Cablevision / Movistar
DNI 17651051,20176510510,17651051,CORDOBA,JOSE LORENZO,11,39544875,Telefonica Movistar,Movistar
DNI 17651051,20176510510,17651051,CORDOBA,JOSE LORENZO,11,41648384,Telefonica Movistar,Movistar
DNI 17651051,20176510510,17651051,CORDOBA,JOSE LORENZO,11,50461821,Telefonica Movistar,Movistar
DNI 17651051,20176510510,17651051,CORDOBA,JOSE LORENZO,11,59092322,AMX ARGENTINA,Claro
DNI 26499978,27264999788,26499978,MEDINA,SILVANA MARIANA,11,59062523,AMX ARGENTINA,ANSES / Cablevision / Personal
DNI 13410295,27134102956,13410295,MAZARIEGO,MARIA ALEJANDRA,11,35934752,Telefonica Movistar,Movistar
DNI 13410295,27134102956,13410295,MAZARIEGO,MARIA ALEJANDRA,11,36052231,Telefonica Movistar,Movistar
DNI 13410295,27134102956,13410295,MAZARIEGO,MARIA ALEJANDRA,11,37032497,Telefonica Movistar,Movistar
DNI 16718653,27167186535,16718653,SOTELO,MARIA ESTER,11,61477774,Telefonica Movistar,Cablevision / Movistar
DNI 16718653,27167186535,16718653,SOTELO,MARIA ESTER,11,25033519,Telecom Personal,Movistar
DNI 16718653,27167186535,16718653,SOTELO,MARIA ESTER,11,28455153,Telefonica Movistar,Movistar
DNI 16718653,27167186535,16718653,SOTELO,MARIA ESTER,11,69181181,Telefonica Movistar,Movistar
DNI 27028320,27270283204,27028320,LAZARTE,VERONICA DANIELA,11,64640464,Telecom Personal,ANSES
DNI 27028320,27270283204,27028320,LAZARTE,VERONICA DANIELA,11,59338110,Telefonica Movistar,Movistar
DNI 27028320,27270283204,27028320,LAZARTE,VERONICA DANIELA,11,63531383,Telefonica Movistar,Movistar
DNI 27028320,27270283204,27028320,LAZARTE,VERONICA DANIELA,11,70169104,Telefonica Movistar,Movistar
DNI 27028320,27270283204,27028320,LAZARTE,VERONICA DANIELA,11,59807845,Telefonica Movistar,Movistar
DNI 33225339,20332253396,33225339,MERELES RODRIGO DAMIAN,RODRIGO DAMIAN,11,60513383,Telecom Personal,ANSES / Personal
DNI 33225339,20332253396,33225339,MERELES RODRIGO DAMIAN,RODRIGO DAMIAN,11,25121362,Telecom Personal,Personal
DNI 14850315,20148503150,14850315,QUIROGA,PATRICIO RUMALDO,11,30937705,Telecom Personal,ANSES / Personal
DNI 14850315,20148503150,14850315,QUIROGA,PATRICIO RUMALDO,11,30977705,Telecom Personal,Cablevision
DNI 14850315,20148503150,14850315,QUIROGA,PATRICIO RUMALDO,11,49175690,Telefonica Movistar,Movistar
DNI 14850315,20148503150,14850315,QUIROGA,PATRICIO RUMALDO,11,54783795,Telecom Personal,Personal
DNI 14850315,20148503150,14850315,QUIROGA,PATRICIO RUMALDO,11,64584973,Telecom Personal,Personal
DNI 23439141,27234391416,23439141,GALAN,MARIA DE LAS MERCEDES,376,4519625,AMX ARGENTINA,Cablevision
DNI 23439141,27234391416,23439141,GALAN,MARIA DE LAS MERCEDES,376,4684300,Telecom Personal,Personal
DNI 10122603,23101226034,10122603,ROMERO,ANA MARIA,11,35795141,Telefonica Movistar,Movistar
DNI 10122603,23101226034,10122603,ROMERO,ANA MARIA,11,41455677,Telefonica Movistar,Movistar
DNI 10122603,23101226034,10122603,ROMERO,ANA MARIA,11,65395884,Telefonica Movistar,Movistar
DNI 10122603,23101226034,10122603,ROMERO,ANA MARIA,11,62894457,Telefonica Movistar,Movistar
DNI 30733183,27307331832,30733183,ALFONSO,ANALIA VERONICA,11,58933257,AMX ARGENTINA,Cablevision
DNI 31089922,23310899224,31089922,ABOY,YANINA VANESA,11,58713100,AMX ARGENTINA,ANSES
DNI 31089922,23310899224,31089922,ABOY,YANINA VANESA,11,69537950,Telefonica Movistar,Movistar
DNI 31089922,23310899224,31089922,ABOY,YANINA VANESA,11,66799698,AMX ARGENTINA,Movistar
DNI 8341877,20083418770,8341877,FRETE,DIONISIO ANTONIO,11,71117031,AMX ARGENTINA,ANSES
DNI 18405755,20184057558,18405755,CORNEJO,MARCELO LUIS,11,26391710,AMX ARGENTINA,ANSES
DNI 18405755,20184057558,18405755,CORNEJO,MARCELO LUIS,11,53797359,Telecom Personal,ANSES / Personal
DNI 18405755,20184057558,18405755,CORNEJO,MARCELO LUIS,11,24677359,Telecom Personal,Personal
DNI 18405755,20184057558,18405755,CORNEJO,MARCELO LUIS,11,50248469,AMX ARGENTINA,Claro
DNI 12279496,20122794963,12279496,FERNANDEZ,PABLO ALFREDO,2966,408781,Telefonica Movistar,Movistar
DNI 12279496,20122794963,12279496,FERNANDEZ,PABLO ALFREDO,2966,646661,Telefonica Movistar,Movistar
DNI 12279496,20122794963,12279496,FERNANDEZ,PABLO ALFREDO,297,4232823,AMX ARGENTINA,Claro
DNI 5441755,20054417552,5441755,FERNANDEZ OROZCO JOSE SEP,LEONOR,11,31011680,Telecom Personal,Personal
DNI 5441755,20054417552,5441755,FERNANDEZ OROZCO JOSE SEP,LEONOR,11,33641210,AMX ARGENTINA,Claro
DNI 5441755,20054417552,5441755,FERNANDEZ OROZCO JOSE SEP,LEONOR,11,33644031,AMX ARGENTINA,Claro
DNI 13277144,27132771443,13277144,HERZOVICH,PATRICIA IRENE,11,37876026,AMX ARGENTINA,ANSES / Personal
DNI 13465170,27134651704,13465170,KEVARKIAN,NORMA SUSANA,11,40715868,Telefonica Movistar,Cablevision
DNI 29655336,27296553366,29655336,PALERMO,ROMINA MARIEL,11,40868139,Telefonica Movistar,Cablevision / Movistar
DNI 29655336,27296553366,29655336,PALERMO,ROMINA MARIEL,11,63588404,Telefonica Movistar,Movistar
DNI 8093256,20080932562,8093256,LOPEZ,FRANCISCO ROGELIO,11,35762543,Telefonica Movistar,Movistar
DNI 8093256,20080932562,8093256,LOPEZ,FRANCISCO ROGELIO,11,39302129,Telefonica Movistar,Movistar
DNI 8093256,20080932562,8093256,LOPEZ,FRANCISCO ROGELIO,11,36735753,Telefonica Movistar,Movistar
DNI 8093256,20080932562,8093256,LOPEZ,FRANCISCO ROGELIO,11,49361606,Telefonica Movistar,Movistar
DNI 8093256,27080932567,8093256,LOPEZ,"CORTEZ LEONOR YOLANDA                                                                                                                                 ",11,35762543,Telefonica Movistar,Movistar
DNI 8093256,27080932567,8093256,LOPEZ,"CORTEZ LEONOR YOLANDA                                                                                                                                 ",11,39302129,Telefonica Movistar,Movistar
DNI 8093256,27080932567,8093256,LOPEZ,"CORTEZ LEONOR YOLANDA                                                                                                                                 ",11,36735753,Telefonica Movistar,Movistar
DNI 8093256,27080932567,8093256,LOPEZ,"CORTEZ LEONOR YOLANDA                                                                                                                                 ",11,49361606,Telefonica Movistar,Movistar
DNI 43782039,27437820398,43782039,GUTIERREZ,MIRYAM EVANGELINA,11,51209707,Telecom Personal,ANSES / Personal
DNI 43782039,27437820398,43782039,GUTIERREZ,MIRYAM EVANGELINA,11,24554766,Telecom Personal,Personal
DNI 3780234,23037802344,3780234,SALINAS,DOMINGA F,11,41969861,Telefonica Movistar,Movistar
DNI 7574198,20075741988,7574198,MARIN,OSCAR ISAIAS,299,5483557,Telefonica Movistar,ANSES
DNI 7574198,20075741988,7574198,MARIN,OSCAR ISAIAS,11,53117713,Telefonica Movistar,Cablevision
DNI 7574198,20075741988,7574198,MARIN,OSCAR ISAIAS,299,4625797,Telecom Personal,Cablevision
DNI 7574198,20075741988,7574198,MARIN,OSCAR ISAIAS,299,5836576,AMX ARGENTINA,Claro
DNI 7574198,20075741988,7574198,MARIN,OSCAR ISAIAS,299,4129437,AMX ARGENTINA,Claro
DNI 7574198,27075741982,7574198,MICHELON,VELIA,299,5483557,Telefonica Movistar,ANSES
DNI 7574198,27075741982,7574198,MICHELON,VELIA,11,53117713,Telefonica Movistar,Cablevision
DNI 7574198,27075741982,7574198,MICHELON,VELIA,299,4625797,Telecom Personal,Cablevision
DNI 7574198,27075741982,7574198,MICHELON,VELIA,299,5836576,AMX ARGENTINA,Claro
DNI 7574198,27075741982,7574198,MICHELON,VELIA,299,4129437,AMX ARGENTINA,Claro
DNI 94054817,27940548174,94054817,SAGASTEGUI,"CHAVEZ ROSA ELVIRA           ",11,39103354,Telefonica Movistar,ANSES
DNI 4090971,20040909711,4090971,FRANCO,ANSELMO VICENTE,11,64801234,Telecom Personal,ANSES
DNI 4090971,20040909711,4090971,FRANCO,ANSELMO VICENTE,11,31845348,Telefonica Movistar,Movistar
DNI 4090971,20040909711,4090971,FRANCO,ANSELMO VICENTE,221,6793389,Telefonica Movistar,Movistar
DNI 4090971,20040909711,4090971,FRANCO,ANSELMO VICENTE,11,67366075,Telefonica Movistar,Movistar
DNI 4090971,27040909716,4090971,PRIVIDERA,AMELIA LUCIA,11,64801234,Telecom Personal,ANSES
DNI 4090971,27040909716,4090971,PRIVIDERA,AMELIA LUCIA,11,31845348,Telefonica Movistar,Movistar
DNI 4090971,27040909716,4090971,PRIVIDERA,AMELIA LUCIA,221,6793389,Telefonica Movistar,Movistar
DNI 4090971,27040909716,4090971,PRIVIDERA,AMELIA LUCIA,11,67366075,Telefonica Movistar,Movistar
DNI 4403690,20044036909,4403690,SAVINO,JORGE RITO,298,4919912,AMX ARGENTINA,Movistar
DNI 4403690,27044036903,4403690,CLOBAZ,LIBERA,298,4919912,AMX ARGENTINA,Movistar
DNI 8550357,20085503570,8550357,MAZZITELLI,JOSE PABLO,11,51174841,Telecom Personal,Personal
DNI 8550357,20085503570,8550357,MAZZITELLI,JOSE PABLO,11,65697764,Telecom Personal,Personal
DNI 12645117,27126451178,12645117,MALDONADO,ANA ISABEL,11,21880604,AMX ARGENTINA,ANSES
DNI 12645117,27126451178,12645117,MALDONADO,ANA ISABEL,11,37560857,AMX ARGENTINA,Claro
DNI 94649760,20946497607,94649760,SANCHEZ GUTIERREZ LUIS ALBERTO,"SANCHEZ GUTIERREZ LUIS ALBERTO                                                                                                                        ",11,65702490,Telecom Personal,ANSES
DNI 94649760,20946497607,94649760,SANCHEZ GUTIERREZ LUIS ALBERTO,"SANCHEZ GUTIERREZ LUIS ALBERTO                                                                                                                        ",11,36931793,Telefonica Movistar,ANSES
DNI 18865914,23188659144,18865914,ABALOS,MARIA TERESA,11,24709349,Telecom Personal,ANSES / Personal
DNI 18865914,23188659144,18865914,ABALOS,MARIA TERESA,11,35652206,Telefonica Movistar,Movistar
DNI 18865914,23188659144,18865914,ABALOS,MARIA TERESA,11,24709350,Telecom Personal,Personal
DNI 4386098,20043860985,4386098,EYRAUD,ALFONSO,11,33528004,AMX ARGENTINA,ANSES
DNI 4386098,20043860985,4386098,EYRAUD,ALFONSO,11,30727100,Telecom Personal,Cablevision
DNI 4386098,20043860985,4386098,EYRAUD,ALFONSO,11,55022423,Telefonica Movistar,Movistar
DNI 4386098,20043860985,4386098,EYRAUD,ALFONSO,11,58125580,Telefonica Movistar,Movistar
DNI 4386098,20043860985,4386098,EYRAUD,ALFONSO,11,59906910,Telefonica Movistar,Movistar
DNI 4386098,20043860985,4386098,EYRAUD,ALFONSO,11,58125660,Telefonica Movistar,Movistar
DNI 94063883,20940638837,94063883,VEIZAGA,"ROJAS GOLDI        ",11,22931419,Telefonica Movistar,ANSES
DNI 4386098,23043860984,4386098,SALA,MARTA HAYDEE,11,33528004,AMX ARGENTINA,ANSES
DNI 4386098,23043860984,4386098,SALA,MARTA HAYDEE,11,30727100,Telecom Personal,Cablevision
DNI 4386098,23043860984,4386098,SALA,MARTA HAYDEE,11,55022423,Telefonica Movistar,Movistar
DNI 4386098,23043860984,4386098,SALA,MARTA HAYDEE,11,58125580,Telefonica Movistar,Movistar
DNI 4386098,23043860984,4386098,SALA,MARTA HAYDEE,11,59906910,Telefonica Movistar,Movistar
DNI 4386098,23043860984,4386098,SALA,MARTA HAYDEE,11,58125660,Telefonica Movistar,Movistar
DNI 5892418,27058924186,5892418,ORELLANA,MARIA E,11,50592427,Telefonica Movistar,Cablevision
DNI 5892418,20058924181,5892418,GOMEZ RAIMUNDO,MARIA E,11,50592427,Telefonica Movistar,Cablevision
DNI 94063883,27940638831,94063883,VEIZAGA ROJAS GOLDI,"ROJAS GOLDI        ",11,22931419,Telefonica Movistar,ANSES
DNI 33995842,23339958424,33995842,CINTIA,LOPEZ,11,68658134,Telecom Personal,ANSES
DNI 33995842,23339958424,33995842,CINTIA,LOPEZ,11,66070594,Telecom Personal,Cablevision
DNI 33995842,23339958424,33995842,CINTIA,LOPEZ,11,24656480,Telecom Personal,Personal
DNI 33995842,23339958424,33995842,CINTIA,LOPEZ,11,40588452,Telecom Personal,Personal
DNI 33995842,23339958424,33995842,CINTIA,LOPEZ,11,34960688,Telecom Personal,Personal
DNI 92420437,20924204371,92420437,AQUINO,"MARIO       ",11,32394346,AMX ARGENTINA,Claro
DNI 92420437,20924204371,92420437,AQUINO,"MARIO       ",11,68381556,AMX ARGENTINA,Claro
DNI 33995842,20339958425,33995842,PALACIO,JAVIER EZEQUIEL,11,68658134,Telecom Personal,ANSES
DNI 33995842,20339958425,33995842,PALACIO,JAVIER EZEQUIEL,11,34960688,Telecom Personal,ANSES / Personal
DNI 33995842,20339958425,33995842,PALACIO,JAVIER EZEQUIEL,11,66070594,Telecom Personal,Cablevision
DNI 33995842,20339958425,33995842,PALACIO,JAVIER EZEQUIEL,11,24656480,Telecom Personal,Personal
DNI 33995842,20339958425,33995842,PALACIO,JAVIER EZEQUIEL,11,40588452,Telecom Personal,Personal
DNI 7661579,23076615799,7661579,BATTISTONI,ANGEL LUIS,11,67348254,Telefonica Movistar,ANSES
DNI 7661579,27076615794,7661579,BATTISTONI,"BORRI ROSA ANTONIA                                                                                                                                    ",11,67348254,Telefonica Movistar,ANSES
DNI 28843697,20288436976,28843697,PELLICANI,"VERGARA FERNANDO G                                                                                                                                    ",11,56426998,AMX ARGENTINA,ANSES
DNI 28843697,20288436976,28843697,PELLICANI,"VERGARA FERNANDO G                                                                                                                                    ",11,65896104,Telecom Personal,ANSES / Cablevision
DNI 28843697,27288436970,28843697,PELLICANI,AGUSTINA PAULA,11,56426998,AMX ARGENTINA,ANSES
DNI 28843697,27288436970,28843697,PELLICANI,AGUSTINA PAULA,11,65896104,Telecom Personal,ANSES / Cablevision
DNI 33114734,20331147347,33114734,MOLINA,WALTER ANTONIO,11,56407855,AMX ARGENTINA,Claro
DNI 33114734,20331147347,33114734,MOLINA,WALTER ANTONIO,11,56407200,AMX ARGENTINA,Claro
DNI 33114734,20331147347,33114734,MOLINA,WALTER ANTONIO,11,56405258,AMX ARGENTINA,Claro
DNI 33114734,20331147347,33114734,MOLINA,WALTER ANTONIO,11,56404303,AMX ARGENTINA,Claro
DNI 27170296,27271702960,27170296,FRANCAVILLA SABRINA BARBARA,SABRINA BARBARA,11,55800845,Telefonica Movistar,Cablevision / Movistar
DNI 30135137,27301351378,30135137,ALMIRON,ROMINA GISELLE,11,41629670,Telefonica Movistar,Cablevision / Movistar / Personal
DNI 30135137,27301351378,30135137,ALMIRON,ROMINA GISELLE,11,40224099,Telefonica Movistar,Movistar
DNI 30135137,27301351378,30135137,ALMIRON,ROMINA GISELLE,11,50420262,Telefonica Movistar,Movistar
DNI 30135137,27301351378,30135137,ALMIRON,ROMINA GISELLE,11,57583030,Telecom Personal,Personal
DNI 12270488,27122704888,12270488,MELLINO,ANA MARIA,11,30047701,Telecom Personal,ANSES / Cablevision / Personal
DNI 12270488,27122704888,12270488,MELLINO,ANA MARIA,11,23138180,Telefonica Movistar,Movistar
DNI 12270488,27122704888,12270488,MELLINO,ANA MARIA,11,35915544,Telefonica Movistar,Movistar
DNI 12270488,27122704888,12270488,MELLINO,ANA MARIA,11,39089531,Telefonica Movistar,Movistar
DNI 12270488,27122704888,12270488,MELLINO,ANA MARIA,11,55279500,Telecom Personal,Personal
DNI 12270488,27122704888,12270488,MELLINO,ANA MARIA,11,57823935,AMX ARGENTINA,Claro
DNI 4165584,23041655844,4165584,QUIROGA,NIDIA,11,64603823,Telecom Personal,ANSES
DNI 4165584,20041655845,4165584,CUEVAS,RODOLFO JESUS,11,64603823,Telecom Personal,ANSES
DNI 92610168,20926101685,92610168,FERREIRA,"SILVA DAVY EDISON         ",11,40834011,Telefonica Movistar,ANSES
DNI 92610168,20926101685,92610168,FERREIRA,"SILVA DAVY EDISON         ",11,39577154,Telefonica Movistar,ANSES
DNI 92610168,20926101685,92610168,FERREIRA,"SILVA DAVY EDISON         ",11,40834011,Telefonica Movistar,ANSES
DNI 92610168,20926101685,92610168,FERREIRA,"SILVA DAVY EDISON         ",11,39577154,Telefonica Movistar,ANSES
DNI 18310932,23183109324,18310932,PRIETO,SUSANA MABEL,11,21739057,AMX ARGENTINA,ANSES
DNI 28825284,20288252840,28825284,BARRETO,NESTOR GABRIEL,11,56154700,Telefonica Movistar,Cablevision
DNI 28825284,20288252840,28825284,BARRETO,NESTOR GABRIEL,11,64830830,Telecom Personal,Movistar
DNI 28825284,20288252840,28825284,BARRETO,NESTOR GABRIEL,11,64830977,Telecom Personal,Movistar
DNI 20481399,27204813995,20481399,SANCHEZ,ELIZABETH JULIA,11,50109738,AMX ARGENTINA,Claro
DNI 28916049,20289160494,28916049,RODRIGUEZ,MARCELO DAVID,11,20213945,Telecom Personal,ANSES / Movistar
DNI 28916049,20289160494,28916049,RODRIGUEZ,MARCELO DAVID,11,51827246,Telecom Personal,Movistar
DNI 28916049,20289160494,28916049,RODRIGUEZ,MARCELO DAVID,11,49941158,Telecom Personal,Movistar
DNI 28916049,20289160494,28916049,RODRIGUEZ,MARCELO DAVID,11,51827222,Telecom Personal,Movistar
DNI 93410530,20934105304,93410530,IGLESIAS,"VAZQUEZ MARIA         ",11,58472561,Telecom Personal,Cablevision
DNI 93410530,27934105309,93410530,IGLESIAS,"IGLESIAS VAZQUEZ MARIA                                                                                                                                ",11,58472561,Telecom Personal,Cablevision
DNI 8172737,20081727377,8172737,GUTIERREZ SOSA,JOSE,11,23893212,Telefonica Movistar,ANSES
DNI 8172737,20081727377,8172737,GUTIERREZ SOSA,JOSE,11,41457702,Telefonica Movistar,Movistar
DNI 8172737,20081727377,8172737,GUTIERREZ SOSA,JOSE,11,54942526,Telefonica Movistar,Movistar
DNI 8172737,20081727377,8172737,GUTIERREZ SOSA,JOSE,11,55776531,Telefonica Movistar,Movistar
DNI 8172737,20081727377,8172737,GUTIERREZ SOSA,JOSE,11,28487755,Telefonica Movistar,Movistar
DNI 8172737,20081727377,8172737,GUTIERREZ SOSA,JOSE,11,63213363,Telefonica Movistar,Movistar
DNI 8172737,20081727377,8172737,GUTIERREZ SOSA,JOSE,387,6041854,Telefonica Movistar,Movistar
DNI 10469237,27104692376,10469237,CASTIÑEIRA,MARIA RITA,11,37628905,AMX ARGENTINA,Claro
DNI 10469237,27104692376,10469237,CASTIÑEIRA,MARIA RITA,351,6173188,AMX ARGENTINA,Claro
DNI 23227067,27232270670,23227067,MARTINEZ,DORA ROSA ALBA,11,30268082,Telecom Personal,Personal
DNI 23227067,27232270670,23227067,MARTINEZ,DORA ROSA ALBA,348,4315764,AMX ARGENTINA,Claro
DNI 11356860,27113568602,11356860,CEJAS,ANA ELISA,11,20156316,Telecom Personal,ANSES
DNI 8270457,20082704575,8270457,ZIVIC,SERGIO,11,65155380,Telefonica Movistar,ANSES / Movistar
DNI 8270457,20082704575,8270457,ZIVIC,SERGIO,11,65485380,Telefonica Movistar,Movistar
DNI 30616398,27306163987,30616398,ENRIQUEZ,NORA MARIANA,11,22165359,Telecom Personal,ANSES
DNI 30616398,27306163987,30616398,ENRIQUEZ,NORA MARIANA,11,56678358,Telefonica Movistar,Cablevision
DNI 30616398,27306163987,30616398,ENRIQUEZ,NORA MARIANA,11,22433826,Telefonica Movistar,Movistar
DNI 30616398,27306163987,30616398,ENRIQUEZ,NORA MARIANA,11,63327394,Telefonica Movistar,Movistar
DNI 30616398,27306163987,30616398,ENRIQUEZ,NORA MARIANA,11,70541762,Telefonica Movistar,Movistar
DNI 21773397,23217733979,21773397,MORAN,JORGE RAMON,11,31870422,Telefonica Movistar,Cablevision / Movistar
DNI 21773397,23217733979,21773397,MORAN,JORGE RAMON,11,36841168,Telefonica Movistar,Movistar
DNI 21773397,23217733979,21773397,MORAN,JORGE RAMON,11,49499796,Telefonica Movistar,Movistar
DNI 21773397,23217733979,21773397,MORAN,JORGE RAMON,11,51534964,Telefonica Movistar,Movistar
DNI 21773397,23217733979,21773397,MORAN,JORGE RAMON,11,53121730,Telefonica Movistar,Movistar
DNI 21773397,23217733979,21773397,MORAN,JORGE RAMON,11,58130137,Telefonica Movistar,Movistar
DNI 21773397,23217733979,21773397,MORAN,JORGE RAMON,11,66585268,AMX ARGENTINA,Claro
DNI 21773397,23217733979,21773397,MORAN,JORGE RAMON,11,64261145,AMX ARGENTINA,Claro
DNI 20335393,20203353937,20335393,CORIA,CESAR RUBEN,11,66574220,AMX ARGENTINA,ANSES
DNI 22024103,27220241039,22024103,WENBICKI,VIVIANA LAURA,11,55682221,Telecom Personal,ANSES
DNI 22024103,27220241039,22024103,WENBICKI,VIVIANA LAURA,11,61940664,Telefonica Movistar,Movistar
DNI 24994690,27249946902,24994690,MAGGIO,MARIA FLORENCIA,11,62291662,AMX ARGENTINA,ANSES
DNI 24994690,27249946902,24994690,MAGGIO,MARIA FLORENCIA,11,67868741,Telefonica Movistar,Movistar
DNI 13664101,27136641013,13664101,RAMOS,SUSANA AMANDA,11,55914850,AMX ARGENTINA,ANSES / Cablevision
DNI 13664101,27136641013,13664101,RAMOS,SUSANA AMANDA,11,62922460,Telefonica Movistar,Movistar
DNI 16497086,20164970869,16497086,PALOMO,ROLANDO,11,31674013,Telefonica Movistar,Movistar
DNI 16497086,20164970869,16497086,PALOMO,ROLANDO,11,55778146,Telefonica Movistar,Movistar
DNI 16497086,20164970869,16497086,PALOMO,ROLANDO,11,64143071,AMX ARGENTINA,Claro
DNI 16497086,20164970869,16497086,PALOMO,ROLANDO,11,62267132,AMX ARGENTINA,Claro
DNI 16497086,20164970869,16497086,PALOMO,ROLANDO,11,58805042,AMX ARGENTINA,Claro
DNI 17499360,27174993608,17499360,FAITA,ANDREA FABIANA,11,40906668,Telefonica Movistar,ANSES / Movistar
DNI 17499360,27174993608,17499360,FAITA,ANDREA FABIANA,11,38819152,Telefonica Movistar,Movistar
DNI 17499360,27174993608,17499360,FAITA,ANDREA FABIANA,11,40333477,Telefonica Movistar,Movistar
DNI 22226977,20222269777,22226977,AZZETTI,LEONARDO CARLOS GUIDO,11,64302251,AMX ARGENTINA,Cablevision
DNI 22981039,27229810397,22981039,Lensina,Maria,11,54088570,AMX ARGENTINA,Cablevision
DNI 22981039,27229810397,22981039,Lensina,Maria,351,2832079,Telefonica Movistar,Movistar
DNI 22981039,27229810397,22981039,Lensina,Maria,351,3314076,Telefonica Movistar,Movistar
DNI 22981039,27229810397,22981039,Lensina,Maria,351,3330551,Telefonica Movistar,Movistar
DNI 22981039,27229810397,22981039,Lensina,Maria,351,3351640,Telefonica Movistar,Movistar
DNI 22981039,27229810397,22981039,Lensina,Maria,351,5077376,Telefonica Movistar,Movistar
DNI 22981039,27229810397,22981039,Lensina,Maria,351,6286601,Telefonica Movistar,Movistar
DNI 22981039,27229810397,22981039,Lensina,Maria,351,6289604,Telefonica Movistar,Movistar
DNI 22981039,27229810397,22981039,Lensina,Maria,358,4352622,Telefonica Movistar,Movistar
DNI 22981039,27229810397,22981039,Lensina,Maria,358,5011957,Telefonica Movistar,Movistar
DNI 22981039,20229810392,22981039,VILDOZA,CHRISTIAN HERNAN,11,54088570,AMX ARGENTINA,Cablevision
DNI 22981039,20229810392,22981039,VILDOZA,CHRISTIAN HERNAN,351,2832079,Telefonica Movistar,Movistar
DNI 22981039,20229810392,22981039,VILDOZA,CHRISTIAN HERNAN,351,3314076,Telefonica Movistar,Movistar
DNI 22981039,20229810392,22981039,VILDOZA,CHRISTIAN HERNAN,351,3330551,Telefonica Movistar,Movistar
DNI 22981039,20229810392,22981039,VILDOZA,CHRISTIAN HERNAN,351,3351640,Telefonica Movistar,Movistar
DNI 22981039,20229810392,22981039,VILDOZA,CHRISTIAN HERNAN,351,5077376,Telefonica Movistar,Movistar
DNI 22981039,20229810392,22981039,VILDOZA,CHRISTIAN HERNAN,351,6286601,Telefonica Movistar,Movistar
DNI 22981039,20229810392,22981039,VILDOZA,CHRISTIAN HERNAN,351,6289604,Telefonica Movistar,Movistar
DNI 22981039,20229810392,22981039,VILDOZA,CHRISTIAN HERNAN,358,4352622,Telefonica Movistar,Movistar
DNI 22981039,20229810392,22981039,VILDOZA,CHRISTIAN HERNAN,358,5011957,Telefonica Movistar,Movistar
DNI 4149417,23041494174,4149417,LOPEZ,ZULMA DILMA,11,68553357,Telecom Personal,ANSES
DNI 4149417,23041494174,4149417,LOPEZ,ZULMA DILMA,2964,487555,Telefonica Movistar,Movistar
DNI 4149417,20041494175,4149417,SANTA CRUZ,JUAN ANTONIO,11,68553357,Telecom Personal,ANSES
DNI 4149417,20041494175,4149417,SANTA CRUZ,JUAN ANTONIO,2964,487555,Telefonica Movistar,Movistar
DNI 17287133,20172871330,17287133,BROSKY,MARCELO IGNACIO,11,40255712,Telefonica Movistar,Cablevision
DNI 17287133,20172871330,17287133,BROSKY,MARCELO IGNACIO,11,57327524,AMX ARGENTINA,Claro
DNI 17287133,20172871330,17287133,BROSKY,MARCELO IGNACIO,11,57327661,AMX ARGENTINA,Claro
DNI 5441755,27054417557,5441755,GONZALEZ,LEONOR,11,31011680,Telecom Personal,Personal
DNI 5441755,27054417557,5441755,GONZALEZ,LEONOR,11,33641210,AMX ARGENTINA,Claro
DNI 5441755,27054417557,5441755,GONZALEZ,LEONOR,11,33644031,AMX ARGENTINA,Claro
DNI 29616524,20296165248,29616524,GOMEZ,DIEGO LEANDRO,11,31088483,Telecom Personal,ANSES
DNI 29616524,20296165248,29616524,GOMEZ,DIEGO LEANDRO,11,57666367,Telecom Personal,Personal
DNI 29616524,20296165248,29616524,GOMEZ,DIEGO LEANDRO,11,68083170,Telecom Personal,Personal
DNI 26299859,20262998593,26299859,MONTOYA SERGIO DANIEL,SERGIO DANIEL,11,22441200,Telefonica Movistar,Cablevision
DNI 26299859,20262998593,26299859,MONTOYA SERGIO DANIEL,SERGIO DANIEL,11,40581922,Telecom Personal,Cablevision
DNI 26299859,20262998593,26299859,MONTOYA SERGIO DANIEL,SERGIO DANIEL,11,69242659,Telefonica Movistar,Movistar
DNI 26299859,20262998593,26299859,MONTOYA SERGIO DANIEL,SERGIO DANIEL,11,22565550,Telefonica Movistar,Movistar
DNI 10678326,27106783263,10678326,MACCARONE,HAYDEE ROSARIO,2224,465364,AMX ARGENTINA,ANSES
DNI 18076260,23180762604,18076260,PASSARDI,RITA MARIA A,11,57082601,Telefonica Movistar,Movistar
DNI 18076260,23180762604,18076260,PASSARDI,RITA MARIA A,11,69383127,Telefonica Movistar,Movistar
DNI 18076260,23180762604,18076260,PASSARDI,RITA MARIA A,11,38804508,Telefonica Movistar,Movistar
DNI 18076260,23180762604,18076260,PASSARDI,RITA MARIA A,11,59891642,Telefonica Movistar,Movistar
DNI 27637640,27276376409,27637640,GUZMAN,IVANA MARIELA,11,68768585,Telecom Personal,ANSES / Movistar
DNI 27637640,27276376409,27637640,GUZMAN,IVANA MARIELA,11,22338571,Telefonica Movistar,Movistar
DNI 27637640,27276376409,27637640,GUZMAN,IVANA MARIELA,11,23067585,Telefonica Movistar,Movistar
DNI 27637640,27276376409,27637640,GUZMAN,IVANA MARIELA,11,57089287,Telefonica Movistar,Movistar
DNI 27637640,27276376409,27637640,GUZMAN,IVANA MARIELA,11,22934441,Telefonica Movistar,Movistar
DNI 27636260,27276362602,27636260,PREZIOSO,LORENA NATALIA,11,44367524,Telefonica Movistar,ANSES / Cablevision / Movistar
DNI 27636260,27276362602,27636260,PREZIOSO,LORENA NATALIA,11,36299154,Telefonica Movistar,Movistar
DNI 27636260,27276362602,27636260,PREZIOSO,LORENA NATALIA,11,40365445,Telefonica Movistar,Movistar
DNI 27636260,27276362602,27636260,PREZIOSO,LORENA NATALIA,11,40418349,Telefonica Movistar,Movistar
DNI 93886970,27938869702,93886970,MORAL,"RIVAROLA VICTORIA      ",11,40904303,Telefonica Movistar,ANSES / Personal
DNI 93886970,27938869702,93886970,MORAL,"RIVAROLA VICTORIA      ",11,34558649,Telecom Personal,Personal
DNI 93886970,27938869702,93886970,MORAL,"RIVAROLA VICTORIA      ",11,69697913,Telecom Personal,Personal
DNI 26119183,20261191831,26119183,BENITEZ,HERNAN JAVIER,11,39126419,Telefonica Movistar,Cablevision
DNI 26119183,20261191831,26119183,BENITEZ,HERNAN JAVIER,11,33027685,AMX ARGENTINA,Claro
DNI 23525390,23235253909,23525390,IBARRA,ALEJANDRO ADRIAN,2257,523536,AMX ARGENTINA,ANSES
DNI 23525390,23235253909,23525390,IBARRA,ALEJANDRO ADRIAN,2257,555555,Telefonica Movistar,Movistar
DNI 23525390,23235253909,23525390,IBARRA,ALEJANDRO ADRIAN,2257,539577,AMX ARGENTINA,Claro
DNI 23525390,23235253909,23525390,IBARRA,ALEJANDRO ADRIAN,2257,613885,AMX ARGENTINA,Claro
DNI 22195391,20221953917,22195391,LAUZEL,GUSTAVO ENRIQUE,11,56692225,Telefonica Movistar,Cablevision
DNI 22195391,20221953917,22195391,LAUZEL,GUSTAVO ENRIQUE,11,31959173,Telefonica Movistar,Movistar
DNI 24431141,20244311416,24431141,CARLOS,JUAN PABLO,11,67557007,Telefonica Movistar,ANSES / Movistar
DNI 4641290,27046412902,4641290,PASCUAL,MATILDE GRACIELA,11,65945984,Telecom Personal,ANSES
DNI 4641290,27046412902,4641290,PASCUAL,MATILDE GRACIELA,11,35707035,Telefonica Movistar,Cablevision
DNI 4641290,20046412908,4641290,GARROCHO,JUAN CARLOS,11,65945984,Telecom Personal,ANSES
DNI 4641290,20046412908,4641290,GARROCHO,JUAN CARLOS,11,35707035,Telefonica Movistar,Cablevision
DNI 92645706,20926457064,92645706,GONZALEZ,"HERRERA JUAN DANIEL         ",11,53880217,Telecom Personal,ANSES
DNI 92645706,20926457064,92645706,GONZALEZ,"HERRERA JUAN DANIEL         ",11,35693000,Telefonica Movistar,Personal
DNI 11201330,27112013305,11201330,PAURA,MARIA CRISTINA,11,25121731,Telecom Personal,Cablevision / Movistar / Personal
DNI 11201330,27112013305,11201330,PAURA,MARIA CRISTINA,11,25121744,Telecom Personal,Movistar / Personal
DNI 11201330,27112013305,11201330,PAURA,MARIA CRISTINA,11,58756213,AMX ARGENTINA,Claro
DNI 39551087,27395510873,39551087,BARBOZA,ROCIO BELEN,11,36814436,Telefonica Movistar,ANSES
DNI 39551087,27395510873,39551087,BARBOZA,ROCIO BELEN,11,53220680,Telefonica Movistar,Movistar
DNI 39551087,27395510873,39551087,BARBOZA,ROCIO BELEN,11,59676177,Telefonica Movistar,Movistar
DNI 4282339,20042823393,4282339,REPETTO,EDUARDO ALBERTO,11,50006736,Telefonica Movistar,ANSES / Cablevision / Movistar
DNI 4282339,20042823393,4282339,REPETTO,EDUARDO ALBERTO,11,33376002,AMX ARGENTINA,Claro
DNI 25966746,27259667467,25966746,TASSARA,PAULA VALERIA,11,23149781,Telefonica Movistar,ANSES / Movistar
DNI 25966746,27259667467,25966746,TASSARA,PAULA VALERIA,11,32031214,Telefonica Movistar,Movistar
DNI 25966746,27259667467,25966746,TASSARA,PAULA VALERIA,2255,621983,Telefonica Movistar,Movistar
DNI 14679486,20146794867,14679486,REALES,SERGIO RAUL,11,60130769,AMX ARGENTINA,Cablevision
DNI 5454097,27054540979,5454097,PEREZ,BLANCA BEATRIZ,11,68987954,Telefonica Movistar,ANSES
DNI 5454097,27054540979,5454097,PEREZ,BLANCA BEATRIZ,11,33650664,AMX ARGENTINA,Claro
DNI 5454097,27054540979,5454097,PEREZ,BLANCA BEATRIZ,11,61357729,AMX ARGENTINA,Claro
DNI 7836343,20078363437,7836343,SEVILLANO,NESTOR HORACIO,11,56934237,Telefonica Movistar,ANSES
DNI 7836343,20078363437,7836343,SEVILLANO,NESTOR HORACIO,11,56934257,Telefonica Movistar,Personal
DNI 26661487,20266614870,26661487,MARTIN,ARIEL HERNAN,11,60386835,AMX ARGENTINA,ANSES / Movistar / Personal
DNI 26661487,20266614870,26661487,MARTIN,ARIEL HERNAN,11,33773340,Telecom Personal,Cablevision / Personal
DNI 26661487,20266614870,26661487,MARTIN,ARIEL HERNAN,11,37824929,AMX ARGENTINA,Movistar
DNI 26661487,20266614870,26661487,MARTIN,ARIEL HERNAN,11,35242402,Telecom Personal,Personal
DNI 35416781,20354167817,35416781,VILLARREAL,NELSON ALEJANDRO,11,67869863,Telefonica Movistar,ANSES / Movistar
DNI 35416781,20354167817,35416781,VILLARREAL,NELSON ALEJANDRO,11,44130098,Telefonica Movistar,Movistar
DNI 35416781,20354167817,35416781,VILLARREAL,NELSON ALEJANDRO,11,58078139,Telefonica Movistar,Movistar
DNI 35416781,20354167817,35416781,VILLARREAL,NELSON ALEJANDRO,11,41874212,Telefonica Movistar,Movistar
DNI 10217348,27102173487,10217348,DIAZ,GLADYS TERESA,11,34304228,Telecom Personal,ANSES
DNI 25475691,20254756912,25475691,BARBA DANIEL ROBERTO,DANIEL ROBERTO,2246,586281,Telefonica Movistar,ANSES
DNI 14169574,20141695747,14169574,PIÑA,MIGUEL ADRIAN,11,56956549,Telefonica Movistar,ANSES
DNI 14169574,20141695747,14169574,PIÑA,MIGUEL ADRIAN,11,39450168,Telefonica Movistar,Movistar
DNI 92015162,27920151626,92015162,SUSLUAGA,"NILSA LOURDES         ",11,45652356,Telecom Personal,ANSES
DNI 92015162,27920151626,92015162,SUSLUAGA,"NILSA LOURDES         ",11,66025378,Telecom Personal,Cablevision
DNI 92015162,27920151626,92015162,SUSLUAGA,"NILSA LOURDES         ",11,54793125,Telecom Personal,Personal
DNI 7932133,20079321339,7932133,ACOSTA,BENITO ARCADIO,11,27089697,AMX ARGENTINA,ANSES
DNI 21809365,20218093656,21809365,TROILO,GUSTAVO ADOLFO,11,38176512,AMX ARGENTINA,Cablevision
DNI 21809365,20218093656,21809365,TROILO,GUSTAVO ADOLFO,11,33331937,AMX ARGENTINA,Claro
DNI 32905611,20329056113,32905611,CHAO,HERNAN,11,63374237,Telefonica Movistar,ANSES / Movistar
DNI 32905611,20329056113,32905611,CHAO,HERNAN,11,50419757,Telefonica Movistar,Movistar
DNI 4402943,20044029430,4402943,GALSMAN,ELIAS SAUL,11,33235536,AMX ARGENTINA,Movistar
DNI 4402943,27044029435,4402943,MIRABILE,PASCUALINA ROSA,11,33235536,AMX ARGENTINA,Movistar
DNI 28696617,23286966179,28696617,DELGADO HUGO ENRIQUE,"DELGADO HUGO E N                                                                                                                                      ",11,30926364,Telecom Personal,ANSES
DNI 28696617,23286966179,28696617,DELGADO HUGO ENRIQUE,"DELGADO HUGO E N                                                                                                                                      ",11,28523435,Telefonica Movistar,Movistar
DNI 28696617,23286966179,28696617,DELGADO HUGO ENRIQUE,"DELGADO HUGO E N                                                                                                                                      ",11,38423951,Telefonica Movistar,Movistar
DNI 30287647,23302876479,30287647,TORO JOSE EDUARDO,JOSE EDUARDO,11,38485583,Telefonica Movistar,ANSES / Movistar
DNI 30287647,23302876479,30287647,TORO JOSE EDUARDO,JOSE EDUARDO,11,57406222,AMX ARGENTINA,Cablevision
DNI 30287647,23302876479,30287647,TORO JOSE EDUARDO,JOSE EDUARDO,11,38826345,Telefonica Movistar,Movistar
DNI 30287647,23302876479,30287647,TORO JOSE EDUARDO,JOSE EDUARDO,11,65311561,Telefonica Movistar,Movistar
DNI 93761645,27937616452,93761645,VILLAVERDE,"LEGUIZA ISABEL           ",11,66425456,AMX ARGENTINA,Claro
DNI 93761645,27937616452,93761645,VILLAVERDE,"LEGUIZA ISABEL           ",11,55974659,AMX ARGENTINA,Claro
DNI 25003528,23250035284,25003528,RIOS,LILIANA MABEL,11,65661299,Telecom Personal,ANSES
DNI 25003528,23250035284,25003528,RIOS,LILIANA MABEL,11,66280958,Telecom Personal,Movistar
DNI 25003528,23250035284,25003528,RIOS,LILIANA MABEL,11,53880958,Telecom Personal,Personal
DNI 40458413,27404584133,40458413,OCHOA,MARIA VICTORIA,11,36873251,Telefonica Movistar,ANSES / Movistar
DNI 6699243,27066992433,6699243,SUAREZ,GREGORIA ARGENTINA,362,4696857,AMX ARGENTINA,ANSES
DNI 11458376,27114583761,11458376,HUCK,MARIA ESTER,11,41114391,INDICOM SOCIEDAD ANONIMA,ANSES
DNI 6699243,20066992439,6699243,DOMINGUEZ,LUIS ANTONIO,362,4696857,AMX ARGENTINA,ANSES
DNI 16146096,20161460967,16146096,MACIEL,MIGUEL ISAURO,11,21731715,AMX ARGENTINA,ANSES
DNI 16146096,20161460967,16146096,MACIEL,MIGUEL ISAURO,11,28616478,Telefonica Movistar,Movistar
DNI 16146096,20161460967,16146096,MACIEL,MIGUEL ISAURO,11,38493054,Telefonica Movistar,Movistar
DNI 16146096,20161460967,16146096,MACIEL,MIGUEL ISAURO,11,65365470,Telefonica Movistar,Movistar
DNI 16623855,20166238553,16623855,SANTOS,NORBERTO TRANSITO,11,66565249,AMX ARGENTINA,Claro
DNI 16623855,20166238553,16623855,SANTOS,NORBERTO TRANSITO,11,64205232,AMX ARGENTINA,Claro
DNI 23609813,27236098139,23609813,ARCE,ALEJANDRA GABRIELA,11,39008972,Telefonica Movistar,ANSES / Cablevision
DNI 92668898,20926688988,92668898,AGUILA,"DIAZ CRISTIAN HUMBERTO       ",11,30255930,Telecom Personal,Personal
DNI 92668898,20926688988,92668898,AGUILA,"DIAZ CRISTIAN HUMBERTO       ",11,62553785,Telecom Personal,Personal
DNI 92668898,20926688988,92668898,AGUILA,"DIAZ CRISTIAN HUMBERTO       ",11,51017311,Telecom Personal,Personal
DNI 92668898,20926688988,92668898,AGUILA,"DIAZ CRISTIAN HUMBERTO       ",11,57606733,Telecom Personal,Personal
DNI 92668898,20926688988,92668898,AGUILA,"DIAZ CRISTIAN HUMBERTO       ",11,57473749,Telecom Personal,Personal
DNI 31442087,27314420875,31442087,CAPITANELLI,MARIA NATALIA,11,38610515,Telefonica Movistar,ANSES / Movistar
DNI 31442087,27314420875,31442087,CAPITANELLI,MARIA NATALIA,11,39185702,Telefonica Movistar,Movistar
DNI 31442087,27314420875,31442087,CAPITANELLI,MARIA NATALIA,11,67815786,Telefonica Movistar,Movistar
DNI 31442087,27314420875,31442087,CAPITANELLI,MARIA NATALIA,11,38612409,Telefonica Movistar,Movistar
DNI 4877601,27048776014,4877601,RODRIGUEZ,JUANA R,11,64897426,Telecom Personal,ANSES
DNI 4877601,27048776014,4877601,RODRIGUEZ,JUANA R,11,62843911,Telecom Personal,Personal
DNI 11275850,27112758505,11275850,GRAHL,LILIANA MARTA,11,53690171,Telecom Personal,ANSES / Cablevision / Personal
DNI 4877601,23048776019,4877601,RODRIGUEZ,"ROCA JOSE LUIS                                                                                                                                        ",11,64897426,Telecom Personal,ANSES
DNI 4877601,23048776019,4877601,RODRIGUEZ,"ROCA JOSE LUIS                                                                                                                                        ",11,62843911,Telecom Personal,Personal
DNI 5752408,27057524087,5752408,STRELEC,MIRTA HAYDEE,11,49392974,Telefonica Movistar,ANSES / Personal
DNI 5752408,27057524087,5752408,STRELEC,MIRTA HAYDEE,11,51655013,Telefonica Movistar,Cablevision
DNI 5752408,27057524087,5752408,STRELEC,MIRTA HAYDEE,11,50484762,Telefonica Movistar,Personal
DNI 5752408,20057524082,5752408,GUTIERREZ FAUSTINO HERMINIO,FAUSTINO HERMINIO,11,49392974,Telefonica Movistar,ANSES / Personal
DNI 5752408,20057524082,5752408,GUTIERREZ FAUSTINO HERMINIO,FAUSTINO HERMINIO,11,51655013,Telefonica Movistar,Cablevision
DNI 5752408,20057524082,5752408,GUTIERREZ FAUSTINO HERMINIO,FAUSTINO HERMINIO,11,50484762,Telefonica Movistar,Personal
DNI 12789595,20127895954,12789595,LOPEZ,NESTOR ALBERTO,11,67649871,Telefonica Movistar,ANSES
DNI 22126651,27221266515,22126651,COMAS,MONICA ELIZABETH,11,30183718,Telecom Personal,Personal
DNI 22126651,27221266515,22126651,COMAS,MONICA ELIZABETH,11,60562870,Telecom Personal,Personal
DNI 4368978,23043689789,4368978,ALVAREZ,OSVALDO ANTONIO,11,61783855,Telefonica Movistar,Movistar
DNI 4368978,23043689789,4368978,ALVAREZ,OSVALDO ANTONIO,221,5370776,Telefonica Movistar,Movistar
DNI 21857490,20218574905,21857490,RAMOS,REYNALDO ROSA,11,65233256,Telefonica Movistar,ANSES
DNI 11778341,20117783414,11778341,MARTINEZ,ANTONIO JULIO,11,63041433,Telefonica Movistar,ANSES / Movistar
DNI 11778341,20117783414,11778341,MARTINEZ,ANTONIO JULIO,11,69283337,Telefonica Movistar,Movistar
DNI 11778341,20117783414,11778341,MARTINEZ,ANTONIO JULIO,11,31694860,Telefonica Movistar,Movistar
DNI 10732189,27107321891,10732189,CACCIATORE,MARIA OFELIA,11,41780353,Telefonica Movistar,ANSES / Movistar
DNI 10732189,27107321891,10732189,CACCIATORE,MARIA OFELIA,11,53376704,Telefonica Movistar,Cablevision
DNI 10732189,27107321891,10732189,CACCIATORE,MARIA OFELIA,11,22984907,Telefonica Movistar,Movistar
DNI 4368978,27043689784,4368978,AYBAR,SENOVIA,11,61783855,Telefonica Movistar,Movistar
DNI 4368978,27043689784,4368978,AYBAR,SENOVIA,221,5370776,Telefonica Movistar,Movistar
DNI 8487235,20084872351,8487235,GONZALEZ,HUGO FRANCISCO,11,41921135,Telefonica Movistar,ANSES / Movistar
DNI 8487235,20084872351,8487235,GONZALEZ,HUGO FRANCISCO,11,61471495,Telefonica Movistar,Movistar
DNI 5259462,20052594627,5259462,BUSTOS,JUAN DOMINGO,11,65711404,Telecom Personal,ANSES
DNI 5259462,27052594621,5259462,BUSTOS,"MERCADO SIMONA ANA                                                                                                                                    ",11,65711404,Telecom Personal,ANSES
DNI 10671623,23106716234,10671623,SILVA,ELIDA ELBA,11,63766273,Telefonica Movistar,Cablevision
DNI 10671623,23106716234,10671623,SILVA,ELIDA ELBA,11,44394649,Telefonica Movistar,Movistar
DNI 30497604,20304976048,30497604,BARROCA,JUAN MARCOS,11,61161486,Telecom Personal,ANSES
DNI 30497604,20304976048,30497604,BARROCA,JUAN MARCOS,11,59453517,Telefonica Movistar,Movistar
DNI 30497604,20304976048,30497604,BARROCA,JUAN MARCOS,11,36038431,Telefonica Movistar,Movistar
DNI 20281710,27202817101,20281710,MUSCO,CLAUDIA GRACIELA,2252,448273,AMX ARGENTINA,ANSES
DNI 20281710,27202817101,20281710,MUSCO,CLAUDIA GRACIELA,2252,446207,AMX ARGENTINA,Claro
DNI 20281710,27202817101,20281710,MUSCO,CLAUDIA GRACIELA,2252,403261,AMX ARGENTINA,Claro
DNI 20281710,27202817101,20281710,MUSCO,CLAUDIA GRACIELA,2252,417821,AMX ARGENTINA,Claro
DNI 20281710,27202817101,20281710,MUSCO,CLAUDIA GRACIELA,2252,419038,AMX ARGENTINA,Claro
DNI 10671623,20106716235,10671623,ALEJANDRO,MEDINA,11,63766273,Telefonica Movistar,Cablevision
DNI 10671623,20106716235,10671623,ALEJANDRO,MEDINA,11,44394649,Telefonica Movistar,Movistar
DNI 23149834,20231498347,23149834,MELLIA BERONDA,MATIAS EUGENIO,11,30765505,Telecom Personal,ANSES / Movistar / Personal
DNI 23149834,20231498347,23149834,MELLIA BERONDA,MATIAS EUGENIO,11,57634377,Telecom Personal,Movistar / Personal
DNI 23149834,20231498347,23149834,MELLIA BERONDA,MATIAS EUGENIO,11,34625291,Telecom Personal,Personal
DNI 3959078,27039590781,3959078,ANELLO,MARIA DE GUADALUPE,11,26706239,AMX ARGENTINA,Cablevision
DNI 28312126,20283121268,28312126,CARABALLO,CLAUDIO MARCELO,11,21750920,AMX ARGENTINA,Cablevision
DNI 28312126,20283121268,28312126,CARABALLO,CLAUDIO MARCELO,11,36736159,Telefonica Movistar,Movistar
DNI 8528150,20085281500,8528150,GONZALEZ,BENJAMIN,11,61116908,Telecom Personal,ANSES
DNI 8528150,20085281500,8528150,GONZALEZ,BENJAMIN,11,63731696,Telefonica Movistar,Movistar
DNI 8528150,20085281500,8528150,GONZALEZ,BENJAMIN,11,68030852,Telecom Personal,Personal
DNI 3959078,20039590787,3959078,ANELLO,"CHAILE VICITACION ISABEL                                                                                                                              ",11,26706239,AMX ARGENTINA,Cablevision
DNI 22312701,20223127011,22312701,AMAYA,CESAR MARIO,11,44456025,Telefonica Movistar,ANSES / Movistar
DNI 22312701,20223127011,22312701,AMAYA,CESAR MARIO,11,61892468,Telefonica Movistar,Cablevision / Movistar
DNI 22312701,20223127011,22312701,AMAYA,CESAR MARIO,11,40276067,Telefonica Movistar,Movistar
DNI 28312126,20283121268,28312126,CARABALLO,CLAUDIO MARCELO,11,21750920,AMX ARGENTINA,Cablevision
DNI 28312126,20283121268,28312126,CARABALLO,CLAUDIO MARCELO,11,36736159,Telefonica Movistar,Movistar
DNI 7940451,23079404519,7940451,SOSA,MANUEL AGUSTIN,11,31664255,Telefonica Movistar,ANSES
DNI 10428155,27104281554,10428155,PEIJOO,ANTONIA NELIDA,11,50223889,AMX ARGENTINA,ANSES
DNI 10428155,27104281554,10428155,PEIJOO,ANTONIA NELIDA,11,66298901,Telecom Personal,Personal
DNI 7940451,27079404514,7940451,SOSA,"DIAZ LUISA S                                                                                                                                          ",11,31664255,Telefonica Movistar,ANSES
DNI 34306340,27343063402,34306340,CASTILLO,AYELEN VANESA,11,31318238,Telecom Personal,ANSES
DNI 34306340,27343063402,34306340,CASTILLO,AYELEN VANESA,11,31318234,Telecom Personal,ANSES
DNI 34306340,27343063402,34306340,CASTILLO,AYELEN VANESA,11,34577360,Telecom Personal,Cablevision
DNI 2343774,27023437746,2343774,DAFFARA,MARIA ELENA,11,62060987,AMX ARGENTINA,ANSES
DNI 2343774,27023437746,2343774,DAFFARA,MARIA ELENA,11,23142166,Telefonica Movistar,Cablevision / Movistar
DNI 2343774,27023437746,2343774,DAFFARA,MARIA ELENA,11,35978098,Telefonica Movistar,Movistar
DNI 2343774,27023437746,2343774,DAFFARA,MARIA ELENA,11,59224552,Telefonica Movistar,Movistar
DNI 12183268,20121832683,12183268,MUÑOZ,RICARDO OSVALDO,11,66009118,Telecom Personal,ANSES / Movistar
DNI 12183268,20121832683,12183268,MUÑOZ,RICARDO OSVALDO,11,41453375,Telefonica Movistar,Movistar
DNI 11098863,27110988635,11098863,ZIBECCHI,LAURA ELENA,11,61752151,Telefonica Movistar,ANSES
DNI 2734202,27027342022,2734202,RUS,MARIA ESTHER,11,59268086,Telefonica Movistar,Cablevision
DNI 10970504,20109705048,10970504,VERON,HUGO RUBEN,11,22570735,Telefonica Movistar,Movistar
DNI 10970504,20109705048,10970504,VERON,HUGO RUBEN,11,34556663,Telecom Personal,Movistar
DNI 26036495,20260364953,26036495,ESPINOSA,CLAUDIO ALEJANDRO,11,49892347,Telefonica Movistar,Movistar
DNI 26036495,20260364953,26036495,ESPINOSA,CLAUDIO ALEJANDRO,11,33344970,AMX ARGENTINA,Movistar
DNI 24420728,20244207287,24420728,GONZALEZ,OSCAR ALBERTO,11,51646667,Telefonica Movistar,Movistar
DNI 24420728,20244207287,24420728,GONZALEZ,OSCAR ALBERTO,11,56249192,Telefonica Movistar,Movistar
DNI 13730072,27137300724,13730072,ALBARENGA,ZULMA MIRTA,11,51158236,Telecom Personal,ANSES
DNI 11713152,20117131522,11713152,HERRERA,GUILLERMO LUIS,11,44094027,Telefonica Movistar,ANSES
DNI 11713152,20117131522,11713152,HERRERA,GUILLERMO LUIS,11,63320517,Telefonica Movistar,Movistar
DNI 11713152,20117131522,11713152,HERRERA,GUILLERMO LUIS,11,65004766,Telefonica Movistar,Movistar
DNI 11713152,20117131522,11713152,HERRERA,GUILLERMO LUIS,11,69098181,Telefonica Movistar,Movistar
DNI 16732987,20167329870,16732987,CENTURION,JOSE HORACIO,348,4580410,Telecom Personal,Movistar
DNI 16732987,20167329870,16732987,CENTURION,JOSE HORACIO,11,28516645,Telefonica Movistar,Movistar
DNI 16732987,20167329870,16732987,CENTURION,JOSE HORACIO,3755,577959,AMX ARGENTINA,Claro
DNI 20471505,20204715050,20471505,GOMEZ,CARLOS ALBERTO,11,37309890,Telecom Personal,ANSES
DNI 5485103,27054851036,5485103,FUNES,NELBA NOEMI,291,5752163,AMX ARGENTINA,ANSES / Cablevision
DNI 5485103,20054851031,5485103,SANSONE,ANGEL ESTEBAN,291,5752163,AMX ARGENTINA,ANSES / Cablevision
DNI 5319601,27053196018,5319601,FERNANDEZ,ISABEL MARIA,2257,553611,Telefonica Movistar,ANSES
DNI 5319601,27053196018,5319601,FERNANDEZ,ISABEL MARIA,11,59107738,AMX ARGENTINA,ANSES
DNI 5319601,27053196018,5319601,FERNANDEZ,ISABEL MARIA,11,57266131,AMX ARGENTINA,Cablevision
DNI 5319601,20053196013,5319601,ARANDA,RAMON LUJAN,2257,553611,Telefonica Movistar,ANSES
DNI 5319601,20053196013,5319601,ARANDA,RAMON LUJAN,11,59107738,AMX ARGENTINA,ANSES
DNI 5319601,20053196013,5319601,ARANDA,RAMON LUJAN,11,57266131,AMX ARGENTINA,Cablevision
DNI 3873394,27038733945,3873394,QUEVEDO,OLGA ZULEMA,11,32525879,AMX ARGENTINA,ANSES / Movistar
DNI 3873394,27038733945,3873394,QUEVEDO,OLGA ZULEMA,11,51540082,Telefonica Movistar,Movistar
DNI 6388200,20063882004,6388200,ARGUELLO,ALBERTO OSCAR,3543,558180,AMX ARGENTINA,Cablevision
DNI 6388200,27063882009,6388200,ARENA,MONICA MARIA CRISTINA,3543,558180,AMX ARGENTINA,Cablevision
DNI 28587729,27285877291,28587729,MENDEZ,NATALIA ALEJANDRA,11,59426433,Telefonica Movistar,ANSES
DNI 28587729,27285877291,28587729,MENDEZ,NATALIA ALEJANDRA,11,41762353,Telefonica Movistar,Cablevision
DNI 28587729,27285877291,28587729,MENDEZ,NATALIA ALEJANDRA,11,28174677,Telefonica Movistar,Movistar
DNI 28587729,27285877291,28587729,MENDEZ,NATALIA ALEJANDRA,11,67080389,Telefonica Movistar,Movistar
DNI 28587729,27285877291,28587729,MENDEZ,NATALIA ALEJANDRA,11,60182443,AMX ARGENTINA,Claro
DNI 14814851,20148148512,14814851,GODOY,JOSE MARCELO,11,59928325,Telefonica Movistar,Movistar
DNI 16114640,20161146405,16114640,NICOLAS MATIAS,EBORA,11,33315624,AMX ARGENTINA,Cablevision / Movistar
DNI 16114640,20161146405,16114640,NICOLAS MATIAS,EBORA,11,33399937,AMX ARGENTINA,Movistar
DNI 17196326,27171963260,17196326,ROMANO,MARIA ALEJANDRA,11,66729886,AMX ARGENTINA,Cablevision
DNI 93879468,27938794680,93879468,MERELES,"CANDIDA        ",11,54875798,Telefonica Movistar,ANSES
DNI 9995264,23099952644,9995264,GARCIA,PABLA,11,40406857,Telefonica Movistar,ANSES
DNI 9995264,23099952644,9995264,GARCIA,PABLA,11,41990717,Telefonica Movistar,Movistar
DNI 16114640,23161146404,16114640,DE VINCENTIS,MIRYAM ELIZABETH,11,33315624,AMX ARGENTINA,Cablevision / Movistar
DNI 16114640,23161146404,16114640,DE VINCENTIS,MIRYAM ELIZABETH,11,33399937,AMX ARGENTINA,Movistar
DNI 5900294,27059002940,5900294,VIDAL,ESTELA RAMONA,11,38017028,AMX ARGENTINA,ANSES
DNI 5900294,20059002946,5900294,ORSINI SILVERIO SEBASTIAN,ESTELA RAMONA,11,38017028,AMX ARGENTINA,ANSES
DNI 28266107,27282661077,28266107,CHOCOBAR,PAMELA MELINA,11,62694256,Telecom Personal,ANSES / Personal
DNI 17656425,20176564254,17656425,SENISE,HECTOR ARMANDO,11,67049285,Telefonica Movistar,Movistar
DNI 17656425,20176564254,17656425,SENISE,HECTOR ARMANDO,11,51817916,Telecom Personal,Personal
DNI 17656425,20176564254,17656425,SENISE,HECTOR ARMANDO,11,25814951,Telecom Personal,Personal
DNI 5488940,20054889403,5488940,RECALDE,NESTOR ADEMAR,291,5735592,AMX ARGENTINA,Cablevision
DNI 5488940,20054889403,5488940,RECALDE,NESTOR ADEMAR,2246,448066,Telecom Personal,Personal
DNI 4187840,20041878402,4187840,PILTCH,ENRIQUE,11,67020186,Telefonica Movistar,ANSES / Cablevision / Movistar
DNI 4187840,20041878402,4187840,PILTCH,ENRIQUE,11,31859644,Telefonica Movistar,Movistar
DNI 5488940,27054889408,5488940,PALOMBO,ANA MARIA,291,5735592,AMX ARGENTINA,Cablevision
DNI 5488940,27054889408,5488940,PALOMBO,ANA MARIA,2246,448066,Telecom Personal,Personal
DNI 13302738,27133027381,13302738,GOMEZ,MARTA ELENA,11,40380684,Telecom Personal,ANSES
DNI 4187840,27041878407,4187840,PILTCH,"BURGOS ANGELA HAYDEE                                                                                                                                  ",11,67020186,Telefonica Movistar,ANSES / Cablevision / Movistar
DNI 4187840,27041878407,4187840,PILTCH,"BURGOS ANGELA HAYDEE                                                                                                                                  ",11,31859644,Telefonica Movistar,Movistar
DNI 4505142,27045051426,4505142,TOLABA,ELENA LIDIA,11,70200859,Telefonica Movistar,Cablevision
DNI 29599387,27295993877,29599387,ARELLO,ELIZABETH GISELA,11,59654977,Telefonica Movistar,Movistar
DNI 29599387,27295993877,29599387,ARELLO,ELIZABETH GISELA,11,32873057,AMX ARGENTINA,Claro
DNI 10090133,20100901332,10090133,ESPINDOLA,ANGEL C,11,51159941,Telecom Personal,ANSES
DNI 10090133,20100901332,10090133,ESPINDOLA,ANGEL C,11,59941981,Telefonica Movistar,Cablevision / Movistar
DNI 10090133,20100901332,10090133,ESPINDOLA,ANGEL C,11,63997308,Telecom Personal,Movistar
DNI 16038378,27160383785,16038378,MIRANDA,VIVIAN EDITH,11,63541462,Telefonica Movistar,Cablevision / Movistar
DNI 16038378,27160383785,16038378,MIRANDA,VIVIAN EDITH,11,23495051,Telefonica Movistar,Movistar
DNI 16038378,27160383785,16038378,MIRANDA,VIVIAN EDITH,11,59494127,Telefonica Movistar,Movistar
DNI 13431676,20134316765,13431676,RICCI,OSCAR ENRIQUE,11,45285806,Telefonica Movistar,Cablevision / Movistar
DNI 13431676,20134316765,13431676,RICCI,OSCAR ENRIQUE,11,23012781,Telefonica Movistar,Movistar
DNI 13431676,20134316765,13431676,RICCI,OSCAR ENRIQUE,11,56630420,Telefonica Movistar,Movistar
DNI 16038378,20160383780,16038378,MIRANDA,"MURYK ENRIQUE                                                                                                                                         ",11,63541462,Telefonica Movistar,Cablevision / Movistar
DNI 16038378,20160383780,16038378,MIRANDA,"MURYK ENRIQUE                                                                                                                                         ",11,23495051,Telefonica Movistar,Movistar
DNI 16038378,20160383780,16038378,MIRANDA,"MURYK ENRIQUE                                                                                                                                         ",11,59494127,Telefonica Movistar,Movistar
DNI 40398394,27403983948,40398394,GUDIÑO,SHEILA MELANIE,11,28818743,Telefonica Movistar,Movistar
DNI 40398394,27403983948,40398394,GUDIÑO,SHEILA MELANIE,11,34497483,Telecom Personal,Movistar
DNI 40398394,27403983948,40398394,GUDIÑO,SHEILA MELANIE,11,34101535,Telecom Personal,Personal
DNI 5611078,20056110780,5611078,DOMINGUEZ,ALBERTO ADOLFO,11,63368023,Telefonica Movistar,ANSES
DNI 5611078,27056110785,5611078,LEIVA,VICTORIANA,11,63368023,Telefonica Movistar,ANSES
DNI 5611078,20056110780,5611078,DOMINGUEZ,ALBERTO ADOLFO,11,63368023,Telefonica Movistar,ANSES
DNI 18133296,23181332964,18133296,AQUINO,MERCEDES NOEMI,11,67197499,Telefonica Movistar,ANSES / Movistar
DNI 18133296,23181332964,18133296,AQUINO,MERCEDES NOEMI,11,36315634,Telefonica Movistar,Movistar
DNI 18133296,23181332964,18133296,AQUINO,MERCEDES NOEMI,11,64924657,Telefonica Movistar,Movistar
DNI 18133296,23181332964,18133296,AQUINO,MERCEDES NOEMI,11,56902075,Telefonica Movistar,Movistar
DNI 11893524,27118935247,11893524,LARA,NORA NOEMI,11,54654231,Telecom Personal,ANSES
DNI 11893524,27118935247,11893524,LARA,NORA NOEMI,11,36633037,Telefonica Movistar,Movistar
DNI 11893524,27118935247,11893524,LARA,NORA NOEMI,11,70001135,Telefonica Movistar,Movistar
DNI 11893524,27118935247,11893524,LARA,NORA NOEMI,11,32537912,AMX ARGENTINA,Claro
DNI 11893524,27118935247,11893524,LARA,NORA NOEMI,11,64316148,AMX ARGENTINA,Claro
DNI 30427058,20304270587,30427058,SANCHIS MELIAN,FEDERICO EZEQUIEL,11,68893277,Telecom Personal,ANSES / Personal
DNI 30427058,20304270587,30427058,SANCHIS MELIAN,FEDERICO EZEQUIEL,11,58473067,Telecom Personal,ANSES
DNI 12204548,27122045485,12204548,ACOSTA,MARIA DEL CARMEN,11,65385146,Telefonica Movistar,Movistar
DNI 30525731,20305257312,30525731,MAMMARELLA,DANTE JAVIER,11,33590797,AMX ARGENTINA,Cablevision
DNI 4505262,27045052627,4505262,DIAZ,MABEL ALICIA,11,36273282,Telefonica Movistar,Cablevision
DNI 4505262,20045052622,4505262,DIAZ,"BALBI LUIS ANTONIO                                                                                                                                    ",11,36273282,Telefonica Movistar,Cablevision
DNI 11299095,27112990955,11299095,BATISTA,MARIA EVA,11,59081282,AMX ARGENTINA,ANSES
DNI 12864750,27128647509,12864750,MASCAREÑO,ELBA ESTER,11,36231148,Telefonica Movistar,ANSES
DNI 31926802,27319268028,31926802,MORALES,ALDANA BELEN,11,32784307,AMX ARGENTINA,ANSES
DNI 18258341,27182583419,18258341,KRENZ,VIRGINIA SILVIA,11,50072992,AMX ARGENTINA,Cablevision / Movistar
DNI 18258341,27182583419,18258341,KRENZ,VIRGINIA SILVIA,11,59409770,Telefonica Movistar,Movistar
DNI 6662167,20066621678,6662167,SLININ OSVALDO,NELIDA JOSEFA,11,59403371,Telefonica Movistar,ANSES
DNI 6662167,27066621672,6662167,D AMICO,NELIDA JOSEFA,11,59403371,Telefonica Movistar,ANSES
DNI 17230040,27172300400,17230040,VELAZQUEZ,ANA DOLORES,11,39469744,Telefonica Movistar,ANSES
DNI 17230040,27172300400,17230040,VELAZQUEZ,ANA DOLORES,11,57280602,AMX ARGENTINA,Claro
DNI 17230040,27172300400,17230040,VELAZQUEZ,ANA DOLORES,11,61317228,AMX ARGENTINA,Claro
DNI 13073405,27130734052,13073405,MENINI,JORGELINA,11,49361906,Telefonica Movistar,ANSES
DNI 13073405,27130734052,13073405,MENINI,JORGELINA,11,33801241,Telecom Personal,Movistar / Personal
DNI 30846875,27308468750,30846875,LALLANA,CLAUDIA SOLEDAD,11,59754256,Telefonica Movistar,ANSES / Movistar
DNI 30846875,27308468750,30846875,LALLANA,CLAUDIA SOLEDAD,11,31668622,Telefonica Movistar,Movistar
DNI 4875468,27048754681,4875468,CORREA,ROSA ALICIA,11,36420128,Telefonica Movistar,ANSES / Cablevision
DNI 4875468,27048754681,4875468,CORREA,ROSA ALICIA,11,30569049,Telecom Personal,Personal
DNI 8402619,20084026191,8402619,FLORIO,MARCOS ANTONIO,11,44954954,Telecom Personal,ANSES
DNI 8402619,20084026191,8402619,FLORIO,MARCOS ANTONIO,11,65696003,Telecom Personal,Personal
DNI 8402619,20084026191,8402619,FLORIO,MARCOS ANTONIO,11,38449292,Telefonica Movistar,Personal
DNI 4875468,20048754687,4875468,BARRIONUEVO,LUIS CARLOS,11,36420128,Telefonica Movistar,ANSES / Cablevision
DNI 4875468,20048754687,4875468,BARRIONUEVO,LUIS CARLOS,11,30569049,Telecom Personal,Personal
DNI 26160499,27261604995,26160499,POMAR ERIKA NELIDA,ERIKA NELIDA,11,55073689,AMX ARGENTINA,ANSES / Cablevision / Movistar
DNI 26160499,27261604995,26160499,POMAR ERIKA NELIDA,ERIKA NELIDA,11,28063227,AMX ARGENTINA,Movistar
DNI 26160499,27261604995,26160499,POMAR ERIKA NELIDA,ERIKA NELIDA,2254,538594,AMX ARGENTINA,Movistar
DNI 32220057,23322200579,32220057,MANDARINO,FEDERICO MATIAS,261,5875960,Telefonica Movistar,ANSES
DNI 32220057,23322200579,32220057,MANDARINO,FEDERICO MATIAS,291,5129003,Telefonica Movistar,Movistar
DNI 23790463,20237904630,23790463,RECIO,PAULO CESAR,341,3507055,AMX ARGENTINA,ANSES
DNI 23790463,20237904630,23790463,RECIO,PAULO CESAR,341,3292317,Telefonica Movistar,Movistar
DNI 23790463,20237904630,23790463,RECIO,PAULO CESAR,341,5801079,Telefonica Movistar,Movistar
DNI 23790463,20237904630,23790463,RECIO,PAULO CESAR,341,3222620,Telecom Personal,Personal
DNI 27274438,27272744381,27274438,AMABILE ANDREA VERONICA,ANDREA VERONICA,11,60574430,Telecom Personal,ANSES
DNI 27274438,27272744381,27274438,AMABILE ANDREA VERONICA,ANDREA VERONICA,11,59760374,Telefonica Movistar,Movistar
DNI 27274438,27272744381,27274438,AMABILE ANDREA VERONICA,ANDREA VERONICA,11,55072389,AMX ARGENTINA,Movistar
DNI 27274438,27272744381,27274438,AMABILE ANDREA VERONICA,ANDREA VERONICA,381,3434689,Telecom Personal,Personal
DNI 27274438,27272744381,27274438,AMABILE ANDREA VERONICA,ANDREA VERONICA,11,26299400,Telecom Personal,Personal
DNI 40699074,27406990740,40699074,PAEZ,JULIETA GISELLE,381,3275491,Telecom Personal,ANSES
DNI 40699074,27406990740,40699074,PAEZ,JULIETA GISELLE,381,4904779,Telefonica Movistar,Movistar
DNI 40699074,27406990740,40699074,PAEZ,JULIETA GISELLE,381,3490424,Telecom Personal,Personal
DNI 36374546,20363745467,36374546,TOTCHILOVSKI,CRISTIAN GABRIEL,11,35198516,Telecom Personal,ANSES / Movistar / Personal
DNI 18583540,27185835400,18583540,PEREYRA,GRACIELA MABEL,221,6187212,Telefonica Movistar,Movistar
DNI 18583540,27185835400,18583540,PEREYRA,GRACIELA MABEL,3548,532622,Telefonica Movistar,Movistar
DNI 18583540,27185835400,18583540,PEREYRA,GRACIELA MABEL,3548,635427,Telecom Personal,Personal
DNI 32959748,27329597488,32959748,DOMINGUEZ,FLORA GABRIELA VIVIANA,341,5321681,Telecom Personal,ANSES
DNI 34901116,20349011167,34901116,NAPORICHI ALEJANDRO RAMON,ALEJANDRO RAMON,341,6225728,Telefonica Movistar,ANSES
DNI 34901116,20349011167,34901116,NAPORICHI ALEJANDRO RAMON,ALEJANDRO RAMON,341,3899660,Telefonica Movistar,Movistar
DNI 34901116,20349011167,34901116,NAPORICHI ALEJANDRO RAMON,ALEJANDRO RAMON,341,2235116,Telefonica Movistar,Movistar
DNI 34901116,20349011167,34901116,NAPORICHI ALEJANDRO RAMON,ALEJANDRO RAMON,341,6702269,Telefonica Movistar,Movistar
DNI 34901116,20349011167,34901116,NAPORICHI ALEJANDRO RAMON,ALEJANDRO RAMON,341,3199272,AMX ARGENTINA,Claro
DNI 32809467,20328094674,32809467,GUAYMAS,DIEGO ALEJANDRO,387,4764546,Telefonica Movistar,Movistar
DNI 32809467,20328094674,32809467,GUAYMAS,DIEGO ALEJANDRO,387,4510321,Telefonica Movistar,Movistar
DNI 32779177,27327791775,32779177,BARROS,ADRIANA EDIT,299,5528750,Telefonica Movistar,ANSES
DNI 32779177,27327791775,32779177,BARROS,ADRIANA EDIT,299,6827349,AMX ARGENTINA,Cablevision
DNI 32291957,20322919574,32291957,FLORES,DIEGO ARMANDO,298,4351855,Telecom Personal,ANSES
DNI 32291957,20322919574,32291957,FLORES,DIEGO ARMANDO,298,4416234,Telefonica Movistar,Movistar
DNI 32291957,20322919574,32291957,FLORES,DIEGO ARMANDO,298,4910448,AMX ARGENTINA,Movistar
DNI 32291957,20322919574,32291957,FLORES,DIEGO ARMANDO,351,5644463,AMX ARGENTINA,Claro
DNIE95784980,27957849801,95784980,PORTILLO ELISSA ESTELA,ELISSA,11,38387150,Telefonica Movistar,Cablevision / Movistar
DNIE95784980,27957849801,95784980,PORTILLO ELISSA ESTELA,ELISSA,11,49893563,Telefonica Movistar,Movistar
DNI 33010721,23330107219,33010721,ASNAL JORGE MARCELO,JORGE MARCELO,3476,588481,Telecom Personal,Personal
DNI 34464097,27344640977,34464097,PRATVIEL,ESTRELLA CRISTINA,11,66678409,AMX ARGENTINA,ANSES / Movistar
DNI 34464097,27344640977,34464097,PRATVIEL,ESTRELLA CRISTINA,11,45266759,Telefonica Movistar,Movistar
DNI 34464097,27344640977,34464097,PRATVIEL,ESTRELLA CRISTINA,11,69282233,Telefonica Movistar,Movistar
DNI 20457573,27204575733,20457573,ACOSTA,MARIA ELENA,385,4890897,Telecom Personal,Personal
DNI 20457573,27204575733,20457573,ACOSTA,MARIA ELENA,385,5823160,Telecom Personal,Personal
DNI 20457573,27204575733,20457573,ACOSTA,MARIA ELENA,3856,411547,Telecom Personal,Personal
DNI 20457573,27204575733,20457573,ACOSTA,MARIA ELENA,385,5374933,Telecom Personal,Personal
DNIE95818511,20958185112,95818511,PALACIOS OSORIO MARLON ADRIAN,PALACIOS OSORIO MARLON ADRIAN,299,5551907,AMX ARGENTINA,ANSES / Cablevision
DNI 38561155,20385611553,38561155,LAYOIA,MATIAS EZEQUIEL,11,57943681,Telefonica Movistar,ANSES / Movistar
DNI 38561155,20385611553,38561155,LAYOIA,MATIAS EZEQUIEL,11,40882577,Telefonica Movistar,Cablevision
DNIE95904218,20959042188,95904218,CASTELLANO ESCORCIA KENDRY ADALBERTO,CASTELLANO ESCORCIA KENDRY ADALBERTO,11,26764035,AMX ARGENTINA,ANSES
DNI 43743523,27437435230,43743523,LEDESMA,AYLEN LUCIA,11,56251259,AMX ARGENTINA,ANSES
DNI 43371167,20433711670,43371167,DEPETRIS NICOLAS LAUTARO,"DEPETRIS NICOLAS                                                                                                                                      ",351,3338886,Telefonica Movistar,Movistar
DNI 43371167,20433711670,43371167,DEPETRIS NICOLAS LAUTARO,"DEPETRIS NICOLAS                                                                                                                                      ",3541,531813,Telefonica Movistar,Movistar
DNI 36962580,27369625808,36962580,GALLARDO,SOFIA JORGELINA,261,5065176,AMX ARGENTINA,ANSES
DNI 36962580,27369625808,36962580,GALLARDO,SOFIA JORGELINA,261,6592911,Telefonica Movistar,Movistar
DNI 36962580,27369625808,36962580,GALLARDO,SOFIA JORGELINA,261,7222840,Telefonica Movistar,Movistar
DNI 12295927,27122959274,12295927,OLID,CRISTINA DEL VALLE,11,71170212,AMX ARGENTINA,ANSES
DNI 12295927,27122959274,12295927,OLID,CRISTINA DEL VALLE,11,70212075,Telefonica Movistar,Movistar
DNI 34043729,20340437293,34043729,ASTORGA,LEONARDO SILVIO,11,40914952,Telecom Personal,ANSES
DNI 34043729,20340437293,34043729,ASTORGA,LEONARDO SILVIO,11,31232269,Telecom Personal,Movistar
DNI 22269855,27222698559,22269855,AGUERO,ANALIA ROSA,11,35765405,Telefonica Movistar,ANSES
DNI 12475225,27124752251,12475225,FERNANDEZ,LUISA CARMEN,11,32945811,AMX ARGENTINA,ANSES
DNI 25997154,27259971549,25997154,NUÑEZ,SUSANA GRACIELA,11,39343797,Telefonica Movistar,ANSES
DNI 25997154,27259971549,25997154,NUÑEZ,SUSANA GRACIELA,11,36010793,Telefonica Movistar,Movistar
DNI 25997154,27259971549,25997154,NUÑEZ,SUSANA GRACIELA,11,68157449,AMX ARGENTINA,Movistar
DNI 25997154,27259971549,25997154,NUÑEZ,SUSANA GRACIELA,11,38747177,Telefonica Movistar,Movistar
DNI 25997154,27259971549,25997154,NUÑEZ,SUSANA GRACIELA,11,65478508,Telefonica Movistar,Movistar
DNI 37801595,20378015953,37801595,MARTINEZ,SEBASTIAN ORLANDO,11,36374642,Telefonica Movistar,ANSES / Movistar
DNI 37801595,20378015953,37801595,MARTINEZ,SEBASTIAN ORLANDO,11,23051332,Telefonica Movistar,Movistar
DNI 37801595,20378015953,37801595,MARTINEZ,SEBASTIAN ORLANDO,11,32058570,Telefonica Movistar,Movistar
DNI 34279840,27342798409,34279840,SIN DATOS,SIN DATOS,11,65553763,Telecom Personal,ANSES
DNIE95590289,27955902896,95590289,BATISTA SOUZA RAYANA,BATISTA SOUZA RAYANA,11,23137140,Telefonica Movistar,Movistar
DNI 34279840,20342798404,34279840,SANCHEZ,CHRISTIAN FABIAN,11,65553763,Telecom Personal,ANSES
DNI 29156145,20291561455,29156145,PEREZ,EZEQUIEL LUIS,11,66392264,AMX ARGENTINA,ANSES / Cablevision
DNI 38356378,27383563785,38356378,FERNANDEZ,MELINA JANET,11,35865786,Telefonica Movistar,ANSES / Movistar
DNI 38356378,27383563785,38356378,FERNANDEZ,MELINA JANET,11,53266088,Telefonica Movistar,ANSES / Movistar
DNI 38356378,27383563785,38356378,FERNANDEZ,MELINA JANET,11,28317295,Telefonica Movistar,Movistar
DNIE94620071,27946200714,94620071,MONASTERIOS GONZALEZ THANIA SIRET,"MONASTERIOS GONZALEZ THANIA SIRET                                                                                                                     ",11,37025154,Telefonica Movistar,ANSES
DNIE94620071,27946200714,94620071,MONASTERIOS GONZALEZ THANIA SIRET,"MONASTERIOS GONZALEZ THANIA SIRET                                                                                                                     ",11,64225936,AMX ARGENTINA,Personal
DNI 34212144,20342121447,34212144,BARRAZA,FEDERICO EZEQUIEL,11,31824577,Telefonica Movistar,ANSES / Personal
DNI 14950588,27149505887,14950588,BOGADO,MARIA SILVIA,11,53455909,Telecom Personal,Personal
DNI 14950588,27149505887,14950588,BOGADO,MARIA SILVIA,11,52213093,Telecom Personal,Personal
DNI 14950588,27149505887,14950588,BOGADO,MARIA SILVIA,11,69710335,Telecom Personal,Personal
DNI 14950588,27149505887,14950588,BOGADO,MARIA SILVIA,11,32628452,AMX ARGENTINA,Claro
DNI 38688407,27386884078,38688407,VARGAS,"CISTERNA MARIA FLORENCIA                                                                                                                              ",11,31647061,Telefonica Movistar,Movistar
DNI 38688407,27386884078,38688407,VARGAS,"CISTERNA MARIA FLORENCIA                                                                                                                              ",11,39415110,Telefonica Movistar,Movistar
DNI 29783087,27297830878,29783087,BARRIOS,ROMINA HILEN,3718,454327,Telecom Personal,ANSES
DNIE94773656,20947736567,94773656,SANCHEZ TORRES MICHAEL JAMES,TORRES MICHAEL JAMES,11,64066610,AMX ARGENTINA,Cablevision
DNI 38672363,20386723630,38672363,CHARIANO,NORBERTO LUIS OMAR,11,40901365,Telefonica Movistar,ANSES / Movistar
DNI 38672363,20386723630,38672363,CHARIANO,NORBERTO LUIS OMAR,11,23710374,Telefonica Movistar,Movistar
DNI 38672363,20386723630,38672363,CHARIANO,NORBERTO LUIS OMAR,11,35927194,Telefonica Movistar,Movistar
DNI 38672363,20386723630,38672363,CHARIANO,NORBERTO LUIS OMAR,11,63325664,Telefonica Movistar,Movistar
DNI 38672363,20386723630,38672363,CHARIANO,NORBERTO LUIS OMAR,11,35630926,Telefonica Movistar,Movistar
DNI 38672363,20386723630,38672363,CHARIANO,NORBERTO LUIS OMAR,11,35853000,Telefonica Movistar,Movistar
DNI 38672363,20386723630,38672363,CHARIANO,NORBERTO LUIS OMAR,11,70540533,Telefonica Movistar,Movistar
DNIE95283286,27952832862,95283286,SANCHEZ FERRERAS YOHANNA ELIZA,YOHANNA ELIZABETH,11,33408224,AMX ARGENTINA,ANSES / Movistar
DNI 30350236,20303502360,30350236,INDALECIO,JORGE LUIS,3467,418390,AMX ARGENTINA,ANSES
DNI 30350236,20303502360,30350236,INDALECIO,JORGE LUIS,3472,506194,AMX ARGENTINA,Claro
DNI 30350236,20303502360,30350236,INDALECIO,JORGE LUIS,3472,582167,AMX ARGENTINA,Claro
DNI 34843318,20348433181,34843318,SAUCEDO,"MERELES ALDO LEONEL                                                                                                                                   ",341,3190232,AMX ARGENTINA,ANSES / Movistar
DNI 34843318,20348433181,34843318,SAUCEDO,"MERELES ALDO LEONEL                                                                                                                                   ",3402,502457,AMX ARGENTINA,Movistar
DNI 34843318,20348433181,34843318,SAUCEDO,"MERELES ALDO LEONEL                                                                                                                                   ",341,3756539,Telecom Personal,Personal
DNI 34843318,20348433181,34843318,SAUCEDO,"MERELES ALDO LEONEL                                                                                                                                   ",341,6480735,AMX ARGENTINA,Claro
DNI 38688407,20386884073,38688407,VARGAS,ALBERTO NICOLAS,11,31647061,Telefonica Movistar,Movistar
DNI 38688407,20386884073,38688407,VARGAS,ALBERTO NICOLAS,11,39415110,Telefonica Movistar,Movistar
DNI 25900805,20259008051,25900805,VENICA,NICOLAS RAUL,341,2835883,AMX ARGENTINA,Cablevision / Movistar
DNI 25900805,20259008051,25900805,VENICA,NICOLAS RAUL,341,2004045,Telefonica Movistar,Movistar
DNI 25900805,20259008051,25900805,VENICA,NICOLAS RAUL,341,5459112,AMX ARGENTINA,Movistar
DNI 25900805,20259008051,25900805,VENICA,NICOLAS RAUL,341,5804234,Telefonica Movistar,Movistar
DNI 25900805,20259008051,25900805,VENICA,NICOLAS RAUL,341,6877389,Telecom Personal,Personal
DNI 25900805,20259008051,25900805,VENICA,NICOLAS RAUL,341,2147238,AMX ARGENTINA,Claro
DNI 38699796,23386997969,38699796,ROMERO,ALEXIS DIEGO,11,69502055,Telefonica Movistar,ANSES
DNI 38699796,23386997969,38699796,ROMERO,ALEXIS DIEGO,11,24056928,Telefonica Movistar,ANSES
DNIE93970028,20939700286,93970028,CELIS,"VILLEGAS DANIEL ARMANDO      ",11,50622065,Telefonica Movistar,ANSES
DNI 40723842,27407238422,40723842,LINARES,LUZ MILENA,3571,682645,Telecom Personal,ANSES
DNI 38761412,27387614120,38761412,CEBALLOS,AGOSTINA AYLEN,380,4388847,AMX ARGENTINA,ANSES
DNI 38761412,27387614120,38761412,CEBALLOS,AGOSTINA AYLEN,380,4779427,Telecom Personal,Personal
DNI 38761412,27387614120,38761412,CEBALLOS,AGOSTINA AYLEN,380,4689275,Telecom Personal,Personal
DNI 38761412,27387614120,38761412,CEBALLOS,AGOSTINA AYLEN,380,4689291,Telecom Personal,Personal
DNI 36404834,27364048349,36404834,SANCHEZ,JIMENA SOLEDAD,11,54587579,AMX ARGENTINA,ANSES
DNI 41076085,27410760857,41076085,MELLADO,MILAGROS NAHIR,11,40314325,Telecom Personal,ANSES
DNI 41076085,27410760857,41076085,MELLADO,MILAGROS NAHIR,11,28565371,Telefonica Movistar,ANSES
DNI 38798951,20387989510,38798951,SALDIVIA,MATIAS GERMAN,297,5380835,Telefonica Movistar,Movistar
DNI 17002889,27170028894,17002889,PALOMEQUE,MYRIAM DEL VALLE,351,3514926,AMX ARGENTINA,ANSES
DNI 17002889,27170028894,17002889,PALOMEQUE,MYRIAM DEL VALLE,351,7040914,AMX ARGENTINA,Cablevision
DNI 17002889,27170028894,17002889,PALOMEQUE,MYRIAM DEL VALLE,351,3549773,Telecom Personal,Personal
DNI 17002889,27170028894,17002889,PALOMEQUE,MYRIAM DEL VALLE,351,2400597,AMX ARGENTINA,Claro
DNIE94835424,20948354242,94835424,Recalde,Osvaldo,221,5664010,Telefonica Movistar,ANSES
DNIE94835424,20948354242,94835424,Recalde,Osvaldo,221,2216759,AMX ARGENTINA,ANSES
DNI 34843318,27348433186,34843318,SAUCEDO,ROCIO SOLEDAD,341,3190232,AMX ARGENTINA,ANSES / Movistar
DNI 34843318,27348433186,34843318,SAUCEDO,ROCIO SOLEDAD,341,6547681,AMX ARGENTINA,ANSES
DNI 34843318,27348433186,34843318,SAUCEDO,ROCIO SOLEDAD,3402,502457,AMX ARGENTINA,Movistar
DNI 34843318,27348433186,34843318,SAUCEDO,ROCIO SOLEDAD,341,3756539,Telecom Personal,Personal
DNI 34843318,27348433186,34843318,SAUCEDO,ROCIO SOLEDAD,341,6480735,AMX ARGENTINA,Claro
DNI 31598459,23315984599,31598459,GOMEZ,ISRAEL,11,35197850,Telecom Personal,ANSES
DNI 34850522,20348505220,34850522,PAZ,CARLOS DARIO,2254,538940,AMX ARGENTINA,ANSES / Movistar
DNI 34850522,20348505220,34850522,PAZ,CARLOS DARIO,2267,443874,AMX ARGENTINA,Claro
DNI 34850522,27348505225,34850522,SIN DATOS,SIN DATOS,2254,538940,AMX ARGENTINA,ANSES / Movistar
DNI 34850522,27348505225,34850522,SIN DATOS,SIN DATOS,2267,443874,AMX ARGENTINA,Claro
DNI 31012106,27310121067,31012106,VILLARRUEL MAYRA VANINA,MAYA VANINA,2964,521082,AMX ARGENTINA,ANSES
DNI 31012106,27310121067,31012106,VILLARRUEL MAYRA VANINA,MAYA VANINA,2964,406241,Telefonica Movistar,Movistar
DNI 39333044,27393330444,39333044,LINZALATA,MELISA DENISE,11,62099088,AMX ARGENTINA,ANSES
DNI 39333044,27393330444,39333044,LINZALATA,MELISA DENISE,11,69054801,Telefonica Movistar,Movistar
DNI 41164109,27411641096,41164109,PINI,MARTINA AYELEN,11,37638592,AMX ARGENTINA,ANSES
DNI 18255763,27182557639,18255763,MARQUEZ,RAMONA ARGEMINA,381,6641018,Telecom Personal,ANSES
DNI 18255763,27182557639,18255763,MARQUEZ,RAMONA ARGEMINA,381,5578207,Telecom Personal,Personal
DNI 18255763,27182557639,18255763,MARQUEZ,RAMONA ARGEMINA,381,5082807,AMX ARGENTINA,Claro
DNI 42483409,20424834093,42483409,LEGUIZA,JUAN ANTONIO,342,5291885,Telecom Personal,ANSES
DNI 42483409,20424834093,42483409,LEGUIZA,JUAN ANTONIO,342,4189713,Telefonica Movistar,Movistar
DNI 35727000,27357270001,35727000,GUIRIN,LEYLA ALEJANDRA,11,58520132,Telecom Personal,ANSES / Cablevision
DNI 18178961,27181789617,18178961,BAROLIN,RUT NANCI,11,51060917,Telecom Personal,Movistar
DNI 36561113,27365611136,36561113,MOLINA,YESICA SOLEDAD,11,38799191,Telefonica Movistar,ANSES / Movistar
DNI 41171320,27411713208,41171320,GAYOL,SOFIA ALDANA,11,59621417,Telefonica Movistar,ANSES
DNI 41171320,27411713208,41171320,GAYOL,SOFIA ALDANA,11,23532082,Telefonica Movistar,Movistar
DNI 41171320,27411713208,41171320,GAYOL,SOFIA ALDANA,11,26568620,AMX ARGENTINA,Personal
DNI 37318558,20373185583,37318558,PAEZ,LUIS ALBERTO,380,4382064,AMX ARGENTINA,ANSES
DNI 37318558,20373185583,37318558,PAEZ,LUIS ALBERTO,380,4617145,Telecom Personal,Movistar
DNI 37318558,20373185583,37318558,PAEZ,LUIS ALBERTO,380,4544442,AMX ARGENTINA,Movistar
DNI 37318558,20373185583,37318558,PAEZ,LUIS ALBERTO,380,4714704,Telefonica Movistar,Movistar
DNI 37318558,20373185583,37318558,PAEZ,LUIS ALBERTO,380,4257119,Telecom Personal,Personal
DNI 37318558,20373185583,37318558,PAEZ,LUIS ALBERTO,380,4317721,Telecom Personal,Personal
DNI 37318558,20373185583,37318558,PAEZ,LUIS ALBERTO,380,4643159,Telecom Personal,Personal
DNI 37318558,20373185583,37318558,PAEZ,LUIS ALBERTO,380,4355023,Telecom Personal,Personal
DNI 37318558,20373185583,37318558,PAEZ,LUIS ALBERTO,380,4241723,Telecom Personal,Personal
DNI 37318558,20373185583,37318558,PAEZ,LUIS ALBERTO,380,4263101,Telecom Personal,Personal
DNI 37318558,20373185583,37318558,PAEZ,LUIS ALBERTO,380,4343453,Telecom Personal,Personal
DNI 37318558,20373185583,37318558,PAEZ,LUIS ALBERTO,380,4343507,Telecom Personal,Personal
DNI 37318558,20373185583,37318558,PAEZ,LUIS ALBERTO,380,4765367,Telecom Personal,Personal
DNI 41171320,27411713208,41171320,GAYOL,SOFIA ALDANA,11,59621417,Telefonica Movistar,ANSES
DNI 41171320,27411713208,41171320,GAYOL,SOFIA ALDANA,11,39038882,Telefonica Movistar,ANSES
DNI 41171320,27411713208,41171320,GAYOL,SOFIA ALDANA,11,23532082,Telefonica Movistar,Movistar
DNI 41171320,27411713208,41171320,GAYOL,SOFIA ALDANA,11,26568620,AMX ARGENTINA,Personal
DNI 37258119,20372581191,37258119,IBARRA FRANCO NICOLAS,"IBARRA FRANCO NICOLAS                                                                                                                                 ",11,49718758,Telefonica Movistar,ANSES
DNI 37258119,20372581191,37258119,IBARRA FRANCO NICOLAS,"IBARRA FRANCO NICOLAS                                                                                                                                 ",11,31937278,Telefonica Movistar,ANSES
DNI 37258119,20372581191,37258119,IBARRA FRANCO NICOLAS,"IBARRA FRANCO NICOLAS                                                                                                                                 ",11,39303393,Telefonica Movistar,Movistar
DNI 37258119,20372581191,37258119,IBARRA FRANCO NICOLAS,"IBARRA FRANCO NICOLAS                                                                                                                                 ",11,36874101,Telefonica Movistar,Movistar
DNI 37258119,20372581191,37258119,IBARRA FRANCO NICOLAS,"IBARRA FRANCO NICOLAS                                                                                                                                 ",11,69151911,Telefonica Movistar,Movistar
DNI 19062921,20190629210,19062921,GARRIDO ROMERO ECEQUIEL ALEJAN,ECEQUIEL ALEJANDRO,11,35759559,Telefonica Movistar,ANSES
DNI 19062921,20190629210,19062921,GARRIDO ROMERO ECEQUIEL ALEJAN,ECEQUIEL ALEJANDRO,11,31906301,Telefonica Movistar,Movistar
DNI 40304991,20403049914,40304991,GARCIA,ULISES SANTIAGO,11,57098628,Telefonica Movistar,ANSES
DNI 37020478,27370204786,37020478,VILLAGRA,YAMILA ANABELLA,11,68630038,Telecom Personal,ANSES / Movistar
DNI 37020478,27370204786,37020478,VILLAGRA,YAMILA ANABELLA,11,28266145,Telefonica Movistar,Movistar
DNI 37020478,27370204786,37020478,VILLAGRA,YAMILA ANABELLA,11,67569466,Telefonica Movistar,Movistar
DNI 37020478,27370204786,37020478,VILLAGRA,YAMILA ANABELLA,11,69837704,Telecom Personal,Personal
DNI 35589953,27355899530,35589953,LEIVA,ANA LUZ,11,68457021,Telecom Personal,ANSES
DNI 35589953,27355899530,35589953,LEIVA,ANA LUZ,370,4727130,Telefonica Movistar,Movistar
DNI 28216014,27282160140,28216014,MIRANDA,NOELIA SOLEDAD,11,35664957,Telefonica Movistar,Movistar / Personal
DNI 28216014,27282160140,28216014,MIRANDA,NOELIA SOLEDAD,11,55834813,Telefonica Movistar,Movistar / Personal
DNI 32645211,23326452114,32645211,SOSA MARIA AMELIA,MARIA AMELIA,370,4542915,Telecom Personal,ANSES
DNI 32645211,23326452114,32645211,SOSA MARIA AMELIA,MARIA AMELIA,370,4810178,Telecom Personal,Personal
DNI 18125676,20181256762,18125676,PINTOS,MARCELO GUSTAVO,11,26770672,AMX ARGENTINA,Movistar
DNI 18125676,20181256762,18125676,PINTOS,MARCELO GUSTAVO,11,63562854,Telefonica Movistar,Movistar
DNI 24841701,20248417014,24841701,SOTO,FERNANDO GABRIEL,351,5222812,Telecom Personal,ANSES / Personal
DNI 24841701,20248417014,24841701,SOTO,FERNANDO GABRIEL,351,2577969,Telecom Personal,Movistar / Personal
DNI 24841701,20248417014,24841701,SOTO,FERNANDO GABRIEL,351,6285963,Telefonica Movistar,Movistar
DNI 24841701,20248417014,24841701,SOTO,FERNANDO GABRIEL,351,2129537,Telecom Personal,Personal
DNI 24841701,20248417014,24841701,SOTO,FERNANDO GABRIEL,351,3163659,Telecom Personal,Personal
DNI 24841701,20248417014,24841701,SOTO,FERNANDO GABRIEL,351,6744367,Telecom Personal,Personal
DNI 24841701,20248417014,24841701,SOTO,FERNANDO GABRIEL,351,6864949,AMX ARGENTINA,Claro
DNI 40240624,20402406241,40240624,AGUILAR,JUAN,11,62182466,AMX ARGENTINA,ANSES
DNI 40240624,20402406241,40240624,AGUILAR,JUAN,11,64590495,Telecom Personal,Personal
DNI 28566296,27285662961,28566296,MORALES,IVANA CRISTINA,341,5049940,AMX ARGENTINA,ANSES
DNI 28566296,27285662961,28566296,MORALES,IVANA CRISTINA,341,5847396,AMX ARGENTINA,Cablevision
DNI 42185373,20421853739,42185373,CASTEIG FRANCO JOEL,"CASTEIG FRANCO JOEL                                                                                                                                   ",358,5109106,Telecom Personal,ANSES
DNI 33114849,27331148496,33114849,IGLESIAS,NATALIA ROMINA,11,51317281,Telefonica Movistar,Movistar
DNI 33114849,27331148496,33114849,IGLESIAS,NATALIA ROMINA,11,58726659,AMX ARGENTINA,Personal
DNI 28566296,24285662962,28566296,MORALES,"MORALES IVANA CRISTINA                                                                                                                                ",341,5049940,AMX ARGENTINA,ANSES
DNI 28566296,24285662962,28566296,MORALES,"MORALES IVANA CRISTINA                                                                                                                                ",341,5847396,AMX ARGENTINA,Cablevision
DNI 17362240,20173622407,17362240,LOZA,CARLOS ALBERTO,351,2443480,AMX ARGENTINA,Cablevision
DNI 24386169,27243861697,24386169,CONDOLEO,MARIA EUGENIA,341,3045808,Telecom Personal,ANSES / Personal
DNI 40347513,20403475131,40347513,GOROSITO,HECTOR JAVIER ALEJANDRO,336,4361602,AMX ARGENTINA,ANSES
DNI 17363202,27173632024,17363202,ALVAREZ,SANDRA CLAUDIA,11,34279091,Telecom Personal,ANSES
DNI 17363202,27173632024,17363202,ALVAREZ,SANDRA CLAUDIA,11,64760256,Telecom Personal,Cablevision
DNI 32106110,27321061104,32106110,MARTINEZ,LIDIA ESTELA,379,4962958,Telefonica Movistar,ANSES / Movistar
DNI 32106110,27321061104,32106110,MARTINEZ,LIDIA ESTELA,379,4728665,Telecom Personal,Cablevision / Personal
DNI 32106110,27321061104,32106110,MARTINEZ,LIDIA ESTELA,11,50009582,Telefonica Movistar,Movistar
DNI 32106110,27321061104,32106110,MARTINEZ,LIDIA ESTELA,11,50363484,Telefonica Movistar,Movistar
DNI 32106110,27321061104,32106110,MARTINEZ,LIDIA ESTELA,3786,415265,Telecom Personal,Personal
DNI 32173999,20321739998,32173999,QUIROGA,RAMON SEBASTIAN,11,30136396,Telecom Personal,Movistar
DNI 32173999,20321739998,32173999,QUIROGA,RAMON SEBASTIAN,11,59521016,Telefonica Movistar,Movistar
DNI 32173999,20321739998,32173999,QUIROGA,RAMON SEBASTIAN,11,64141442,AMX ARGENTINA,Claro
DNI 42595802,20425958020,42595802,NUNES DOS SANTOS,DYLAN AMARO,11,31252101,Telecom Personal,ANSES
DNI 40357164,23403571644,40357164,PEÑALVA,FLORENCIA,381,5635550,AMX ARGENTINA,ANSES
DNI 41874243,27418742432,41874243,EGEA,JESSICA BELEN,11,63369778,Telefonica Movistar,ANSES
DNI 42320083,27423200834,42320083,VELIZ,ANTONELLA TAMARA,11,65646978,Telecom Personal,Personal
DNI 32197128,27321971283,32197128,TORRES,YANINA SOLEDAD,11,35582562,Telefonica Movistar,ANSES / Movistar
DNI 32197128,27321971283,32197128,TORRES,YANINA SOLEDAD,11,31624132,Telefonica Movistar,Movistar
DNI 32197128,27321971283,32197128,TORRES,YANINA SOLEDAD,11,36562598,Telefonica Movistar,Movistar
DNI 32197128,27321971283,32197128,TORRES,YANINA SOLEDAD,11,57026639,Telefonica Movistar,Movistar
DNI 32197128,27321971283,32197128,TORRES,YANINA SOLEDAD,11,63711942,Telefonica Movistar,Movistar
DNI 32197128,27321971283,32197128,TORRES,YANINA SOLEDAD,11,28532401,Telefonica Movistar,Movistar
DNI 32197128,27321971283,32197128,TORRES,YANINA SOLEDAD,11,31605543,Telefonica Movistar,Movistar
DNI 32197128,27321971283,32197128,TORRES,YANINA SOLEDAD,11,70097425,Telefonica Movistar,Movistar
DNI 35339747,27353397473,35339747,DIAZ,MAIRA ADRIANA,11,62939708,Telefonica Movistar,ANSES / Movistar
DNI 35339747,27353397473,35339747,DIAZ,MAIRA ADRIANA,11,32057346,Telefonica Movistar,Movistar
DNI 35339747,27353397473,35339747,DIAZ,MAIRA ADRIANA,11,25934344,Telecom Personal,Personal
DNI 17393879,23173938799,17393879,NARANJO JUAN CARLOS,JUAN CARLOS,261,4604974,Telefonica Movistar,Movistar
DNI 17393879,23173938799,17393879,NARANJO JUAN CARLOS,JUAN CARLOS,261,4172252,Telefonica Movistar,Movistar
DNI 17393879,23173938799,17393879,NARANJO JUAN CARLOS,JUAN CARLOS,261,6823011,Telefonica Movistar,Movistar
DNI 17393879,23173938799,17393879,NARANJO JUAN CARLOS,JUAN CARLOS,261,3656278,AMX ARGENTINA,Claro
DNI 17393879,23173938799,17393879,NARANJO JUAN CARLOS,JUAN CARLOS,261,6799473,AMX ARGENTINA,Claro
