﻿IdExterno,Documento,CUIL,Apellido,Nombre,RazonSocial
DNI 7594506,7594506,20075945060,,MANDRA JUAN ROBERTO,
DNI 7594506,7594506,27075945065,,MANDRA JUAN ROBERTO,
DNI 10743783,10743783,27107437830,,GIURASTANTE SILVIA MONICA,
DNI 21497370,21497370,27214973702,,TOLEDO SILVIA NOEMI,
DNI 25404988,25404988,20254049884,,IBARROLA GABRIEL MARTIN,
DNI 18747447,18747447,20187474478,,PEREA WALTER FUNES,
DNI 20019584,20019584,20200195842,,ALVAREZ JOSE MARIA,
DNI 23873821,23873821,20238738211,,ESCUBILLA EMILIO MARCELO,
DNI 26680486,26680486,20266804866,,ALARCON HORACIO ARGENTINO,
DNI 1731543,1731543,27017315434,,CABEDA DOMINGA NELLY,
DNI 30667374,30667374,20306673743,,BRANDAN LUCAS IGNACIO,
DNI 26788823,26788823,27267888235,,MENOTTI NIDIA YESICA,
DNI 1731543,1731543,23017315439,,CABEDA DOMINGA NELLY,
DNI 13623168,13623168,20136231686,,QUIROGA SERGIO RAUL,
DNI 18485446,18485446,27184854460,,SANCHEZ  NELIDA RAMONA,
DNI 10308138,10308138,27103081381,,"KOROPESKI,MARIA FRANCISCA",
DNI 4374833,4374833,27043748330,,VEGA  JUAN CARLOS,
DNI 4374833,4374833,20043748336,,VEGA  JUAN CARLOS,
DNI 16511495,16511495,27165114952,,"GARCIA,ALICIA CLAUDIA",
DNI 29009200,29009200,20290092001,,GONZALEZ MATIAS ENRIQUE,
DNI 30733183,30733183,20307331838,,ALFONSO ANALIA VERONICA,
DNI 18301824,18301824,27183018243,,GOMEZ VIVIANA,
DNI 22133822,22133822,20221338228,,ZAFFE ARIEL FABIAN,
DNI 11726911,11726911,20117269117,,CAEZZA JOSE LUIS,
DNI 25899872,25899872,27258998729,,ROBLEDO  MARGARITA,
DNI 94232772,94232772,20942327723,,ALCARAZ ZARATE DILMA,
DNI 14561015,14561015,20145610150,,VISONA HUGO RODOLFO,
DNI 94232772,94232772,27942327728,,ALCARAZ ZARATE DILMA,
DNI 36448557,36448557,27364485579,,AMARILLA AIDA VICTORIA,
DNI 32481459,32481459,27324814596,,PALACIO CINTIA ELIZABETH,
DNI 5977105,5977105,27059771057,,DUARTE MARIA HILDA,
DNI 2512966,2512966,27025129666,,Rocha Celia Antonia,
DNI 5977105,5977105,20059771052,,DUARTE MARIA HILDA,
DNI 36412988,36412988,27364129888,,LOPEZ LAURA CRISTINA,
DNI 20206540,20206540,27202065401,,GALARZA ALICIA AHIDE,
DNI 17651051,17651051,20176510510,,LORENZO CORDOBA JOSE,
DNI 26499978,26499978,27264999788,,MEDINA SILVANA MARIANA,
DNI 13410295,13410295,27134102956,,MAZARIEGO MARIA ALEJANDRA,
DNI 21535814,21535814,27215358149,,ESPINDOLA  GLADYS ELIZABETH,
DNI 16718653,16718653,27167186535,,SOTELO MARIA ESTER,
DNI 27028320,27028320,27270283204,,LAZARTE VERONICA DANIELA,
DNI 33225339,33225339,20332253396,,MERELES RODRIGO DAMIAN,
DNI 95322447,95322447,27953224475,,SAYAN ALVAN ROSA DE SANTA MARI,
DNI 14850315,14850315,20148503150,,QUIROGA  PATRICIO RUMALDO,
DNI 23439141,23439141,27234391416,,GALAN MARIA DE LAS MERCEDES,
DNI 10122603,10122603,23101226034,,ROMERO ANA MARIA,
DNI 14364253,14364253,20143642535,,ARIAS ALFREDO OSCAR,
DNI 30733183,30733183,27307331832,,ALFONSO ANALIA VERONICA,
DNI 31089922,31089922,23310899224,,ABOY  YANINA VANESA,
DNI 30680403,30680403,20306804031,,DELGADILLO OLIVA BERNARDO ANTO,
DNI 8341877,8341877,20083418770,,FRETE DIONISIO ANTONIO,
DNI 18405755,18405755,20184057558,,CORNEJO MARCELO LUIS,
DNI 25705770,25705770,23257057704,,ARIAS ADRIANA GISELA,
DNI 12279496,12279496,20122794963,,FERNANDEZ PABLO ALFREDO,
DNI 12009995,12009995,27120099952,,BLASCO FLORENTINA,
DNI 5441755,5441755,20054417552,,GONZALEZ LEONOR,
DNI 13277144,13277144,27132771443,,HERZOVICH PATRICIA,
DNI 27887618,27887618,27278876182,,ADORNO  ITATI ROXANA,
DNI 13465170,13465170,27134651704,,KEVARKIAN NORMA SUSANA,
DNI 29655336,29655336,27296553366,,PALERMO ROMINA MARIEL,
DNI 8093256,8093256,20080932562,,LOPEZ FRANCISCO ROGELIO,
DNI 8093256,8093256,27080932567,,LOPEZ FRANCISCO ROGELIO,
DNI 43782039,43782039,27437820398,,GUTIERREZ MIRYAM EVANGELINA,
DNI 3780234,3780234,23037802344,,SALINAS DOMINGA FELISA,
DNI 7574198,7574198,20075741988,,MICHELON VELIA,
DNI 7574198,7574198,27075741982,,MICHELON VELIA,
DNI 94054817,94054817,27940548174,,SAGASTEGUI CHAVEZ ROSA ELVIRA,
DNI 4090971,4090971,20040909711,,PRIVIDERA AMELIA LUCIA,
DNI 4090971,4090971,27040909716,,PRIVIDERA AMELIA LUCIA,
DNI 4403690,4403690,20044036909,,SAVINO  JORGE RITO,
DNI 4403690,4403690,27044036903,,SAVINO  JORGE RITO,
DNI 8550357,8550357,20085503570,,MAZZITELLI JOSE PABLO,
DNI 12645117,12645117,27126451178,,MALDONADO ANA ISABEL,
DNI 94649760,94649760,20946497607,,SANCHEZ GUTIERREZ  LUIS ALBER,
DNI 18865914,18865914,23188659144,,ABALOS MARIA TERESA,
DNI 4386098,4386098,20043860985,,"SALA DE REGGIO, MARTA HAYDEE",
DNI 94063883,94063883,20940638837,,VEIZAGA ROJAS GOLDI,
DNI 4386098,4386098,23043860984,,"SALA DE REGGIO, MARTA HAYDEE",
DNI 5892418,5892418,27058924186,,ORELLANA MARIA ESTHER,
DNI 5892418,5892418,20058924181,,ORELLANA MARIA ESTHER,
DNI 94063883,94063883,27940638831,,VEIZAGA ROJAS GOLDI,
DNI 33995842,33995842,23339958424,,PALACIO JAVIER EZEQUIEL,
DNI 92420437,92420437,20924204371,,AQUINO  MARIO,
DNI 33995842,33995842,20339958425,,PALACIO JAVIER EZEQUIEL,
DNI 7661579,7661579,23076615799,,BATTISTONI ANGEL LUIS,
DNI 7661579,7661579,27076615794,,BATTISTONI ANGEL LUIS,
DNI 28843697,28843697,20288436976,,PELLICANI  AGUSTINA PAULA,
DNI 28843697,28843697,27288436970,,PELLICANI  AGUSTINA PAULA,
DNI 33114734,33114734,20331147347,,MOLINA  WALTER ANTONIO,
DNI 27170296,27170296,27271702960,,FRANCAVILLA SABRINA BARBARA,
DNI 30135137,30135137,27301351378,,ALMIRON ROMINA GISEL,
DNI 12270488,12270488,27122704888,,MELLINO ANA MARIA,
DNI 4165584,4165584,23041655844,,QUIROGA NIDIA,
DNI 4165584,4165584,20041655845,,QUIROGA NIDIA,
DNI 23480993,23480993,20234809939,,HUARACHI HECTOR,
DNI 92610168,92610168,20926101685,,FERREIRA SILVA  DAVID EDISON,
DNI 92610168,92610168,23926101684,,FERREIRA SILVA  DAVID EDISON,
DNI 18310932,18310932,23183109324,,PRIETO SUSANA MABEL,
DNI 28825284,28825284,20288252840,,BARRETO NESTOR,
DNI 3566327,3566327,20035663275,,RICCI CLARA,
DNI 3566327,3566327,23035663274,,RICCI CLARA,
DNI 20481399,20481399,27204813995,,SANCHEZ ELIZABETH JULIA,
DNI 28916049,28916049,20289160494,,RODRIGUEZ MARCELO  DAVID,
DNI 93410530,93410530,20934105304,,IGLESIAS MARIA,
DNI 93410530,93410530,27934105309,,IGLESIAS MARIA,
DNI 8172737,8172737,20081727377,,GUTIERREZ SOSA JOSE,
DNI 10469237,10469237,27104692376,,CASTINEIRA MARIA RITA,
DNI 96007297,96007297,27960072974,,MANUKYAN INGA,
DNI 23227067,23227067,27232270670,,MARTINEZ DORA ROSA ALBA,
DNI 6291879,6291879,23062918799,,TAIANA ELBA DELIA,
DNI 6291879,6291879,27062918794,,TAIANA ELBA DELIA,
DNI 11356860,11356860,27113568602,,CEJAS ANA ALISA,
DNI 8270457,8270457,20082704575,,ZIVIC SERGIO,
DNI 30616398,30616398,27306163987,,ENRIQUEZ  NORA MARIANA,
DNI 21773397,21773397,23217733979,,MORAN JORGE RAMON,
DNI 94037473,94037473,27940374737,,YANAMANGO ELIZABETH JUANA,
DNI 4540934,4540934,20045409342,,"MOUMDJIAN,ALBERTO RICAR",
DNI 20335393,20335393,20203353937,,CORIA CESAR RUBEN,
DNI 22024103,22024103,27220241039,,WERBICKI VIVIANA LAURA,
DNI 24994690,24994690,27249946902,,MAGGIO MARIA FLORENCIA,
DNI 13664101,13664101,27136641013,,RAMOS  SUSANA AMANDA,
DNI 16497086,16497086,20164970869,,PALOMO ROLANDO,
DNI 17499360,17499360,27174993608,,FAITA ANDREA FABIANA,
DNI 22226977,22226977,20222269777,,AZZETTI LEONARDO,
DNI 22981039,22981039,27229810397,,VILDOZA CHRISTIAN HERNAN,
DNI 22981039,22981039,20229810392,,VILDOZA CHRISTIAN HERNAN,
DNI 4149417,4149417,23041494174,,LOPEZ  ZULMA DILMA,
DNI 4149417,4149417,20041494175,,LOPEZ  ZULMA DILMA,
DNI 17287133,17287133,20172871330,,BROSKY MARCELO IGNACIO,
DNI 5441755,5441755,27054417557,,GONZALEZ LEONOR,
DNI 5635009,5635009,20056350099,,SILVA  ADELFIA,
DNI 5635009,5635009,27056350093,,SILVA  ADELFIA,
DNI 29616524,29616524,20296165248,,GOMEZ DIEGO LEANDRO,
DNI 26299859,26299859,20262998593,,MONTOYA SERGIO DANIEL,
DNI 10678326,10678326,27106783263,,MACCARONE HAYDEE ROSARIO,
DNI 18076260,18076260,23180762604,,PASSARDI RITA MARIA ALEJANDRA,
DNI 27637640,27637640,27276376409,,GUZMAN IVANA MARIELA,
DNI 27636260,27636260,27276362602,,"PREZIOSO,LORENA NATALIA",
DNI 93886970,93886970,27938869702,,MORAL RIVAROLA VICTORIA,
DNI 26119183,26119183,20261191831,,BENITEZ HERNAN JAVIER,
DNI 23525390,23525390,23235253909,,IBARRA ALEJANDRO ADRIAN,
DNI 22195391,22195391,20221953917,,LAUZEL GUSTAVO ENRIQUE,
DNI 24431141,24431141,20244311416,,CARLOS JUAN PABLO,
DNI 4641290,4641290,27046412902,,PASCUAL MATILDE GRACIELA,
DNI 4641290,4641290,20046412908,,PASCUAL MATILDE GRACIELA,
DNI 92645706,92645706,20926457064,,GONZALEZ HERRERA  JUAN DANIEL,
DNI 11201330,11201330,27112013305,,PAURA MARIA CRISTINA,
DNI 39551087,39551087,27395510873,,BARBOZA ROCIO BELEN,
DNI 37424239,37424239,27374242399,,CORDOBA EVELYN GISELLE,
DNI 4282339,4282339,20042823393,,REPETTO EDUARDO,
DNI 25966746,25966746,27259667467,,TASSARA PAULA VALERIA,
DNI 14679486,14679486,20146794867,,REALES SERGIO MIGUEL,
DNI 5454097,5454097,27054540979,,PEREZ BEATRIZ,
DNI 7836343,7836343,20078363437,,SEVILLANO NESTOR HORACIO,
DNI 26661487,26661487,20266614870,,MARTIN ARIEL HERNAN,
DNI 35416781,35416781,20354167817,,VILLARREAL NELSON ALEJANDRO,
DNI 10217348,10217348,27102173487,,DIAZ GLADYS TERESA,
DNI 25475691,25475691,20254756912,,BARBA DANIEL ROBERTO,
DNI 14169574,14169574,20141695747,,PIÑA MIGUEL ADRIAN,
DNI 92015162,92015162,27920151626,,SUSLUAGA NILSA LOURDES,
DNI 7932133,7932133,20079321339,,ACOSTA BENITO ARCADIO,
DNI 21809365,21809365,20218093656,,TROILO GUSTAVO,
DNI 32905611,32905611,20329056113,,CHAO HERNAN,
DNI 4402943,4402943,20044029430,,GALSMAN ELIAS SAUL,
DNI 4402943,4402943,27044029435,,GALSMAN ELIAS SAUL,
DNI 28696617,28696617,23286966179,,DELGADO HUGO ENRIQUE,
DNI 16950781,16950781,27169507819,,AVEIRO ESPINOLA JUANA,
DNI 5078676,5078676,27050786760,,OVIEDO ROSALIA,
DNI 30287647,30287647,23302876479,,TORO JOSE EDUARDO,
DNI 93761645,93761645,27937616452,,VILLAVERDE LEGUIZA ISABEL,
DNI 25003528,25003528,23250035284,,RIOS LILIANA MABEL,
DNI 40458413,40458413,27404584133,,OCHOA  MARIA VICTORIA,
DNI 6699243,6699243,27066992433,,"DOMINGUEZ, LUIS ANTONIO",
DNI 11458376,11458376,27114583761,,"HUCK,MARIA ESTER",
DNI 6699243,6699243,20066992439,,"DOMINGUEZ, LUIS ANTONIO",
DNI 16146096,16146096,20161460967,,MACIEL MIGUEL ISAURO,
DNI 5777510,5777510,27057775101,,DIAZ ANA RAQUEL,
DNI 16623855,16623855,20166238553,,SANTOS NORBERTO FAUSTINO,
DNI 23609813,23609813,27236098139,,ARCE ALEJANDRA,
DNI 92668898,92668898,20926688988,,"AGUILA,CRISTIAN",
DNI 11037125,11037125,27110371255,,GAMARRA NORMA PASCUALA,
DNI 31442087,31442087,27314420875,,CAPITANELLI MARIA NATALIA,
DNI 4877601,4877601,27048776014,,RODRIGUEZ JUANA ROSA,
DNI 11275850,11275850,27112758505,,GRAHL LILIANA MARTA,
DNI 4877601,4877601,23048776019,,RODRIGUEZ JUANA ROSA,
DNI 5752408,5752408,27057524087,,GUTIERREZ FAUSTINO,
DNI 5884469,5884469,20058844692,,RIVEROS ENRIQUETA,
DNI 5752408,5752408,20057524082,,GUTIERREZ FAUSTINO,
DNI 5884469,5884469,27058844697,,RIVEROS ENRIQUETA,
DNI 12789595,12789595,20127895954,,"LOPEZ,NESTOR ALBERTO",
DNI 22126651,22126651,27221266515,,COMAS MONICA ELIZABETH,
DNI 4368978,4368978,23043689789,,ALVAREZ OSVALDO ANTONIO,
DNI 21857490,21857490,20218574905,,ROSA RAMOS REYNALDO,
DNI 11778341,11778341,20117783414,,MARTINEZ ANTONIO JULIO,
DNI 10732189,10732189,27107321891,,CACCIATORE MARIA OFELIA,
DNI 4368978,4368978,27043689784,,ALVAREZ OSVALDO ANTONIO,
DNI 8487235,8487235,20084872351,,GONZALEZ HUGO FRANCISCO,
DNI 5259462,5259462,20052594627,,BUSTOS JUAN DOMINGO,
DNI 5259462,5259462,27052594621,,BUSTOS JUAN DOMINGO,
DNI 10671623,10671623,23106716234,,SILVA ELIDA ELBA,
DNI 30497604,30497604,20304976048,,BARROCA JUAN MARCOS,
DNI 20281710,20281710,27202817101,,MUSCO  CLAUDIA GRACIELA,
DNI 10671623,10671623,20106716235,,SILVA ELIDA ELBA,
DNI 23149834,23149834,20231498347,,MELLIA  MATIAS EUGENIO,
DNI 3959078,3959078,27039590781,,ANELLO MARIA DE GUADALUPE,
DNI 28312126,28312126,20283121268,,CARABALLO CLAUDIO MARCELO,
DNI 8528150,8528150,20085281500,,GONZALEZ BENJAMIN,
DNI 3959078,3959078,20039590787,,ANELLO MARIA DE GUADALUPE,
DNI 22312701,22312701,20223127011,,AMAYA CESAR MARIO,
DNI 28312126,28312126,24283121263,,CARABALLO CLAUDIO MARCELO,
DNI 7940451,7940451,23079404519,,SOSA MANUEL AGUSTIN,
DNI 10428155,10428155,27104281554,,FEIJOO ANTONIA NELIDA,
DNI 7940451,7940451,27079404514,,SOSA MANUEL AGUSTIN,
DNI 34306340,34306340,27343063402,,CASTILLO AYELEN VANESA,
DNI 2343774,2343774,27023437746,,DAFFARA MARIA ELENA,
DNI 12183268,12183268,20121832683,,MUÑOZ RICARDO OSVALDO,
DNI 11098863,11098863,27110988635,,ZIBECHI LAURA ELENA,
DNI 4616850,4616850,27046168505,,MARQUEZ  MIRTHA ASUCENA,
DNI 2734202,2734202,27027342022,,TT FALLECIO EL 05/08/2015,
DNI 10970504,10970504,20109705048,,VERON HUGO RUBEN,
DNI 26036495,26036495,20260364953,,ESPINOSA CLAUDIO ALEJANDRO,
DNI 24420728,24420728,20244207287,,GONZALEZ  OSCAR ALBERTO,
DNI 13730072,13730072,27137300724,,ALBARENGA ZULMA MIRTA,
DNI 11713152,11713152,20117131522,,HERRERA GUILLERMO LUIS,
DNI 10761216,10761216,20107612166,,LEIVA MARIANO CARLOS,
DNI 16732987,16732987,20167329870,,CENTURION JOSE HORACIO,
DNI 95002721,95002721,27950027210,,IGLESIAS PACO JIMENA,
DNI 95002721,95002721,20950027216,,IGLESIAS PACO JIMENA,
DNI 20471505,20471505,20204715050,,GOMEZ  CARLOS ALBERTO,
DNI 5485103,5485103,27054851036,,FUNES  NELBA NOEMI,
DNI 5485103,5485103,20054851031,,FUNES  NELBA NOEMI,
DNI 5319601,5319601,27053196018,,FERNANDEZ ISABEL MARIA,
DNI 5319601,5319601,20053196013,,FERNANDEZ ISABEL MARIA,
DNI 3873394,3873394,27038733945,,QUEVEDO OLGA ZULEMA,
DNI 6388200,6388200,20063882004,,ARENA  MONICA MARIA CRISTINA,
DNI 6388200,6388200,27063882009,,ARENA  MONICA MARIA CRISTINA,
DNI 28587729,28587729,27285877291,,MENDEZ NATALIA ALEJA N,
DNI 14814851,14814851,20148148512,,GODOY JOSE MARCELO,
DNI 16114640,16114640,20161146405,,DE VINCETIS MIRYAM ELIZABETH,
DNI 17196326,17196326,27171963260,,ROMANO MARIA ALEJANDRA,
DNI 93879468,93879468,27938794680,,MERELES CANDIDA,
DNI 28961427,28961427,27289614279,,GODOY LAURA GUADALUPE,
DNI 9995264,9995264,23099952644,,GARCIA PABLA,
DNI 16114640,16114640,23161146404,,DE VINCETIS MIRYAM ELIZABETH,
DNI 6147322,6147322,20061473220,,TORRES HUMBERTO,
DNI 5900294,5900294,27059002940,,VIDAL ESTELA RAMONA,
DNI 5900294,5900294,20059002946,,VIDAL ESTELA RAMONA,
DNI 28266107,28266107,27282661077,,CHOCOBAR PAMELA MELINA,
DNI 6147322,6147322,27061473225,,TORRES HUMBERTO,
DNI 17656425,17656425,20176564254,,SENISE HECTOR ARMANDO,
DNI 5488940,5488940,20054889403,,PALOMBO ANA MARIA,
DNI 4187840,4187840,20041878402,,PILTCH ENRIQUE,
DNI 5488940,5488940,27054889408,,PALOMBO ANA MARIA,
DNI 13302738,13302738,27133027381,,GOMEZ MARTA ELENA,
DNI 4187840,4187840,27041878407,,PILTCH ENRIQUE,
DNI 4505142,4505142,27045051426,,TOLABA ELENA LIDIA,
DNI 29599387,29599387,27295993877,,ARELLO ELIZABETH GISELA,
DNI 10090133,10090133,20100901332,,ESPINDOLA ANGEL CESAR,
DNI 4871957,4871957,27048719576,,CECCONI RAUL JORGE,
DNI 16038378,16038378,27160383785,,MIRANDA VIVIAN EDITH,
DNI 4871957,4871957,20048719571,,CECCONI RAUL JORGE,
DNI 5776666,5776666,20057766663,,ROSSELLO MARIA CRISTINA,
DNI 13431676,13431676,20134316765,,RICCI OSCAR ENRIQUE,
DNI 5776666,5776666,27057766668,,ROSSELLO MARIA CRISTINA,
DNI 16038378,16038378,20160383780,,MIRANDA VIVIAN EDITH,
DNI 4456343,4456343,27044563431,,PRIETO FELICIDAD ROSARIO,
DNI 40398394,40398394,27403983948,,GUDINO SHEILA MELANIE,
DNI 5611078,5611078,20056110780,,LEIVA VICTORIANA,
DNI 5611078,5611078,27056110785,,LEIVA VICTORIANA,
DNI 5611078,5611078,24056110786,,LEIVA VICTORIANA,
DNI 23692401,23692401,20236924018,,BELLO GUILLERMO DANIEL,
DNI 18133296,18133296,23181332964,,AQUINO MERCEDES NOEMI,
DNI 4236374,4236374,20042363740,,"TOLEDO, REINA VICTORIA",
DNI 4236374,4236374,27042363745,,"TOLEDO, REINA VICTORIA",
DNI 11893524,11893524,27118935247,,LARA NORA NOEMI,
DNI 16639926,16639926,20166399263,,COLARTE MARCELO GREGORIO,
DNI 30427058,30427058,20304270587,,SANCHIS MELIAN FEDERICO EZEQUI,
DNI 12204548,12204548,27122045485,,ACOSTA MARIA DEL CARMEN,
DNI 30525731,30525731,20305257312,,MAMMARELA DANTE JAVIER,
DNI 4505262,4505262,27045052627,,DIAZ MABEL ALICIA,
DNI 4505262,4505262,20045052622,,DIAZ MABEL ALICIA,
DNI 11299095,11299095,27112990955,,BATISTA MARIA EVA,
DNI 12864750,12864750,27128647509,,MASCARENO ELBA ESTER,
DNI 31926802,31926802,27319268028,,MORALES ALDANA BELEN,
DNI 18258341,18258341,27182583419,,KRENZ VIRGINIA SILVIA,
DNI 6662167,6662167,20066621678,,DAMICO NELIDA JOSEFA,
DNI 6662167,6662167,27066621672,,DAMICO NELIDA JOSEFA,
DNI 93961443,93961443,20939614436,,HUAMAN VALDEZ SANTOS TERESA,
DNI 93961443,93961443,27939614430,,HUAMAN VALDEZ SANTOS TERESA,
DNI 17230040,17230040,27172300400,,VELAZQUEZ ANA DOLORES,
DNI 13073405,13073405,27130734052,,MENINI JORGELINA,
DNI 30846875,30846875,27308468750,,LALLANA CLAUDIA SOLEDAD,
DNI 4875468,4875468,27048754681,,BARRIONUEVO LUIS CARLOS,
DNI 8402619,8402619,20084026191,,FLORIO MARCOS ANTONIO,
DNI 4875468,4875468,20048754687,,BARRIONUEVO LUIS CARLOS,
DNI 26160499,26160499,27261604995,,POMAR ERIKA NELIDA,
DNI 5422174,5422174,20054221747,,MEDINA BLANCA AURORA,
DNI 5422174,5422174,27054221741,,MEDINA BLANCA AURORA,
DNI 32220057,32220057,23322200579,,MANDARINO FEDERICO MATIAS,
DNI 23790463,23790463,20237904630,,RECIO PAULO CESAR,
DNI 27274438,27274438,27272744381,,AMABILE ANDREA,
DNI 40699074,40699074,27406990740,,PAEZ JULIETA GISELLE,
DNI 36374546,36374546,20363745467,,TOTCHILOVSKI CRISTIAN,
DNI 18583540,18583540,27185835400,,PEREYRA GRACIELA MABEL,
DNI 32959748,32959748,27329597488,,DOMINGUEZ FLORA GABRIELA VIVIA,
DNI 34901116,34901116,20349011167,,NAPORICHI ALEJANDRO,
DNI 32809467,32809467,20328094674,,GUAYMAS DIEGO ALEJANDRO,
DNI 41004155,41004155,20410041554,,ESPINOSA CRISTIAN DAVID,
DNI 32779177,32779177,27327791775,,BARROS ADRIANA,
DNI 32291957,32291957,20322919574,,FLORES DIEGO ARMANDO,
DNIE95784980,95784980,27957849801,,PORTILLO ELISSA,
DNI 33010721,33010721,23330107219,,ASNAL JORGE MARCELO,
DNI 34464097,34464097,27344640977,,PRATVIEL ESTRELLA CRISTINA,
DNI 20457573,20457573,27204575733,,ACOSTA MARIA ELENA,
DNIE95818511,95818511,20958185112,,PALACIOS OSORIO MARLON,
DNI 38561155,38561155,20385611553,,LAYOIA MATIAS,
DNI 25083265,25083265,20250832657,,ZALAZAR NORBERTO,
DNIE95904218,95904218,20959042188,,CASTELLANO ESCORCIA KENDRY ADALBERTO,
DNI 43353843,43353843,27433538434,,GALLEGOS VALENTINA,
DNI 43743523,43743523,27437435230,,LEDESMA AYLEN LUCIA,
DNI 43371167,43371167,20433711670,,DEPETRIS NICOLAS LAUTARO,
DNI 36962580,36962580,27369625808,,GALLARDO SOFIA JORGELINA,
DNI 42687493,42687493,27426874933,,RUEJAS MILAGROS ELIZABETH,
DNI 12295927,12295927,27122959274,,OLID CRISTINA DEL VALLE,
DNI 34043729,34043729,20340437293,,ASTORGA LEONARDO SILVIO,
DNI 22269855,22269855,27222698559,,AGUERO ANALIA ROSA,
DNI 12475225,12475225,27124752251,,FERNADEZ LUISA CARMEN,
DNI 43743679,43743679,27437436792,,CORONEL MELANY,
DNI 25997154,25997154,27259971549,,NU SUSANA,
DNI 37801595,37801595,20378015953,,MARTINEZ SEBASTIAN ORLANDO,
DNI 34279840,34279840,27342798409,,SANCHEZ CHRISTIAN FABIAN,
DNIE95590289,95590289,27955902896,,BATISTA SOUZA RAYANA,
DNI 34279840,34279840,20342798404,,SANCHEZ CHRISTIAN FABIAN,
DNI 29156145,29156145,20291561455,,PEREZ EZEQUIEL LUIS,
DNI 38356378,38356378,27383563785,,FERNANDEZ MELINA YANET,
DNIE94620071,94620071,27946200714,,MONASTERIOS THANIA,
DNI 34212144,34212144,20342121447,,BARRAZA FEDERICO EZEQUIEL,
DNI 14950588,14950588,27149505887,,BOGADO MARIA SILVIA,
DNI 38688407,38688407,27386884078,,VARGAS ALBERTO NICOLAS,
DNI 29783087,29783087,27297830878,,BARRIOS ROMINA HILEN,
DNIE94773656,94773656,20947736567,,SANCHEZ TORRES MICHAEL JAMES,
DNI 38672363,38672363,20386723630,,CHARIANO NORBERTO LUIS OMAR,
DNIE95283286,95283286,27952832862,,SANCHEZ FERRERAS YOHANNA ELIZA,
DNIE95489681,95489681,27954896817,,FENILI CAROLINE,
DNI 30350236,30350236,20303502360,,INDALECIO JORGE LUIS,
DNI 34843318,34843318,20348433181,,SAUCEDO ROCIO SOLEDAD,
DNI 31034917,31034917,27310349173,,GONZALEZ SANDRA,
DNI 38688407,38688407,20386884073,,VARGAS ALBERTO NICOLAS,
DNI 25900805,25900805,20259008051,,VENICA NICOLAS,
DNI 38699796,38699796,23386997969,,ROMERO ALEXIS,
DNIE93970028,93970028,20939700286,,CELIS VILLEGAS DANIEL ARMANDO,
DNI 40723842,40723842,27407238422,,LINARES LUZ MILENA,
DNI 38761412,38761412,27387614120,,CEBALLOS AGOSTINA AYLEN,
DNI 36404834,36404834,27364048349,,SANCHEZ JIMENA SOLEDAD,
DNI 41076085,41076085,27410760857,,MELLADO MILAGROS NAHIR,
DNI 38798951,38798951,20387989510,,SALDIVIA GERMAN,
DNI 17002889,17002889,27170028894,,PALOMEQUE MYRIAM DEL VALLE,
DNIE94835424,94835424,20948354242,,RECALDE OSVALDO,
DNI 34843318,34843318,27348433186,,SAUCEDO ROCIO SOLEDAD,
DNI 31598459,31598459,23315984599,,GOMEZ ISRAEL,
DNI 34850522,34850522,20348505220,,PAZ CARLOS DARIO,
DNI 34850522,34850522,27348505225,,PAZ CARLOS DARIO,
DNI 31012106,31012106,27310121067,,VILLARRUEL MAYRA VANINA,
DNI 39333044,39333044,27393330444,,LINZALATA MELISA DENISE,
DNI 41164109,41164109,27411641096,,PINI MARTINA AYELEN,
DNI 18255763,18255763,27182557639,,MARQUEZ RAMONA ARGEMINA,
DNI 36089217,36089217,23360892174,,PENDITO FLORENCIA,
DNI 42483409,42483409,20424834093,,LEGUIZA JUAN ANTONIO,
DNI 35727000,35727000,27357270001,,GUIRIN LEYLA ALEJANDRA,
DNI 18178961,18178961,27181789617,,BAROLIN RUT NANCI,
DNI 36561113,36561113,27365611136,,MOLI A YESICA,
DNI 41171320,41171320,27411713208,,GAYOL SOFIA ALDANA,
DNI 37318558,37318558,20373185583,,PAEZ LUIS ALBERTO,
DNI 41171320,41171320,24411713209,,GAYOL SOFIA ALDANA,
DNI 37258119,37258119,20372581191,,IBARRA FRANCO NICOLAS,
DNI 19062921,19062921,20190629210,,GARRIDO  ROMERO ECEQUIEL  ALEJ,
DNI 40304991,40304991,20403049914,,GARCIA ULISES SANTIAGO,
DNI 37020478,37020478,27370204786,,VILLAGRA YAMILA ANABELLA,
DNI 35589953,35589953,27355899530,,LEIVA ANALUZ,
DNI 28216014,28216014,27282160140,,MIRANDA NOELIA SOLEDAD,
DNI 41314833,41314833,20413148333,,QUIROGA ROCIO BELEN,
DNI 32645211,32645211,23326452114,,SOSA MARIA AMELIA,
DNI 18125676,18125676,20181256762,,PINTOS MARCELO GUSTAVO,
DNI 41314833,41314833,27413148338,,QUIROGA ROCIO BELEN,
DNI 24841701,24841701,20248417014,,SOTO FERNANDO GABRIEL,
DNI 40240624,40240624,20402406241,,AGUILAR JUAN,
DNI 41767750,41767750,20417677500,,PIAZZOLI FABRIZIO NICOLAS,
DNI 28566296,28566296,27285662961,,MORALES IVANA CRISTINA,
DNI 42185373,42185373,20421853739,,CASTEIG FRANCO JOEL,
DNI 42585952,42585952,20425859529,,LARTIGUE AGUSTIN NICOLAS,
DNI 33114849,33114849,27331148496,,IGLESIAS NATALIA,
DNI 28566296,28566296,24285662962,,MORALES IVANA CRISTINA,
DNI 17362240,17362240,20173622407,,LOZA CARLOS ALBERTO,
DNI 24386169,24386169,27243861697,,CONDOLEO MARIA EUGENIA,
DNI 40347513,40347513,20403475131,,GOROSITO HECTOR JAVIER,
DNI 17363202,17363202,27173632024,,ALVAREZ SANDRA CLAUD,
DNI 32106110,32106110,27321061104,,MARTINEZ LIDIA,
DNI 32173999,32173999,20321739998,,QUIROGA RAMON SEBASTIAN,
DNI 42595802,42595802,20425958020,,NUNES DOS SANTOS DYLAN AMARO,
DNI 40357164,40357164,23403571644,,PENALVA FLORENCIA,
DNI 41874243,41874243,27418742432,,EGEA JESSICA,
DNI 42320083,42320083,27423200834,,VELIZ ANTONELLA TAMARA,
DNI 32197128,32197128,27321971283,,TORRES YANINA SOLEDAD,
DNI 36365849,36365849,20363658491,,GUEVARA FERNANDO ALBERTO,
DNI 35339747,35339747,27353397473,,DIAZ MAIRA ADRIANA,
DNI 17393879,17393879,23173938799,,NARANJO JUAN CARLOS,
