﻿IdExterno,Documento,CUIL,Apellido,Nombre,FechaNacimiento,DomicilioPadron,LocalidadPadron,ProvinciaPadron,Sexo,Fallecido,FallecidoActa,FallecidoTomo,FallecidoFolio,FallecidoFecha
DNI 7594506,7594506,20075945060,MANDRA JUAN ROBERTO,"MANDRA JUAN ROBERTO                                                                                                                                   ",11/12/1946,,,,M,NO,,,,
DNI 7594506,7594506,27075945065,S R L,ROMARMAR,11/12/1946,,,,F,NO,,,,
DNI 10743783,10743783,27107437830,GIURASTANTE,SILVIA MONICA,21/10/1953,,,,F,NO,,,,
DNI 21497370,21497370,27214973702,TOLEDO,SILVIA NOEMI,09/03/1970,,,,F,NO,,,,
DNI 25404988,25404988,20254049884,IBARROLA,GABRIEL MARTIN,15/02/1977,,,,M,NO,,,,
DNI 18747447,18747447,20187474478,PEREA,WALTER BENIGNO,08/06/1966,,,,M,NO,,,,
DNI 20019584,20019584,20200195842,ALVAREZ,JOSE MARIA,22/05/1968,,,,M,NO,,,,
DNI 23873821,23873821,20238738211,ESCUBILLA,EMILIO MARCELO,17/05/1974,,,,M,NO,,,,
DNI 26680486,26680486,20266804866,ALARCON,HORACIO ARGENTINO,02/06/1978,,,,M,NO,,,,
DNI 1731543,1731543,27017315434,CABEDA,DOMINGA NELLY,23/12/1931,,,,F,NO,,,,
DNI 30667374,30667374,20306673743,BRANDAN,LUCAS IGNACIO,04/12/1983,,,,M,NO,,,,
DNI 26788823,26788823,27267888235,MENOTTI,NIDIA YESICA,18/08/1978,,,,F,NO,,,,
DNI 1731543,1731543,23017315439,CABEDA,"PINO VICENTE                                                                                                                                          ",01/01/1921,,,,M,NO,,,,
DNI 13623168,13623168,20136231686,QUIROGA,SERGIO RAUL,29/12/1957,,,,M,NO,,,,
DNI 18485446,18485446,27184854460,SANCHEZ,NELIDA RAMONA,16/11/1967,,,,F,NO,,,,
DNI 10308138,10308138,27103081381,KOROPESKI,MARIA FRANCISCA,06/11/1952,,,,F,NO,,,,
DNI 4374833,4374833,27043748330,VEGA,"CUCCO CATALINA HERMINIA                                                                                                                               ",10/07/1915,,,,F,SI,,,,
DNI 4374833,4374833,20043748336,VEGA,JUAN CARLOS,02/04/1941,,,,M,SI,,,,
DNI 16511495,16511495,27165114952,GARCIA,ALICIA CLAUDIA,26/12/1962,,,,F,NO,,,,
DNI 29009200,29009200,20290092001,GONZALEZ,MATIAS ENRIQUE,17/08/1981,,,,M,NO,,,,
DNI 30733183,30733183,20307331838,BARRIOS ARMANDO SEBA N,ANALIA VERONICA,01/01/1984,,,,M,NO,,,,
DNI 18301824,18301824,27183018243,GOMEZ,VIVIANA,19/05/1967,,,,F,NO,,,,
DNI 22133822,22133822,20221338228,ZAFFE,ARIEL FABIÁN,25/07/1971,,,,M,NO,,,,
DNI 11726911,11726911,20117269117,CAEZZA,JOSE LUIS,24/08/1955,,,,M,NO,,,,
DNI 25899872,25899872,27258998729,ROBLEDO,MARGARITA ELIZABETH,26/05/1977,,,,F,NO,,,,
DNI 94232772,94232772,20942327723,ALCARAZ,"ZARATE DILMA        ",13/11/1976,,,,M,NO,,,,
DNI 14561015,14561015,20145610150,VISONA,HUGO RODOLFO,28/07/1960,,,,M,NO,,,,
DNI 94232772,94232772,27942327728,ALCARAZ,"ALCARAZ ZARATE DILMA                                                                                                                                  ",13/11/1976,,,,F,NO,,,,
DNI 36448557,36448557,27364485579,AMARILLA,AIDA VICTORIA,22/11/1991,,,,F,NO,,,,
DNI 32481459,32481459,27324814596,PALACIO,CINTIA ELIZABETH,21/07/1986,,,,F,NO,,,,
DNI 5977105,5977105,27059771057,DUARTE,MARIA HILDA,04/03/1949,,,,F,NO,,,,
DNI 2512966,2512966,27025129666,ROCHA,CELIA ANTONIA,10/03/1938,,,,F,NO,,,,
DNI 5977105,5977105,20059771052,LOPEZ LEOPOLDO ELIO,MARIA HILDA,01/01/1928,,,,M,NO,,,,
DNI 36412988,36412988,27364129888,LOPEZ,LAURA CRISTINA,28/07/1992,,,,F,NO,,,,
DNI 20206540,20206540,27202065401,GALARZA,ALICIA HAYDEE,07/04/1968,,,,F,NO,,,,
DNI 17651051,17651051,20176510510,CORDOBA,JOSE LORENZO,10/08/1965,,,,M,NO,,,,
DNI 26499978,26499978,27264999788,MEDINA,SILVANA MARIANA,03/05/1978,,,,F,NO,,,,
DNI 13410295,13410295,27134102956,MAZARIEGO,MARIA ALEJANDRA,01/07/1959,,,,F,NO,,,,
DNI 21535814,21535814,27215358149,ESPINDOLA,GLADYS ELIZABETH,16/04/1970,,,,F,NO,,,,
DNI 16718653,16718653,27167186535,SOTELO,MARIA ESTER,27/11/1963,,,,F,NO,,,,
DNI 27028320,27028320,27270283204,LAZARTE,VERONICA DANIELA,12/01/1979,,,,F,NO,,,,
DNI 33225339,33225339,20332253396,MERELES RODRIGO DAMIAN,RODRIGO DAMIAN,05/11/1987,,,,M,NO,,,,
DNI 95322447,95322447,27953224475,SAYAN ALVAN ROSA DE SANTA MARIA,SAYAN ALVAN ROSA DE SANTA MARIA,26/10/1951,,,,F,NO,,,,
DNI 14850315,14850315,20148503150,QUIROGA,PATRICIO RUMALDO,07/09/1962,,,,M,NO,,,,
DNI 23439141,23439141,27234391416,GALAN,MARIA DE LAS MERCEDES,26/07/1973,,,,F,NO,,,,
DNI 10122603,10122603,23101226034,ROMERO,ANA MARIA,07/09/1951,,,,F,NO,,,,
DNI 14364253,14364253,20143642535,ARIAS ALFREDO OSCAR,ALFREDO OSCAR,22/09/1960,,,,M,NO,,,,
DNI 30733183,30733183,27307331832,ALFONSO,ANALIA VERONICA,03/04/1984,,,,F,NO,,,,
DNI 31089922,31089922,23310899224,ABOY,YANINA VANESA,11/07/1984,,,,F,NO,,,,
DNI 30680403,30680403,20306804031,DELGADILLO OLIVA,BERNARDO ANTONIO,12/01/1984,,,,M,NO,,,,
DNI 8341877,8341877,20083418770,FRETE,DIONISIO ANTONIO,09/10/1950,,,,M,NO,,,,
DNI 18405755,18405755,20184057558,CORNEJO,MARCELO LUIS,03/07/1967,,,,M,NO,,,,
DNI 25705770,25705770,23257057704,ARIAS,ADRIANA GISELA,30/12/1976,,,,F,NO,,,,
DNI 12279496,12279496,20122794963,FERNANDEZ,PABLO ALFREDO,25/01/1958,,,,M,NO,,,,
DNI 12009995,12009995,27120099952,BLASCO,FLORENTINA,17/12/1955,,,,F,NO,,,,
DNI 5441755,5441755,20054417552,FERNANDEZ OROZCO JOSE SEP,LEONOR,01/01/1930,,,,M,NO,,,,
DNI 13277144,13277144,27132771443,HERZOVICH,PATRICIA IRENE,19/01/1957,,,,F,NO,,,,
DNI 27887618,27887618,27278876182,ADORNO ROXANA ITATI,ROXANA ITATI,28/01/1980,,,,F,NO,,,,
DNI 13465170,13465170,27134651704,KEVARKIAN,NORMA SUSANA,26/07/1959,,,,F,NO,,,,
DNI 29655336,29655336,27296553366,PALERMO,ROMINA MARIEL,17/07/1982,,,,F,NO,,,,
DNI 8093256,8093256,20080932562,LOPEZ,FRANCISCO ROGELIO,22/02/1946,,,,M,NO,,,,
DNI 8093256,8093256,27080932567,LOPEZ,"CORTEZ LEONOR YOLANDA                                                                                                                                 ",08/10/1918,,,,F,SI,,,,
DNI 43782039,43782039,27437820398,GUTIERREZ,MIRYAM EVANGELINA,17/09/1993,,,,F,NO,,,,
DNI 3780234,3780234,23037802344,SALINAS,DOMINGA F,25/12/1938,,,,F,NO,,,,
DNI 7574198,7574198,20075741988,MARIN,OSCAR ISAIAS,15/07/1945,,,,M,SI,,,,
DNI 7574198,7574198,27075741982,MICHELON,VELIA,08/05/1939,,,,F,NO,,,,
DNI 94054817,94054817,27940548174,SAGASTEGUI,"CHAVEZ ROSA ELVIRA           ",01/11/1972,,,,F,NO,,,,
DNI 4090971,4090971,20040909711,FRANCO,ANSELMO VICENTE,13/02/1933,,,,M,SI,,,,
DNI 4090971,4090971,27040909716,PRIVIDERA,AMELIA LUCIA,29/11/1939,,,,F,NO,,,,
DNI 4403690,4403690,20044036909,SAVINO,JORGE RITO,11/11/1942,,,,M,NO,,,,
DNI 4403690,4403690,27044036903,CLOBAZ,LIBERA,10/08/1943,,,,F,NO,,,,
DNI 8550357,8550357,20085503570,MAZZITELLI,JOSE PABLO,25/01/1951,,,,M,NO,,,,
DNI 12645117,12645117,27126451178,MALDONADO,ANA ISABEL,03/11/1956,,,,F,NO,,,,
DNI 94649760,94649760,20946497607,SANCHEZ GUTIERREZ LUIS ALBERTO,"SANCHEZ GUTIERREZ LUIS ALBERTO                                                                                                                        ",22/04/1982,,,,M,NO,,,,
DNI 18865914,18865914,23188659144,ABALOS,MARIA TERESA,21/10/1964,,,,F,NO,,,,
DNI 4386098,4386098,20043860985,EYRAUD,ALFONSO,06/11/1941,,,,M,NO,,,,
DNI 94063883,94063883,20940638837,VEIZAGA,"ROJAS GOLDI        ",27/08/1982,,,,M,NO,,,,
DNI 4386098,4386098,23043860984,SALA,MARTA HAYDEE,10/08/1938,,,,F,NO,,,,
DNI 5892418,5892418,27058924186,ORELLANA,MARIA E,03/10/1948,,,,F,NO,,,,
DNI 5892418,5892418,20058924181,GOMEZ RAIMUNDO,MARIA E,13/03/1927,,,,M,SI,,,,
DNI 94063883,94063883,27940638831,VEIZAGA ROJAS GOLDI,"ROJAS GOLDI        ",27/08/1982,,,,F,NO,,,,
DNI 33995842,33995842,23339958424,CINTIA,LOPEZ,06/09/1988,,,,F,NO,,,,
DNI 92420437,92420437,20924204371,AQUINO,"MARIO       ",17/03/1954,,,,M,NO,,,,
DNI 33995842,33995842,20339958425,PALACIO,JAVIER EZEQUIEL,06/09/1988,,,,M,NO,,,,
DNI 7661579,7661579,23076615799,BATTISTONI,ANGEL LUIS,27/04/1949,,,,M,NO,,,,
DNI 7661579,7661579,27076615794,BATTISTONI,"BORRI ROSA ANTONIA                                                                                                                                    ",01/01/1901,,,,F,NO,,,,
DNI 28843697,28843697,20288436976,PELLICANI,"VERGARA FERNANDO G                                                                                                                                    ",06/06/1971,,,,M,NO,,,,
DNI 28843697,28843697,27288436970,PELLICANI,AGUSTINA PAULA,09/05/1981,,,,F,NO,,,,
DNI 33114734,33114734,20331147347,MOLINA,WALTER ANTONIO,25/05/1987,,,,M,NO,,,,
DNI 27170296,27170296,27271702960,FRANCAVILLA SABRINA BARBARA,SABRINA BARBARA,19/02/1979,,,,F,NO,,,,
DNI 30135137,30135137,27301351378,ALMIRON,ROMINA GISELLE,17/02/1983,,,,F,NO,,,,
DNI 12270488,12270488,27122704888,MELLINO,ANA MARIA,19/12/1956,,,,F,NO,,,,
DNI 4165584,4165584,23041655844,QUIROGA,NIDIA,23/01/1942,,,,F,NO,,,,
DNI 4165584,4165584,20041655845,CUEVAS,RODOLFO JESUS,21/06/1935,,,,M,SI,,,,
DNI 23480993,23480993,20234809939,HUARACHI,HECTOR JUSTINO,17/07/1974,,,,M,NO,,,,
DNI 92610168,92610168,20926101685,FERREIRA,"SILVA DAVY EDISON         ",25/04/1959,,,,M,NO,,,,
DNI 92610168,92610168,20926101685,FERREIRA,"SILVA DAVY EDISON         ",25/04/1959,,,,M,NO,,,,
DNI 18310932,18310932,23183109324,PRIETO,SUSANA MABEL,26/12/1965,,,,F,NO,,,,
DNI 28825284,28825284,20288252840,BARRETO,NESTOR GABRIEL,01/04/1981,,,,M,NO,,,,
DNI 3566327,3566327,20035663275,VERGA,MATEO,01/01/1922,,,,M,NO,,,,
DNI 3566327,3566327,23035663274,RICCI,CLARA,10/01/1937,,,,F,SI,,,,
DNI 20481399,20481399,27204813995,SANCHEZ,ELIZABETH JULIA,06/11/1968,,,,F,NO,,,,
DNI 28916049,28916049,20289160494,RODRIGUEZ,MARCELO DAVID,28/05/1981,,,,M,NO,,,,
DNI 93410530,93410530,20934105304,IGLESIAS,"VAZQUEZ MARIA         ",29/06/1943,,,,M,NO,,,,
DNI 93410530,93410530,27934105309,IGLESIAS,"IGLESIAS VAZQUEZ MARIA                                                                                                                                ",29/06/1943,,,,F,NO,,,,
DNI 8172737,8172737,20081727377,GUTIERREZ SOSA,JOSE,01/11/1945,,,,M,SI,,,,
DNI 10469237,10469237,27104692376,CASTIÑEIRA,MARIA RITA,25/02/1952,,,,F,SI,,,,
DNI 96007297,96007297,27960072974,MANUKYAN INGA,MANUKYAN INGA,05/02/1968,,,,F,NO,,,,
DNI 23227067,23227067,27232270670,MARTINEZ,DORA ROSA ALBA,05/03/1973,,,,F,NO,,,,
DNI 6291879,6291879,23062918799,ROSSA,ETELVIN LIONEL B,07/06/1940,,,,M,SI,,,,
DNI 6291879,6291879,27062918794,TAIANA,ELBA DELIA,18/05/1950,,,,F,NO,,,,
DNI 11356860,11356860,27113568602,CEJAS,ANA ELISA,14/01/1955,,,,F,NO,,,,
DNI 8270457,8270457,20082704575,ZIVIC,SERGIO,19/10/1947,,,,M,NO,,,,
DNI 30616398,30616398,27306163987,ENRIQUEZ,NORA MARIANA,28/01/1984,,,,F,NO,,,,
DNI 21773397,21773397,23217733979,MORAN,JORGE RAMON,29/08/1972,,,,M,NO,,,,
DNI 94037473,94037473,27940374737,YANAMANGO,"MORALES ELIZABETH JUANA       ",08/02/1964,,,,F,NO,,,,
DNI 4540934,4540934,20045409342,MOUMDJIAN,ALBERTO RICARDO,12/01/1946,,,,M,NO,,,,
DNI 20335393,20335393,20203353937,CORIA,CESAR RUBEN,07/06/1968,,,,M,NO,,,,
DNI 22024103,22024103,27220241039,WENBICKI,VIVIANA LAURA,17/02/1971,,,,F,NO,,,,
DNI 24994690,24994690,27249946902,MAGGIO,MARIA FLORENCIA,06/01/1976,,,,F,NO,,,,
DNI 13664101,13664101,27136641013,RAMOS,SUSANA AMANDA,24/10/1959,,,,F,NO,,,,
DNI 16497086,16497086,20164970869,PALOMO,ROLANDO,01/11/1963,,,,M,NO,,,,
DNI 17499360,17499360,27174993608,FAITA,ANDREA FABIANA,17/09/1965,,,,F,NO,,,,
DNI 22226977,22226977,20222269777,AZZETTI,LEONARDO CARLOS GUIDO,16/11/1971,,,,M,NO,,,,
DNI 22981039,22981039,27229810397,Lensina,Maria,01/09/1972,,,,F,NO,,,,
DNI 22981039,22981039,20229810392,VILDOZA,CHRISTIAN HERNAN,01/09/1972,,,,M,NO,,,,
DNI 4149417,4149417,23041494174,LOPEZ,ZULMA DILMA,28/05/1941,,,,F,NO,,,,
DNI 4149417,4149417,20041494175,SANTA CRUZ,JUAN ANTONIO,12/02/1935,,,,M,NO,,,,
DNI 17287133,17287133,20172871330,BROSKY,MARCELO IGNACIO,01/12/1964,,,,M,NO,,,,
DNI 5441755,5441755,27054417557,GONZALEZ,LEONOR,20/10/1946,,,,F,NO,,,,
DNI 5635009,5635009,20056350099,SILVA,ADELFIA,01/01/1929,,,,M,SI,,,,
DNI 5635009,5635009,27056350093,SILVA,ADELFIA,25/04/1944,,,,F,NO,,,,
DNI 29616524,29616524,20296165248,GOMEZ,DIEGO LEANDRO,06/08/1982,,,,M,NO,,,,
DNI 26299859,26299859,20262998593,MONTOYA SERGIO DANIEL,SERGIO DANIEL,04/03/1977,,,,M,NO,,,,
DNI 10678326,10678326,27106783263,MACCARONE,HAYDEE ROSARIO,28/12/1952,,,,F,NO,,,,
DNI 18076260,18076260,23180762604,PASSARDI,RITA MARIA A,16/06/1966,,,,F,NO,,,,
DNI 27637640,27637640,27276376409,GUZMAN,IVANA MARIELA,22/09/1979,,,,F,NO,,,,
DNI 27636260,27636260,27276362602,PREZIOSO,LORENA NATALIA,01/09/1979,,,,F,NO,,,,
DNI 93886970,93886970,27938869702,MORAL,"RIVAROLA VICTORIA      ",25/02/1965,,,,F,NO,,,,
DNI 26119183,26119183,20261191831,BENITEZ,HERNAN JAVIER,22/12/1977,,,,M,NO,,,,
DNI 23525390,23525390,23235253909,IBARRA,ALEJANDRO ADRIAN,08/12/1973,,,,M,NO,,,,
DNI 22195391,22195391,20221953917,LAUZEL,GUSTAVO ENRIQUE,14/05/1971,,,,M,NO,,,,
DNI 24431141,24431141,20244311416,CARLOS,JUAN PABLO,09/03/1975,,,,M,NO,,,,
DNI 4641290,4641290,27046412902,PASCUAL,MATILDE GRACIELA,19/03/1943,,,,F,NO,,,,
DNI 4641290,4641290,20046412908,GARROCHO,JUAN CARLOS,06/04/1945,,,,M,SI,,,,
DNI 92645706,92645706,20926457064,GONZALEZ,"HERRERA JUAN DANIEL         ",28/06/1954,,,,M,SI,,,,
DNI 11201330,11201330,27112013305,PAURA,MARIA CRISTINA,07/01/1954,,,,F,NO,,,,
DNI 39551087,39551087,27395510873,BARBOZA,ROCIO BELEN,02/09/1994,,,,F,NO,,,,
DNI 37424239,37424239,27374242399,CORDOBA,EVELYN GISELLE,13/03/1993,,,,F,NO,,,,
DNI 4282339,4282339,20042823393,REPETTO,EDUARDO ALBERTO,04/10/1938,,,,M,NO,,,,
DNI 25966746,25966746,27259667467,TASSARA,PAULA VALERIA,12/08/1977,,,,F,NO,,,,
DNI 14679486,14679486,20146794867,REALES,SERGIO RAUL,20/01/1961,,,,M,NO,,,,
DNI 5454097,5454097,27054540979,PEREZ,BLANCA BEATRIZ,09/12/1946,,,,F,NO,,,,
DNI 7836343,7836343,20078363437,SEVILLANO,NESTOR HORACIO,30/08/1949,,,,M,NO,,,,
DNI 26661487,26661487,20266614870,MARTIN,ARIEL HERNAN,30/04/1978,,,,M,NO,,,,
DNI 35416781,35416781,20354167817,VILLARREAL,NELSON ALEJANDRO,10/03/1990,,,,M,NO,,,,
DNI 10217348,10217348,27102173487,DIAZ,GLADYS TERESA,04/09/1951,,,,F,NO,,,,
DNI 25475691,25475691,20254756912,BARBA DANIEL ROBERTO,DANIEL ROBERTO,14/11/1976,,,,M,NO,,,,
DNI 14169574,14169574,20141695747,PIÑA,MIGUEL ADRIAN,25/05/1960,,,,M,NO,,,,
DNI 92015162,92015162,27920151626,SUSLUAGA,"NILSA LOURDES         ",13/10/1943,,,,F,NO,,,,
DNI 7932133,7932133,20079321339,ACOSTA,BENITO ARCADIO,08/04/1942,,,,M,NO,,,,
DNI 21809365,21809365,20218093656,TROILO,GUSTAVO ADOLFO,26/02/1971,,,,M,NO,,,,
DNI 32905611,32905611,20329056113,CHAO,HERNAN,31/03/1987,,,,M,NO,,,,
DNI 4402943,4402943,20044029430,GALSMAN,ELIAS SAUL,26/12/1942,,,,M,NO,,,,
DNI 4402943,4402943,27044029435,MIRABILE,PASCUALINA ROSA,12/01/1942,,,,F,NO,,,,
DNI 28696617,28696617,23286966179,DELGADO HUGO ENRIQUE,"DELGADO HUGO E N                                                                                                                                      ",12/02/1981,,,,M,NO,,,,
DNI 16950781,16950781,27169507819,AVEIRO ESPINOLA,JUANA,24/06/1947,,,,F,NO,,,,
DNI 5078676,5078676,27050786760,OVIEDO,ROSALIA,13/08/1945,,,,F,NO,,,,
DNI 30287647,30287647,23302876479,TORO JOSE EDUARDO,JOSE EDUARDO,20/06/1983,,,,M,NO,,,,
DNI 93761645,93761645,27937616452,VILLAVERDE,"LEGUIZA ISABEL           ",08/07/1971,,,,F,NO,,,,
DNI 25003528,25003528,23250035284,RIOS,LILIANA MABEL,17/12/1975,,,,F,NO,,,,
DNI 40458413,40458413,27404584133,OCHOA,MARIA VICTORIA,27/05/1997,,,,F,NO,,,,
DNI 6699243,6699243,27066992433,SUAREZ,GREGORIA ARGENTINA,27/05/1951,,,,F,NO,,,,
DNI 11458376,11458376,27114583761,HUCK,MARIA ESTER,16/06/1954,,,,F,NO,,,,
DNI 6699243,6699243,20066992439,DOMINGUEZ,LUIS ANTONIO,15/11/1946,,,,M,NO,,,,
DNI 16146096,16146096,20161460967,MACIEL,MIGUEL ISAURO,27/12/1962,,,,M,NO,,,,
DNI 5777510,5777510,27057775101,DIAZ,ANA RAQUEL,12/02/1948,,,,F,NO,,,,
DNI 16623855,16623855,20166238553,SANTOS,NORBERTO TRANSITO,16/10/1963,,,,M,NO,,,,
DNI 23609813,23609813,27236098139,ARCE,ALEJANDRA GABRIELA,02/02/1974,,,,F,NO,,,,
DNI 92668898,92668898,20926688988,AGUILA,"DIAZ CRISTIAN HUMBERTO       ",31/08/1973,,,,M,NO,,,,
DNI 11037125,11037125,27110371255,GAMARRA,NORMA PASCUALA,23/10/1953,,,,F,NO,,,,
DNI 31442087,31442087,27314420875,CAPITANELLI,MARIA NATALIA,01/02/1985,,,,F,NO,,,,
DNI 4877601,4877601,27048776014,RODRIGUEZ,JUANA R,29/03/1944,,,,F,NO,,,,
DNI 11275850,11275850,27112758505,GRAHL,LILIANA MARTA,27/02/1954,,,,F,NO,,,,
DNI 4877601,4877601,23048776019,RODRIGUEZ,"ROCA JOSE LUIS                                                                                                                                        ",13/02/1939,,,,M,SI,,,,
DNI 5752408,5752408,27057524087,STRELEC,MIRTA HAYDEE,21/08/1948,,,,F,NO,,,,
DNI 5884469,5884469,20058844692,MORALI,HUGO ALFREDO,11/02/1947,,,,M,SI,,,,
DNI 5752408,5752408,20057524082,GUTIERREZ FAUSTINO HERMINIO,FAUSTINO HERMINIO,29/07/1940,,,,M,NO,,,,
DNI 5884469,5884469,27058844697,RIVEROS,ENRIQUETA,15/07/1948,,,,F,NO,,,,
DNI 12789595,12789595,20127895954,LOPEZ,NESTOR ALBERTO,30/09/1958,,,,M,NO,,,,
DNI 22126651,22126651,27221266515,COMAS,MONICA ELIZABETH,04/02/1971,,,,F,NO,,,,
DNI 4368978,4368978,23043689789,ALVAREZ,OSVALDO ANTONIO,04/06/1941,,,,M,NO,,,,
DNI 21857490,21857490,20218574905,RAMOS,REYNALDO ROSA,26/06/1971,,,,M,NO,,,,
DNI 11778341,11778341,20117783414,MARTINEZ,ANTONIO JULIO,13/05/1954,,,,M,NO,,,,
DNI 10732189,10732189,27107321891,CACCIATORE,MARIA OFELIA,29/06/1953,,,,F,NO,,,,
DNI 4368978,4368978,27043689784,AYBAR,SENOVIA,14/03/1929,,,,F,SI,,,,
DNI 8487235,8487235,20084872351,GONZALEZ,HUGO FRANCISCO,03/10/1950,,,,M,SI,,,,
DNI 5259462,5259462,20052594627,BUSTOS,JUAN DOMINGO,14/06/1949,,,,M,NO,,,,
DNI 5259462,5259462,27052594621,BUSTOS,"MERCADO SIMONA ANA                                                                                                                                    ",29/01/1947,,,,F,SI,,,,
DNI 10671623,10671623,23106716234,SILVA,ELIDA ELBA,18/04/1953,,,,F,NO,,,,
DNI 30497604,30497604,20304976048,BARROCA,JUAN MARCOS,09/11/1983,,,,M,NO,,,,
DNI 20281710,20281710,27202817101,MUSCO,CLAUDIA GRACIELA,05/07/1968,,,,F,NO,,,,
DNI 10671623,10671623,20106716235,ALEJANDRO,MEDINA,18/04/1953,,,,M,NO,,,,
DNI 23149834,23149834,20231498347,MELLIA BERONDA,MATIAS EUGENIO,09/05/1973,,,,M,NO,,,,
DNI 3959078,3959078,27039590781,ANELLO,MARIA DE GUADALUPE,03/06/1940,,,,F,SI,,,,
DNI 28312126,28312126,20283121268,CARABALLO,CLAUDIO MARCELO,02/11/1980,,,,M,NO,,,,
DNI 8528150,8528150,20085281500,GONZALEZ,BENJAMIN,30/03/1951,,,,M,NO,,,,
DNI 3959078,3959078,20039590787,ANELLO,"CHAILE VICITACION ISABEL                                                                                                                              ",02/07/1923,,,,M,SI,,,,
DNI 22312701,22312701,20223127011,AMAYA,CESAR MARIO,18/10/1971,,,,M,NO,,,,
DNI 28312126,28312126,20283121268,CARABALLO,CLAUDIO MARCELO,02/11/1980,,,,M,NO,,,,
DNI 7940451,7940451,23079404519,SOSA,MANUEL AGUSTIN,01/07/1944,,,,M,NO,,,,
DNI 10428155,10428155,27104281554,PEIJOO,ANTONIA NELIDA,07/03/1952,,,,F,NO,,,,
DNI 7940451,7940451,27079404514,SOSA,"DIAZ LUISA S                                                                                                                                          ",04/11/1926,,,,F,SI,,,,
DNI 34306340,34306340,27343063402,CASTILLO,AYELEN VANESA,24/03/1989,,,,F,NO,,,,
DNI 2343774,2343774,27023437746,DAFFARA,MARIA ELENA,09/06/1934,,,,F,SI,,,,
DNI 12183268,12183268,20121832683,MUÑOZ,RICARDO OSVALDO,20/08/1954,,,,M,NO,,,,
DNI 11098863,11098863,27110988635,ZIBECCHI,LAURA ELENA,18/05/1954,,,,F,SI,,,,
DNI 4616850,4616850,27046168505,MARQUEZ,MIRTHA ASUCENA,20/04/1943,,,,F,NO,,,,
DNI 2734202,2734202,27027342022,RUS,MARIA ESTHER,19/04/1933,,,,F,SI,,,,
DNI 10970504,10970504,20109705048,VERON,HUGO RUBEN,26/11/1953,,,,M,NO,,,,
DNI 26036495,26036495,20260364953,ESPINOSA,CLAUDIO ALEJANDRO,02/05/1977,,,,M,NO,,,,
DNI 24420728,24420728,20244207287,GONZALEZ,OSCAR ALBERTO,18/02/1975,,,,M,NO,,,,
DNI 13730072,13730072,27137300724,ALBARENGA,ZULMA MIRTA,21/02/1957,,,,F,NO,,,,
DNI 11713152,11713152,20117131522,HERRERA,GUILLERMO LUIS,16/05/1955,,,,M,SI,,,,
DNI 10761216,10761216,20107612166,LEIVA,MARIANO CARLOS,18/05/1959,,,,M,NO,,,,
DNI 16732987,16732987,20167329870,CENTURION,JOSE HORACIO,03/07/1964,,,,M,SI,,,,
DNI 95002721,95002721,27950027210,IGLESIAS PACO JIMENA,IGLESIAS PACO JIMENA,06/05/1983,,,,F,NO,,,,
DNI 95002721,95002721,20950027216,Iglesias,Paco Jimena,06/05/1983,,,,M,NO,,,,
DNI 20471505,20471505,20204715050,GOMEZ,CARLOS ALBERTO,06/12/1968,,,,M,NO,,,,
DNI 5485103,5485103,27054851036,FUNES,NELBA NOEMI,11/09/1946,,,,F,NO,,,,
DNI 5485103,5485103,20054851031,SANSONE,ANGEL ESTEBAN,31/10/1940,,,,M,NO,,,,
DNI 5319601,5319601,27053196018,FERNANDEZ,ISABEL MARIA,08/07/1945,,,,F,NO,,,,
DNI 5319601,5319601,20053196013,ARANDA,RAMON LUJAN,25/10/1940,,,,M,NO,,,,
DNI 3873394,3873394,27038733945,QUEVEDO,OLGA ZULEMA,01/03/1940,,,,F,NO,,,,
DNI 6388200,6388200,20063882004,ARGUELLO,ALBERTO OSCAR,31/10/1940,,,,M,SI,,,,
DNI 6388200,6388200,27063882009,ARENA,MONICA MARIA CRISTINA,24/04/1950,,,,F,NO,,,,
DNI 28587729,28587729,27285877291,MENDEZ,NATALIA ALEJANDRA,10/03/1981,,,,F,NO,,,,
DNI 14814851,14814851,20148148512,GODOY,JOSE MARCELO,17/08/1961,,,,M,NO,,,,
DNI 16114640,16114640,20161146405,NICOLAS MATIAS,EBORA,05/10/1962,,,,M,NO,,,,
DNI 17196326,17196326,27171963260,ROMANO,MARIA ALEJANDRA,13/05/1965,,,,F,NO,,,,
DNI 93879468,93879468,27938794680,MERELES,"CANDIDA        ",06/06/1947,,,,F,NO,,,,
DNI 28961427,28961427,27289614279,GODOY,LAURA GUADALUPE,13/10/1981,,,,F,NO,,,,
DNI 9995264,9995264,23099952644,GARCIA,PABLA,26/06/1942,,,,F,NO,,,,
DNI 16114640,16114640,23161146404,DE VINCENTIS,MIRYAM ELIZABETH,05/10/1962,,,,F,NO,,,,
DNI 6147322,6147322,20061473220,TORRES,HUMBERTO,11/11/1948,,,,M,NO,,,,
DNI 5900294,5900294,27059002940,VIDAL,ESTELA RAMONA,16/04/1948,,,,F,NO,,,,
DNI 5900294,5900294,20059002946,ORSINI SILVERIO SEBASTIAN,ESTELA RAMONA,01/01/1929,,,,M,SI,,,,
DNI 28266107,28266107,27282661077,CHOCOBAR,PAMELA MELINA,09/10/1980,,,,F,NO,,,,
DNI 6147322,6147322,27061473225,AQUINO ELSA NATIVIDAD,HUMBERTO,25/12/1949,,,,F,NO,,,,
DNI 17656425,17656425,20176564254,SENISE,HECTOR ARMANDO,19/03/1966,,,,M,NO,,,,
DNI 5488940,5488940,20054889403,RECALDE,NESTOR ADEMAR,16/11/1941,,,,M,NO,,,,
DNI 4187840,4187840,20041878402,PILTCH,ENRIQUE,27/10/1936,,,,M,SI,,,,
DNI 5488940,5488940,27054889408,PALOMBO,ANA MARIA,13/11/1946,,,,F,NO,,,,
DNI 13302738,13302738,27133027381,GOMEZ,MARTA ELENA,22/08/1959,,,,F,NO,,,,
DNI 4187840,4187840,27041878407,PILTCH,"BURGOS ANGELA HAYDEE                                                                                                                                  ",05/02/1940,,,,F,SI,,,,
DNI 4505142,4505142,27045051426,TOLABA,ELENA LIDIA,12/10/1943,,,,F,NO,,,,
DNI 29599387,29599387,27295993877,ARELLO,ELIZABETH GISELA,21/10/1982,,,,F,NO,,,,
DNI 10090133,10090133,20100901332,ESPINDOLA,ANGEL C,16/02/1952,,,,M,NO,,,,
DNI 4871957,4871957,27048719576,COLOMBO,HILDA ROSA,31/05/1945,,,,F,SI,,,,
DNI 16038378,16038378,27160383785,MIRANDA,VIVIAN EDITH,05/05/1962,,,,F,NO,,,,
DNI 4871957,4871957,20048719571,CECCONI,RAUL JORGE,04/06/1938,,,,M,SI,,,,
DNI 5776666,5776666,20057766663,CERDAN SATURNINO,MARIA CRISTINA,24/11/1927,,,,M,SI,,,,
DNI 13431676,13431676,20134316765,RICCI,OSCAR ENRIQUE,04/10/1957,,,,M,NO,,,,
DNI 5776666,5776666,27057766668,ROSSELLO,MARIA CRISTINA,24/03/1948,,,,F,NO,,,,
DNI 16038378,16038378,20160383780,MIRANDA,"MURYK ENRIQUE                                                                                                                                         ",01/01/1901,,,,M,NO,,,,
DNI 4456343,4456343,27044563431,PRIETO,FELICIDAD ROSARIO,02/09/1942,,,,F,NO,,,,
DNI 40398394,40398394,27403983948,GUDIÑO,SHEILA MELANIE,09/06/1997,,,,F,NO,,,,
DNI 5611078,5611078,20056110780,DOMINGUEZ,ALBERTO ADOLFO,08/02/1938,,,,M,NO,,,,
DNI 5611078,5611078,27056110785,LEIVA,VICTORIANA,02/03/1945,,,,F,NO,,,,
DNI 5611078,5611078,20056110780,DOMINGUEZ,ALBERTO ADOLFO,08/02/1938,,,,M,NO,,,,
DNI 23692401,23692401,20236924018,BELLO,GUILLERMO DANIEL,06/03/1974,,,,M,NO,,,,
DNI 18133296,18133296,23181332964,AQUINO,MERCEDES NOEMI,26/01/1967,,,,F,NO,,,,
DNI 4236374,4236374,20042363740,TOLEDO,"SZORENYI AMERICO GABRIEL                                                                                                                              ",11/10/1913,,,,M,SI,,,,
DNI 4236374,4236374,27042363745,TOLEDO,REINA VICTORIA,12/09/1941,,,,F,NO,,,,
DNI 11893524,11893524,27118935247,LARA,NORA NOEMI,27/10/1955,,,,F,NO,,,,
DNI 16639926,16639926,20166399263,COLARTE,MARCELO GREGORIO,27/01/1963,,,,M,NO,,,,
DNI 30427058,30427058,20304270587,SANCHIS MELIAN,FEDERICO EZEQUIEL,15/08/1983,,,,M,NO,,,,
DNI 12204548,12204548,27122045485,ACOSTA,MARIA DEL CARMEN,27/08/1956,,,,F,NO,,,,
DNI 30525731,30525731,20305257312,MAMMARELLA,DANTE JAVIER,24/07/1977,,,,M,NO,,,,
DNI 4505262,4505262,27045052627,DIAZ,MABEL ALICIA,05/05/1943,,,,F,NO,,,,
DNI 4505262,4505262,20045052622,DIAZ,"BALBI LUIS ANTONIO                                                                                                                                    ",09/12/1931,,,,M,SI,,,,
DNI 11299095,11299095,27112990955,BATISTA,MARIA EVA,17/12/1953,,,,F,NO,,,,
DNI 12864750,12864750,27128647509,MASCAREÑO,ELBA ESTER,21/12/1958,,,,F,NO,,,,
DNI 31926802,31926802,27319268028,MORALES,ALDANA BELEN,25/10/1985,,,,F,NO,,,,
DNI 18258341,18258341,27182583419,KRENZ,VIRGINIA SILVIA,25/11/1966,,,,F,NO,,,,
DNI 6662167,6662167,20066621678,SLININ OSVALDO,NELIDA JOSEFA,12/04/1925,,,,M,SI,,,,
DNI 6662167,6662167,27066621672,D AMICO,NELIDA JOSEFA,11/02/1951,,,,F,SI,,,,
DNI 93961443,93961443,20939614436,HUAMAN,"VALDEZ SANTOS TERESA       ",24/11/1964,,,,M,NO,,,,
DNI 93961443,93961443,27939614430,HUAMAN VALDEZ SANTOS TERESA,"VALDEZ SANTOS TERESA       ",24/11/1964,,,,F,NO,,,,
DNI 17230040,17230040,27172300400,VELAZQUEZ,ANA DOLORES,03/03/1965,,,,F,NO,,,,
DNI 13073405,13073405,27130734052,MENINI,JORGELINA,02/09/1959,,,,F,NO,,,,
DNI 30846875,30846875,27308468750,LALLANA,CLAUDIA SOLEDAD,07/05/1984,,,,F,NO,,,,
DNI 4875468,4875468,27048754681,CORREA,ROSA ALICIA,03/04/1944,,,,F,NO,,,,
DNI 8402619,8402619,20084026191,FLORIO,MARCOS ANTONIO,10/11/1950,,,,M,NO,,,,
DNI 4875468,4875468,20048754687,BARRIONUEVO,LUIS CARLOS,04/11/1938,,,,M,SI,,,,
DNI 26160499,26160499,27261604995,POMAR ERIKA NELIDA,ERIKA NELIDA,08/11/1977,,,,F,NO,,,,
DNI 5422174,5422174,20054221747,MEDINA,MODARELL ROQUE HECTOR,01/01/1991,,,,M,SI,,,,
DNI 5422174,5422174,27054221741,MEDINA,BLANCA AURORA,14/01/1946,,,,F,NO,,,,
DNI 32220057,32220057,23322200579,MANDARINO,FEDERICO MATIAS,10/04/1986,,,,M,NO,,,,
DNI 23790463,23790463,20237904630,RECIO,PAULO CESAR,27/12/1973,,,,M,NO,,,,
DNI 27274438,27274438,27272744381,AMABILE ANDREA VERONICA,ANDREA VERONICA,30/09/1978,,,,F,NO,,,,
DNI 40699074,40699074,27406990740,PAEZ,JULIETA GISELLE,28/08/1993,,,,F,NO,,,,
DNI 36374546,36374546,20363745467,TOTCHILOVSKI,CRISTIAN GABRIEL,29/01/1992,,,,M,NO,,,,
DNI 18583540,18583540,27185835400,PEREYRA,GRACIELA MABEL,16/12/1967,,,,F,NO,,,,
DNI 32959748,32959748,27329597488,DOMINGUEZ,FLORA GABRIELA VIVIANA,23/03/1987,,,,F,NO,,,,
DNI 34901116,34901116,20349011167,NAPORICHI ALEJANDRO RAMON,ALEJANDRO RAMON,09/08/1990,,,,M,NO,,,,
DNI 32809467,32809467,20328094674,GUAYMAS,DIEGO ALEJANDRO,23/03/1987,,,,M,NO,,,,
DNI 41004155,41004155,20410041554,ESPINOZA,CRISTIAN DAVID,30/12/1997,,,,M,NO,,,,
DNI 32779177,32779177,27327791775,BARROS,ADRIANA EDIT,30/03/1987,,,,F,NO,,,,
DNI 32291957,32291957,20322919574,FLORES,DIEGO ARMANDO,30/06/1986,,,,M,NO,,,,
DNIE95784980,95784980,27957849801,PORTILLO ELISSA ESTELA,ELISSA,26/02/1980,,,,F,NO,,,,
DNI 33010721,33010721,23330107219,ASNAL JORGE MARCELO,JORGE MARCELO,02/08/1987,,,,M,NO,,,,
DNI 34464097,34464097,27344640977,PRATVIEL,ESTRELLA CRISTINA,27/11/1987,,,,F,NO,,,,
DNI 20457573,20457573,27204575733,ACOSTA,MARIA ELENA,16/09/1968,,,,F,NO,,,,
DNIE95818511,95818511,20958185112,PALACIOS OSORIO MARLON ADRIAN,PALACIOS OSORIO MARLON ADRIAN,21/05/1975,,,,M,NO,,,,
DNI 38561155,38561155,20385611553,LAYOIA,MATIAS EZEQUIEL,15/02/1994,,,,M,NO,,,,
DNI 25083265,25083265,20250832657,ZALAZAR,NORBERTO,20/04/1976,,,,M,NO,,,,
DNIE95904218,95904218,20959042188,CASTELLANO ESCORCIA KENDRY ADALBERTO,CASTELLANO ESCORCIA KENDRY ADALBERTO,03/12/1987,,,,M,NO,,,,
DNI 43353843,43353843,27433538434,GALLEGOS RODRIGUEZ,VALENTINA MILAGROS,22/02/2001,,,,F,NO,,,,
DNI 43743523,43743523,27437435230,LEDESMA,AYLEN LUCIA,02/05/2001,,,,F,NO,,,,
DNI 43371167,43371167,20433711670,DEPETRIS NICOLAS LAUTARO,"DEPETRIS NICOLAS                                                                                                                                      ",23/05/2000,,,,M,NO,,,,
DNI 36962580,36962580,27369625808,GALLARDO,SOFIA JORGELINA,07/09/1992,,,,F,NO,,,,
DNI 42687493,42687493,27426874933,RUEJAS,MILAGROS ELIZABETH,07/04/2000,,,,F,NO,,,,
DNI 12295927,12295927,27122959274,OLID,CRISTINA DEL VALLE,31/10/1956,,,,F,NO,,,,
DNI 34043729,34043729,20340437293,ASTORGA,LEONARDO SILVIO,28/09/1988,,,,M,NO,,,,
DNI 22269855,22269855,27222698559,AGUERO,ANALIA ROSA,17/06/1971,,,,F,NO,,,,
DNI 12475225,12475225,27124752251,FERNANDEZ,LUISA CARMEN,17/08/1958,,,,F,NO,,,,
DNI 43743679,43743679,27437436792,CORONEL,MELANY AGUSTINA,03/11/2001,,,,F,NO,,,,
DNI 25997154,25997154,27259971549,NUÑEZ,SUSANA GRACIELA,27/06/1977,,,,F,NO,,,,
DNI 37801595,37801595,20378015953,MARTINEZ,SEBASTIAN ORLANDO,08/04/1994,,,,M,NO,,,,
DNI 34279840,34279840,27342798409,SIN DATOS,SIN DATOS,01/01/1900,,,,F,NO,,,,
DNIE95590289,95590289,27955902896,BATISTA SOUZA RAYANA,BATISTA SOUZA RAYANA,01/12/1991,,,,F,NO,,,,
DNI 34279840,34279840,20342798404,SANCHEZ,CHRISTIAN FABIAN,26/01/1989,,,,M,NO,,,,
DNI 29156145,29156145,20291561455,PEREZ,EZEQUIEL LUIS,25/06/1982,,,,M,NO,,,,
DNI 38356378,38356378,27383563785,FERNANDEZ,MELINA JANET,10/07/1994,,,,F,NO,,,,
DNIE94620071,94620071,27946200714,MONASTERIOS GONZALEZ THANIA SIRET,"MONASTERIOS GONZALEZ THANIA SIRET                                                                                                                     ",09/03/1991,,,,F,NO,,,,
DNI 34212144,34212144,20342121447,BARRAZA,FEDERICO EZEQUIEL,18/09/1988,,,,M,NO,,,,
DNI 14950588,14950588,27149505887,BOGADO,MARIA SILVIA,17/11/1961,,,,F,NO,,,,
DNI 38688407,38688407,27386884078,VARGAS,"CISTERNA MARIA FLORENCIA                                                                                                                              ",08/12/1993,,,,F,NO,,,,
DNI 29783087,29783087,27297830878,BARRIOS,ROMINA HILEN,23/10/1982,,,,F,NO,,,,
DNIE94773656,94773656,20947736567,SANCHEZ TORRES MICHAEL JAMES,TORRES MICHAEL JAMES,25/06/1997,,,,M,NO,,,,
DNI 38672363,38672363,20386723630,CHARIANO,NORBERTO LUIS OMAR,31/01/1995,,,,M,NO,,,,
DNIE95283286,95283286,27952832862,SANCHEZ FERRERAS YOHANNA ELIZA,YOHANNA ELIZABETH,10/03/1996,,,,F,NO,,,,
DNIE95489681,95489681,27954896817,NICOLAU FENILI CAROLINE,NICOLAU FENILI CAROLINE,12/02/1994,,,,F,NO,,,,
DNI 30350236,30350236,20303502360,INDALECIO,JORGE LUIS,11/09/1983,,,,M,NO,,,,
DNI 34843318,34843318,20348433181,SAUCEDO,"MERELES ALDO LEONEL                                                                                                                                   ",06/06/1989,,,,M,NO,,,,
DNI 31034917,31034917,27310349173,GONZALEZ,SANDRA NOEMI,14/06/1984,,,,F,NO,,,,
DNI 38688407,38688407,20386884073,VARGAS,ALBERTO NICOLAS,01/06/1995,,,,M,NO,,,,
DNI 25900805,25900805,20259008051,VENICA,NICOLAS RAUL,21/10/1977,,,,M,NO,,,,
DNI 38699796,38699796,23386997969,ROMERO,ALEXIS DIEGO,01/09/1995,,,,M,NO,,,,
DNIE93970028,93970028,20939700286,CELIS,"VILLEGAS DANIEL ARMANDO      ",26/10/1994,,,,M,NO,,,,
DNI 40723842,40723842,27407238422,LINARES,LUZ MILENA,05/12/1997,,,,F,NO,,,,
DNI 38761412,38761412,27387614120,CEBALLOS,AGOSTINA AYLEN,08/04/1995,,,,F,NO,,,,
DNI 36404834,36404834,27364048349,SANCHEZ,JIMENA SOLEDAD,31/08/1991,,,,F,NO,,,,
DNI 41076085,41076085,27410760857,MELLADO,MILAGROS NAHIR,18/06/1998,,,,F,NO,,,,
DNI 38798951,38798951,20387989510,SALDIVIA,MATIAS GERMAN,20/07/1998,,,,M,NO,,,,
DNI 17002889,17002889,27170028894,PALOMEQUE,MYRIAM DEL VALLE,25/10/1964,,,,F,NO,,,,
DNIE94835424,94835424,20948354242,Recalde,Osvaldo,02/06/1988,,,,M,NO,,,,
DNI 34843318,34843318,27348433186,SAUCEDO,ROCIO SOLEDAD,20/10/1989,,,,F,NO,,,,
DNI 31598459,31598459,23315984599,GOMEZ,ISRAEL,07/06/1985,,,,M,NO,,,,
DNI 34850522,34850522,20348505220,PAZ,CARLOS DARIO,13/12/1988,,,,M,NO,,,,
DNI 34850522,34850522,27348505225,SIN DATOS,SIN DATOS,01/01/1900,,,,F,NO,,,,
DNI 31012106,31012106,27310121067,VILLARRUEL MAYRA VANINA,MAYA VANINA,25/06/1984,,,,F,NO,,,,
DNI 39333044,39333044,27393330444,LINZALATA,MELISA DENISE,06/02/1996,,,,F,NO,,,,
DNI 41164109,41164109,27411641096,PINI,MARTINA AYELEN,06/06/1998,,,,F,NO,,,,
DNI 18255763,18255763,27182557639,MARQUEZ,RAMONA ARGEMINA,09/02/1967,,,,F,NO,,,,
DNI 36089217,36089217,23360892174,PENDITO,FLORENCIA,10/02/1992,,,,F,NO,,,,
DNI 42483409,42483409,20424834093,LEGUIZA,JUAN ANTONIO,13/04/2000,,,,M,NO,,,,
DNI 35727000,35727000,27357270001,GUIRIN,LEYLA ALEJANDRA,13/12/1990,,,,F,NO,,,,
DNI 18178961,18178961,27181789617,BAROLIN,RUT NANCI,08/10/1966,,,,F,NO,,,,
DNI 36561113,36561113,27365611136,MOLINA,YESICA SOLEDAD,31/08/1990,,,,F,NO,,,,
DNI 41171320,41171320,27411713208,GAYOL,SOFIA ALDANA,18/06/1998,,,,F,NO,,,,
DNI 37318558,37318558,20373185583,PAEZ,LUIS ALBERTO,27/01/1993,,,,M,NO,,,,
DNI 41171320,41171320,27411713208,GAYOL,SOFIA ALDANA,18/06/1998,,,,F,NO,,,,
DNI 37258119,37258119,20372581191,IBARRA FRANCO NICOLAS,"IBARRA FRANCO NICOLAS                                                                                                                                 ",30/11/1992,,,,M,NO,,,,
DNI 19062921,19062921,20190629210,GARRIDO ROMERO ECEQUIEL ALEJAN,ECEQUIEL ALEJANDRO,17/07/1990,,,,M,NO,,,,
DNI 40304991,40304991,20403049914,GARCIA,ULISES SANTIAGO,14/03/1998,,,,M,NO,,,,
DNI 37020478,37020478,27370204786,VILLAGRA,YAMILA ANABELLA,08/09/1992,,,,F,NO,,,,
DNI 35589953,35589953,27355899530,LEIVA,ANA LUZ,10/11/1990,,,,F,NO,,,,
DNI 28216014,28216014,27282160140,MIRANDA,NOELIA SOLEDAD,10/06/1980,,,,F,NO,,,,
DNI 41314833,41314833,20413148333,QUIROGA,"GONZALEZ FACUNDO                                                                                                                                      ",18/02/1999,,,,M,NO,,,,
DNI 32645211,32645211,23326452114,SOSA MARIA AMELIA,MARIA AMELIA,04/11/1986,,,,F,NO,,,,
DNI 18125676,18125676,20181256762,PINTOS,MARCELO GUSTAVO,16/11/1966,,,,M,NO,,,,
DNI 41314833,41314833,27413148338,QUIROGA,ROCIO BELEN,12/10/1998,,,,F,NO,,,,
DNI 24841701,24841701,20248417014,SOTO,FERNANDO GABRIEL,14/11/1975,,,,M,NO,,,,
DNI 40240624,40240624,20402406241,AGUILAR,JUAN,10/02/1997,,,,M,NO,,,,
DNI 41767750,41767750,20417677500,PIAZZOLI,FABRIZIO NICOLAS,12/05/1999,,,,M,NO,,,,
DNI 28566296,28566296,27285662961,MORALES,IVANA CRISTINA,02/03/1981,,,,F,NO,,,,
DNI 42185373,42185373,20421853739,CASTEIG FRANCO JOEL,"CASTEIG FRANCO JOEL                                                                                                                                   ",14/02/1994,,,,M,NO,,,,
DNI 42585952,42585952,20425859529,LARTIGUE,AGUSTIN NICOLAS,08/05/2000,,,,M,NO,,,,
DNI 33114849,33114849,27331148496,IGLESIAS,NATALIA ROMINA,12/06/1987,,,,F,NO,,,,
DNI 28566296,28566296,24285662962,MORALES,"MORALES IVANA CRISTINA                                                                                                                                ",14/02/1981,,,,M,NO,,,,
DNI 17362240,17362240,20173622407,LOZA,CARLOS ALBERTO,27/09/1965,,,,M,NO,,,,
DNI 24386169,24386169,27243861697,CONDOLEO,MARIA EUGENIA,06/02/1975,,,,F,NO,,,,
DNI 40347513,40347513,20403475131,GOROSITO,HECTOR JAVIER ALEJANDRO,22/04/1997,,,,M,NO,,,,
DNI 17363202,17363202,27173632024,ALVAREZ,SANDRA CLAUDIA,17/12/1964,,,,F,NO,,,,
DNI 32106110,32106110,27321061104,MARTINEZ,LIDIA ESTELA,11/12/1985,,,,F,NO,,,,
DNI 32173999,32173999,20321739998,QUIROGA,RAMON SEBASTIAN,10/03/1986,,,,M,NO,,,,
DNI 42595802,42595802,20425958020,NUNES DOS SANTOS,DYLAN AMARO,19/10/2000,,,,M,NO,,,,
DNI 40357164,40357164,23403571644,PEÑALVA,FLORENCIA,09/04/1997,,,,F,NO,,,,
DNI 41874243,41874243,27418742432,EGEA,JESSICA BELEN,08/06/1999,,,,F,NO,,,,
DNI 42320083,42320083,27423200834,VELIZ,ANTONELLA TAMARA,06/12/1999,,,,F,NO,,,,
DNI 32197128,32197128,27321971283,TORRES,YANINA SOLEDAD,27/03/1986,,,,F,NO,,,,
DNI 36365849,36365849,20363658491,GUEVARA,FERNANDO ALBERTO,30/10/1991,,,,M,NO,,,,
DNI 35339747,35339747,27353397473,DIAZ,MAIRA ADRIANA,01/11/1990,,,,F,NO,,,,
DNI 17393879,17393879,23173938799,NARANJO JUAN CARLOS,JUAN CARLOS,11/08/1965,,,,M,NO,,,,
