﻿IdExterno,CUIL,Documento,Apellido,Nombre,Numero,Domicilio,Localidad,Provincia,CP,TelefonoReferencia,TelefonoReferenciaTipo,Proveedor,Plan,Fuente
DNI 25166302,20251663026,25166302,MERA AVILA,CARLOS NAHUEL,02664453319,RIVADAVIA 863,SAN LUIS,SAN LUIS,5700,,,Telefonica Argentina,-,Telefonica
DNI 26336241,20263362412,26336241,PAREDES,FEDERICO MIGUEL,0384460176,,,,,,,,-,ANSES
DNI 12113446,20121134463,12113446,MACHINANDIARENA,JOSE ALBERTO,03414853470,,,,,03414853470,,Telecom Argentina,-,Movistar
DNI 12113446,27121134468,12113446,SIN DATOS,SIN DATOS,03414853470,,,,,03414853470,,Telecom Argentina,-,Movistar
DNI 13598713,20135987132,13598713,AGUIRRE,JOSE BENITO,02234773612,PAULA ALBARRACIN 955,MAR DEL PLATA,BUENOS AIRES,7600,,,Telefonica Argentina,-,Telefonica
DNI 14074550,20140745503,14074550,AVILA,CARLOS ALFREDO,02644345830,,,,,,,Telefonica Argentina,-,ANSES
DNI 28802926,27288029267,28802926,RODRIGUEZ,CAROLINA BEATRIZ,01145530584,,,,,,,Telecom Argentina,-,ANSES
DNI 31494669,20314946694,31494669,MOYANO,SEBASTIAN ALBERTO,01111111111,,,,,01111111111,,,-,Movistar
DNI 11181223,27111812239,11181223,CARRIZO,IRMA ANTONIA,01148248490,ANCHORENA T M D DR 1593 PB PORT,CABA,CABA,1425,,,Telecom Argentina,-,Telefonica
DNI 33136175,27331361750,33136175,ESPIN,JESICA ROMINA,03541437213,,,,,,,Telecom Argentina,-,ANSES
DNI 30403385,27304033857,30403385,LAINO,ANALIA MICAELA,01142909929,FRAY M ESQUIU 1220,EL JAGUEL,BUENOS AIRES,1842,,,Telefonica Argentina,-,Telefonica
DNI 24891240,20248912406,24891240,FERREYRA,ALEJANDRO DANIEL,01146255813,,,,,,,Telefonica Argentina,-,ANSES
DNI 28591060,23285910609,28591060,DANUZZO,JOSE MAXIMILIANO,03424580198,PJE ESTANISLAO DEL CAMPO,SANTA FE,SANTA FE,,,,Telecom Argentina,-,Telecom
DNI 28591060,23285910609,28591060,DANUZZO,JOSE MAXIMILIANO,03772423430,,,,,03772423430,,Telecom Argentina,-,"Movistar / "
DNI 32997695,20329976956,32997695,NUNES,JUAN PABLO,01144526656,,,,,01144526656,,Telefonica Argentina,-,"Movistar / ANSES / Cablevision / "
DNI 36490269,27364902692,36490269,RIVERA,MARIA FLORENCIA,03498496036,,,,,,,COOPERATIVA DE PROVISION DE OBRAS Y SERVICIOS PUBL,-,ANSES
DNI 10423093,20104230939,10423093,ARTACHO,ANTONIO ERNESTO,01142864790,BAROJA PIO 280,BANFIELD,,1821,,,Telefonica Argentina,-,Telefonica /  / ANSES
DNI 32685639,27326856393,32685639,PEDRAZA,LUCRECIA MARIA JOSE,03854221785,,,,,03854221785,,Telecom Argentina,-,"Movistar / "
DNI 36514379,20365143790,36514379,MATURANO,MICHAEL MARCEL,02994980730,,,,,,,Telefonica Argentina,-,ANSES
DNI 37458852,23374588524,37458852,ARIAS,PURISIMA ALEJANDRA,02942944533,,,,,,,,-,ANSES
DNI 34248063,27342480638,34248063,MAIDANA,ESTEFANIA SOLEDAD,01147522785,,,,,01147522785,,Telecom Argentina,-," / ANSES"
DNI 27042610,20270426108,27042610,ROBLE MARCELO DOMINGO,ROBLE MARCELO  DOMINGO,01111111111,,,,,01111111111,,,-,Movistar
DNI 40410183,27404101833,40410183,,"PECETO EDITH ANABEL                                                                                                                                   ",01111111111,,,,,01111111111,,,-,Movistar / ANSES
DNI 40410183,20404101839,40410183,SIN DATOS,SIN_DATOS,01111111111,,,,,01111111111,,,-,Movistar
DNI 20536221,20205362216,20536221,BREST,VICTOR CARLOS,03414926854,,,,,03414926854,,"COOPERATIVA TELEFONICA DE VILLA GOBERNADOR GALVEZ ",-," / Cablevision"
DNI 21848418,27218484188,21848418,FLEITAS,LILIANA ISABEL,01142112343,PAGANINI 5173  FDO,RAFAEL CALZADA,BUENOS AIRES,1847,,,Telefonica Argentina,-,Telefonica
DNI 22177267,27221772674,22177267,TUBIAS,ANDREA KARINA,01146549571,,,,,,,Telefonica Argentina,-,"ANSES / Movistar / "
DNI 32680284,20326802841,32680284,RIVERO,MAURICIO MARCOS,03584637584,AV GODOY CRUZ,RIO CUARTO,CORDOBA,,,,Telecom Argentina,-,Telecom
DNI 37041459,23370414599,37041459,NORIEGA SURBANO,MATIAS EMANUEL,02202425972,,,,,02202425972,,Telefonica Argentina,-,Movistar
DNI 24873089,27248730892,24873089,CARRERO,CLAUDIA LORENA,01149315013,AV SAN JUAN 3576,CABA,CABA,1233,,,Telefonica Argentina,-,Telefonica
DNI 24873089,27248730892,24873089,CARRERO,CLAUDIA LORENA,01149123578,CHUTRO P PROF DR 2915 PA,CABA,CABA,1437,,,Telefonica Argentina,-,"Telefonica / Movistar / "
DNI 40143268,27401432685,40143268,DELLAGIOVANNA,AGUSTINA BRENDA,01111111111,,,,,01111111111,,,-,
DNI 21930797,20219307978,21930797,VILLASANTI,HUGO RAFAEL,03644421445,CALLE 10,PRESIDENC R SAENZ PEÑA,CHACO,,,,Telecom Argentina,-,Telecom
DNI 21930797,20219307978,21930797,VILLASANTI,HUGO RAFAEL,03644422259,,,,,,,Telecom Argentina,-,ANSES
DNI 26267457,20262674577,26267457,COLUSSI,CLAUDIO DANIEL,0154869178,,,,,,,,-,ANSES
DNI 38395725,27383957252,38395725,NETO,MELANIE LUCIA,02234773752,,,,,02234773752,,Telefonica Argentina,-,Movistar /  / ANSES
DNI 14116710,27141167109,14116710,LUQUE,LILIANA ELENA,01146515642,,,,,01146515642,,Telefonica Argentina,-,"Movistar / Cablevision / "
DNI 34880621,20348806212,34880621,RAMIREZ MIGUEL ENRIQUE RAMON,RAMIREZ MIGUEL ENRIQUE RAMON,03814258265,,,,,,,Telecom Argentina,-,ANSES
DNI 23136756,20231367560,23136756,LUNA,PABLO ALEJANDRO,0478539461,CALLE 7 802,CITY BELL,,1896,,,,-,Claro
DNI 21514403,27215144033,21514403,PERALTA MABEL ALEJANDRA,PERALTA MABEL ALEJANDRA,03514918233,,,,,,,"COOPERATIVA DE OBRAS, SERVICIOS PUBLICOS Y CREDITO",-,ANSES
DNI 29583832,27295838324,29583832,FOLIK,LUCIANA SOLEDAD,0294448931,,,,,0294448931,,COOPERATIVA DE SERVICIOS PUBLICOS DE FATIMA LIMITA,-,Movistar /  / ANSES / IFE Anses
DNI 23030959,20230309591,23030959,BOGADO,CRISTIAN DIEGO,03414985252,,,,,,,"COOPERATIVA TELEFONICA DE VILLA GOBERNADOR GALVEZ ",-,ANSES
DNI 26190851,20261908515,26190851,RAGUASI OMAR DARIO,RAGUASI DARIO,02614470146,,,,,02614470146,,Telefonica Argentina,-,"Movistar / "
DNI 34306744,20343067446,34306744,ZAMORA,FERNANDO ADRIEL,03446436942,,,,,03446436942,,Telecom Argentina,-," / ANSES / IFE Anses"
DNI 12761027,23127610274,12761027,RICCHIUTO,NANCY NOEMI,01147137540,,,,,,,Telecom Argentina,-,ANSES
DNI 18400889,27184008896,18400889,QUIROGA,NANCY BEATRIZ,02235077723,MAGNASCO S/N,MAR DEL PLATA,BUENOS AIRES,7600,,,Telefonica Argentina,-,Telefonica
DNI 27687124,27276871248,27687124,BELTRAN ELIZONDO,FLORENCIA ANDREA,01142783593,,,,,01142783593,,Telefonica Argentina,-,
DNI 30654337,20306543378,30654337,BUSTOS MEDINA,MARTIN ADOLFO,01120617630,,,,,01120617630,,TELECENTRO SOCIEDAD ANONIMA,-,Movistar /  / Cablevision
DNI 32382328,27323823281,32382328,FUSARO,MARINA ALDANA JENNIFER,01142765608,,,,,,,Telefonica Argentina,-,ANSES
DNI 16355461,20163554616,16355461,ROJAS,CARLOS RAMON,01145463689,,,,,,,Telecom Argentina,-,ANSES
DNI 16355461,20163554616,16355461,ROJAS,CARLOS RAMON,01159013168,,,,,01159013168,,Telecom Argentina,-,Movistar /  / Cablevision
DNI 36089495,23360894959,36089495,CARRILLO,JONATAN EZEQUIEL,01147489932,,,,,,,Telecom Argentina,-,ANSES
DNI 17944543,20179445434,17944543,OUTEDA,GUSTAVO FABIAN,01149188012,,,,,01149188012,,Telefonica Argentina,-,"Movistar / "
DNI 23171649,27231716497,23171649,KOCH,SANDRA GUADALUPE,03424827166,CLJ I ROCA,SANTA FE,SANTA FE,,,,Telecom Argentina,-,Telecom
DNI 37835361,20378353611,37835361,GIMENEZ,JUAN IGNACIO,01111111111,,,,,01111111111,,,-,
DNI 41457096,20414570969,41457096,FERNANDEZ,JUAN GABRIEL,02214643744,,,,,,,Telefonica Argentina,-,ANSES
DNI 22848891,27228488912,22848891,LUDUEÑA,NORA LIS,01147284478,AR. CURUBICA,TIGRE,BUENOS AIRES,,,,Telecom Argentina,-,Telecom
DNI 39335997,27393359973,39335997,QUINTANA MELISA SOLEDAD,,01142515355,,,,,01142515355,,Telefonica Argentina,-,"Movistar / ANSES / "
DNI 12627414,23126274149,12627414,LOBOS,ENRIQUE ALBERTO,01142064564,,,,,,,Telefonica Argentina,-,ANSES
DNI 12627414,23126274149,12627414,LOBOS,ENRIQUE ALBERTO,01111111111,,,,,01111111111,,,-,Movistar
DNIE93003360,20930033600,93003360,TORALES,"FLEITAS DAMIAN        ",01148156310,,,,,,,Telefonica Argentina,-,ANSES / Cablevision
DNI 31827181,20318271810,31827181,SALEGA,ALEJANDRO JAVIER,02374620165,,,,,,,Telefonica Argentina,-,ANSES
DNI 35819722,20358197222,35819722,VERON CAORSI,DIEGO HERNAN,01142125544,,,,,,,Telefonica Argentina,-,ANSES
DNI 39348095,27393480950,39348095,ALMARAZ,MACARENA SOLEDAD,01146976377,,,,,,,Telefonica Argentina,-,
DNI 21178919,27211789196,21178919,TOSCANO,GABRIELA LAURA,03476424976,JUJUY,SAN LORENZO,SANTA FE,,,,Telecom Argentina,-,"Telecom / "
DNI 32347140,27323471407,32347140,DE BIEN,ROSA ROMINA,03874281175,,,,,,,Telecom Argentina,-,ANSES
DNI 34828705,27348287058,34828705,PALAVECINO,LUCIA BELEN,02914548811,ALSINA 142,BAHIA BLANCA,BUENOS AIRES,8000,,,Telefonica Argentina,-,Telefonica
DNI 37000458,27370004582,37000458,PINTO MORALES,EUGENIA SOLEDAD,02614226647,,,,,02614226647,,Telefonica Argentina,-,"Movistar / "
DNI 37000458,20370004588,37000458,,"PINTO MORALES EUGENIA SOLEDAD                                                                                                                         ",02614226647,,,,,02614226647,,Telefonica Argentina,-,"Movistar / ANSES / "
DNI 37858214,20378582149,37858214,SAN MARTIN,LUCAS EZEQUIEL,01146379382,,,,,,,Telefonica Argentina,-,ANSES
DNI 37858214,20378582149,37858214,SAN MARTIN,LUCAS EZEQUIEL,02994470469,,,,,02994470469,,Telefonica Argentina,-,Movistar /  / Cablevision
DNI 40621019,27406210192,40621019,SALINAS,SOFIA BELEN,09999999999,,,,,09999999999,,,-,Movistar
DNIE95606606,23956066069,95606606,,JHAVERI SWAPNIL ISHVARLAL,01143136317,,,,,,,Telecom Argentina,-,ANSES
DNI 17459482,20174594822,17459482,PABLO,ERNESTO ADOLFO,01115474898,,,,,,,,-,ANSES
DNI 21109646,27211096468,21109646,VARGAS,MARCELA FABIANA,01147379642,C232 J CALASANZ,JOSE L. SUAREZ,BUENOS AIRES,,,,Telecom Argentina,-,Telecom
DNI 21109646,27211096468,21109646,VARGAS,MARCELA FABIANA,01145454545,,,,,,,Telecom Argentina,-,ANSES
DNI 27424639,20274246392,27424639,VARELA,DIEGO ARTEMIO,0155605955,,,,,,,,-,ANSES
DNI 16000305,27160003052,16000305,PASTRANA,NORMA GRACIELA,03874318274,TALCAHUANO,SALTA,SALTA,,,,Telecom Argentina,-,Telecom
DNI 30526311,27305263112,30526311,GIMENEZ,MARIA ELOISA,01145233083,F BUCARELLI,BUENOS AIRES,CABA,,,,Telecom Argentina,-,Telecom
DNI 34946835,20349468353,34946835,SANCHEZ,DAVID FEDERICO,02214869494,,,,,02214869494,,Telefonica Argentina,-,
DNI 34946835,27349468358,34946835,,"SANCHEZ DAVID FEDERICO                                                                                                                                ",02214869494,,,,,02214869494,,Telefonica Argentina,-,
DNI 17001380,27170013803,17001380,HEREDIA,NANCY LILIANA,03514534592,CHACHAPOYAS,CORDOBA,CORDOBA,,,,Telecom Argentina,-,Telecom
DNI 40353599,20403535991,40353599,NARANJO,MARTIN IVAN,03448471437,,,,,,,,-,ANSES
DNI 27076985,20270769854,27076985,MURUA,JOSE ROBERTO,03514878208,PJE. ALPATACAL,CORDOBA,CORDOBA,,,,Telecom Argentina,-,Telecom
DNI 42304893,27423048935,42304893,PEDRAZA,FLAVIA ARACELI DE LAS MERCEDES,03467472727,,,,,,,COOPERATIVA ELECTRICA DE MONTE BUEY LIMITADA,-,ANSES
DNI 35122743,27351227430,35122743,BONIFACIO,MARIA SOLEDAD,01142407022,,,,,01142407022,,Telefonica Argentina,-," / ANSES / Cablevision"
DNI 37021837,20370218375,37021837,ALVAREZ,LEANDRO NAHUEL,01142559348,,,,,,,Telefonica Argentina,-,ANSES
DNI 23166021,27231660211,23166021,DABROWSKI,MONICA RAQUEL,03757470670,,,,,,,Telecom Argentina,-,ANSES
DNI 23241280,27232412807,23241280,RAMACCIONI,DANIELA EGLE,03825424235,9 DE JULIO,CHILECITO,LA RIOJA,,,,Telecom Argentina,-,Telecom / ANSES
DNI 38699309,27386993098,38699309,TULIAN,MARIA SOL,0154349473,,,,,,,,-,
DNI 40845815,20408458154,40845815,MORALES,RODRIGO SEBASTIAN,02320695370,,,,,,,"COOPERATIVA DE PROVISION DE SERVICIOS PUBLICOS DE ",-,ANSES
DNI 21172683,20211726831,21172683,CORONEL,MANUEL CLAUDIO,01139658844,,,,,,,TELECENTRO SOCIEDAD ANONIMA,-,ANSES
DNI 22177356,20221773560,22177356,WEISS,MAXIMILIANO PABLO,01143819174,,,,,01143819174,,Telefonica Argentina,-,
DNI 27013885,20270138854,27013885,CORREA,DANIEL AGUSTIN,03514707206,,,,,03514707206,,Telecom Argentina,-,Movistar
DNI 30572852,20305728528,30572852,SZURPIK,FERNANDO MARCELO ARIEL,03364449504,,,,,03364449504,,Telecom Argentina,-,
DNI 31993992,20319939920,31993992,SANDOVAL,DIEGO JAVIER,01142802829,,,,,,,Telefonica Argentina,-,ANSES
DNI 13963393,20139633939,13963393,GALLEGO,ROQUE NICOLAS,03514311870,DE LA GUARDIA,CORDOBA,CORDOBA,,,,Telecom Argentina,-,Telecom
DNI 13963393,20139633939,13963393,GALLEGO,ROQUE NICOLAS,03514670656,DE LA GUARDIA,CORDOBA,CORDOBA,,,,Telecom Argentina,-,Telecom
DNI 39065831,20390658312,39065831,VEGA QUINTEROS,EZEQUIEL ANDRES,01111111111,,,,,01111111111,,,-,"Movistar / ProCreAr / ANSES / "
DNI 24490881,27244908816,24490881,BERGOGLIO,VANESA,01182631681,,,,,01182631681,,,-,"Movistar / "
DNI 13272143,20132721433,13272143,FERREYRA,LUIS EDUARDO,03541426503,,,,,03541426503,,Telecom Argentina,-,Movistar / Cablevision
DNI 35939975,27359399753,35939975,GOMEZ,PAULA GISELA,02204932264,,,,,02204932264,,Telefonica Argentina,-,
DNI 14628374,27146283743,14628374,BAEZ,HILDA GRACIELA,01149126410,AV SAENZ 1230 PB,CABA,CABA,1437,,,Telefonica Argentina,-,Telefonica
DNI 29042727,20290427275,29042727,FERNANDEZ,PABLO DANIEL,01155455455,,,,,,,TELMEX ARGENTINA SOCIEDAD ANONIMA,-,ANSES
DNI 30261948,20302619485,30261948,CALIVA,CESAR HORACIO CARMELO,01142215678,,,,,,,Telefonica Argentina,-,ANSES
DNI 32936618,23329366189,32936618,GAJO,NICOLAS DANIEL,03489441716,,,,,03489441716,,Telecom Argentina,-,
DNI 32386318,27323863186,32386318,CASANO,MARIANA,02211111111,,,,,02211111111,,,-,Movistar
DNI 34101862,20341018626,34101862,PINTO BRETTI,NICOLAS EZEQUIEL,01111111111,,,,,01111111111,,,-,Movistar
DNI 35402797,20354027977,35402797,DEVANNA,MARTIN,01142539185,,,,,01142539185,,Telefonica Argentina,-,Movistar /  / ANSES / IFE Anses
DNIE95171109,20951711099,95171109,HARRINGTON POLLAK CHRISTOPHER JAMES,,01143006123,,,,,,,Telefonica Argentina,-,ANSES
DNI 4703262,20047032629,4703262,LEDO,ROBERTO EVARISTO,02202433509,ZELADA 7469,GONZALEZ CATAN,BUENOS AIRES,1759,,,Telefonica Argentina,-,Telefonica
DNI 4703262,20047032629,4703262,LEDO,ROBERTO EVARISTO,01148130920,JUNCAL 1624 11 A,CABA,CABA,1062,,,Telefonica Argentina,-,Telefonica
DNI 4703262,20047032629,4703262,LEDO,ROBERTO EVARISTO,01147012922,AV CABILDO,BUENOS AIRES,CABA,,,,Telecom Argentina,-,Telecom
DNI 4703262,27047032623,4703262,TELLO,OLGA ESTER,02202433509,ZELADA 7469,GONZALEZ CATAN,BUENOS AIRES,1759,,,Telefonica Argentina,-,Telefonica
DNI 4703262,27047032623,4703262,TELLO,OLGA ESTER,01148130920,JUNCAL 1624 11 A,CABA,CABA,1062,,,Telefonica Argentina,-,Telefonica
DNI 4703262,27047032623,4703262,TELLO,OLGA ESTER,01147012922,AV CABILDO,BUENOS AIRES,CABA,,,,Telecom Argentina,-,Telecom
DNIE94053177,20940531773,94053177,PRIETO,"URRIBARRI FERNANDO JESUS      ",01148339330,GUATEMALA,BUENOS AIRES,CABA,,,,Telecom Argentina,-,Telecom
DNI 10893532,20108935325,10893532,CAPPUCCIO,RICARDO,01135345933,,,,,,,TELECENTRO SOCIEDAD ANONIMA,-,ANSES
DNI 29932893,20299328938,29932893,SANTA CRUZ,MARTIN ALEJANDRO,01147252342,PASCUALA DE UNCAL,SAN FERNANDO,BUENOS AIRES,,,,Telecom Argentina,-,Telecom
DNI 29932893,20299328938,29932893,SANTA CRUZ,MARTIN ALEJANDRO,01147310321,,,,,01147310321,,Telecom Argentina,-,Movistar
DNI 36916659,27369166595,36916659,MATIENZO,MELISA ALEJANDRA,01142103067,,,,,01142103067,,Telefonica Argentina,-,Movistar
DNI 21991950,20219919507,21991950,SCALZONE,FABIO ANTONIO,01146561692,AZOPARDO 356 PB 2,RAMOS MEJIA,BUENOS AIRES,1704,,,Telefonica Argentina,-,Telefonica
DNI 27328765,20273287656,27328765,PAVON,ADRIAN ALEJANDRO,03514640737,AV GRAL PABLO RICHIERI,CORDOBA,CORDOBA,,,,Telecom Argentina,-,Telecom
DNI 27328765,20273287656,27328765,PAVON,ADRIAN ALEJANDRO,02214601565,,,,,,,Telefonica Argentina,-,ANSES
DNI 41101307,20411013074,41101307,AVALOS,JUAN SEBASTIAN,02204999698,,,,,,,"COOPERATIVA DE PROVISION DE SERVICIOS TELEFONICOS,",-,ANSES
DNI 25021605,20250216050,25021605,BOCCARDO,GABRIEL ANDRES,01142360410,,,,,,,Telefonica Argentina,-,ANSES
DNI 29230581,20292305819,29230581,GODOY,CRISTIAN SEBASTIAN,01111111111,,,,,01111111111,,,-,"Movistar / "
RMS376636952732003,27226300207,22630020,ANDINO,PAULA ANDREA,01144525577,,,,,,,Telefonica Argentina,-,ANSES
RMS379975047631003,27149587859,14958785,DAKESIAN,ROSA MARIA,01149828895,,,,,01149828895,,Telefonica Argentina,-,
RMS379975047631003,20149587854,14958785,ARTURO,KARGODORIAN,01149828895,,,,,01149828895,,Telefonica Argentina,-,
RMS376710877772004,20300945881,30094588,RODRIGUEZ MARTIN,MARTIN RODRIGUEZ,01147744808,AV GARL LUIS M CAMPOS,BUENOS AIRES,CABA,,,,Telecom Argentina,-,Telecom
RMS376638657741008,27316380102,31638010,BARNES CASTILLO,MARIA TERESA,01147236135,BOLIVAR,ESCOBAR,BUENOS AIRES,,,,Telecom Argentina,-,Telecom
RMS376416258942006,20179515483,17951548,BARRESI,ROBERTO DANIEL,011111111,,,,,,,,-,Cablevision
RMS376711752365005,20362594171,36259417,MASSARI,MARTIN ALEJANDRO,01145427241,,,,,,,Telecom Argentina,-,ANSES
RMS376687584731004,20082733567,8273356,CASCELLI,ALEJANDRO ALFREDO,01147684866,INDUSTRIA CA 127,GENERAL SAN MARTIN,BUENOS AIRES,,,,Telecom Argentina,-,Telecom
RMS376687584731004,20082733567,8273356,CASCELLI,ALEJANDRO ALFREDO,01147527517,,,,,,,Telecom Argentina,-,ANSES
RMS376418146361001,20120807383,12080738,MONDELLA,RICARDO,02211111111,,,,,02211111111,,,-,Movistar / Cablevision
RMS376637623312001,20231780840,23178084,PEREZ,CARLOS IGNACIO,01111111111,,,,,01111111111,,,-," / ANSES / Cablevision"
RMS376688842322008,27210727375,21072737,SCHLIMOVICH,PAULA LORENA,01148263286,,,,,,,Telecom Argentina,-,ANSES
RMS376687198942005,20083877147,8387714,RALLIN,HECTOR JOSE,03874222519,CORINA LONA 637,SALTA,SALTA,4400,,,Telecom Argentina,-,Telefonica
RMS376416651132007,20247583891,24758389,AGUILAR,JORGE ALEJANDRO,01148241140,,,,,01148241140,,Telecom Argentina,-,"Movistar / "
RMS376418086076007,20144068867,14406886,ANDRES,SERGIO OSCAR,01147254465,MIGUENS,VICTORIA,BUENOS AIRES,,,,Telecom Argentina,-,Telecom
RMS376710635791007,20308750079,30875007,SCHMIDT GARCES,LUIS SEBASTIAN,02991234567,,,,,02991234567,,,-,Movistar
RMS376686684302005,27099895271,9989527,DICARLO,DORA CRISTINA NIEVES,01148142754,TALCAHUANO 1272 15 A,CABA,CABA,1014,,,Telefonica Argentina,-,Telefonica / ANSES
RMS376686684302005,27099895271,9989527,DICARLO,DORA CRISTINA NIEVES,08899971011,TALCAHUANO 1272 15 A,CABA,CABA,1014,,,,-,Telefonica
RMS376686684302005,27099895271,9989527,DICARLO,DORA CRISTINA NIEVES,01148110096,MARCELO T D ALVEAR 1665 14 A,CABA,CABA,1060,,,Telefonica Argentina,-,Telefonica
RMS376686684302005,24099895272,9989527,,"FERREYRA MARIA VICTORIA                                                                                                                               ",01148142754,TALCAHUANO 1272 15 A,CABA,CABA,1014,,,Telefonica Argentina,-,Telefonica
RMS376686684302005,24099895272,9989527,,"FERREYRA MARIA VICTORIA                                                                                                                               ",08899971011,TALCAHUANO 1272 15 A,CABA,CABA,1014,,,,-,Telefonica
RMS376686684302005,24099895272,9989527,,"FERREYRA MARIA VICTORIA                                                                                                                               ",01148110096,MARCELO T D ALVEAR 1665 14 A,CABA,CABA,1060,,,Telefonica Argentina,-,Telefonica
RMS376687298542002,20291934367,29193436,BAEZ,ADRIAN LEONARDO,01142260419,,,,,01142260419,,Telefonica Argentina,-,
RMS379975249391000,20136353005,13635300,SANCHEZ,DANIEL HECTOR,02374638035,,,,,02374638035,,Telefonica Argentina,-,
DNI 18354856,27183548560,18354856,BRIZUELA,MIRIAN MABEL,01147488819,DR GREGORIO MARAÑON,ADOLFO SOURDEAUX,BUENOS AIRES,,,,Telecom Argentina,-,Telecom
DNI 21052559,27210525594,21052559,PUZIO,ALEJANDRA CRISTINA,01142651664,AV PRES BARTOLOME MITRE 1989 PB LOC,CRUCECITA AVELLANEDA,,1873,,,Telefonica Argentina,-,Telefonica
DNI 24825470,20248254700,24825470,GARRIDO,RAUL ARIEL,02994464550,BARR: BARRIO HUERTAS COMUNITARIAS - MNZA: 18 - LOTE: 006 - ACL: B? VILLA CEFERINO SEC. H.COMUN -,NEUQUEN,NEUQUEN,8300,,,Telefonica Argentina,-,Telefonica
DNI 27663904,20276639049,27663904,RAFFAELLI,LUCAS EMILIANO,03414300722,,,,,,,Telecom Argentina,-,ANSES
DNI 25115305,20251153052,25115305,CAGESSO,MAXIMILIANO MARTIN,01111111111,,,,,01111111111,,,-,Movistar / ANSES
DNI 27604674,20276046749,27604674,TORREZ,JOSE MARIA,03865425290,BO MUTUAL POLICIAL,CONCEPCION,TUCUMAN,,,,Telecom Argentina,-,Telecom / ANSES
DNI 33505397,20335053975,33505397,ELIAS,JONATAN PABLO,01142552510,,,,,,,Telefonica Argentina,-,ANSES
DNI 11945637,27119456377,11945637,MINTEGUIA,MARIA LAURA,01148333812,AV SCALABRINI ORTIZ,BUENOS AIRES,CABA,,,,Telecom Argentina,-,"Telecom / ANSES / Movistar / "
DNI 14689820,20146898204,14689820,CID,RUBEN DARIO,02604430068,CORDOBA 383,SAN RAFAEL,MENDOZA,5600,,,Telefonica Argentina,-,Telefonica /  / ANSES
DNI 24185444,20241854443,24185444,COSTILLA,ROBERTO ANGEL,01141340137,,,,,,,Telefonica Argentina,-,ANSES
DNI 4545985,20045459854,4545985,IMPARATO,MIGUEL ANGEL,01145815401,SAN BLAS,BUENOS AIRES,CABA,,,,Telecom Argentina,-,Telecom
DNI 4545985,27045459859,4545985,BRAVO,MARIA LUCRECIA,01145815401,SAN BLAS,BUENOS AIRES,CABA,,,,Telecom Argentina,-,Telecom
DNI 4545985,27045459859,4545985,BRAVO,MARIA LUCRECIA,01144417700,,,,,,,Telefonica Argentina,-,ANSES
DNI 28839174,27288391748,28839174,FERNANDEZ,OLGA VERONICA,01146934878,,,,,,,Telefonica Argentina,-,ANSES
DNI 95686206,20956862060,95686206,Guzman Gimenez,Carlos Luis,01111111111,,,,,01111111111,,,-,
DNI 29531572,20295315726,29531572,ZERMATHEN,MAURO NICOLAS,01111111111,,,,,01111111111,,,-,
DNI 37000690,20370006904,37000690,PALOMO,FRANCO MATIAS,02614931852,,,,,02614931852,,Telefonica Argentina,-,Movistar / ANSES
DNI 21455180,27214551808,21455180,CABRERA,PATRICIA SILVANA,02374852150,CNO A MERCEDES 234,GENERAL RODRIGUEZ,BUENOS AIRES,1748,,,Telefonica Argentina,-,Telefonica
DNI 18337332,20183373324,18337332,KLOSTER,CARLOS ALBERTO,01144417478,COLOMBIA 1361  2,RAMOS MEJIA,BUENOS AIRES,1704,,,Telefonica Argentina,-,Telefonica /  / Cablevision
DNI 30408049,20304080494,30408049,OJEDA,CARLOS FAUSTINO,01144572841,,,,,,,Telefonica Argentina,-,ANSES
DNI 17395374,20173953748,17395374,SEVERO,PEDRO,03755488112,BO 11 NOVIEMBRE,GENERAL SAN MARTIN,MISIONES,,,,Telecom Argentina,-,Telecom
DNI 17395374,27173953742,17395374,,"BOCCARDI PATRICIA CLAUDIA                                                                                                                             ",03755488112,BO 11 NOVIEMBRE,GENERAL SAN MARTIN,MISIONES,,,,Telecom Argentina,-,Telecom
DNI 16799549,27167995492,16799549,RAMIREZ,SILVIA CRISTINA,03434230516,GRAL SIMON BOLIVAR,PARANA,ENTRE RIOS,,,,Telecom Argentina,-,Telecom
DNI 16799549,20167995498,16799549,Orozco,Jorge,03434230516,GRAL SIMON BOLIVAR,PARANA,ENTRE RIOS,,,,Telecom Argentina,-,Telecom
DNI 4549793,27045497939,4549793,FERRARI,TERESA LUCILA,01143079541,,,,,,,Telefonica Argentina,-,ANSES
DNI 30073579,20300735798,30073579,CORREA JUAN PABLO JOSE,"CORREA, JUAN PABLO JOSE",01149837363,,,,,01149837363,,Telefonica Argentina,-,"Movistar / "
DNI 32825305,23328253054,32825305,MENDOZA,MARIA LUCIA,01141142732,,,,,,,Telecom Argentina,-,ANSES
DNI 28562143,20285621438,28562143,ARGENTIERI,FEDERICO CARLOS,02346423494,,,,,,,Telefonica Argentina,-,ANSES
DNI 28562143,20285621438,28562143,ARGENTIERI,FEDERICO CARLOS,02346423435,,,,,02346423435,,Telefonica Argentina,-,Movistar /  / Cablevision
DNI 41812867,20418128675,41812867,ARIAS,JUAN RAMON,03414810226,,,,,,,Telecom Argentina,-,ANSES
DNI 6612694,20066126944,6612694,LEDESMA,RAUL NICOLAS,02261440397,,,,,,,Telefonica Argentina,-,ANSES
DNI 21645785,20216457855,21645785,GOJMAN,LUIS DANIEL,01143818496,,,,,,,Telefonica Argentina,-,ANSES
DNI 4632586,23046325869,4632586,BELIZAN,MARIO,01142569529,,,,,,,Telefonica Argentina,-,ANSES
DNI 4632586,27046325864,4632586,PERALTA,ANGELINA HORTENSIA,01142904251,,,,,,,Telefonica Argentina,-,ANSES
DNI 11224676,27112246768,11224676,CHARA,NORMA ISABEL,01146402181,DANUBIO 4476,ISIDRO CASANOVA,BUENOS AIRES,1765,,,Telefonica Argentina,-,Telefonica
DNI 18144326,27181443265,18144326,DIAZ,ALICIA MARIA,01147373284,J INGENIEROS,BOULOGNE SUR MER,BUENOS AIRES,,,,Telecom Argentina,-,Telecom
DNI 26504874,23265048749,26504874,TORRES,GERMAN JESUS,02664433849,,,,,02664433849,,Telefonica Argentina,-,Movistar
DNI 32597562,27325975623,32597562,QUIROZ,CLAUDIA NOEMI,02320412854,,,,,02320412854,,COOPERATIVA TELEFONICA DE GRAND BOURG SERVICIOS PU,-,
DNI 95501274,27955012742,95501274,Barros Leite Reis Lo,Nayara,01111111111,,,,,01111111111,,,-,"Movistar / "
DNI 30658293,20306582934,30658293,SUAREZ,LUCAS MATIAS,02234873969,,,,,,,Telefonica Argentina,-,ANSES
DNI 18760774,20187607745,18760774,GOMEZ,ANTONIO EDGARDO,011153585363,,,,,011153585363,,,-,"Movistar / "
DNI 3697332,20036973324,3697332,SERRANO,ZENON,01148233186,AV PUEYRREDON,BUENOS AIRES,CABA,,,,Telecom Argentina,-,Telecom
DNI 3697332,27036973329,3697332,MIGUENS,AURELIA MARIA TERESA,01148233186,AV PUEYRREDON,BUENOS AIRES,CABA,,,,Telecom Argentina,-,Telecom
DNI 38693129,20386931292,38693129,ViaÃ‘o Melanie Luciana,VIANO MELANIE LUCIANA,02320683281,,,,,,,COOPERATIVA TELEFONICA DE GRAND BOURG SERVICIOS PU,-,ANSES
DNI 94026410,20940264104,94026410,COPA,"MAMANI RAUL OSCAR     ",01143139198,,BUENOS AIRES,CABA,,,,Telecom Argentina,-,Telecom
DNI 21350446,27213504466,21350446,DIAZ,SILVIA ELENA,01145192195,,,,,,,Telecom Argentina,-,ANSES
DNI 17024001,23170240014,17024001,VELAZQUEZ,MONICA BEATRIZ,01142381676,,,,,01142381676,,Telefonica Argentina,-,Movistar / ANSES / Cablevision
DNI 20014848,20200148488,20014848,PIÑEIRO,GABRIEL GUSTAVO,02214896996,,,,,02214896996,,Telefonica Argentina,-,Movistar / Cablevision
DNI 36161073,27361610739,36161073,FERREIRA,JOHANNA GABRIELA,01146420194,,,,,,,Telefonica Argentina,-,ANSES
DNI 16733709,27167337096,16733709,ORTIZ,MARCELA FERNANDA,03414497168,BALCARCE,ROSARIO,SANTA FE,,,,Telecom Argentina,-,"Telecom / Movistar / "
DNI 23413140,27234131406,23413140,GELVEZ,ALICIA BEATRIZ,01149198898,,,,,01149198898,,Telefonica Argentina,-," / ANSES"
DNI 33373249,20333732492,33373249,AGUIRRE MAXIMILIANO  MARTIN,AGUIRRE MAXIMILIANO MART,03814218940,24 DE SEPTIEMBRE,SAN MIGUEL DE TUCUMAN,TUCUMAN,,,,Telecom Argentina,-,Telecom
DNI 8413816,23084138169,8413816,PLAZA,HECTOR SEGUNDO,01121164663,,,,,,,TELECENTRO SOCIEDAD ANONIMA,-,ANSES
DNI 8413816,23084138169,8413816,PLAZA,HECTOR SEGUNDO,02942432522,,,,,02942432522,,Telefonica Argentina,-,
DNI 18217140,27182171404,18217140,BERTHOLAGA,CLAUDIA MARCELA,03400490169,GL SAN MARTIN,PAVON.,SANTA FE,,,,Telecom Argentina,-,Telecom
DNI 18217140,27182171404,18217140,BERTHOLAGA,CLAUDIA MARCELA,03400476963,,,,,03400476963,,Telecom Argentina,-,Movistar
DNI 29570194,20295701944,29570194,CAMBERA Y SANCHEZ VALLE,MARIANO RODRIGO,01147733065,AV SANTA FE,BUENOS AIRES,CABA,,,,Telecom Argentina,-,Telecom / ANSES
DNI 40346821,20403468216,40346821,AGUIRRE,PATRICIO IVAN,03489725471,,,,,03489725471,,,-,"Movistar / ANSES / "
DNI 4239282,20042392821,4239282,VALIANTE,LUIS CARLOS,01143222483,ESMERALDA 1385 12 C,CABA,CABA,1007,,,Telefonica Argentina,-,Telefonica
DNI 4239282,27042392826,4239282,MARTIN,MARIA LUCIA GLORIA,01143222483,ESMERALDA 1385 12 C,CABA,CABA,1007,,,Telefonica Argentina,-,Telefonica
DNI 12113891,20121138914,12113891,SEBASTIANELLI,HUGO CARLOS,03414253210,AV GRAL SAN MARTIN,ROSARIO,SANTA FE,,,,Telecom Argentina,-,Telecom
DNI 11759232,23117592324,11759232,DALMAU,MIRTA BEATRIZ,01142943604,MURATURE 1879,ADROGUE,BUENOS AIRES,1846,,,Telefonica Argentina,-,Telefonica / ANSES
DNI 20633606,20206336065,20633606,ALVES,HECTOR DARIO,02234819688,,,,,,,Telefonica Argentina,-,ANSES
DNI 21582106,23215821064,21582106,ESPINOSA,SILVINA NOEMI,03484467754,EL COLIBRI,MAQUINISTA FCO SAVIO,BUENOS AIRES,,,,Telecom Argentina,-,Telecom
DNI 23568492,20235684927,23568492,DJANSEZIAN,SANTIAGO MARCELO,01146649042,,,,,,,Telefonica Argentina,-,ANSES
DNI 33345787,27333457879,33345787,MARTINEZ MOYANO,ROMINA GISEL,02320480626,,,,,02320480626,,COOPERATIVA TELEFONICA DE GRAND BOURG SERVICIOS PU,-,
DNI 33345787,20333457874,33345787,MARTINEZ MOYANO ROMINA GISELE,,02320480626,,,,,02320480626,,COOPERATIVA TELEFONICA DE GRAND BOURG SERVICIOS PU,-,
DNI 38315585,20383155852,38315585,AVALOS,PEDRO OSCAR,03774422700,,,,,,,Telecom Argentina,-,ANSES
DNI 6016114,20060161144,6016114,DEL GRECO,OVIDIO JOSE,03414487028,,,,,,,Telecom Argentina,-,ANSES
DNI 23676601,27236766018,23676601,RONDINA,MARIA LAURA,03562468184,,,,,,,COOPERATIVA DE PROVISION DE SERVICIOS PUBLICOS Y V,-,ANSES
DNI 17072136,27170721360,17072136,PAZ,RAMONA LUCIA,01145681240,,,,,01145681240,,Telefonica Argentina,-," / Cablevision"
DNI 32792275,27327922756,32792275,GIMENEZ,GISELA SOLEDAD,02234722996,,,,,02234722996,,Telefonica Argentina,-,
DNI 37147748,23371477489,37147748,ORTIZ PANIAGUA,LUTHER PATRICIO GUIDO,02804485241,,,,,,,Telefonica Argentina,-,ANSES
DNI 37246346,27372463460,37246346,MONTERO,JAZMIN SOL,01146390937,,,,,,,Telefonica Argentina,-,"ANSES / "
DNI 11167229,27111672291,11167229,BLANCO,GRACIELA ZULEMA,01142724417,CACERES PABLO 471,MONTE GRANDE,BUENOS AIRES,1842,,,Telefonica Argentina,-,Telefonica
DNI 11411352,20114113523,11411352,CASALE,OSCAR ANIBAL,01143424786,,,,,,,Telefonica Argentina,-,IFE Anses
DNI 27156682,23271566824,27156682,STAGNARO,YISEL EDITH,01147463735,,,,,,,Telecom Argentina,-,ANSES
DNI 38348139,27383481398,38348139,HERNANDEZ JARMA,ERIKA JANNINA,0155443010,,,,,,,,-,
DNI 7771455,20077714554,7771455,BULIT,JOSE MARCELO,02614962996,,,,,,,Telefonica Argentina,-,ANSES
DNI 92486610,20924866102,92486610,CALABRESI,"GUALTIERO          ",01147238349,,,,,,,Telecom Argentina,-,ANSES
DNI 11887069,27118870692,11887069,AVALOS MOSQUEDA GLORIA CONCEPCION,AVALOS MOSQUEDA GLORIA CONCEPCION,03704428993,MORENO,FORMOSA,FORMOSA,,,,Telecom Argentina,-,Telecom
DNI 18459041,27184590412,18459041,ETCHEVEST,CLAUDIA ALEJANDRA,01148124284,,,,,01148124284,,Telefonica Argentina,-," / ANSES / IFE Anses"
DNI 32016499,20320164991,32016499,BARBOZA,IVAN GABRIEL,02224473871,,,,,,,Telefonica Argentina,-,ANSES
DNI 94487261,20944872613,94487261,VIVEROS,"RIOS JORGE ARMANDO        ",01152456206,AV DR NICOLAS AVELLANEDA,VIRREYES,BUENOS AIRES,,,,Telecom Argentina,-,Telecom
DNI 18153350,20181533502,18153350,SBRASCINI,CARLOS ANTONIO,01148444696,,,,,,,Telecom Argentina,-,ANSES / Movistar
DNI 35868213,20358682139,35868213,CINELLI,ROBERTO IRINEO,02234821732,,,,,02234821732,,Telefonica Argentina,-," / ANSES / Cablevision"
DNI 14887264,27148872649,14887264,MUÑOZ,ESTER ZUNILDA,01120870231,,,,,,,TELECENTRO SOCIEDAD ANONIMA,-,ANSES
DNI 14887264,27148872649,14887264,MUÑOZ,ESTER ZUNILDA,01141240623,,,,,01141240623,,Telefonica Argentina,-,
DNI 24100554,20241005543,24100554,DELFUER,ROLANDO DARIO,01120773737,,,,,,,TELECENTRO SOCIEDAD ANONIMA,-,ANSES
DNI 14730587,20147305878,14730587,CRUCIANI,JORGE ALBERTO,02614321702,ROSALES 55,CORONEL DORREGO GUAYMALLEN,MENDOZA,5519,,,Telefonica Argentina,-,Telefonica
DNI 22781995,20227819953,22781995,RIQUELME,MIGUEL ANGEL,03434217234,,,,,,,Telecom Argentina,-,ANSES
DNI 27112611,27271126110,27112611,FRANCO,NORMA BEATRIZ,01111111111,,,,,01111111111,,,-,Movistar / IFE Anses
