﻿IdExterno,Documento,CUIL,Apellido,Nombre,FechaNacimiento,DomicilioPadron,LocalidadPadron,ProvinciaPadron,Sexo,Fallecido,FallecidoActa,FallecidoTomo,FallecidoFolio,FallecidoFecha
DNI 25599714,25599714,27255997144,MUÑOZ,AZUCENA DEL CARMEN,19/10/1976,COSTA RICA 2060,SAN FRANCISCO,RIO NEGRO,F,NO,,,,
DNI 26549154,26549154,20265491546,SAMIENTA,NAZARENO NICOLAS,20/04/1978,ROMA 351,HURLINGHAM,BUENOS AIRES,M,NO,,,,
DNI 31693201,31693201,27316932016,PANIAGUA,ADRIANA RAQUEL,29/08/1985,LAS AMERICAS 556,FLORENCIO VARELA,BUENOS AIRES,F,NO,,,,
DNI 40005652,40005652,27400056523,PEREYRA,FLORENCIA AGUSTINA,19/02/1997,B°A D CASTILLO ARAUJO CS 421 2,RAFAEL CALZADA,BUENOS AIRES,F,NO,,,,
DNIE95944575,95944575,27959445759,,FUENMAYOR VILLALOBOS MAYERLING COROMOTO,04/11/1973,,JOSE CLEMENTE PAZ,BUENOS AIRES,F,NO,,,,
DNIE96064355,96064355,27960643556,VALADAO DOS SANTOS JURACY,VALADAO DOS SANTOS JURACY,,,,,F,NO,,,,
DNI 12432903,12432903,20124329036,KOVAC,DANIEL OMAR,13/04/1956,302 ESQUINA 52,ABASTO,BUENOS AIRES,M,NO,,,,
DNI 17520001,17520001,20175200011,CERFOGLIO,ALBERTO DANIEL,20/09/1965,80 3495,NECOCHEA,BUENOS AIRES,M,SI,,,,
DNI 20769105,20769105,23207691054,SOSA,GRACIELA,13/11/1968,P.DE LOS ANDES S/N 3693,TORTUGUITAS,BUENOS AIRES,F,NO,,,,
DNI 24758853,24758853,20247588532,GARCIA,PABLO EZEQUIEL,08/10/1975,H.CORTEZ 736,TRUJUI,BUENOS AIRES,M,NO,,,,
DNI 25166302,25166302,20251663026,MERA AVILA,CARLOS NAHUEL,17/03/1976,SAN MARTIN 874 29,SAN LUIS,SAN LUIS,M,NO,,,,
DNI 26336241,26336241,20263362412,PAREDES,FEDERICO MIGUEL,11/01/1978,PASAJE SAN CAYETANO 1279,LA RIOJA,LA RIOJA,M,NO,,,,
DNI 28774236,28774236,20287742364,NUÑEZ MUÑOZ LUCAS SEBASTIAN,NUNEZ MUNOZ LUCAS SEBASTIAN,08/05/1981,,MENDOZA,MENDOZA,M,NO,,,,
DNI 37161825,37161825,20371618253,PAOLINO,ERIC,23/10/1992,DORREGO 708,CANNING,BUENOS AIRES,M,NO,,,,
DNIE95925857,95925857,27959258576,,MELO CINTRA CAROLINE,04/12/1992,,CIUDAD AUTONOMA BUENOS AI,CAP. FEDERAL,F,NO,,,,
DNI 12113446,12113446,20121134463,MACHINANDIARENA,JOSE ALBERTO,02/02/1956,SARMIENTO 3038,ROSARIO SEC.15A T.SUIZO,SANTA FE,M,NO,,,,
DNI 12113446,12113446,27121134468,SIN DATOS,SIN DATOS,01/01/1900,,,,F,NO,,,,
DNI 12209284,12209284,23122092844,ROBLE,MARIA ANA,16/05/1956,RECONQUISTA 355,30 DE AGOSTO,BUENOS AIRES,F,SI,,,,
DNI 13598713,13598713,20135987132,AGUIRRE,JOSE BENITO,23/11/1959,REMEDIOS DE ESCALADA 1361,MAR DEL PLATA,BUENOS AIRES,M,NO,,,,
DNI 14074550,14074550,20140745503,AVILA,CARLOS ALFREDO,21/02/1961,LUNA QUIROZ 1647,VILLA KRAUSE,SAN JUAN,M,NO,,,,
DNI 19018287,19018287,27190182873,CARRION,ROSA FRANCIA,28/05/1958,ARRIOLA 281,PARQUE PATRICIOS,CAPITAL FEDERAL,F,NO,,,,
DNI 21044897,21044897,20210448978,RODONE,JOSE LUIS,03/12/1969,ALBERDI 2760,VILLA GOB GALVEZ,SANTA FE,M,NO,,,,
DNI 24228430,24228430,20242284306,SINGH,CLAUDIO MARTIN,13/11/1974,JUAN B. ALBERDI 5848,JOSE C. PAZ,BUENOS AIRES,M,NO,,,,
DNI 28802926,28802926,27288029267,RODRIGUEZ,CAROLINA BEATRIZ,15/04/1981,R E DE SAN MARTIN 773,VILLA CRESPO,CAPITAL FEDERAL,F,NO,,,,
DNI 29376500,29376500,20293765007,RODRIGUEZ,JUAN ARNALDO,08/05/1982,B° PALMARES DE LA ISLA ET 2,LA CANDELARIA,SALTA,M,NO,,,,
DNI 34908844,34908844,20349088445,ASPITIA LEAL,LUCAS EZEQUIEL,02/01/1990,PINAR DEL RIO 1898,VICOR,CORDOBA,M,NO,,,,
DNI 37753658,37753658,20377536585,CABALLERO,DAMIAN,22/08/1993,MANUEL ESTEVEZ 901,DOCK SUD,BUENOS AIRES,M,NO,,,,
DNI 40215694,40215694,27402156940,FERNANDEZ,ANTONELLA DENISSE,28/12/1996,J.C.PAZ 6121,BILLINGHURST,BUENOS AIRES,F,NO,,,,
DNI 41430833,41430833,27414308339,AVILA MALDONADO,BRISA DE LOS ANGELES,20/11/1998,PJE.PODESTA 2060,BAHIA BLANCA,BUENOS AIRES,F,NO,,,,
DNI 31494669,31494669,20314946694,MOYANO,SEBASTIAN ALBERTO,27/03/1985,AV INGENIERO ALLAN 1352,CENTRO AGRICOLA EL PATO,BUENOS AIRES,M,NO,,,,
DNI 38405488,38405488,23384054889,BOTARDA,ELIAS GASTON,02/09/1994,ALTE BROWN 1520,TRONCOS DEL TALA,BUENOS AIRES,M,NO,,,,
DNI 11181223,11181223,27111812239,CARRIZO,IRMA ANTONIA,17/02/1954,REPUBLICA DOMINICANA 2004,TORTUGUITAS,BUENOS AIRES,F,NO,,,,
DNI 12258552,12258552,20122585523,FLORES,MIGUEL ANGEL,09/07/1956,MOINE 783,BELLA VISTA,BUENOS AIRES,M,NO,,,,
DNI 32268722,32268722,20322687223,BENITEZ,LUCIANO EZEQUIEL,19/06/1986,N DESCALZI 5586,VILLA LUGANO,CAPITAL FEDERAL,M,NO,,,,
DNI 33136175,33136175,27331361750,ESPIN,JESICA ROMINA,19/09/1987,M FARADAY 13,VILLA CARLOS PAZ,CORDOBA,F,NO,,,,
DNI 39768152,39768152,27397681527,DOMINGUEZ,LUDMILA MARIQUENA,03/06/1996,SERVANDO BUTTI 1570,SAN RAFAEL,MENDOZA,F,NO,,,,
DNI 11209893,11209893,20112098934,BINCI,GUILLERMO HECTOR,17/06/1954,40 E/DIAG.114 Y 119 S/N 14,LA PLATA,BUENOS AIRES,M,NO,,,,
DNI 30403385,30403385,27304033857,LAINO,ANALIA MICAELA,03/01/1984,FRAY M. ESQUIU 1218,EL JAGUEL,BUENOS AIRES,F,NO,,,,
DNI 33471408,33471408,27334714085,RIOS,SONIA MARISELA,15/12/1987,TUPAC AMARU S/N,CORRIENTES,CORRIENTES,F,NO,,,,
DNI 33935764,33935764,20339357642,HEGOBURO,MAURICIO EZEQUIEL,18/09/1988,61 N° 4435,NECOCHEA,BUENOS AIRES,M,NO,,,,
DNI 35352345,35352345,20353523458,BARRIONUEVO,NAHUEL OSVALDO,06/08/1990,MME.CURIE 3274,PABLO NOGUES,BUENOS AIRES,M,NO,,,,
DNI 35352345,35352345,24353523453,,"BARRIONUEVO NAHUEL OSVALDO                                                                                                                            ",11/09/1990,,PABLO NOGUES,BUENOS AIRES,M,NO,,,,
DNI 16735359,16735359,20167353593,SALAS,GUSTAVO ALDO,26/09/1964,HUEMUL 3460,GREGORIO DE LAFERRERE,BUENOS AIRES,M,NO,,,,
DNI 24891240,24891240,20248912406,FERREYRA,ALEJANDRO DANIEL,30/09/1975,ESQUIRO 913,ISIDRO CASANOVA,BUENOS AIRES,M,NO,,,,
DNI 31301744,31301744,20313017444,CUERVO,HERNAN DARIO,26/01/1985,121 BIS E/ 83 Y 84 2534,VILLA ELVIRA,BUENOS AIRES,M,NO,,,,
DNI 36120267,36120267,20361202679,AGUILERA NUÑEZ,ALAN NATANAEL,26/09/1991,CAP. FAUSTO GAVAZZI 350,SAN ANTONIO DE ARREDONDO,CORDOBA,M,NO,,,,
DNI 36215685,36215685,27362156853,BURELLI,DAIANA STEFANIA,20/02/1991,MBK 3 S/C S/N 325,OLAVARRIA,BUENOS AIRES,F,NO,,,,
DNI 38176141,38176141,20381761410,AMBROSIO,MAXIMILIANO ALEXANDER,15/04/1994,AV.VICTORICA 5481,MORENO,BUENOS AIRES,M,NO,,,,
DNI 39962337,39962337,20399623376,MACHADO,GONZALO NAHUEL,17/09/1996,IRIGOYEN 256,RAMALLO,BUENOS AIRES,M,NO,,,,
DNI 47100621,47100621,20471006212,SALAZAR,DIEGO GABRIEL FERNANDO,08/01/1992,"LOS NARANJOS,SAENZ PEÑA 4426",GENERAL RODRIGUEZ,BUENOS AIRES,M,NO,,,,
DNIE92580068,92580068,27925800681,CARDOZO,"FLORA RAQUEL        ",19/11/1947,,,,F,NO,,,,
DNI 28591060,28591060,23285910609,DANUZZO,JOSE MAXIMILIANO,05/02/1981,SAN MARTIN S/N S/N,BONPLAND,CORRIENTES,M,NO,,,,
DNI 32997695,32997695,20329976956,NUNES,JUAN PABLO,29/04/1987,MIRANDA 781,HURLINGHAM,BUENOS AIRES,M,NO,,,,
DNI 36490269,36490269,27364902692,RIVERA,MARIA FLORENCIA,15/09/1991,4 DE ENERO 2419,SANTA FE,SANTA FE,F,NO,,,,
DNI 41147665,41147665,20411476651,LOPEZ,RODRIGO MATIAS,11/05/1997,19 N° 1074,MERCEDES,BUENOS AIRES,M,NO,,,,
DNI 10423093,10423093,20104230939,ARTACHO,ANTONIO ERNESTO,24/05/1952,PIO BAROJA 280,LOMAS DE ZAMORA - VILLA FIORITO,BUENOS AIRES,M,NO,,,,
DNI 13174757,13174757,20131747579,SABETTA,JUAN VICTOR,22/04/1959,ANCHORENA 437,ROSARIO SEC.11A R.S.PEÃ‘A,SANTA FE,M,NO,,,,
DNI 25977262,25977262,20259772622,CARRIZO,OSCAR ALEJANDRO,09/11/1976,SOL Y VERDE MZA.2 CASA 4 0,JOSE C. PAZ,BUENOS AIRES,M,NO,,,,
DNI 32189539,32189539,20321895396,CARRACEDO,MATIAS GABRIEL,01/05/1986,BENITO MACHADO 357,TRES ARROYOS,BUENOS AIRES,M,NO,,,,
DNI 32685639,32685639,27326856393,PEDRAZA,LUCRECIA MARIA JOSE,10/11/1986,SOR MERCEDES GUERRA 538,INDEPENDENCIA,SANTIAGO DEL ESTERO,F,NO,,,,
DNI 34058321,34058321,20340583214,IBARGUREN,SANTIAGO,20/09/1988,ESQUIU 2024,MAR DEL PLATA,BUENOS AIRES,M,NO,,,,
DNI 34378079,34378079,20343780797,PEREZ,JUAN PABLO,11/06/1982,JUSTICIA 163,LIBERTAD,BUENOS AIRES,M,NO,,,,
DNI 34523746,34523746,20345237462,PERALTA,RICARDO ALBERTO,22/04/1989,BATLLE Y ORDOÑEZ JOSE PABLO T,VILLA LUGANO,CAPITAL FEDERAL,M,NO,,,,
DNI 34523746,34523746,27345237467,SIN DATOS,SIN DATOS,01/01/1900,,,,F,NO,,,,
DNI 34748417,34748417,20347484173,SILVA,EZEQUIEL DAMIAN,09/08/1989,CARABOBO 4945,VILLA LUZURIAGA,BUENOS AIRES,M,NO,,,,
DNI 34748417,34748417,27347484178,SIN DATOS,SIN DATOS,01/01/1900,,,,F,NO,,,,
DNI 36514379,36514379,20365143790,MATURANO,MICHAEL MARCEL,28/04/1992,ACONCAGUA 1497,CINCO SALTOS,RIO NEGRO,M,NO,,,,
DNI 37458852,37458852,23374588524,ARIAS,PURISIMA ALEJANDRA,08/05/1994,PIL PIL 400,,NEUQUEN,F,NO,,,,
DNI 41141450,41141450,20411414508,ERREGUERENA,MARCELO ALEXANDER,27/08/1997,88 1564,NECOCHEA,BUENOS AIRES,M,NO,,,,
DNI 42040773,42040773,23420407734,PAEZ,SABRINA BELEN,05/11/1995,MONTES DE OCA 524,AVELLANEDA,BUENOS AIRES,F,NO,,,,
DNIE95638248,95638248,20956382484,REYES DAVIOT ANDRES ALFREDO,REYES DAVIOT ANDRES ALFREDO,20/08/1992,,CIUDAD AUTONOMA BUENOS AI,CAP. FEDERAL,M,NO,,,,
DNIE95905820,95905820,27959058208,,MATHEUS ALTOE ANA AMELIA,21/09/1993,,CIUDAD AUTONOMA BUENOS AI,CAP. FEDERAL,F,NO,,,,
DNI 28065046,28065046,20280650464,FERNANDEZ,LUIS RODRIGO,21/11/1980,STA ANA-ALFONSINA STORNI 92,VILLA MARIA,CORDOBA,M,NO,,,,
DNI 34248063,34248063,27342480638,MAIDANA,ESTEFANIA SOLEDAD,25/12/1988,PADILLA 3048,WILLIAM C. MORRIS,BUENOS AIRES,F,NO,,,,
DNI 36950582,36950582,20369505824,OÑA,GUSTAVO DANIEL,18/11/1992,SULLINGS 1565,GARIN,BUENOS AIRES,M,NO,,,,
DNI 37214687,37214687,20372146878,PACHECO,MARCELO ZENON,13/09/1991,REPUBLICA ARABE SIRIA 1294,CIUDADELA,BUENOS AIRES,M,NO,,,,
DNI 27042610,27042610,20270426108,ROBLE MARCELO DOMINGO,ROBLE MARCELO  DOMINGO,10/02/1979,,SANTA LUCIA,SAN JUAN,M,NO,,,,
DNI 35026271,35026271,27350262712,CAJAL,SOLEDAD,09/02/1989,STA.ROSADE LIMA 652,TRONCOS DEL TALA,BUENOS AIRES,F,NO,,,,
DNI 36500663,36500663,20365006637,CORONEL,CARLOS EMMANUEL,19/11/1991,LUIS VIALE 1560,RAFAEL CALZADA,BUENOS AIRES,M,NO,,,,
DNI 38997634,38997634,20389976343,RAMIREZ SOSA,JUAN MANUEL,08/05/1995,UNANUE 1047,LA SALADA,BUENOS AIRES,M,NO,,,,
DNI 40410183,40410183,27404101833,,"PECETO EDITH ANABEL                                                                                                                                   ",20/07/1997,,PUERTO DESEADO,SANTA CRUZ,F,NO,,,,
DNI 40410183,40410183,20404101839,SIN DATOS,SIN_DATOS,,,,,M,NO,,,,
DNIE94056787,94056787,23940567874,TRILLO,"SOLANO MARIA VERONICA       ",08/10/1986,,,,F,NO,,,,
DNIE94056787,94056787,20940567875,Trillo,Solano Maria Veronica,,,,,M,NO,,,,
DNIE95316306,95316306,20953163064,MOLLINEDO CHOQUE MARCOS ABEL,MOLLINEDO CHOQUE MARCOS ABEL,,,,,M,NO,,,,
DNI 20536221,20536221,20205362216,BREST,VICTOR CARLOS,22/12/1968,20 DE JUNIO 542,VILLA GOB GALVEZ,SANTA FE,M,NO,,,,
DNI 21848418,21848418,27218484188,FLEITAS,LILIANA ISABEL,20/10/1970,PAGANINI 5173,RAFAEL CALZADA,BUENOS AIRES,F,NO,,,,
DNI 25058102,25058102,27250581020,CASTAÑO,CAROLINA TERESA,15/01/1976,RCA.DE FRANCIA 527,EZPELETA ESTE,BUENOS AIRES,F,NO,,,,
DNI 31062650,31062650,27310626509,TABORDA,GABRIELA ANDREA,18/10/1984,AYACUCHO 72,SECCIONAL PRIMERA,CORDOBA,F,NO,,,,
DNI 35631849,35631849,27356318493,VACCARILI,ORNELA CELESTE,05/02/1990,B.DE ASTRADA 794,RAMOS MEJIA,BUENOS AIRES,F,NO,,,,
DNI 17345419,17345419,20173454199,GOMEZ,ISIDORO,14/05/1965,Bø1øMAYO MZ 36H CASA 12,GRAL. GUEMES,SALTA,M,NO,,,,
DNI 17652545,17652545,20176525453,RAMIREZ,RAMON CESAR,08/12/1965,CH 192 CA 127/38 CS 1727,POSADAS,MISIONES,M,NO,,,,
DNI 22177267,22177267,27221772674,TUBIAS,ANDREA KARINA,01/06/1971,CNEL CORDOVA 740,DOMINGO FAUSTINO SARMIENTO,BUENOS AIRES,F,NO,,,,
DNI 32680284,32680284,20326802841,RIVERO,MAURICIO MARCOS,17/12/1986,GODOY CRUZ 700,RIO CUARTO,CORDOBA,M,NO,,,,
DNI 34124882,34124882,20341248826,MENDEZ BRIAN OMAR,MENDEZ BRAIAN,12/12/1988,,METILEO,LA PAMPA,M,NO,,,,
DNI 37041459,37041459,23370414599,NORIEGA SURBANO,MATIAS EMANUEL,21/08/1992,CONDE CNEL. 3838,GONZALEZ CATAN,BUENOS AIRES,M,NO,,,,
DNI 14353234,14353234,20143532349,RACEDO,RAMON REYES,05/10/1961,MOCORETA 480,GARIN,BUENOS AIRES,M,NO,,,,
DNI 24873089,24873089,27248730892,CARRERO,CLAUDIA LORENA,23/11/1975,DR PROF P CHUTRO 2915,PARQUE PATRICIOS,CAPITAL FEDERAL,F,NO,,,,
DNI 26551103,26551103,20265511032,FERNANDEZ,HUGO DANIEL,09/04/1978,ALBERDI Y AZCUENAGA 0,SANTA FE,SANTA FE,M,NO,,,,
DNI 27820614,27820614,23278206149,LUCERO,RUBEN FRANCISCO,01/03/1980,M T DE ALVEAR 2107,RECOLETA,CAPITAL FEDERAL,M,NO,,,,
DNI 29120624,29120624,20291206248,RODA,ERNESTO CEFERINO,09/01/1982,AMEGHINO 1253,VILLA ANGELA,CHACO,M,NO,,,,
DNI 33827373,33827373,27338273733,DEMA,GISELA ANAHI,10/03/1989,CATAMARCA 1867,VILLA MARIA,CORDOBA,F,NO,,,,
DNI 36816518,36816518,27368165188,SOSA,CUYEN MARIA FLORENCIA,01/06/1992,B 432 VDAS T I M 24 PB 8,CIPOLLETTI,RIO NEGRO,F,NO,,,,
DNI 38406429,38406429,23384064299,ACOSTA,CRISTIAN JOAQUIN,28/08/1994,122 605,BERAZATEGUI,BUENOS AIRES,M,NO,,,,
DNI 39587595,39587595,20395875958,PEÑA QUEVEDO,ELIAS EZEQUIEL,21/03/1996,GARIBALDI 6090,SANTA MARIA,BUENOS AIRES,M,NO,,,,
DNI 40143268,40143268,27401432685,DELLAGIOVANNA,AGUSTINA BRENDA,27/03/1997,MZA 11 SECC8 CIRC4 S/N CA-17,CIUDAD EVITA,BUENOS AIRES,F,NO,,,,
DNI 41931191,41931191,20419311910,QUINTANA,ANGEL OMAR,01/03/1999,JUJUY 1381,SAN LORENZO,SANTA FE,M,NO,,,,
DNI 23599877,23599877,27235998772,LUCO,LINA ELIZABETH,01/01/1973,JOSE L.SUAREZ 3771,LANUS,BUENOS AIRES,F,NO,,,,
DNI 24889494,24889494,20248894947,LOPEZ,GUILLERMO HECTOR,20/04/1976,PEDRO PICO 512,BAHIA BLANCA,BUENOS AIRES,M,NO,,,,
DNI 32245759,32245759,20322457597,GONZALEZ,HECTOR EDUARDO,13/10/1986,SAN LUIS 3181,SAN MIGUEL,BUENOS AIRES,M,NO,,,,
DNI 37451571,37451571,20374515714,PALACIO,JONATAN CARLOS,06/05/1993,VERA PEÑALOZA 451,RAFAELA,SANTA FE,M,NO,,,,
DNIE94231668,94231668,20942316683,ROMERO,"GIMENEZ FREDDY       ",17/09/1990,,,,M,NO,,,,
DNIE94296776,94296776,20942967765,ZAVALETA,"JIMENEZ IVAN PEDRO         ",23/08/1977,,,,M,NO,,,,
DNIE95981914,95981914,27959819144,,ARO LETICIA YUMI,03/07/1995,,LA PLATA,BUENOS AIRES,F,NO,,,,
DNI 13034369,13034369,20130343695,ALLENDE,EDUARDO PEDRO,01/01/1957,WATT 1869,MORENO,BUENOS AIRES,M,NO,,,,
DNI 21930797,21930797,20219307978,VILLASANTI,HUGO RAFAEL,28/03/1971,ANTONIO SAENZ 80,PRESIDENCIA ROQUE SAENZ PEÃ‘A,CHACO,M,NO,,,,
DNI 26058502,26058502,27260585024,LOPEZ,ALICIA,20/02/1977,C.GRIERSON 2596,RAFAELA,SANTA FE,F,NO,,,,
DNI 26267457,26267457,20262674577,COLUSSI,CLAUDIO DANIEL,29/12/1977,AV.RIVADAVIA 738,RESISTENCIA,CHACO,M,NO,,,,
DNI 34104803,34104803,20341048037,PAZ SAAVEDRA,LEONARDO JAVIER,03/07/1989,GAZZARI 1999,VILLA MERCEDES,SAN LUIS,M,NO,,,,
DNI 37821964,37821964,20378219648,CABANILLAS,ANGEL ANDRES,18/03/1993,CAMILO ISLEÑO 4585,RESIDENCIAL SAN ROQUE,CORDOBA,M,NO,,,,
DNI 38395725,38395725,27383957252,NETO,MELANIE LUCIA,27/06/1994,AYACUCHO 5822,MAR DEL PLATA,BUENOS AIRES,F,NO,,,,
DNI 38416730,38416730,27384167301,SARGNIOTTI CYNTIA DAIANA RITA,SARGNIOTTI CYNTIA DAIANA RITA,25/09/1994,,VILLA HIPODROMO,MENDOZA,F,NO,,,,
DNI 41134851,41134851,27411348518,RODRIGUEZ,MARIA SOLEDAD,08/09/1992,BOZZANO 1365,SAN PEDRO,BUENOS AIRES,F,NO,,,,
DNIE94456340,94456340,20944563408,Quispe Paricahua,Gregorio,09/09/1959,,LOMAS DE ZAMORA,BUENOS AIRES,M,NO,,,,
DNI 14116710,14116710,27141167109,LUQUE,LILIANA ELENA,09/05/1960,SARANDI 40,SAN JUSTO,BUENOS AIRES,F,NO,,,,
DNI 34880621,34880621,20348806212,RAMIREZ MIGUEL ENRIQUE RAMON,RAMIREZ MIGUEL ENRIQUE RAMON,29/05/1989,,YERBA BUENA,TUCUMAN,M,NO,,,,
DNI 36636953,36636953,20366369539,ROJO SAGASTA,WALTER ARIEL,08/12/1991,JUAN A GARCIA 2857,VILLA SANTA RITA,CAPITAL FEDERAL,M,NO,,,,
DNI 39193187,39193187,23391931879,GOMEZ ENZO ANTONIO,GOMEZ ENZO ANTONIO,20/11/1995,,CORRIENTES,CORRIENTES,M,NO,,,,
DNI 39936134,39936134,20399361347,CORDOBA,MIGUEL ARIEL,12/10/1996,CAPILLA DEL MONTE 5570,VILLA EL LIBERTADOR,CORDOBA,M,NO,,,,
DNIE93799250,93799250,20937992506,REYES,"SAN MARTIN KATERINE VALESCA   ",,,,,M,NO,,,,
DNIE95195771,95195771,27951957718,NEIRA PEREZ BEATRIZ,NEIRA BEATRIZ,29/07/1980,,CIUDAD AUTONOMA BUENOS AI,CAP. FEDERAL,F,SI,,,,
DNIE95852655,95852655,20958526556,,RAMIREZ YEDRA JEAN CARLOS JOSE,30/10/1988,,LANUS ESTE,BUENOS AIRES,M,NO,,,,
DNIE96004241,96004241,27960042412,BATISTA DE SOUZA LAURA,BATISTA DE SOUZA LAURA,04/08/1999,,MONSERRAT,CAP. FEDERAL,F,NO,,,,
DNI 23136756,23136756,20231367560,LUNA,PABLO ALEJANDRO,12/02/1973,8 E/ 57 Y 58 1218,LA PLATA,BUENOS AIRES,M,NO,,,,
DNI 27197128,27197128,27271971287,ECHEVERRIA,MARIANELA ALDANA,11/01/1979,S.DEL ESTERO 455,JOSE MARMOL,BUENOS AIRES,F,NO,,,,
DNI 30837316,30837316,23308373169,ARIAS PABLO FERNANDO,ARIAS PABLO FERNANDO,04/06/1984,,CAPILLA DEL ROSARIO,MENDOZA,M,NO,,,,
DNI 32320958,32320958,20323209589,COTARO,GASTON NICOLAS,04/10/1986,TISCORNIA 824,COMERCIAL,RIO NEGRO,M,NO,,,,
DNI 32766236,32766236,20327662369,BARBIERI,FAVIO ALEJANDRO,25/12/1986,POLIDORO SEGERS 151,,TIERRA DEL FUEGO,M,NO,,,,
DNI 32883290,32883290,27328832904,KERBS,CINTHIA ROMINA,15/03/1987,AGUERO 4045,SANTA MARIA,BUENOS AIRES,F,NO,,,,
DNI 35104874,35104874,27351048749,SOLIZ VIDELA,GIMENA ISABEL,30/06/1990,BøLIMACHE BK.13 DP.9 P2,LIMACHE,SALTA,F,NO,,,,
DNI 41169277,41169277,27411692774,,"CEJAS NANCY ELIZABETH                                                                                                                                 ",16/02/1995,,MORENO,BUENOS AIRES,F,NO,,,,
DNI 50926989,50926989,20509269891,FUENTES CAMPOS,PABLO ELEAZAR,09/12/1998,DON BOSCO 515,P MADRYN-ACCESOS,CHUBUT,M,NO,,,,
DNIE95889166,95889166,27958891666,,PORTELA DE PAULO JOSELAINE,21/09/1996,,ROSARIO,SANTA FE,F,NO,,,,
DNI 20995579,20995579,27209955798,BENNER,NORMA MIRTA,23/07/1969,SAN LUIS 452,MACACHIN,LA PAMPA,F,NO,,,,
DNI 21514403,21514403,27215144033,PERALTA MABEL ALEJANDRA,PERALTA MABEL ALEJANDRA,18/05/1973,,MONTE CRISTO,CORDOBA,F,NO,,,,
DNI 29053112,29053112,20290531129,MAIDANA,CESAR JAVIER,21/10/1981,FITZ ROY 3041,CANNING,BUENOS AIRES,M,NO,,,,
DNI 29583832,29583832,27295838324,FOLIK,LUCIANA SOLEDAD,31/08/1982,CALLE 4 0 C68,SAN FRANCISCO,RIO NEGRO,F,NO,,,,
DNI 29666633,29666633,20296666336,CAJAL,JORGE LUIS,15/09/1982,AV VIV-MZ K-C 4 S/N,SAN ANDRES,TUCUMAN,M,NO,,,,
DNI 30643252,30643252,20306432525,DIEZ,MAXIMILIANO,11/06/1985,3 E/29 Y 30,25 DE MAYO,BUENOS AIRES,M,NO,,,,
DNI 36941394,36941394,20369413946,AGUIRRE,ALEJANDRO CRISTOBAL,20/10/1993,MAGGIO 612,CAMPANA,BUENOS AIRES,M,NO,,,,
DNIE92728341,92728341,20927283418,ARBOLITO,"RODRIGUEZ JOSE RICARDO        ",28/08/1965,,,,M,NO,,,,
DNIE95983650,95983650,27959836502,,TESSARI AVILA FERNANDA,11/03/1998,,PALERMO,CAP. FEDERAL,F,NO,,,,
DNIE96026013,96026013,27960260134,MARTINS VIEIRA PATRICIA APARECIDA,MARTINS VIEIRA PATRICIA APAREC,21/06/1978,,LA PLATA,BUENOS AIRES,F,NO,,,,
DNI 20787767,20787767,27207877676,CAPDEVILA MIRTA DEL ROSARIO,CAPDEVILLA MIRTA DEL ROSARIO,18/12/1969,,MALAGUENO,CORDOBA,F,NO,,,,
DNI 23030959,23030959,20230309591,BOGADO,CRISTIAN DIEGO,31/03/1973,ORAN 1266,VILLA GOB GALVEZ,SANTA FE,M,NO,,,,
DNI 26190851,26190851,20261908515,RAGUASI OMAR DARIO,RAGUASI DARIO,30/03/1978,,LAS HERAS,MENDOZA,M,NO,,,,
DNI 33684878,33684878,20336848785,BENITEZ DIEGO DARIO,BENITEZ DIEGO DARIO,18/05/1988,,CONCORDIA,ENTRE RIOS,M,NO,,,,
DNI 34306744,34306744,20343067446,ZAMORA,FERNANDO ADRIEL,20/12/1988,BROWN ALMTE. 3816,GARIN,BUENOS AIRES,M,NO,,,,
DNI 36055114,36055114,27360551143,HABERKON,ROMINA BELEN,17/04/1992,G.BOTTO 498,LEHMANN,SANTA FE,F,NO,,,,
DNI 43729241,43729241,20437292419,VARANI,LAUTARO ALFREDO,28/01/2000,AV. PTE. PERON 4391,BILLINGHURST,BUENOS AIRES,M,NO,,,,
DNI 12761027,12761027,23127610274,RICCHIUTO,NANCY NOEMI,06/01/1959,VIACAVA N 1784,BILLINGHURST,BUENOS AIRES,F,NO,,,,
DNI 18400889,18400889,27184008896,QUIROGA,NANCY BEATRIZ,19/09/1967,160 Y 43,MAR DEL PLATA,BUENOS AIRES,F,NO,,,,
DNI 21422326,21422326,27214223266,LUNA,VIVIANA ALEJANDRA,31/01/1970,J.L.SUAREZ 2427,ROSARIO SCOM.2 N.ALBERDI,SANTA FE,F,NO,,,,
DNI 27248701,27248701,23272487014,GODOY,MARIA ESTER,07/06/1977,AREQUIPA 888,VILLA AZALAIS,CORDOBA,F,NO,,,,
DNI 27687124,27687124,27276871248,BELTRAN ELIZONDO,FLORENCIA ANDREA,27/10/1979,AZCUENAGA 3235 2,EZPELETA ESTE,BUENOS AIRES,F,NO,,,,
DNI 32916483,32916483,20329164838,CRISTALDO,CESAR JAVIER,21/12/1986,132 E/58 Y 59 N° 5873,GUILLERMO E HUDSON,BUENOS AIRES,M,NO,,,,
DNI 36737710,36737710,20367377101,GUILQUERUCA,HECTOR DANIEL,27/02/1993,QUINTA 90 S H,LAS HERAS,SANTA CRUZ,M,NO,,,,
DNI 36821120,36821120,20368211207,GIORGEVICH,JONATHAN EZEQUIEL,14/10/1992,RUTA 6 N° 1643,CAMPANA,BUENOS AIRES,M,NO,,,,
DNI 40655115,40655115,27406551151,QUISPE,GIULIANA,09/07/1997,898 N° 1783,QUILMES OESTE,BUENOS AIRES,F,NO,,,,
DNI 41233796,41233796,20412337965,ACEVEDO,TOBIAS ADRIAN,19/09/1996,MUÑIZ 6400,PONTEVEDRA,BUENOS AIRES,M,NO,,,,
DNI 42962211,42962211,20429622116,PEREYRA,RODRIGO AARON,30/09/1999,TOLEDO 7200,TRUJUI,BUENOS AIRES,M,NO,,,,
DNI 16694691,16694691,20166946914,GONZALEZ OSCAR ANTONIO,GONZALEZ OSCAR ANTONIO,02/12/1963,,VILLA NUEVA,MENDOZA,M,NO,,,,
DNI 30654337,30654337,20306543378,BUSTOS MEDINA,MARTIN ADOLFO,27/11/1983,GUEMES 3311,PALERMO,CAPITAL FEDERAL,M,NO,,,,
DNI 32382328,32382328,27323823281,FUSARO,MARINA ALDANA JENNIFER,10/06/1986,RAWSON 515,LOMAS DE ZAMORA - VILLA FIORITO,BUENOS AIRES,F,NO,,,,
DNI 34308719,34308719,20343087196,GUARI,JOSUÉ EMANUEL,11/02/1989,MARMOL 1072,MORENO,BUENOS AIRES,M,NO,,,,
DNIE95961400,95961400,27959614003,,RAMOS TARAZONA DARMARIS DEL JESUS,18/02/1985,,CIUDAD AUTONOMA BUENOS AI,CAP. FEDERAL,F,NO,,,,
DNI 16355461,16355461,20163554616,ROJAS,CARLOS RAMON,04/08/1963,AV BELGRANO 2449,BALVANERA,CAPITAL FEDERAL,M,NO,,,,
DNI 29901375,29901375,20299013759,CHAVES,MARCOS ALEJANDRO,11/04/1983,MONTE FLORES MB2 E5 P/B 7124,ROSARIO SEC.19A GODOY,SANTA FE,M,NO,,,,
DNI 36089495,36089495,23360894959,CARRILLO,JONATAN EZEQUIEL,06/03/1991,RAWSON 4591,INGENIERO ADOLFO SOURDEAUX,BUENOS AIRES,M,NO,,,,
DNI 42147206,42147206,27421472063,CASTRO,MARIA VICTORIA,11/09/1999,CARABOBO 345,FLORES,CAPITAL FEDERAL,F,NO,,,,
DNI 17944543,17944543,20179445434,OUTEDA,GUSTAVO FABIAN,06/08/1966,MAGDALENA 959,VILLA DOMINICO,BUENOS AIRES,M,NO,,,,
DNI 22554805,22554805,27225548051,QUIPILDOR,SONIA DEL VALLE,01/07/1972,LOS CRISANTEMOS S/N°,LA CALDERA,SALTA,F,NO,,,,
DNI 27930028,27930028,23279300289,STIVALA RENDINA,DIEGO GASTON,19/03/1980,C DE LA PAZ 60,PALERMO,CAPITAL FEDERAL,M,NO,,,,
DNI 34852038,34852038,20348520386,TUCCI,DANIEL OSCAR,17/01/1987,USPALLATA 3795,JOSE C. PAZ,BUENOS AIRES,M,NO,,,,
DNI 37445206,37445206,27374452067,CHAVES,NADIA AILEN,05/12/1993,BV.E.PERON 1042,SAN LORENZO,SANTA FE,F,NO,,,,
DNIE95928487,95928487,27959284879,,PINHO DA SILVA KETLEN NAYA,29/01/1991,,ROSARIO,SANTA FE,F,NO,,,,
DNI 23171649,23171649,27231716497,KOCH,SANDRA GUADALUPE,12/12/1972,EX COMB.DE MALVINAS 2319,SANTA FE,SANTA FE,F,NO,,,,
DNI 37387373,37387373,20373873730,BARRIENTOS,DIEGO HERNAN,03/10/1989,AMBROSETTI JUAN BAUSTISTA 2178,TIERRAS ALTAS,BUENOS AIRES,M,NO,,,,
DNI 37835361,37835361,20378353611,GIMENEZ,JUAN IGNACIO,09/09/1993,GUALEGUAY 50,BOCA,CAPITAL FEDERAL,M,NO,,,,
DNI 41457096,41457096,20414570969,FERNANDEZ,JUAN GABRIEL,06/10/1998,151 751,BERISSO,BUENOS AIRES,M,NO,,,,
DNI 42935268,42935268,20429352682,MARTININI,FACUNDO GABRIEL,13/01/1997,JUNIN 1564,SAN MIGUEL DE TUCUMAN,TUCUMAN,M,NO,,,,
DNI 43776351,43776351,27437763513,,"MENDOZA JULIA DEL CERMEN                                                                                                                              ",09/11/2001,,VIRREYES,BUENOS AIRES,F,NO,,,,
DNI 22848891,22848891,27228488912,LUDUEÑA,NORA LIS,11/08/1972,ARROYO CURUBICA S/N MUELLE LA,TIGRE,BUENOS AIRES,F,NO,,,,
DNI 37879941,37879941,23378799414,BUSSETTI,CAMILA MARIANA,26/11/1993,BERNARDINO RIVADAVIA 347 1 A,MORENO,BUENOS AIRES,F,NO,,,,
DNI 39056612,39056612,20390566124,AREVALO,DIEGO DAVID,02/06/1995,DIAZ DE SOLIS 1258,LOS PARAISOS,CORDOBA,M,NO,,,,
DNI 39335997,39335997,27393359973,QUINTANA MELISA SOLEDAD,,15/04/1993,,WILDE,BUENOS AIRES,F,NO,,,,
DNI 41217815,41217815,27412178152,SANABRIA,AGOSTINA AILEN,13/06/1998,S. DE LINIERS 2125,ROSARIO SEC.14A BELGRANO,SANTA FE,F,NO,,,,
DNI 43079302,43079302,20430793021,,"RUPAYAN ANDRES JOSE SIMON                                                                                                                             ",09/02/2001,,RAWSON,CHUBUT,M,NO,,,,
DNI 12627414,12627414,23126274149,LOBOS,ENRIQUE ALBERTO,19/10/1956,LA PORTEÑA 1052,LLAVALLOL,BUENOS AIRES,M,NO,,,,
DNI 32693599,32693599,23326935999,BLANCO,ALEJANDRO MAXIMILIANO,16/01/1987,PCIA.DE SANTA FE 1343,GLEW,BUENOS AIRES,M,NO,,,,
DNI 33030302,33030302,20330303027,VEGA,ABEL EDGARDO,01/06/1987,FLORENTINO AMEGHINO 2494,COLON,CORDOBA,M,NO,,,,
DNI 38309980,38309980,20383099804,QUINTANA,FERNANDO FABIAN,25/07/1994,VENTURA COLL 3124,TIERRAS ALTAS,BUENOS AIRES,M,NO,,,,
DNI 40490400,40490400,20404904001,ARIAS,MATIAS ALEJANDRO,01/12/1994,2 4060,JOSE LEON SUAREZ,BUENOS AIRES,M,NO,,,,
DNI 42311503,42311503,27423115039,FARRUGGIO BOSSO,GIULIANA ANTONELLA,08/01/1998,LIBERTAD 5774,JOSE LEON SUAREZ,BUENOS AIRES,F,NO,,,,
DNIE93003360,93003360,20930033600,TORALES,"FLEITAS DAMIAN        ",13/07/1970,,,,M,NO,,,,
DNIE96002754,96002754,27960027545,DA SILVA BARROS SUELEN,DA SILVA BARROS SUELEN,16/07/1982,,ROSARIO,SANTA FE,F,NO,,,,
DNI 18366500,18366500,20183665007,GONZALEZ,JOSE ALBERTO,30/08/1967,LLANCANQUEN 9515,VILLA CORNU,CORDOBA,M,NO,,,,
DNI 29124618,29124618,20291246185,ARCOLIA,ROQUE MOISES,08/02/1982,ITAPIRU 2633,LANUS,BUENOS AIRES,M,NO,,,,
DNI 30933791,30933791,20309337914,ESTERIO LEANDRO CRISTIAN,ESTERIO LEANDRO CRISTIAN,03/09/1984,,CIUDAD AUTONOMA BUENOS AI,CAP. FEDERAL,M,NO,,,,
DNI 31827181,31827181,20318271810,SALEGA,ALEJANDRO JAVIER,03/09/1985,TOLEDO 2388,MORENO,BUENOS AIRES,M,NO,,,,
DNI 34412323,34412323,20344123234,BAIGORRIA,JONATAN EDGARDO,24/04/1989,ENCINA Y STORNI,GENERAL RODRIGUEZ,BUENOS AIRES,M,NO,,,,
DNI 35417685,35417685,20354176859,MARCON,CARLOS YAMIL,15/11/1990,FOURNIER 82,GLEW,BUENOS AIRES,M,NO,,,,
DNI 35819722,35819722,20358197222,VERON CAORSI,DIEGO HERNAN,21/01/1991,885 E/832 3598 VILLA LA FLORID,QUILMES OESTE,BUENOS AIRES,M,NO,,,,
DNI 39348095,39348095,27393480950,ALMARAZ,MACARENA SOLEDAD,01/04/1996,PATIÑO 4356,MORON,BUENOS AIRES,F,NO,,,,
DNI 40894141,40894141,20408941416,ARANDA,LEONARDO GASTON,03/02/1998,SOLDADO SOSA 395,RAFAEL CASTILLO,BUENOS AIRES,M,NO,,,,
DNI 17259874,17259874,23172598749,ACOSTA,HECTOR OSVALDO,30/05/1965,LOS ALAMOS 2-LA MENDIETA,LA MENDIETA,JUJUY,M,NO,,,,
DNI 20177786,20177786,20201777861,TEJERINA,EDUARDO NORMANDO,18/10/1968,ALBERRO 89,SAN SALVADOR DE JUJUY,JUJUY,M,NO,,,,
DNI 21178919,21178919,27211789196,TOSCANO,GABRIELA LAURA,23/12/1969,JUJUY 1485,SAN LORENZO,SANTA FE,F,NO,,,,
DNI 25674832,25674832,20256748321,SOTZ CORONEL,GUSTAVO EZEQUIEL,16/10/1976,52 N° 5554,HUDSON,BUENOS AIRES,M,NO,,,,
DNI 29661152,29661152,20296611523,MEZA,RICARDO DAVID,18/08/1982,RUTA PROV.6 KM 9,ENSENADITA,CORRIENTES,M,NO,,,,
DNI 31096867,31096867,27310968671,PEDONE,MARIA ALDANA,04/03/1985,OLAVARRIA 530,TRES ARROYOS,BUENOS AIRES,F,NO,,,,
DNI 31211501,31211501,20312115019,BLUMBERG,VICTOR MARCELO,05/08/1984,JUAN SOUFAL 165,,NEUQUEN,M,NO,,,,
DNI 32347140,32347140,27323471407,DE BIEN,ROSA ROMINA,30/06/1986,MA.INES JANDULA 1311,SALTA,SALTA,F,NO,,,,
DNI 34828705,34828705,27348287058,PALAVECINO,LUCIA BELEN,18/10/1989,25 DE MAYO 358,BAHIA BLANCA,BUENOS AIRES,F,NO,,,,
DNI 37000458,37000458,27370004582,PINTO MORALES,EUGENIA SOLEDAD,01/01/1993,BO UNION Y PATRIA F-9,LAS TORTUGAS,MENDOZA,F,NO,,,,
DNI 37000458,37000458,20370004588,,"PINTO MORALES EUGENIA SOLEDAD                                                                                                                         ",23/03/1993,,GODOY CRUZ,MENDOZA,M,NO,,,,
DNI 37456693,37456693,27374566933,QUIROGA TOLEDO,MARIA DEL ROSARIO,23/06/1993,MEXICO 3675,SAN MIGUEL DE TUCUMAN,TUCUMAN,F,NO,,,,
DNI 37858214,37858214,20378582149,SAN MARTIN,LUCAS EZEQUIEL,20/12/1993,CORRIENTES 1160,,NEUQUEN,M,NO,,,,
DNI 38848217,38848217,20388482177,CAMPLI,GONZALO NICOLAS,16/05/1995,ANDRADE 1424,ZARATE,BUENOS AIRES,M,NO,,,,
DNI 40018488,40018488,20400184888,QUIROZ,IGNACIO RUBEN,25/07/1997,J.FUNES 2395,GENERAL PACHECO,BUENOS AIRES,M,NO,,,,
DNI 40621019,40621019,27406210192,SALINAS,SOFIA BELEN,06/07/1997,ESPRONCEDA 643,LOMAS DE ZAMORA - VILLA FIORITO,BUENOS AIRES,F,NO,,,,
DNIE95606606,95606606,23956066069,,JHAVERI SWAPNIL ISHVARLAL,07/08/1982,,CIUDAD AUTONOMA BUENOS AI,CAP. FEDERAL,D,NO,,,,
DNI 17459482,17459482,20174594822,PABLO,ERNESTO ADOLFO,15/01/1966,DE LAS CAUTIVAS 133 0,AZUL,BUENOS AIRES,M,NO,,,,
DNI 20410924,20410924,23204109249,GARONE,MARCELO ESTEBAN,17/09/1968,LARREA 1844,TIGRE,BUENOS AIRES,M,NO,,,,
DNI 30101091,30101091,27301010910,MEALLA,CAROLINA SOLEDAD,06/10/1983,25 DE MAYO 153,MALVINAS ARGENTINAS,CORDOBA,F,NO,,,,
DNI 34727357,34727357,20347273571,GOMEZ,ANGEL LISANDRO,18/11/1989,BICENTENARIO CAMINO MZ7 18,GENERAL RODRIGUEZ,BUENOS AIRES,M,NO,,,,
DNI 34784759,34784759,27347847599,AYALA BRAVO,MICAELA SOLEDAD,30/05/1990,INDEPENDENCIA 1875,ADROGUE,BUENOS AIRES,F,NO,,,,
DNI 34949565,34949565,20349495652,POMAR,NICOLAS EZEQUIEL,24/10/1989,BRANDSEN 2186,SARANDI,BUENOS AIRES,M,NO,,,,
DNI 37538197,37538197,23375381974,MACIEL CASTRO,ALEJANDRA AYELEN,13/07/1993,CHARCAS 2041,BECCAR,BUENOS AIRES,F,NO,,,,
DNIE96051746,96051746,27960517461,MOREIRA SILVA GENILMA,MOREIRA SILVA GENILMA,18/11/1987,,ROSARIO,SANTA FE,F,NO,,,,
DNI 21109646,21109646,27211096468,VARGAS,MARCELA FABIANA,07/09/1969,SAN JOSE 3575,JOSE LEON SUAREZ,BUENOS AIRES,F,NO,,,,
DNI 27424639,27424639,20274246392,VARELA,DIEGO ARTEMIO,06/09/1979,ALEJANDRO AGUADO 1043,RIO CUARTO,CORDOBA,M,NO,,,,
DNI 28258406,28258406,27282584064,PALACIO,PATRICIA PAOLA,19/09/1980,TERRERO 2040,VILLA GENERAL MITRE,CAPITAL FEDERAL,F,NO,,,,
DNI 33222906,33222906,27332229066,CARRIZO,ALEJANDRA DEL VALLE,09/09/1987,J ARREDONDO 1991,PATRICIOS,CORDOBA,F,NO,,,,
DNI 36307941,36307941,27363079410,TRAZMONTA,VIVIANA DANIELA,01/10/1992,GARAY 652,EZEIZA,BUENOS AIRES,F,NO,,,,
DNI 16000305,16000305,27160003052,PASTRANA,NORMA GRACIELA,06/09/1962,BøSTA MONICA MZ 8/3,LA CALDERA,SALTA,F,NO,,,,
DNI 23548221,23548221,27235482210,DICIANO,ELIZABETH INES,03/01/1974,V.SARSFIELD 0 CS.29,CARMEN DE ARECO,BUENOS AIRES,F,NO,,,,
DNI 28882168,28882168,27288821688,GONZALO,SUSANA LAURA,31/07/1981,J.HERNANDEZ 1376,SARMIENTO,SANTA FE,F,NO,,,,
DNI 30526311,30526311,27305263112,GIMENEZ,MARIA ELOISA,09/12/1976,BUCARELLI 1083,PARQUE CHAS,CAPITAL FEDERAL,F,NO,,,,
DNI 31767357,31767357,23317673574,SIVICOTTI,FLAVIA ANABEL,26/08/1985,BOLIVAR 1165,DEAN FUNES,CORDOBA,F,NO,,,,
DNI 33411008,33411008,27334110082,FILARDI,JULIETA ALCIRA,24/11/1987,24 DE SETIEMBRE 688,ALTA GRACIA,CORDOBA,F,NO,,,,
DNI 34946835,34946835,20349468353,SANCHEZ,DAVID FEDERICO,01/01/1990,92 E/127 Y 128 N° 900,BERISSO,BUENOS AIRES,M,NO,,,,
DNI 34946835,34946835,27349468358,,"SANCHEZ DAVID FEDERICO                                                                                                                                ",19/03/1990,,BERISSO,BUENOS AIRES,F,NO,,,,
DNI 35987892,35987892,20359878924,MIRANDA BULNES,JONATHAN ENRIQUE,02/09/1991,INGLATERRA 1942,BAHIA BLANCA,BUENOS AIRES,M,NO,,,,
DNI 39713219,39713219,20397132197,LENCINA,LEANDRO JAVIER,07/02/1996,ALBATEIRO 1989,VIRREY DEL PINO,BUENOS AIRES,M,NO,,,,
DNI 42248700,42248700,20422487000,PANIGADA,LUKAS ALEJO,13/12/1999,ALTE F J SEGUI 1494,CABALLITO,CAPITAL FEDERAL,M,NO,,,,
DNIE94043775,94043775,27940437755,,FERNANDEZ ALDERETE ISAURA BELEN,16/10/1991,,CIUDAD AUTONOMA BUENOS AI,CAP. FEDERAL,F,NO,,,,
DNI 17001380,17001380,27170013803,HEREDIA,NANCY LILIANA,12/11/1964,CHACHAPOYAS 1378,VILLA LOS PINOS,CORDOBA,F,NO,,,,
DNI 22826316,22826316,20228263169,VARGAS,JORGE ALBERTO,09/08/1972,BLANDENGUES 3230,JOSE C. PAZ,BUENOS AIRES,M,NO,,,,
DNI 25027540,25027540,20250275405,VAVA,GUSTAVO GASTON,24/05/1976,J MANSO 1122,PUERTO MADERO,CAPITAL FEDERAL,M,NO,,,,
DNI 34253792,34253792,20342537929,TEMPRANO,HORACIO FACUNDO,27/01/1989,R PEÑA 4869,MAR DEL PLATA,BUENOS AIRES,M,NO,,,,
DNI 40353599,40353599,20403535991,NARANJO,MARTIN IVAN,01/05/1993,AYACUCHO 852,GARIN,BUENOS AIRES,M,NO,,,,
DNI 40868985,40868985,27408689851,DOMINGUEZ,ALEJANDRA,09/12/1997,JOSE A.KELLERTAS 2534,GLEW,BUENOS AIRES,F,NO,,,,
DNIE94558986,94558986,20945589869,CRISTALDO,"LEGUIZAMON ALBERTO ANASTACIO  ",04/06/1988,,,,M,NO,,,,
DNI 25901031,25901031,23259010314,QUIROGA,FABIANA ANDREA,04/07/1977,BøP.NVO MALLIN 61 S/N,GENERAL MOSCONI,CHUBUT,F,NO,,,,
DNI 31461267,31461267,27314612677,LAGRAÑA,LORENA BEATRIZ,27/02/1985,JUAN B BIBILONI 3039,EL TALAR,BUENOS AIRES,F,NO,,,,
DNI 34779681,34779681,27347796811,VILLENA JARA,GABRIELA INES D,28/08/1989,B.ENCALADA 1942,MERLO,BUENOS AIRES,F,NO,,,,
DNI 40479616,40479616,20404796160,NAVARRO,JUAN DOMINGO,31/07/1993,LEGUIZAMON MARTINIANO 885 B° E,RAFAEL CALZADA,BUENOS AIRES,M,NO,,,,
DNI 42728275,42728275,27427282754,DELGADILLO,MICAELA AGOSTINA,05/06/2000,MANUEL ALBERTI 1053,FORMOSA,FORMOSA,F,NO,,,,
DNI 20064244,20064244,27200642444,DEGIROLMO,LAURA MYRIAN,16/06/1968,AMENABAR 1642,BELGRANO,CAPITAL FEDERAL,F,NO,,,,
DNI 27076985,27076985,20270769854,MURUA,JOSE ROBERTO,03/02/1979,PJE ALPATACAL 3532,VILLA GRAL URQUIZA,CORDOBA,M,NO,,,,
DNI 34622428,34622428,27346224288,FRANCISCHELLI,ALEJANDRA ANDREA,24/10/1989,B RIVADAVIA 784,INRIVILLE,CORDOBA,F,NO,,,,
DNI 35958115,35958115,20359581158,PALOMINO BARRERO,BRIAN EZEQUIEL,08/02/1991,VALLE 256,CABALLITO,CAPITAL FEDERAL,M,NO,,,,
DNI 42304893,42304893,27423048935,PEDRAZA,FLAVIA ARACELI DE LAS MERCEDES,22/12/1997,L LASTRA LIENDO 867,MONTE BUEY,CORDOBA,F,NO,,,,
DNIE95862972,95862972,27958629724,,ALVES COSTA CAVALHEIRO JANE,25/09/1997,,CIUDAD AUTONOMA BUENOS AI,CAP. FEDERAL,F,NO,,,,
DNIE96093456,96093456,20960934564,AGUAYO VILLAR IGNACIO,AGUAYO IGNACIO,,,,,M,NO,,,,
DNI 24473884,24473884,20244738843,GONZALEZ,DANIEL ARIEL,22/04/1975,PTE.PERON 957,PUERTO GRAL SAN MARTIN,SANTA FE,M,NO,,,,
DNI 24732366,24732366,20247323660,SCHMIDT,ENRIQUE SERGIO MARCELO,25/12/1975,AV.BS.AIRES N° 2729,GENERAL MADARIAGA,BUENOS AIRES,M,NO,,,,
DNI 35122743,35122743,27351227430,BONIFACIO,MARIA SOLEDAD,18/01/1990,20 DE SETIEMBRE 3471,LANUS,BUENOS AIRES,F,NO,,,,
DNI 35339326,35339326,20353393260,GALVAN ESCOBAR,JONATHAN LEANDRO DANIEL,29/08/1990,ALEMANIA N* 1473,MARCOS PAZ,BUENOS AIRES,M,NO,,,,
DNI 37021837,37021837,20370218375,ALVAREZ,LEANDRO NAHUEL,11/12/1992,MORANCHEL 643,FLORENCIO VARELA,BUENOS AIRES,M,NO,,,,
DNI 37206323,37206323,20372063239,CHAVEZ,FEDERICO,07/02/1993,DEAN FUNES 3011,LANUS,BUENOS AIRES,M,NO,,,,
DNI 40596572,40596572,20405965721,ROJAS,BRIAN ANTONIO,26/08/1997,BO URQUIZA D-8,TUPUNGATO,MENDOZA,M,NO,,,,
DNIE95952188,95952188,27959521889,,FREIRE NASCIMENTO RAIANE,09/01/1999,,CIUDAD AUTONOMA BUENOS AI,CAP. FEDERAL,F,NO,,,,
DNI 16905443,16905443,27169054431,PEREZ,ADRIANA DEL VALLE,27/06/1964,R TOLLO 2440,PATRICIOS,CORDOBA,F,NO,,,,
DNI 18491649,18491649,20184916496,ROCHELLE,CARLOS EDGARDO CEFERINO,11/04/1967,MARTIN DE GAINZA 2960 2,BARADERO,BUENOS AIRES,M,NO,,,,
DNI 23166021,23166021,27231660211,DABROWSKI,MONICA RAQUEL,26/12/1972,B 120 VDAS SAN LORENZO 267,WANDA,MISIONES,F,NO,,,,
DNI 23241280,23241280,27232412807,RAMACCIONI,DANIELA EGLE,22/06/1973,9 DE JULIO 1096,CHILECITO,LA RIOJA,F,NO,,,,
DNI 23469991,23469991,27234699917,GRAMAJO CASELLINI,MARIA,31/07/1973,LAS HERAS 2402,RECOLETA,CAPITAL FEDERAL,F,NO,,,,
DNI 28174560,28174560,20281745604,PRONESTI,CARLOS ALBERTO,24/07/1980,M.ALEGRE 2369,CANNING,BUENOS AIRES,M,NO,,,,
DNI 28910396,28910396,20289103962,CARRASCO,MARIANO MARTIN RICARDO,27/06/1981,BøSAN CARLOS MAZ.L-L.2,LA ISLA,SANTIAGO DEL ESTERO,M,NO,,,,
DNI 34386454,34386454,27343864545,VELASQUEZ,CAROLINA ELVA,13/06/1989,CORONEL MOLDES 454,ROSARIO DE LERMA,SALTA,F,NO,,,,
DNI 38699309,38699309,27386993098,TULIAN,MARIA SOL,16/05/1995,CHACO 849,BELEN DE ESCOBAR,BUENOS AIRES,F,NO,,,,
DNI 39481114,39481114,23394811149,ALONSO,RAUL RICARDO,19/02/1996,BøS JOSE III-MZ U-L 3 S/N,YERBA BUENA,TUCUMAN,M,NO,,,,
DNI 40463853,40463853,20404638530,RODRIGUEZ,GUILLERMO FROILAN,27/02/1993,AYMARAES 818,FRANCISCO ALVAREZ,BUENOS AIRES,M,NO,,,,
DNI 40845815,40845815,20408458154,MORALES,RODRIGO SEBASTIAN,12/09/1997,FELIX DE AZARA 1294,JOSE C. PAZ,BUENOS AIRES,M,NO,,,,
DNI 42365985,42365985,20423659859,GOMEZ,PABLO SEBASTIAN,27/12/1999,LEONARDO DA VINCI 1787,TRONCOS DEL TALA,BUENOS AIRES,M,NO,,,,
DNI 19069649,19069649,27190696494,CRISTALLINI SALINAS ANTONELLA LIZ,CRISTALLINI ANTONELLA LIZ,,,,,F,NO,,,,
DNI 21172683,21172683,20211726831,CORONEL,MANUEL CLAUDIO,16/12/1969,SAN CARLOS 736,WILDE,BUENOS AIRES,M,NO,,,,
DNI 22177356,22177356,20221773560,WEISS,MAXIMILIANO PABLO,15/06/1971,CONESA 256,SANTA MARIA,BUENOS AIRES,M,NO,,,,
DNI 27013885,27013885,20270138854,CORREA,DANIEL AGUSTIN,04/12/1978,MANZANA 12 LOTE 2 CASA 1 0,PANAMERICANO,CORDOBA,M,NO,,,,
DNI 30341838,30341838,20303418386,LARA,EDUARDO JESUS,24/09/1983,CS.4 B° FONAVI,LUJAN,BUENOS AIRES,M,NO,,,,
DNI 30572852,30572852,20305728528,SZURPIK,FERNANDO MARCELO ARIEL,03/06/1984,ESTRADA N° 110,SAN NICOLAS DE LOS ARROYOS,BUENOS AIRES,M,NO,,,,
DNI 31993992,31993992,20319939920,SANDOVAL,DIEGO JAVIER,23/12/1985,880 N° 3465,QUILMES OESTE,BUENOS AIRES,M,NO,,,,
DNI 34251872,34251872,23342518729,D'ALESSANDRO,HUGO ROGELIO,23/02/1989,HORTIGUERA 4877,LIBERTAD,BUENOS AIRES,M,NO,,,,
DNI 34251872,34251872,27342518724,,"PIEDRA BRENDA ESTEF                                                                                                                                   ",19/01/1989,,,SIN INFORMAR,F,NO,,,,
DNI 34673147,34673147,27346731473,SILVA,KARINA NATALIA,28/07/1989,18 DE JULIO 1754,GARIN,BUENOS AIRES,F,NO,,,,
DNI 35313378,35313378,20353133781,LAGOS LOPEZ VICTOR MAXIMILIANO,LAGOS LOPEZ VICTOR MAXIMILIANO,09/07/1990,,SAN MARTIN DE L,NEUQUEN,M,NO,,,,
DNI 36484027,36484027,20364840277,ANDINO,DAMIAN RAMON,13/01/1992,RIVADAVIA 1490,CASILDA,SANTA FE,M,NO,,,,
DNI 37956394,37956394,27379563940,OTAROLA,MARIA ESTELA,26/12/1993,PTE PERON 830,SIMOCA,TUCUMAN,F,NO,,,,
DNI 45308265,45308265,27453082658,NAVARRO,ROCIO,17/05/1995,CAP.BERMUDEZ 3501,TORTUGUITAS,BUENOS AIRES,F,NO,,,,
DNIE96073669,96073669,27960736694,CASTILLO GUERRA YANNELIS TERESA,CASTILLO GUERRA YANNELIS TERESA,,,,,F,NO,,,,
DNI 13963393,13963393,20139633939,GALLEGO,ROQUE NICOLAS,31/03/1960,JUAN DE LA GUARDIA 4538,JOSE IGNACIO DIAZ,CORDOBA,M,NO,,,,
DNI 21393824,21393824,27213938245,LUND,LAURA ISABEL,27/12/1969,LITUANIA 2253,ALTO GRAL PAZ,CORDOBA,F,NO,,,,
DNI 27030616,27030616,20270306161,FERREYRA,ELIO GABRIEL,13/01/1979,Bø COESA MZ 137 LT.5,BORGES,SANTIAGO DEL ESTERO,M,NO,,,,
DNI 34285691,34285691,20342856919,FRANCO  CARRIZO ENRIQUE  LAUREANO,FRANCO CARRIZO ENRIQUE LAUREAN,22/02/1989,,SAN MIGUEL DE TUCUMAN,TUCUMAN,M,NO,,,,
DNI 34511715,34511715,20345117157,NEQUI CESAR ROLANDO SEBASTIAN,NEQUI CESAR ROLANDO,10/07/1989,,FORMOSA,FORMOSA,M,NO,,,,
DNI 39536125,39536125,20395361253,ALFARO PALAVECINO,FABRICIO NICOLAS,29/01/1996,C.VALDIVIA MZ 774B CASA11,BOULOGNE SUR MER,SALTA,M,NO,,,,
DNIE92694964,92694964,20926949641,SOTO,"CHAVEZ FELIX     ",02/05/1952,,,,M,NO,,,,
DNIE95874200,95874200,27958742008,,MENESES VIDAL PAOLA,16/01/1985,,SALTA,SALTA,F,NO,,,,
DNI 39065831,39065831,20390658312,VEGA QUINTEROS,EZEQUIEL ANDRES,28/06/1995,TERRERO 1849,VILLA GENERAL MITRE,CAPITAL FEDERAL,M,NO,,,,
DNI 24490881,24490881,27244908816,BERGOGLIO,VANESA,06/05/1975,RIVADAVIA 8870,VELEZ SARFIELD,CAPITAL FEDERAL,F,NO,,,,
DNI 21451211,21451211,20214512115,LOPEZ NARVAJA,GASTON JUAN SANTIAGO,23/01/1970,J B ALBERDI 1549,CABALLITO,CAPITAL FEDERAL,M,NO,,,,
DNIE95922349,95922349,27959223497,,MACIEL GARCIA ISIS,23/05/1998,,CIUDAD AUTONOMA BUENOS AI,CAP. FEDERAL,F,NO,,,,
DNIE95887917,95887917,27958879178,,PACHECO DO VALE BEATRIZ,14/01/2000,,CIUDAD AUTONOMA BUENOS AI,CAP. FEDERAL,F,NO,,,,
DNI 13272143,13272143,20132721433,FERREYRA,LUIS EDUARDO,23/06/1957,LA QUINTA-LOS ALAMOS 48,VILLA CARLOS PAZ,CORDOBA,M,NO,,,,
DNI 39721509,39721509,20397215092,VALDEZ,FRANCO DAVID,26/06/1996,JUAN B.ALBERDI 35,SANTA MARIA,BUENOS AIRES,M,NO,,,,
DNI 29928778,29928778,20299287786,PEZZONI,ALEXIS ALBERTO,21/02/1983,CONSTITUCION 543,VILLA GOB GALVEZ,SANTA FE,M,NO,,,,
DNI 35939975,35939975,27359399753,GOMEZ,PAULA GISELA,24/02/1991,BARILOCHE 2046,MERLO,BUENOS AIRES,F,NO,,,,
DNI 14628374,14628374,27146283743,BAEZ,HILDA GRACIELA,01/01/1930,DR R RIVAROLA 162,SAN NICOLAS,CAPITAL FEDERAL,F,NO,,,,
DNI 29042727,29042727,20290427275,FERNANDEZ,PABLO DANIEL,31/08/1981,CACHIMAYO 1325,PARQUE CHACABUCO,CAPITAL FEDERAL,M,NO,,,,
DNI 30261948,30261948,20302619485,CALIVA,CESAR HORACIO CARMELO,24/07/1983,"RUTA 2 KM.31,5 -ED.90 . 1048",BOSQUES,BUENOS AIRES,M,NO,,,,
DNI 32936618,32936618,23329366189,GAJO,NICOLAS DANIEL,28/12/1986,RAWSON 22,ZONA DELTA CAMPANA,BUENOS AIRES,M,NO,,,,
DNI 34415393,34415393,27344153936,AYALA,DEBORA BELEN,16/04/1989,MENDOZA 574,MATHEU,BUENOS AIRES,F,NO,,,,
DNI 23124835,23124835,20231248359,ZILBERSZTEIN,DIEGO HERNAN,03/02/1973,CARACAS 265,FLORES,CAPITAL FEDERAL,M,NO,,,,
DNI 16083628,16083628,27160836283,TABORDA,MONICA DEL VALLE,21/04/1962,ENTRE RIOS 2456,SAN VICENTE,CORDOBA,F,NO,,,,
DNI 34522813,34522813,20345228137,CACERES,VICTOR HUGO,11/05/1989,RICARDO PALMA 2394,LOMAS DE ZAMORA - VILLA FIORITO,BUENOS AIRES,M,NO,,,,
DNI 36644056,36644056,23366440569,PRONER,MARIANO,14/10/1991,WARNES 813,VICENTE LOPEZ,BUENOS AIRES,M,NO,,,,
DNI 13236589,13236589,20132365890,ARONNO,JUAN H,10/12/1959,BOATTI 773,MORON,BUENOS AIRES,M,NO,,,,
DNI 33084378,33084378,27330843786,TOLEDO,NATALIA PAOLA GISELA,09/11/1986,C.PELLEGRINI 1358,DON TORCUATO,BUENOS AIRES,F,NO,,,,
DNI 32386318,32386318,27323863186,CASANO,MARIANA,12/05/1986,11 DE SEPTIEMBRE 263,LOMAS DEL MILLON,BUENOS AIRES,F,NO,,,,
DNI 34101862,34101862,20341018626,PINTO BRETTI,NICOLAS EZEQUIEL,08/10/1988,SANTA ANA 4613,TORTUGUITAS,BUENOS AIRES,M,NO,,,,
DNI 35402797,35402797,20354027977,DEVANNA,MARTIN,30/07/1990,GUIDO 267,QUILMES,BUENOS AIRES,M,NO,,,,
DNIE94090724,94090724,27940907247,SOBIESKI,"KAREN         ",28/03/1976,,,,F,NO,,,,
DNI 28758203,28758203,27287582035,RONDA,ANA MARIA RITA,02/08/1981,SAN FERNANDO S/N,1A.SECCION-CAMPAÃ‘A,CORRIENTES,F,NO,,,,
DNIE95171109,95171109,20951711099,HARRINGTON POLLAK CHRISTOPHER JAMES,,26/03/1982,,VICENTE LOPEZ,BUENOS AIRES,M,NO,,,,
DNI 4703262,4703262,20047032629,LEDO,ROBERTO EVARISTO,29/01/1948,CALLAO 1033,RECOLETA,CAPITAL FEDERAL,M,NO,,,,
DNI 4703262,4703262,27047032623,TELLO,OLGA ESTER,09/07/1943,ZELADA 7469,GONZALEZ CATAN,BUENOS AIRES,F,NO,,,,
DNIE93970056,93970056,20939700561,LEVANO,"ESPINOZA JOSE ENRIQUE       ",29/04/1985,,,,M,NO,,,,
DNI 24199784,24199784,20241997848,PACHECO,CATALINO MIGUEL,04/01/1974,ACOYTE 2871,WILLIAM C. MORRIS,BUENOS AIRES,M,NO,,,,
DNI 24199784,24199784,24241997843,PACHECO CATALINO MIGUEL,,04/01/1974,,WILLIAM MORRIS,BUENOS AIRES,D,NO,,,,
DNI 31401939,31401939,27314019399,ZABALA MARIA VICTORIA,"MARIA VICTORIA,ZABALA",13/02/1986,,RIO CUARTO,CORDOBA,F,NO,,,,
DNI 36723189,36723189,27367231896,LAZARTE,BELEN SOLEDAD,30/11/1991,BACH 2764,MERLO,BUENOS AIRES,F,NO,,,,
DNIE94014326,94014326,20940143269,QUISPE,"CAPCHA PIO       ",04/05/1973,,,,M,NO,,,,
DNIE94053177,94053177,20940531773,PRIETO,"URRIBARRI FERNANDO JESUS      ",03/06/1949,,,,M,NO,,,,
DNI 24199577,24199577,20241995772,KAPOR,DRAGO VIDAL,07/09/1969,COL.NECOCHEA-LTE.261,CORZUELA,CHACO,M,NO,,,,
DNI 25370227,25370227,27253702279,CASTELLS CANTO,MARIA CECILIA,18/06/1976,DEL SIGNO 4042,PALERMO,CAPITAL FEDERAL,F,NO,,,,
DNI 29245867,29245867,20292458674,OVIEDO,DAMIAN OSCAR,23/01/1982,BULNES 1826,PALERMO,CAPITAL FEDERAL,M,NO,,,,
DNI 30614200,30614200,27306142009,CAÑETE,MARIA DE LOS ANGELES,27/01/1984,FONROUGE 3051,VILLA LUGANO,CAPITAL FEDERAL,F,NO,,,,
DNI 33960548,33960548,27339605489,PAVONI,JUANA IRENE,08/08/1988,COSTA RICA 4029,DEL VISO / ALBERTI,BUENOS AIRES,F,NO,,,,
DNI 10893532,10893532,20108935325,CAPPUCCIO,RICARDO,19/01/1954,PIEDRA BUENA 4632,VILLA RIACHUELO,CAPITAL FEDERAL,M,NO,,,,
DNI 16589828,16589828,20165898282,CUSANO,VICTOR RODOLFO,18/08/1963,FACUNDO 490,VILLA GOBERNADOR UDAONDO,BUENOS AIRES,M,NO,,,,
DNI 29932893,29932893,20299328938,SANTA CRUZ,MARTIN ALEJANDRO,02/12/1971,J.B.ALBERDI 26,TIGRE,BUENOS AIRES,M,NO,,,,
DNI 36916659,36916659,27369166595,MATIENZO,MELISA ALEJANDRA,30/06/1992,COLOMBIA 2264,QUILMES,BUENOS AIRES,F,NO,,,,
DNI 30436280,30436280,23304362804,GONZALEZ,VALERIA NADIA,27/08/1983,SILVIO BRASCHI 547 PB106,,BUENOS AIRES,F,NO,,,,
DNI 38588266,38588266,27385882667,ESPADA,MARIA LUCIA,23/10/1994,ESTRADA 2620,,BUENOS AIRES,F,NO,,,,
DNIE93260655,93260655,20932606551,ZAPATA,"ANGEL MATIAS       ",11/12/1965,,,,M,NO,,,,
DNIE95891753,95891753,27958917533,,RIBEIRO DEBORAH DANIELE,24/01/1997,,CIUDAD AUTONOMA BUENOS AI,CAP. FEDERAL,F,NO,,,,
DNIE95944014,95944014,27959440145,,GONZALEZ RUIZ MARIA YUREIBY,11/01/1990,,LA PLATA,BUENOS AIRES,F,NO,,,,
DNI 21991950,21991950,20219919507,SCALZONE,FABIO ANTONIO,04/02/1971,3 DE FEBRERO 1131 D 3,DOMINGO FAUSTINO SARMIENTO,BUENOS AIRES,M,NO,,,,
DNIE95808303,95808303,27958083039,,SANZ CARIDAD AGUSTINA NIRVANA,22/09/1995,,CIUDAD AUTONOMA BUENOS AI,CAP. FEDERAL,F,NO,,,,
DNI 27328765,27328765,20273287656,PAVON,ADRIAN ALEJANDRO,02/08/1979,M.DE AVILES 938,ENSENADA,BUENOS AIRES,M,NO,,,,
DNI 41101307,41101307,20411013074,AVALOS,JUAN SEBASTIAN,20/03/1998,LA PINTA 650,AGUSTIN FERRARI,BUENOS AIRES,M,NO,,,,
DNI 25021605,25021605,20250216050,BOCCARDO,GABRIEL ANDRES,20/11/1975,R.BRAVO 765,CLAYPOLE,BUENOS AIRES,M,NO,,,,
DNIE93418515,93418515,20934185154,FERNANDEZ,"FRANCISCO RAMON          ",26/06/1950,,,,M,NO,,,,
DNI 12137898,12137898,20121378982,GUDIÑO,EDUARDO,06/10/1955,PRINGLES 289,ALMAGRO,CAPITAL FEDERAL,M,NO,,,,
DNI 39730959,39730959,27397309598,GONZALEZ FERNANDEZ,PAULA DEL CARMEN,13/03/1996,SAN PEDRO 4852,PARQUE AVELLANEDA,CAPITAL FEDERAL,F,NO,,,,
DNI 29230581,29230581,20292305819,GODOY,CRISTIAN SEBASTIAN,01/12/1981,ALFREDO NOBEL 8117,,BUENOS AIRES,M,NO,,,,
DNI 36062587,36062587,27360625872,BANCEROWSKI,SILVANA VANINA,05/09/1991,ZAPIOLA 2325 2 3,BERNAL OESTE,BUENOS AIRES,F,NO,,,,
DNI 5387155,5387155,20053871551,ARRUA,ROBERTO OSCAR,25/01/1945,CASTELLI 1382,TRES ARROYOS,BUENOS AIRES,M,NO,,,,
DNI 5387155,5387155,27053871556,ERDOCIAIN,SILVIA NOEMI,02/12/1946,GUARDIA VIEJA 4299,ALMAGRO,CAPITAL FEDERAL,F,SI,,,,
RMS376636952732003,22630020,27226300207,ANDINO,PAULA ANDREA,03/01/1972,ESTADOS UNIDOS 1536,CONSTITUCION,CAPITAL FEDERAL,F,SI,,,,
RMS376637891182003,26387164,20263871643,CHIESA,MARIANO REYNALDO,07/12/1977,ADOLFO ALSINA 1636,MONSERRAT,CAPITAL FEDERAL,M,NO,,,,
RMS379975986181002,13923872,23139238729,ROSALES,RUBEN HILARIO,05/10/1960,ESQUEL 1195,WILLIAM C. MORRIS,BUENOS AIRES,M,NO,,,,
RMS379975986181002,13923872,27139238724,,"SUAREZ DE SILVIA MONICA                                                                                                                               ",01/01/1901,,,SIN INFORMAR,F,NO,,,,
RMS379975047631003,14958785,27149587859,DAKESIAN,ROSA MARIA,16/02/1962,QUITO 4029,ALMAGRO,CAPITAL FEDERAL,F,NO,,,,
RMS379975047631003,14958785,20149587854,ARTURO,KARGODORIAN,,,,,M,NO,,,,
RMS376710877772004,30094588,20300945881,RODRIGUEZ MARTIN,MARTIN RODRIGUEZ,16/07/1983,,CIUDAD AUTONOMA BUENOS AI,CAP. FEDERAL,M,NO,,,,
RMS376637062732008,33634168,20336341680,HIRIART URRUTY,RAMIRO JESUS,26/12/1987,SAN MARTIN 1133,,BUENOS AIRES,M,NO,,,,
RMS376638657741008,31638010,27316380102,BARNES CASTILLO,MARIA TERESA,21/03/1985,PAMPA 610,BECCAR,BUENOS AIRES,F,NO,,,,
RMS376416258942006,17951548,20179515483,BARRESI,ROBERTO DANIEL,24/10/1966,ARISTOBULO DEL VALLE 235 P15 A,LANUS,BUENOS AIRES,M,NO,,,,
RMS376711752365005,36259417,20362594171,MASSARI,MARTIN ALEJANDRO,12/10/1991,MENDOZA 3555,BELGRANO,CAPITAL FEDERAL,M,NO,,,,
RMS376636412332006,38469479,27384694794,PICO,MICAELA,02/09/1994,AV. ESPORA 1272,ADROGUE,BUENOS AIRES,F,NO,,,,
RMS376636702321008,22537376,20225373761,CALDEZ,RUBEN ALBERTO,13/10/1974,ÑORQUINCO 121,BAHIA BLANCA,BUENOS AIRES,M,NO,,,,
RMS376687475691002,25513604,20255136047,LEDESMA MARIO JAVIER,MARIO JAVIER LEDESMA,07/10/1976,,REMEDIOS DE ESCALADA,BUENOS AIRES,M,NO,,,,
RMS379975994611008,21942409,20219424095,OLIVIERI,CRISTIAN GABRIEL,15/11/1971,ROMERO F 3200,DEL VISO / ALBERTI,BUENOS AIRES,M,NO,,,,
RMS376639584193008,13669785,20136697855,TEVEZ,ALFREDO O,11/12/1959,884 N 4635,QUILMES OESTE,BUENOS AIRES,M,NO,,,,
RMS376639584193008,13669785,23136697854,SIN DATOS,SIN DATOS,01/01/1900,,,,F,NO,,,,
RMS376687584731004,8273356,20082733567,CASCELLI,ALEJANDRO ALFREDO,06/05/1948,112 N° 3120,JOSE LEON SUAREZ,BUENOS AIRES,M,NO,,,,
RMS376417385931003,20694442,20206944421,MEANA,MARCELO RICARDO,24/01/1969,ELISEO CANTON 520,MORENO,BUENOS AIRES,M,NO,,,,
RMS376637071331008,10744247,20107442473,MIGONI,HECTOR DANIEL,07/01/1953,LA PAZ 5,PARANA,ENTRE RIOS,M,NO,,,,
RMS376418364031005,7612107,23076121079,GOMEZ,OSVALDO RUBEN,19/10/1947,DIAZ COLODRERO 2668,VILLA URQUIZA,CAPITAL FEDERAL,M,NO,,,,
RMS376418146361001,12080738,20120807383,MONDELLA,RICARDO,06/07/1956,S DE BUSTAMANTE 68,ALMAGRO,CAPITAL FEDERAL,M,NO,,,,
RMS376418338361009,10701190,20107011901,GOMEZ,ABELINO,20/07/1953,GALLO 1206,ITUZAINGO,BUENOS AIRES,M,NO,,,,
RMS376413988931003,23086225,27230862252,MAGGI GUITARD,BARBARA EUGENIA,20/11/1972,GELLY Y OBES 2233,RECOLETA,CAPITAL FEDERAL,F,NO,,,,
RMS376686649772003,17606409,23176064099,BALENA,RODOLFO EDUARDO,28/07/1965,DONADO 3830,SAAVEDRA,CAPITAL FEDERAL,M,NO,,,,
RMS376710087973004,13147496,20131474963,AMIEVA,ERNESTO RAUL,03/09/1957,EL CEIBO 5376,MUNRO,BUENOS AIRES,M,NO,,,,
RMS376711464373008,21428540,20214285402,SMITARELLO,PABLO JOSE ANTONIO,28/01/1970,IBAÑEZ 1541,BECCAR,BUENOS AIRES,M,NO,,,,
RMS376418692513005,1449962,27014499623,MESA,TRANSITO MARIA DEL CARMEN,15/08/1935,CALLAO 1185,RECOLETA,CAPITAL FEDERAL,F,NO,,,,
RMS376418692513005,1449962,20014499629,HECTOR,GUARDIA,,,,,M,NO,,,,
RMS376637623312001,23178084,20231780840,PEREZ,CARLOS IGNACIO,18/04/1973,LAS HERAS 574,EZEIZA,BUENOS AIRES,M,NO,,,,
RMS379975989381005,26605897,20266058978,GUEVARA,PABLO EMILIANO,16/06/1978,DR ALFREDO PALACIOS 313,CIUDADELA,BUENOS AIRES,M,NO,,,,
RMS376688842322008,21072737,27210727375,SCHLIMOVICH,PAULA LORENA,12/09/1969,GURRUCHAGA 2231,PALERMO,CAPITAL FEDERAL,F,NO,,,,
RMS376687198942005,8387714,20083877147,RALLIN,HECTOR JOSE,17/08/1950,INDEPENDENCIA Y RUTA 34,MISION FRANCISCANA,SALTA,M,NO,,,,
RMS376416651132007,24758389,20247583891,AGUILAR,JORGE ALEJANDRO,23/08/1975,PARAGUAY 2894,RECOLETA,CAPITAL FEDERAL,M,NO,,,,
RMS376418978952000,23292482,23232924829,HARTE,DIEGO,06/03/1973,GUAYAQUIL 2075,GRAND BOURG,BUENOS AIRES,M,NO,,,,
RMS376407692951000,20400771,27204007719,BATTAIOLA VITAR,BLANCA SORAYA,20/10/1968,SAAVEDRA 455,BALVANERA,CAPITAL FEDERAL,F,NO,,,,
RMS376418086076007,14406886,20144068867,ANDRES,SERGIO OSCAR,10/11/1961,LOTE 10 ESCALADA 3560,VICTORIA,BUENOS AIRES,M,NO,,,,
RMS376638334192005,26088329,20260883292,ANDREOLI,FEDERICO SANTIAGO,13/04/1977,AV ANGEL V PEÑALOZA 463,LA RIOJA,LA RIOJA,M,NO,,,,
RMS376418652911009,17425663,20174256633,MACCARI,ELVIS HECTOR,08/09/1965,RUTA PROV. 6 KM 162 S/N,ORDOÃ‘EZ,CORDOBA,M,NO,,,,
RMS376710635791007,30875007,20308750079,SCHMIDT GARCES,LUIS SEBASTIAN,01/07/1984,9 DE JULIO 183,,NEUQUEN,M,NO,,,,
RMS376686684302005,9989527,27099895271,DICARLO,DORA CRISTINA NIEVES,05/08/1941,TALCAHUANO 1276,RETIRO,CAPITAL FEDERAL,F,NO,,,,
RMS376686684302005,9989527,24099895272,,"FERREYRA MARIA VICTORIA                                                                                                                               ",09/10/1924,,ZARATE,BUENOS AIRES,M,SI,,,,
RMS376687298542002,29193436,20291934367,BAEZ,ADRIAN LEONARDO,26/10/1981,16 N*2495,BERAZATEGUI,BUENOS AIRES,M,NO,,,,
RMS376635144344008,14824743,23148247439,BLANCO,MARCELO ALEJANDRO,27/11/1961,CHICLANA 86,BERNAL ESTE,BUENOS AIRES,M,NO,,,,
RMS379975249391000,13635300,20136353005,SANCHEZ,DANIEL HECTOR,27/11/1957,CORDOBA 417,MORENO,BUENOS AIRES,M,NO,,,,
DNI 22470255,22470255,20224702559,BAIELI,MAXIMILIANO GUILLERMO,18/10/1971,RIVADAVIA 4379,ALMAGRO,CAPITAL FEDERAL,M,NO,,,,
DNI 30035304,30035304,20300353046,SOSA,IGNACIO GERARDO,13/12/1982,RODRIGUEZ PEÑA 1675,RECOLETA,CAPITAL FEDERAL,M,NO,,,,
DNI 4646057,4646057,20046460570,BERETTA,NESTOR FERNANDO,04/10/1945,120 N° 270 DTO.2,LA PLATA,BUENOS AIRES,M,NO,,,,
DNI 4646057,4646057,27046460575,,"GONDOLO INES SABINA                                                                                                                                   ",27/10/1943,,CORDOBA,CORDOBA,F,SI,,,,
DNI 95991017,95991017,20959910171,,FERNANDEZ QUIJADA ALEJANDRO MOISES,02/05/1990,,CIUDAD AUTONOMA BUENOS AI,CAP. FEDERAL,M,NO,,,,
DNI 95721384,95721384,20957213848,ROJAS ALVARENGA ELIOENAI JOSUE,ROJAS ALVARENGA  ELIOENAI JOSUE,17/10/1987,,CIUDAD AUTONOMA BUENOS AI,CAP. FEDERAL,M,NO,,,,
DNI 18354856,18354856,27183548560,BRIZUELA,MIRIAN MABEL,03/08/1967,GREGORIO MARAÑON 5979,INGENIERO ADOLFO SOURDEAUX,BUENOS AIRES,F,NO,,,,
DNI 19065059,19065059,20190650597,ZAMORA GARCES JAMES,"ZAMORA GARCES, JAMES",29/12/1986,,CIUDAD AUTONOMA BUENOS AI,CAP. FEDERAL,M,NO,,,,
DNI 21052559,21052559,27210525594,PUZIO,ALEJANDRA CRISTINA,29/10/1969,CASEROS 796,BARRACAS,CAPITAL FEDERAL,F,NO,,,,
DNI 28026390,28026390,20280263908,CABRERA,ALBERTO RENE,22/03/1980,REPUBLICA 1810,MARCOS PAZ,BUENOS AIRES,M,SI,,,,
DNI 29560402,29560402,20295604027,PEREZ,GERMAN FRANCISCO,06/09/1982,NILO 1126,VILLA CARLOS PAZ,CORDOBA,M,NO,,,,
DNI 29560402,29560402,27295604021,Garcia,Mercedes,,,,,F,NO,,,,
DNI 24825470,24825470,20248254700,GARRIDO,RAUL ARIEL,26/11/1975,URQUIZA 148,,NEUQUEN,M,NO,,,,
DNI 27663904,27663904,20276639049,RAFFAELLI,LUCAS EMILIANO,17/01/1980,EL TALERO 2917,FUNES,SANTA FE,M,NO,,,,
DNI 14942319,14942319,20149423193,ELIA,JUAN JOSE,05/06/1962,CHUBUT 737,9 DE ABRIL,BUENOS AIRES,M,NO,,,,
DNI 24678287,24678287,20246782874,ALTILIO,ANTONIO GERARDO,30/06/1975,9 DE JULIO 1053,CANNING,BUENOS AIRES,M,NO,,,,
DNI 25115305,25115305,20251153052,CAGESSO,MAXIMILIANO MARTIN,30/03/1976,REP. DE CHILE 2985,SAN JUSTO,BUENOS AIRES,M,NO,,,,
DNI 26703946,26703946,27267039467,CURA,ANDREA VALERIA,04/07/1978,BAHIA BLANCA 1957,MAR DEL PLATA,BUENOS AIRES,F,NO,,,,
DNI 27604674,27604674,20276046749,TORREZ,JOSE MARIA,18/09/1979,ISLA SOLEDAD 64,VILLA ALVEAR,TUCUMAN,M,NO,,,,
DNI 32327313,32327313,20323273139,VALDEZ,IVAN NAHUEL,28/02/1986,ADOLFO ALSINA 2065,BALVANERA,CAPITAL FEDERAL,M,NO,,,,
DNI 33505397,33505397,20335053975,ELIAS,JONATAN PABLO,06/12/1987,617A E/MAYORCA Y DINAMARC,SANTA ROSA,BUENOS AIRES,M,NO,,,,
DNI 11945637,11945637,27119456377,MINTEGUIA,MARIA LAURA,06/08/1955,SCALABRINI ORTIZ 2553,PALERMO,CAPITAL FEDERAL,F,NO,,,,
DNI 14283196,14283196,20142831962,FANTIN,CARLOS ALBERTO,18/01/1961,CHACO 1237,BERNAL OESTE,BUENOS AIRES,M,NO,,,,
DNI 14283196,14283196,27142831967,NAVARRO ROCIO EMILCE ANA,FANTINCARLOS ALBERTO,,,,,F,NO,,,,
DNI 14689820,14689820,20146898204,CID,RUBEN DARIO,23/10/1961,CORDOBA 383,SAN RAFAEL,MENDOZA,M,NO,,,,
DNI 16199034,16199034,20161990346,BELINI,EDUARDO MARCELO,05/06/1962,J B ALBERDI 758,CABALLITO,CAPITAL FEDERAL,M,NO,,,,
DNI 24185444,24185444,20241854443,COSTILLA,ROBERTO ANGEL,24/08/1974,MZA 2 EDIFICIO B6 S/N 2°D,CLAYPOLE,BUENOS AIRES,M,NO,,,,
DNI 29251917,29251917,20292519177,MARTINEZ IBAÑEZ,JUAN ORLANDO,10/03/1982,JUAN PABLO II 127,LA MERCED,SALTA,M,NO,,,,
DNI 4545985,4545985,20045459854,IMPARATO,MIGUEL ANGEL,24/12/1945,SAN BLAS 1670,VILLA GENERAL MITRE,CAPITAL FEDERAL,M,NO,,,,
DNI 4545985,4545985,27045459859,BRAVO,MARIA LUCRECIA,25/08/1942,B 5 VDAS MZ 108,ITACARUARE,MISIONES,F,NO,,,,
DNI 14045819,14045819,20140458199,BALLESTERO,ANTONIO DEL VALLE,03/09/1960,JUAN RACINE,GENERAL RODRIGUEZ,BUENOS AIRES,M,NO,,,,
DNI 28839174,28839174,27288391748,FERNANDEZ,OLGA VERONICA,11/06/1981,PINZON 2091,9 DE ABRIL,BUENOS AIRES,F,NO,,,,
DNI 31048100,31048100,27310481004,ANDRADA,VERONICA RAMONA,12/08/1984,POLICASTRO 2112,ADROGUE,BUENOS AIRES,F,NO,,,,
DNI 39447560,39447560,27394475608,APRILE,BARBARA,08/04/1996,AV CORDEIRO 0,VILLA CURA BROCHERO,CORDOBA,F,NO,,,,
DNI 94702934,94702934,20947029348,CACERES SILVESTRE,,06/04/1966,,CIUDAD AUTONOMA BUENOS AI,CAP. FEDERAL,M,NO,,,,
DNI 95686206,95686206,20956862060,Guzman Gimenez,Carlos Luis,07/04/1981,,CIUDAD AUTONOMA BUENOS AI,CAP. FEDERAL,M,NO,,,,
DNI 13612049,13612049,27136120498,RODRIGUEZ,ZULEMA MAXIMA,14/10/1953,MAESTRA M.GARCIA 271,BECCAR,BUENOS AIRES,F,NO,,,,
DNI 13923097,13923097,20139230974,GONZALEZ,NORBERTO MARIO,18/01/1960,ALGARROBOS 27,FUNES,SANTA FE,M,NO,,,,
DNI 29531572,29531572,20295315726,ZERMATHEN,MAURO NICOLAS,02/05/1982,G DE ASENCIO 3179,PARQUE PATRICIOS,CAPITAL FEDERAL,M,NO,,,,
DNI 31443875,31443875,20314438753,VALENZUELA LUIS RENE,VALENZUELA LUIS RENE,02/09/1985,,QUILMES,BUENOS AIRES,M,NO,,,,
DNI 37000690,37000690,20370006904,PALOMO,FRANCO MATIAS,25/09/1992,RIVEROS 2413,LUZURIAGA,MENDOZA,M,NO,,,,
DNI 21455180,21455180,27214551808,CABRERA,PATRICIA SILVANA,13/11/1969,TIRADENTES 662,FRANCISCO ALVAREZ,BUENOS AIRES,F,NO,,,,
DNI 95962538,95962538,27959625382,ALVES SALAZAR GUEDES ELIANA,SALAZAR GUEDES ELIANA ALVES,03/06/1969,,LOS POLVORINES,BUENOS AIRES,F,NO,,,,
DNI 96008934,96008934,27960089346,OSPINA POSADA ANGELA MARIA,"OSPINA POSADA, ANGELA MARIA",01/12/1994,,SAN NICOLAS,CAP. FEDERAL,F,NO,,,,
DNI 18337332,18337332,20183373324,KLOSTER,CARLOS ALBERTO,27/07/1967,COLOMBIA 1361 DTO.2,RAMOS MEJIA,BUENOS AIRES,M,NO,,,,
DNI 23670982,23670982,20236709826,D'ERRICO GIMENO,RODRIGO,04/01/1974,BELGRANO 327 BP,RAMOS MEJIA,BUENOS AIRES,M,NO,,,,
DNI 30408049,30408049,20304080494,OJEDA,CARLOS FAUSTINO,24/07/1983,ANDALGALA 6158,ISIDRO CASANOVA,BUENOS AIRES,M,NO,,,,
DNI 32448532,32448532,27324485320,STIVANELLO,NOELIA SOLEDAD,20/05/1986,836 565,QUILMES OESTE,BUENOS AIRES,F,NO,,,,
DNI 33626647,33626647,27336266470,MOLINAS,ELIANA MABEL,09/01/1988,B.OVEJA NEGRA C75 832,RIO GRANDE,TIERRA DEL FUEGO,F,NO,,,,
DNI 33914359,33914359,27339143590,NASELLO,MARIA BELEN,06/03/1989,DERQUI N°1942 PB DTO A,EL PALOMAR,BUENOS AIRES,F,NO,,,,
DNI 36795098,36795098,27367950981,CAULA KOFMANAS,DANIELA DESIREE,11/05/1992,CHILE 277,HERNANDO,CORDOBA,F,NO,,,,
DNI 14884167,14884167,20148841676,GUEDES,NESTOR FABIAN,12/11/1961,RIVADAVIA 4206,ALMAGRO,CAPITAL FEDERAL,M,NO,,,,
DNI 17395374,17395374,20173953748,SEVERO,PEDRO,29/06/1965,S/C,SAN MARTIN,MISIONES,M,NO,,,,
DNI 17395374,17395374,27173953742,,"BOCCARDI PATRICIA CLAUDIA                                                                                                                             ",01/01/1901,,,SIN INFORMAR,F,NO,,,,
DNI 22641531,22641531,23226415319,OJEDA,MIGUEL ANGEL,08/03/1972,QUINQUELA MARTIN 914 S/N,CORRIENTES,CORRIENTES,M,NO,,,,
DNI 16799549,16799549,27167995492,RAMIREZ,SILVIA CRISTINA,13/04/1965,BøEL MORRO-BOLIVAR 1105,PARANA,ENTRE RIOS,F,NO,,,,
DNI 16799549,16799549,20167995498,Orozco,Jorge,,,,,M,NO,,,,
DNI 24679777,24679777,27246797779,FARELA,IRENE NOELI,24/07/1976,AMENABAR 2263,BELGRANO,CAPITAL FEDERAL,F,NO,,,,
DNI 34922244,34922244,27349222448,STRANGIS,MELANIE VIVIANA,07/01/1989,PELEGRINO 5018,OLAVARRIA,BUENOS AIRES,F,NO,,,,
DNI 35081537,35081537,27350815371,GRAVE,MARIA ALEJANDRA,16/04/1990,M:4 P:42 B°MUJERES ARG.,RESISTENCIA,CHACO,F,NO,,,,
DNI 4549793,4549793,20045497934,SPIEGEL,LUIS ALBERTO,21/10/1946,S DE LA INDEPENDENCIA 621,PALERMO,CAPITAL FEDERAL,M,SI,,,,
DNI 4549793,4549793,27045497939,FERRARI,TERESA LUCILA,03/10/1942,TACUARI 1147,CONSTITUCION,CAPITAL FEDERAL,F,NO,,,,
DNI 18095686,18095686,20180956868,MIGUEL,RAUL,09/07/1961,CMDTE ESPORA 2393,POSADAS,MISIONES,M,NO,,,,
DNI 20024938,20024938,27200249386,SCHNEIDER,ROXANA KARINA,28/09/1968,AMAMBAY 4144 I CASANOVA,ISIDRO CASANOVA,BUENOS AIRES,F,NO,,,,
DNI 30073579,30073579,20300735798,CORREA JUAN PABLO JOSE,"CORREA, JUAN PABLO JOSE",19/03/1983,,CIUDAD AUTONOMA BUENOS AI,CAP. FEDERAL,M,NO,,,,
DNI 32825305,32825305,23328253054,MENDOZA,MARIA LUCIA,17/01/1987,MARTIN RODRIGUEZ 1994,LOMAS DE ZAMORA,BUENOS AIRES,F,NO,,,,
DNI 33786678,33786678,27337866781,BAEZ,YESICA VANESA,21/08/1988,MADERNA 535,LIBERTAD,BUENOS AIRES,F,NO,,,,
DNI 34596390,34596390,27345963907,PEREZ DELGADO,CAROLINA ANDREA,26/11/1989,VARGAS 870,,NEUQUEN,F,NO,,,,
DNI 28562143,28562143,20285621438,ARGENTIERI,FEDERICO CARLOS,24/01/1981,BOLIVAR 281 6°,CHIVILCOY,BUENOS AIRES,M,NO,,,,
DNI 28778851,28778851,27287788512,VARGAS ESPINOZA,NOELIA MAGALI,19/04/1981,125 N 151,BERAZATEGUI,BUENOS AIRES,F,NO,,,,
DNI 32087744,32087744,27320877445,ALMIRON,JESICA LORENA,30/03/1986,J.MORA 724,RIO GRANDE,TIERRA DEL FUEGO,F,NO,,,,
DNI 40909145,40909145,20409091459,GITTO,JONATHAN NAHUEL,15/01/1998,B° 88 VIV M: 408 C:18,SAN LUIS,SAN LUIS,M,NO,,,,
DNI 41812867,41812867,20418128675,ARIAS,JUAN RAMON,31/03/1999,VIRASORO 299,ROSARIO SEC.16A S.MARTIN,SANTA FE,M,NO,,,,
DNI 12044868,12044868,20120448685,DE SOUSA,SERGIO,30/03/1958,PARAGUAY 4692,PALERMO,CAPITAL FEDERAL,M,SI,,,,
DNI 12859463,12859463,23128594639,CLERICI,JORGE ANTONIO,26/01/1957,CPO CLERICI S/N,CAVANAGH,CORDOBA,M,NO,,,,
DNI 31770857,31770857,20317708573,PAZ,HECTOR ROLANDO,07/02/1986,MZA PA 67 LOTE 32,LIB GRAL SAN MARTIN,JUJUY,M,NO,,,,
DNI 32212706,32212706,27322127060,BENAVIDEZ,JESSICA ESTEFANIA,04/02/1986,PRIMEROS POBLADORES 264,,NEUQUEN,F,NO,,,,
DNI 6612694,6612694,20066126944,LEDESMA,RAUL NICOLAS,15/10/1949,S MIGUEL SEC QUINTA,SAN MANUEL,BUENOS AIRES,M,NO,,,,
DNI 21645785,21645785,20216457855,GOJMAN,LUIS DANIEL,04/06/1970,SOLIS 637,MONSERRAT,CAPITAL FEDERAL,M,NO,,,,
DNI 29165168,29165168,20291651683,ESCOBAR,JUAN PABLO,24/10/1981,PEDERNERA 1222,LANUS,BUENOS AIRES,M,NO,,,,
DNI 33196848,33196848,20331968480,CEBALLOS,MAXIMILIANO FABIAN,24/07/1987,MTRA.PIOVANO 3375,WILLIAM C. MORRIS,BUENOS AIRES,M,NO,,,,
DNI 39643378,39643378,20396433789,CONTRERAS,MAURO LEANDRO,20/07/1996,JUAN DE SAN MARTIN 158,GRAND BOURG,BUENOS AIRES,M,NO,,,,
DNI 4632586,4632586,23046325869,BELIZAN,MARIO,28/11/1943,9 N 2761,BERAZATEGUI,BUENOS AIRES,M,NO,,,,
DNI 4632586,4632586,27046325864,PERALTA,ANGELINA HORTENSIA,20/03/1943,F.DE TORO 769,CANNING,BUENOS AIRES,F,NO,,,,
DNI 11224676,11224676,27112246768,CHARA,NORMA ISABEL,03/03/1954,DANUBIO 4476,ISIDRO CASANOVA,BUENOS AIRES,F,SI,,,,
DNI 17435574,17435574,27174355741,FARRAPEIRA,CLAUDIA MIRIAM,22/11/1965,C GLADE 1311,LOMAS DE ZAMORA - VILLA FIORITO,BUENOS AIRES,F,NO,,,,
DNI 18144326,18144326,27181443265,DIAZ,ALICIA MARIA,29/10/1966,G PINTOS 1558,SAN FERNANDO,BUENOS AIRES,F,NO,,,,
DNI 24313513,24313513,20243135134,BOSSO,DANIEL HERNAN,09/11/1974,AV BELGRANO 3048,BALVANERA,CAPITAL FEDERAL,M,NO,,,,
DNI 26504874,26504874,23265048749,TORRES,GERMAN JESUS,30/03/1978,B° TELEPOSTAL M: 71 C:17,SAN LUIS,SAN LUIS,M,NO,,,,
DNI 26635134,26635134,20266351349,CRUZ,DARIO CARLOS,17/06/1978,PARAJE TONONO,EL PACARA,SALTA,M,NO,,,,
DNI 33197287,33197287,20331972879,ORELLANA,ELIAS ROBERTO,21/02/1978,LG ARGENTINO 519,PICO TRUNCADO,SANTA CRUZ,M,NO,,,,
DNI 34447207,34447207,27344472071,MELONI,CARLA FLORENCIA,18/05/1989,EL PARRAL 2440 PB 3,MENDOZA,MENDOZA,F,NO,,,,
DNI 95607103,95607103,20956071039,,PRIETO MONTERO DIEGO FERNANDO,09/06/1997,,BALVANERA,CAP. FEDERAL,M,NO,,,,
DNI 18812441,18812441,20188124411,LA FUENTE MELGAR,JOSE LUIS,19/03/1965,15 DE NOVIEMBRE 2633,PARQUE PATRICIOS,CAPITAL FEDERAL,M,NO,,,,
DNI 19024531,19024531,20190245315,ESCURA KRAUER ELIAS MANUEL,ESCURRA KRAUER ELIAS MANUEL,,,,,M,NO,,,,
DNI 22445165,22445165,20224451653,LUCERO,WALTER FABIAN,07/09/1971,CAMBACERES 2616,ESQUEL,CHUBUT,M,NO,,,,
DNI 30257587,30257587,20302575879,OVIEDO CHAVEZ,VICTOR FERNANDO,30/08/1983,NICASIO OROÑO 5678,WILDE,BUENOS AIRES,M,NO,,,,
DNI 32597562,32597562,27325975623,QUIROZ,CLAUDIA NOEMI,12/09/1986,F LLAVALLOL 1642,GRAND BOURG,BUENOS AIRES,F,NO,,,,
DNI 95501274,95501274,27955012742,Barros Leite Reis Lo,Nayara,13/02/1991,,BALVANERA,CAP. FEDERAL,F,NO,,,,
DNI 95644512,95644512,20956445125,FEO MARCHAN CARLOS JOSE,"FEO MARCHAN, CARLOS JOSE",22/10/1989,,CIUDAD AUTONOMA BUENOS AI,CAP. FEDERAL,M,NO,,,,
DNI 33504670,33504670,27335046701,NAVARRETE,MELISA YASMIN,16/02/1988,WHITE 90,VILLA LURO,CAPITAL FEDERAL,F,NO,,,,
DNI 40561957,40561957,20405619572,ESCOBAR,LEONARDO GABRIEL,31/08/1993,POSADAS MZ G 2 S/N,,NEUQUEN,M,NO,,,,
DNI 30658293,30658293,20306582934,SUAREZ,LUCAS MATIAS,01/12/1983,GASCON 7777,MAR DEL PLATA,BUENOS AIRES,M,NO,,,,
DNI 37753853,37753853,20377538537,MOLLER,AXEL,13/06/1993,DEL LIBERTADOR 5154,PALERMO,CAPITAL FEDERAL,M,NO,,,,
DNI 94607689,94607689,23946076899,DITA,"ALVAREZ ALBENYS ESTER     ",,,,,M,NO,,,,
DNI 94607689,94607689,27946076894,DITA ALVAREZ ALBENYS ESTER,,12/04/1976,,CIUDAD AUTONOMA BUENOS AI,CAP. FEDERAL,F,NO,,,,
DNI 12349466,12349466,20123494661,GUTIERREZ,ALFREDO FRANCISCO,03/03/1958,VERGARA 16,HAEDO,BUENOS AIRES,M,NO,,,,
DNI 14280637,14280637,20142806372,CONDON,GERARDO ENRIQUE,01/03/1961,PASEO LOS MAITENES 350,,NEUQUEN,M,NO,,,,
DNI 18760774,18760774,20187607745,GOMEZ,ANTONIO EDGARDO,31/08/1965,LA PLATA 5417,BELLA VISTA,BUENOS AIRES,M,NO,,,,
DNI 21316497,21316497,20213164970,BUSTILLOS,ABEL,07/02/1971,PEDRO E GIACHINO MZ 4 0,FLORES,CAPITAL FEDERAL,M,NO,,,,
DNI 28164040,28164040,20281640403,FERNANDEZ,DIEGO CEFERINO,27/06/1980,ROSALES 3840,JOSE MARMOL,BUENOS AIRES,M,NO,,,,
DNI 39004805,39004805,20390048050,FIGUEROA,JOSE GABRIEL,28/03/1995,BøDEMOCRACIA MZ.40 LOTE 7,SALTA,SALTA,M,NO,,,,
DNI 39554190,39554190,20395541901,DI RISIO,BRAIAN URIEL,10/11/1991,HILARION PLAZA 6294,VIRREY DEL PINO,BUENOS AIRES,M,NO,,,,
DNI 12906416,12906416,20129064162,DE FELIPPIS,MARCOS EDUARDO A,01/01/1958,C DAPRITS 4635,MAR DEL PLATA,BUENOS AIRES,M,NO,,,,
DNI 14915931,14915931,27149159318,FERNANDEZ,MIRIAM SUSANA,27/03/1962,EUROPA Y 138 N° 1232,JOSE LEON SUAREZ,BUENOS AIRES,F,NO,,,,
DNI 27640676,27640676,27276406766,VEGA,LORENA JOSEFINA,14/11/1979,CARLOS MOYANO 325,SALTA,SALTA,F,NO,,,,
DNI 29524266,29524266,20295242664,NAVARRO,SEBASTIAN CESAR,19/05/1982,CICHERO 331,MONTE GRANDE,BUENOS AIRES,M,NO,,,,
DNI 32014819,32014819,20320148198,ESPAÑOL,JUAN MARCOS,21/12/1985,ISLA PICTON 427,GARIN,BUENOS AIRES,M,NO,,,,
DNI 34793071,34793071,20347930718,FRADE,MATIAS FABIAN,10/12/1990,AV.9 DE JULIO 1426,RESISTENCIA,CHACO,M,NO,,,,
DNI 3697332,3697332,20036973324,SERRANO,ZENON,01/01/1905,GUARANI 681,,Buenos Aires,M,NO,,,,
DNI 3697332,3697332,27036973329,MIGUENS,AURELIA MARIA TERESA,04/12/1937,GUIDO 1621,RECOLETA,CAPITAL FEDERAL,F,SI,,,,
DNI 37688787,37688787,27376887877,KLEMAN,DALMA ROCIO,15/02/1993,PEDRO ARATA 1737,DEL VISO / ALBERTI,BUENOS AIRES,F,NO,,,,
DNI 38693129,38693129,27386931297,VIAÑO,MELANIE LUCIANA,01/01/1995,MASCARDI 756,GRAND BOURG,BUENOS AIRES,F,NO,,,,
DNI 38693129,38693129,20386931292,ViaÃ‘o Melanie Luciana,VIANO MELANIE LUCIANA,25/01/1995,,GRAND BOURG,BUENOS AIRES,M,NO,,,,
DNI 40574043,40574043,20405740436,PERALTA,DAVID ALEJANDRO,12/10/1997,DEAN FUNES 1511,VILLA NUEVA,CORDOBA,M,NO,,,,
DNI 92998632,92998632,20929986327,AZURDUY,"GARCIA JOSE ANTONIO        ",05/08/1983,,,,M,NO,,,,
DNI 95959367,95959367,20959593672,,CASTRO QUINTERO CRISTIAN JESUS,17/02/1999,,QUILMES,BUENOS AIRES,M,NO,,,,
DNI 28086737,28086737,20280867374,NIETO,DANIEL ALBERTO,09/04/1980,S VICENTE PUB MONOB 1 2 0,LA RIOJA,LA RIOJA,M,NO,,,,
DNI 29337966,29337966,20293379662,NAVARRO,CESAR GUSTAVO,10/11/1982,"AVENIDA 2 (B° STA, ANA I) 533",SANTA ANA II,SALTA,M,NO,,,,
DNI 94026410,94026410,20940264104,COPA,"MAMANI RAUL OSCAR     ",16/09/1978,,,,M,NO,,,,
DNI 18875210,18875210,20188752102,MIRANDA DIAZ ANGEL ANTONIO,MIRANDA DIAZ ANGEL ANTONIO,13/06/1965,,RIO GRANDE,TIERRA DEL FUEGO,M,NO,,,,
DNI 21350446,21350446,27213504466,DIAZ,SILVIA ELENA,11/01/1970,J HERNANDEZ 1867,BELGRANO,CAPITAL FEDERAL,F,NO,,,,
DNI 32737653,32737653,20327376536,LALANDE,MARTIN ALEJANDRO,17/11/1986,SANTA FE 6731,MUNRO,BUENOS AIRES,M,NO,,,,
DNI 36566708,36566708,20365667080,RAMOS,ALEJANDRO JESUS SEBASTIAN,06/10/1991,PRADA VILLA 1471,RIO GRANDE,TIERRA DEL FUEGO,M,NO,,,,
DNI 23801874,23801874,23238018749,RIQUELME,ENRIQUE OCTAVIO,23/04/1974,RUIZ MORENO 2427,LA LLAVE,RIO NEGRO,M,NO,,,,
DNI 27258595,27258595,20272585955,DOMINGUEZ,RICARDO OMAR,05/04/1979,BOQUERON 486,LANUS,BUENOS AIRES,M,NO,,,,
DNI 35822685,35822685,20358226850,SINGH,ALFREDO EDUARDO,19/10/1990,HUERGO 1079 B° CENTRO,COMODORO RIVADAVIA,CHUBUT,M,NO,,,,
DNI 17024001,17024001,23170240014,VELAZQUEZ,MONICA BEATRIZ,25/04/1964,AMANCIO ALCORTA 2124,RAFAEL CALZADA,BUENOS AIRES,F,NO,,,,
DNI 20014848,20014848,20200148488,PIÑEIRO,GABRIEL GUSTAVO,25/03/1968,DIAG 74 1968 PB A,LA PLATA,BUENOS AIRES,M,SI,,,,
DNI 32480322,32480322,27324803225,SANDOVAL,ALEJANDRA BEATRIZ,10/07/1986,M GUERRICO ED 136 5430,VILLA LUGANO,CAPITAL FEDERAL,F,NO,,,,
DNI 36161073,36161073,27361610739,FERREIRA,JOHANNA GABRIELA,02/03/1991,CATULO CASTILLO 2541,PARQUE PATRICIOS,CAPITAL FEDERAL,F,NO,,,,
DNI 38358518,38358518,20383585180,AMEIJEIRAS,MANUEL,03/06/1994,SAN MIGUEL 187,SAN MIGUEL,BUENOS AIRES,M,NO,,,,
DNI 16733709,16733709,27167337096,ORTIZ,MARCELA FERNANDA,24/04/1964,BALCARCE 740,ROSARIO,SANTA FE,F,NO,,,,
DNI 23413140,23413140,27234131406,GELVEZ,ALICIA BEATRIZ,19/07/1973,CNEL M CHILAVERT 2960,VILLA SOLDATI,CAPITAL FEDERAL,F,NO,,,,
DNI 33373249,33373249,20333732492,AGUIRRE MAXIMILIANO  MARTIN,AGUIRRE MAXIMILIANO MART,17/11/1987,,TUCUMAN,TUCUMAN,M,NO,,,,
DNI 35762512,35762512,20357625123,BOGADO,CRISTIAN ARIEL,08/04/1991,FRANKLIN 2660,LOMAS DE ZAMORA,BUENOS AIRES,M,NO,,,,
DNI 8413816,8413816,23084138169,PLAZA,HECTOR SEGUNDO,13/04/1951,G.MADARIAGA 2248,MARTIN CORONADO,BUENOS AIRES,M,NO,,,,
DNI 17844173,17844173,20178441737,SALVADOR,FRANCISCO JESUS,23/08/1966,JEROMINO L DE CABRERA 59,SALDAN,CORDOBA,M,NO,,,,
DNI 18217140,18217140,27182171404,BERTHOLAGA,CLAUDIA MARCELA,07/09/1967,SAN MARTIN 2625,PAVON,SANTA FE,F,NO,,,,
DNI 33667349,33667349,20336673497,YABEN JOSE MARIA,"YABEN, JOSE MARIA",23/03/1988,,CIUDAD AUTONOMA BUENOS AI,CAP. FEDERAL,M,NO,,,,
DNI 35460090,35460090,27354600906,MERCADO,FLORENCIA MAGALI,25/10/1990,CONSTITUCION 137,AVELLANEDA,BUENOS AIRES,F,NO,,,,
DNI 12445355,12445355,20124453551,BELEN,JUAN ANGEL,10/11/1956,EL CHURRINCHE 3807 PB,TEMPERLEY,BUENOS AIRES,M,NO,,,,
DNI 13362074,13362074,20133620746,AZOFRA,ROLANDO,18/08/1957,832 N 616,QUILMES OESTE,BUENOS AIRES,M,NO,,,,
DNI 29485702,29485702,20294857029,RAMIREZ,DIEGO MARTIN,23/04/1982,65 E/153 Y 154,LOS HORNOS,BUENOS AIRES,M,NO,,,,
DNI 29570194,29570194,20295701944,CAMBERA Y SANCHEZ VALLE,MARIANO RODRIGO,05/07/1982,SANTA FE 5118,PALERMO,CAPITAL FEDERAL,M,NO,,,,
DNI 40346821,40346821,20403468216,AGUIRRE,PATRICIO IVAN,07/03/1994,ITALIA 652,BELEN DE ESCOBAR,BUENOS AIRES,M,NO,,,,
DNI 4239282,4239282,20042392821,VALIANTE,LUIS CARLOS,06/03/1930,ESMERALDA 1385,,CAPITAL FEDERAL,M,SI,,,,
DNI 4239282,4239282,27042392826,MARTIN,MARIA LUCIA GLORIA,24/04/1943,IRUPE CS19 S/N,,NEUQUEN,F,NO,,,,
DNI 12113891,12113891,20121138914,SEBASTIANELLI,HUGO CARLOS,01/02/1958,SAN MARTIN 555,ROSARIO,SANTA FE,M,NO,,,,
DNI 22361146,22361146,20223611460,DE FEO,FERNANDO DIEGO,20/08/1971,AVELLANEDA 4558,SANTA FE,SANTA FE,M,NO,,,,
DNI 27049875,27049875,20270498753,DIAZ,JUAN MANUEL,05/02/1979,OLAVARRIA 1121,BOCA,CAPITAL FEDERAL,M,NO,,,,
DNI 29435625,29435625,27294356253,LOPEZ GOTTA,NANCY YANINA,03/03/1982,WILLIAMS 3255,HURLINGHAM,BUENOS AIRES,F,NO,,,,
DNI 34517499,34517499,27345174996,GARCIA COCHERARI,YAMILA VERONICA,29/09/1989,LEVALLE 1317 2,BERNAL ESTE,BUENOS AIRES,F,NO,,,,
DNI 11759232,11759232,23117592324,DALMAU,MIRTA BEATRIZ,15/07/1955,MURATURE 1879,ADROGUE,BUENOS AIRES,F,NO,,,,
DNI 20633606,20633606,20206336065,ALVES,HECTOR DARIO,01/05/1969,GONZALEZ CHAVEZ 3045,MAR DEL PLATA,BUENOS AIRES,M,NO,,,,
DNI 26128221,26128221,27261282211,DELGADO,GLORIA ADRIANA,20/11/1977,LOS CHAÑARES 931,CORTADERAS,SAN LUIS,F,NO,,,,
DNI 29780259,29780259,20297802594,PEREZ,NELSON OSCAR,20/10/1982,LABARDEN 2175,LOMAS DE ZAMORA - VILLA FIORITO,BUENOS AIRES,M,NO,,,,
DNI 34671677,34671677,20346716771,ROSSO,EDGARDO FRANCISCO,29/11/1989,ARTURO CAPDEVILA 194,RIO PRIMERO,CORDOBA,M,NO,,,,
DNI 34671677,34671677,27346716776,SIN DATOS,SIN DATOS,01/01/1900,,,,F,NO,,,,
DNI 38394008,38394008,20383940088,ZARAGOZA,BRIAN ABEL,16/05/1994,MANUEL OBARRIO 1942,BOULOGNE,BUENOS AIRES,M,NO,,,,
DNI 21582106,21582106,23215821064,ESPINOSA,SILVINA NOEMI,10/04/1970,EL COLIBRI 2099,MAQUINISTA F SAVIO,BUENOS AIRES,F,NO,,,,
DNI 23568492,23568492,20235684927,DJANSEZIAN,SANTIAGO MARCELO,14/04/1974,HAEDO 1742,SANTA MARIA,BUENOS AIRES,M,NO,,,,
DNI 33345787,33345787,27333457879,MARTINEZ MOYANO,ROMINA GISEL,01/01/1988,25 DE MAYO 3058,SAN FERNANDO,BUENOS AIRES,F,NO,,,,
DNI 33345787,33345787,20333457874,MARTINEZ MOYANO ROMINA GISELE,,24/02/1988,,SAN FERNANDO,BUENOS AIRES,M,NO,,,,
DNI 38301897,38301897,27383018973,SANTANA,SILVINA ALEJANDRA,07/07/1994,SANTA MARIA DE ORO 2272,VILLA ROSA,BUENOS AIRES,F,NO,,,,
DNI 38315585,38315585,20383155852,AVALOS,PEDRO OSCAR,15/05/1995,ZONA RURAL 0,POZO DEL MOLLE,CORDOBA,M,NO,,,,
DNI 6016114,6016114,20060161144,DEL GRECO,OVIDIO JOSE,08/10/1935,MENDOZA 762,ROSARIO,SANTA FE,M,NO,,,,
DNI 6016114,6016114,27060161149,,"ESPONDA MARIA                                                                                                                                         ",01/01/1901,,,SIN INFORMAR,F,SI,,,,
DNI 13773037,13773037,27137730370,BARRIOS,EDIT ISABEL,31/01/1959,BALCARCE 1324,SAN TELMO,CAPITAL FEDERAL,F,NO,,,,
DNI 18847038,18847038,20188470387,EUSTAQUIO LOPEZ,SEGUNDO JUAN,18/09/1967,81 ESQ.15 992,SAN LORENZO,BUENOS AIRES,M,NO,,,,
DNI 23676601,23676601,27236766018,RONDINA,MARIA LAURA,10/11/1973,COLON 36,SAN GUILLERMO,SANTA FE,F,NO,,,,
DNI 26236843,26236843,20262368433,FLORES,EDUARDO SEBASTIAN,16/11/1977,B0.MODICA A-3,LA CAÃ‘ADITA,MENDOZA,M,NO,,,,
DNI 34394749,34394749,27343947491,DALOQUIO HERRERA,SABRINA,27/03/1989,PTE. F.D.SARMIENTO 1145 A,MORON,BUENOS AIRES,F,NO,,,,
DNI 38851835,38851835,23388518359,GIACONE,MARIANO,25/05/1995,NECOCHEA N° 219,ROJAS,BUENOS AIRES,M,NO,,,,
DNI 11038104,11038104,27110381048,RODRIGUEZ,MARIA AMPARO,21/03/1954,PAROISSIEN 3170,SAAVEDRA,CAPITAL FEDERAL,F,NO,,,,
DNI 17072136,17072136,27170721360,PAZ,RAMONA LUCIA,07/07/1963,ARREGUI 3691,VILLA DEL PARQUE,CAPITAL FEDERAL,F,NO,,,,
DNI 21960935,21960935,20219609354,VARELA,CRISTIAN ANDRES,28/03/1971,SAN MARTIN 1665,ZARATE,BUENOS AIRES,M,NO,,,,
DNI 24959243,24959243,27249592434,MARTINEZ,MARIA LAURA,08/11/1975,RAWSON 363,VILLA MARIA,CORDOBA,F,NO,,,,
DNI 32792275,32792275,27327922756,GIMENEZ,GISELA SOLEDAD,19/02/1987,ROCA 5042,MAR DEL PLATA,BUENOS AIRES,F,NO,,,,
DNI 37147748,37147748,23371477489,ORTIZ PANIAGUA,LUTHER PATRICIO GUIDO,31/05/1993,JUANA GUERRERO S/N 120 VIV. CS,RAWSON ESTE,CHUBUT,M,NO,,,,
DNI 37246346,37246346,27372463460,MONTERO,JAZMIN SOL,22/12/1992,ARREGUI 5302,MONTE CASTRO,CAPITAL FEDERAL,F,NO,,,,
DNI 11167229,11167229,27111672291,BLANCO,GRACIELA ZULEMA,02/09/1953,P.CACERES 472,CANNING,BUENOS AIRES,F,SI,,,,
DNI 11411352,11411352,20114113523,CASALE,OSCAR ANIBAL,06/03/1955,POTOSI 2323,LANUS,BUENOS AIRES,M,NO,,,,
DNI 27156682,27156682,23271566824,STAGNARO,YISEL EDITH,16/04/1979,MARTIN RODRIGUEZ 1880,VICTORIA,BUENOS AIRES,F,NO,,,,
DNI 29477310,29477310,27294773105,BONALDI,PAULA SOLEDAD,12/06/1982,M J DURAN 1481,VILLA LOS PINOS,CORDOBA,F,NO,,,,
DNI 33867061,33867061,20338670614,CABRERA,BENJAMIN LUCIANO,05/07/1988,GARCIA LORCA 4345,MAR DEL PLATA,BUENOS AIRES,M,NO,,,,
DNI 35242765,35242765,23352427659,CASTILLO PATRICIO LUCIANO,"CASTILLO, PATRICIO LUCIANO",02/07/1990,,CIUDAD AUTONOMA BUENOS AI,CAP. FEDERAL,M,NO,,,,
DNI 38348139,38348139,27383481398,HERNANDEZ JARMA,ERIKA JANNINA,05/12/1994,Bø188 VIV-MZ F-C 13 S/N,CURVA DE LOS VEGA,TUCUMAN,F,NO,,,,
DNI 7771455,7771455,20077714554,BULIT,JOSE MARCELO,15/02/1946,PUEYRREDON 2431,CHACRAS DE CORIA,MENDOZA,M,NO,,,,
DNI 7771455,7771455,27077714559,STOLLER,GRACIELA DORA,16/07/1920,B.DE IRIGOYEN 2995,Olivos,Buenos Aires,F,SI,,,,
DNI 92486610,92486610,20924866102,CALABRESI,"GUALTIERO          ",25/03/1941,,,,M,NO,,,,
DNI 11887069,11887069,27118870692,AVALOS MOSQUEDA GLORIA CONCEPCION,AVALOS MOSQUEDA GLORIA CONCEPCION,02/03/1955,,FORMOSA,FORMOSA,F,NO,,,,
DNI 18459041,18459041,27184590412,ETCHEVEST,CLAUDIA ALEJANDRA,06/07/1966,SANTA FE 1495,RECOLETA,CAPITAL FEDERAL,F,NO,,,,
DNI 25414390,25414390,20254143902,ARCE,TOMAS AVELINO,29/11/1976,BO.MURGIA,PERDRIEL,MENDOZA,M,NO,,,,
DNI 32016499,32016499,20320164991,BARBOZA,IVAN GABRIEL,21/03/1986,125 Y 102 N° 1802,GUERNICA,BUENOS AIRES,M,NO,,,,
DNI 33274776,33274776,27332747768,IRUSTA,IVANA PAOLA,23/10/1987,SAN MIGUEL 1195,LAS HERAS,MENDOZA,F,NO,,,,
DNI 34725896,34725896,27347258968,TARCAYA,YESICA ROMINA ANAHI,08/01/1991,B° LA TUPAC S/N,MONTERRICO,JUJUY,F,NO,,,,
DNI 92857135,92857135,20928571352,SAN,"MARTIN RUBILAR LEDINO E    ",03/08/1978,,,,M,NO,,,,
DNI 94487261,94487261,20944872613,VIVEROS,"RIOS JORGE ARMANDO        ",21/10/1982,,,,M,NO,,,,
DNI 94567814,94567814,20945678144,MAIDANA MAIDANA DAVID FERNANDO,,26/07/1992,,LAFERRERE,BUENOS AIRES,M,NO,,,,
DNI 18153350,18153350,20181533502,SBRASCINI,CARLOS ANTONIO,10/12/1966,SGTO.PALMA 1291,LOMA HERMOSA,BUENOS AIRES,M,NO,,,,
DNI 35868213,35868213,20358682139,CINELLI,ROBERTO IRINEO,05/01/1991,ORTIZ DE ZARATE 6106,MAR DEL PLATA,BUENOS AIRES,M,NO,,,,
DNI 39383165,39383165,27393831656,TOLEDO,PAULA CELESTE,21/05/1996,BO CHILE K- 22,LAS TORTUGAS,MENDOZA,F,NO,,,,
DNI 43335634,43335634,23433356349,GONZALEZ,JOSE JOEL,05/05/1995,ZONA RURAL 0,SAN ANTONIO DE LITIN,CORDOBA,M,NO,,,,
DNI 14887264,14887264,27148872649,MUÑOZ,ESTER ZUNILDA,02/12/1961,GRAL J G DE ARTIGAS 2667,VILLA DEL PARQUE,CAPITAL FEDERAL,F,NO,,,,
DNI 24100554,24100554,20241005543,DELFUER,ROLANDO DARIO,17/09/1974,FCO.BEIRO N° 5006,PABLO NOGUES,BUENOS AIRES,M,NO,,,,
DNI 14730587,14730587,20147305878,CRUCIANI,JORGE ALBERTO,21/11/1961,ROSALES 55,CORONEL DORREGO,MENDOZA,M,NO,,,,
DNI 22781995,22781995,20227819953,RIQUELME,MIGUEL ANGEL,17/07/1972,PACTO UNION NAC 1544,BARRIO PARQUE,ENTRE RIOS,M,NO,,,,
DNI 25247705,25247705,20252477056,BLUMENFELD,MARIANO,13/03/1977,CHORROARIN 1450,VILLA ORTUZAR,CAPITAL FEDERAL,M,NO,,,,
DNI 27112611,27112611,27271126110,FRANCO,NORMA BEATRIZ,19/12/1978,S SOREDA 4886,VILLA DOMINICO,BUENOS AIRES,F,NO,,,,
DNI 34100851,34100851,20341008515,WAUTHERS EMANUEL ALEJANDRO,"WAUTHERS, EMANUEL ALEJANDRO",31/07/1989,,LAS LOMITAS,SAN JUAN,M,NO,,,,
DNI 34365260,34365260,20343652608,LEYES,JONATAN EMMANUEL,30/10/1988,TOKIO Y EEUU 3142,GRAND BOURG,BUENOS AIRES,M,NO,,,,
