﻿IdExterno,CUIL,Documento,Apellido,Nombre,Fuente,Direccion
DNI 26549154,20265491546,26549154,SAMIENTA,NAZARENO NICOLAS,ANSES,NAZARENOSAMIENTA@GMAIL.COM
DNI 31693201,27316932016,31693201,PANIAGUA,ADRIANA RAQUEL,ANSES,ADRIANA.PANIAGUA2908@GMAIL.COM
DNI 40005652,27400056523,40005652,PEREYRA,FLORENCIA AGUSTINA,ANSES,flor.pereyra2712@gmail.com
DNI 17520001,20175200011,17520001,CERFOGLIO,ALBERTO DANIEL,ANSES,DANIELCERFO@GMAIL.COM
DNI 17520001,20175200011,17520001,CERFOGLIO,ALBERTO DANIEL,Cablevision,rominacerfoglio@gmail.com
DNI 20769105,23207691054,20769105,SOSA,GRACIELA,ANSES,greysy@hotmail.com.ar
DNI 24758853,20247588532,24758853,GARCIA,PABLO EZEQUIEL,ANSES,gimequeen@yahoo.com.ar
DNI 25166302,20251663026,25166302,MERA AVILA,CARLOS NAHUEL,ANSES,dyncky@hotmail.com
DNI 26336241,20263362412,26336241,PAREDES,FEDERICO MIGUEL,ANSES,profefefoparedes@hotmail.com
DNI 28774236,20287742364,28774236,NUÑEZ MUÑOZ LUCAS SEBASTIAN,NUNEZ MUNOZ LUCAS SEBASTIAN,ANSES,florencia_pipon@hotmail.com
DNI 37161825,20371618253,37161825,PAOLINO,ERIC,ANSES,ERICK.TNTVCIXN@GMAIL.COM
DNI 12113446,20121134463,12113446,MACHINANDIARENA,JOSE ALBERTO,ANSES,EGODEFUEGO@GMAIL.COM
DNI 12113446,20121134463,12113446,MACHINANDIARENA,JOSE ALBERTO,La Nación,calidoro@gmail.com
DNI 12113446,27121134468,12113446,SIN DATOS,SIN DATOS,La Nación,calidoro@gmail.com
DNI 13598713,20135987132,13598713,AGUIRRE,JOSE BENITO,ANSES,pam.88mdq@hotmail.com
DNI 13598713,20135987132,13598713,AGUIRRE,JOSE BENITO,Cablevision,leo_alva07@hotmail.com
DNI 19018287,27190182873,19018287,CARRION,ROSA FRANCIA,ANSES,juancarlosdeportes@hotmail.com
DNI 19018287,27190182873,19018287,CARRION,ROSA FRANCIA,AAFF,matiucarrion05@hotmail.com
DNI 21044897,20210448978,21044897,RODONE,JOSE LUIS,ANSES,rodone_jl@hotmail.com
DNI 24228430,20242284306,24228430,SINGH,CLAUDIO MARTIN,ANSES,POTYCABJ7@GMAIL.COM
DNI 34908844,20349088445,34908844,ASPITIA LEAL,LUCAS EZEQUIEL,ANSES,casandrarr199120033@hotmail.com
DNI 37753658,20377536585,37753658,CABALLERO,DAMIAN,ANSES,CABALLEROKENIEL@GMAIL.COM
DNI 40215694,27402156940,40215694,FERNANDEZ,ANTONELLA DENISSE,ANSES,ANTONELLADENISSE1996@HOTMAIL.COM
DNI 41430833,27414308339,41430833,AVILA MALDONADO,BRISA DE LOS ANGELES,ANSES,PATTAA@HOTMAIL.COM
DNI 31494669,20314946694,31494669,MOYANO,SEBASTIAN ALBERTO,ANSES,SEBAJUJUM@GMAIL.COM
DNI 31494669,20314946694,31494669,MOYANO,SEBASTIAN ALBERTO,AUH,tur@tur.com.ar
DNI 31494669,20314946694,31494669,MOYANO,SEBASTIAN ALBERTO,Cablevision,sebamoyano2011@hotmail.com
DNI 38405488,23384054889,38405488,BOTARDA,ELIAS GASTON,ANSES,ELIASBOTA1023@HOTMAIL.COM
DNI 11181223,27111812239,11181223,CARRIZO,IRMA ANTONIA,ANSES,pao_lazocc@hotmail.com
DNI 12258552,20122585523,12258552,FLORES,MIGUEL ANGEL,ANSES,MIANFLORES56@GMAIL.COM
DNI 32268722,20322687223,32268722,BENITEZ,LUCIANO EZEQUIEL,ANSES,EZEBENITEZ385@GMAIL.COM
DNI 33136175,27331361750,33136175,ESPIN,JESICA ROMINA,ANSES,jesci_28@hotmail.com
DNI 33136175,27331361750,33136175,ESPIN,JESICA ROMINA,Cablevision,jesci28@hotmail.com
DNI 39768152,27397681527,39768152,DOMINGUEZ,LUDMILA MARIQUENA,ANSES,ricdomi@hotmail.com
DNI 30403385,27304033857,30403385,LAINO,ANALIA MICAELA,ANSES,laino.micaela@hotmail.com
DNI 33471408,27334714085,33471408,RIOS,SONIA MARISELA,ANSES,grocio576@gmail.com
DNI 33935764,20339357642,33935764,HEGOBURO,MAURICIO EZEQUIEL,La Nación,flor_01_30@hotmail.com
DNI 35352345,24353523453,35352345,,"BARRIONUEVO NAHUEL OSVALDO                                                                                                                            ",ANSES,NAHUEL.BARRIONUEVO1990@GMAIL.COM
DNI 16735359,20167353593,16735359,SALAS,GUSTAVO ALDO,ANSES,1964.gustavo.salas.gas76@gmail.com
DNI 16735359,20167353593,16735359,SALAS,GUSTAVO ALDO,AUH,hur@hotmail.com.ar
DNI 36120267,20361202679,36120267,AGUILERA NUÑEZ,ALAN NATANAEL,ANSES,NATANAELAGUILERA7@GMAIL.COM
DNI 36215685,27362156853,36215685,BURELLI,DAIANA STEFANIA,ANSES,DAIANABURELLI1991@GMAIL.COM
DNI 36215685,27362156853,36215685,BURELLI,DAIANA STEFANIA,AUH,DaianaSBurelli2017@hotmail.com
DNI 47100621,20471006212,47100621,SALAZAR,DIEGO GABRIEL FERNANDO,ANSES,dgfsel10@hotmail.com
DNIE92580068,27925800681,92580068,CARDOZO,"FLORA RAQUEL        ",ANSES,Rojasyanina1987@gmail.com
DNIE92580068,27925800681,92580068,CARDOZO,"FLORA RAQUEL        ",Cablevision,yaninarojas_87@hotmail.com
DNIE92580068,27925800681,92580068,CARDOZO,"FLORA RAQUEL        ",Cablevision,mdiazar@hotmail.com
DNI 32997695,20329976956,32997695,NUNES,JUAN PABLO,ANSES,juampinunes.jn@GMAIL.COM
DNI 32997695,20329976956,32997695,NUNES,JUAN PABLO,Cablevision,ruth.gonzalerz.2012@gmail.com
DNI 36490269,27364902692,36490269,RIVERA,MARIA FLORENCIA,Cablevision,marflorriv@gmail.com
DNI 41147665,20411476651,41147665,LOPEZ,RODRIGO MATIAS,ANSES,rodri_capo08@live.com
DNI 13174757,20131747579,13174757,SABETTA,JUAN VICTOR,ANSES,telerioja@hotmail.com
DNI 13174757,20131747579,13174757,SABETTA,JUAN VICTOR,Cablevision,jvs_1959@hotmail.com
DNI 25977262,20259772622,25977262,CARRIZO,OSCAR ALEJANDRO,ANSES,oscar977alejocarr@gmail.com
DNI 25977262,20259772622,25977262,CARRIZO,OSCAR ALEJANDRO,AUH,ivanagimenez867@gmail.com
DNI 32189539,20321895396,32189539,CARRACEDO,MATIAS GABRIEL,Cablevision,elpaisa868@gmail.com
DNI 32685639,27326856393,32685639,PEDRAZA,LUCRECIA MARIA JOSE,ANSES,lucped86@gmail.com
DNI 34058321,20340583214,34058321,IBARGUREN,SANTIAGO,ANSES,IBARGUREN15@GMAIL.COM
DNI 34378079,20343780797,34378079,PEREZ,JUAN PABLO,ANSES,nildabeatriz034@gmail.com
DNI 34523746,20345237462,34523746,PERALTA,RICARDO ALBERTO,ANSES,peraltaricardo385@gmail.com
DNI 34523746,20345237462,34523746,PERALTA,RICARDO ALBERTO,ANSES,OWENTAPI3@GMAIL.COM
DNI 34748417,20347484173,34748417,SILVA,EZEQUIEL DAMIAN,ANSES,hola@hotmail.com
DNI 37458852,23374588524,37458852,ARIAS,PURISIMA ALEJANDRA,ANSES,Alejandraarias972@gmail.com
DNI 42040773,23420407734,42040773,PAEZ,SABRINA BELEN,ANSES,sabrinapaez60@gmail.com
DNIE95638248,20956382484,95638248,REYES DAVIOT ANDRES ALFREDO,REYES DAVIOT ANDRES ALFREDO,ANSES,REYESDAVIOT@GMAIL.COM
DNI 34248063,27342480638,34248063,MAIDANA,ESTEFANIA SOLEDAD,ANSES,estefaniamaidana@live.com.ar
DNI 37214687,20372146878,37214687,PACHECO,MARCELO ZENON,La Nación,mark_elpiola@hotmail.com
DNI 27042610,20270426108,27042610,ROBLE MARCELO DOMINGO,ROBLE MARCELO  DOMINGO,ANSES,jose@hotmail.com
DNI 35026271,27350262712,35026271,CAJAL,SOLEDAD,ANSES,SOLES_MILI@HOTMAIL.COM.AR
DNI 36500663,20365006637,36500663,CORONEL,CARLOS EMMANUEL,ANSES,emmanuelcoronel23@gmail.com
DNI 40410183,27404101833,40410183,,"PECETO EDITH ANABEL                                                                                                                                   ",ANSES,edithanabelpecetovillarreal@gmail.com
DNI 40410183,27404101833,40410183,,"PECETO EDITH ANABEL                                                                                                                                   ",Cablevision,livelivelive2010@live.com.ar
DNI 40410183,20404101839,40410183,SIN DATOS,SIN_DATOS,Cablevision,edithanabelpecetovillarreal@gmail.com
DNI 40410183,20404101839,40410183,SIN DATOS,SIN_DATOS,Cablevision,livelivelive2010@live.com.ar
DNIE94056787,23940567874,94056787,TRILLO,"SOLANO MARIA VERONICA       ",ANSES,veronicasolano155@gmail.com
DNI 20536221,20205362216,20536221,BREST,VICTOR CARLOS,ANSES,MAVI_2VGG@HOTMAIL.COM
DNI 20536221,20205362216,20536221,BREST,VICTOR CARLOS,,victor.brest@unilever.com
DNI 25058102,27250581020,25058102,CASTAÑO,CAROLINA TERESA,Cablevision,carolina.castano@hsbc.com.ar
DNI 25058102,27250581020,25058102,CASTAÑO,CAROLINA TERESA,Cablevision,Federicomolina1995@gmail.com
DNI 31062650,27310626509,31062650,TABORDA,GABRIELA ANDREA,ANSES,gabriela.tablh@gmail.com
DNI 31062650,27310626509,31062650,TABORDA,GABRIELA ANDREA,Cablevision,gabita_t_650@hotmail.com
DNI 35631849,27356318493,35631849,VACCARILI,ORNELA CELESTE,ANSES,ORNELACVACCARILI@GMAIL.COM
DNI 17345419,20173454199,17345419,GOMEZ,ISIDORO,ANSES,Cibe@gmail.com
DNI 22177267,27221772674,22177267,TUBIAS,ANDREA KARINA,Cablevision,aktubias@hotmail.com
DNI 32680284,20326802841,32680284,RIVERO,MAURICIO MARCOS,ANSES,mauriyo@live.com.ar
DNI 37041459,23370414599,37041459,NORIEGA SURBANO,MATIAS EMANUEL,ANSES,matias_noriega_la25@hotmail.com
DNI 14353234,20143532349,14353234,RACEDO,RAMON REYES,ANSES,chica_baba16@hotmail.com
DNI 26551103,20265511032,26551103,FERNANDEZ,HUGO DANIEL,ANSES,traspaso@uocra.org
DNI 33827373,27338273733,33827373,DEMA,GISELA ANAHI,ANSES,demagisela@yahoo.com.ar
DNI 36816518,27368165188,36816518,SOSA,CUYEN MARIA FLORENCIA,ANSES,ayevickyfran@gmail.com
DNI 36816518,27368165188,36816518,SOSA,CUYEN MARIA FLORENCIA,AAFF,cargaelclon@hotmail.com
DNI 38406429,23384064299,38406429,ACOSTA,CRISTIAN JOAQUIN,ANSES,acoscrisjoaquin@gmail.com
DNI 41931191,20419311910,41931191,QUINTANA,ANGEL OMAR,ANSES,DORALESTATIANA@GMAIL.COM
DNI 41931191,20419311910,41931191,QUINTANA,ANGEL OMAR,ANSES,QUINTANASANDRA080@GMIAL.COM
DNI 23599877,27235998772,23599877,LUCO,LINA ELIZABETH,ANSES,CLIDELUCO1@GMAIL.COM
DNI 24889494,20248894947,24889494,LOPEZ,GUILLERMO HECTOR,ANSES,GUILLERMOLG18@GMAIL.COM
DNI 37451571,20374515714,37451571,PALACIO,JONATAN CARLOS,Cablevision,palaciosangel54@gmail.com
DNIE94296776,20942967765,94296776,ZAVALETA,"JIMENEZ IVAN PEDRO         ",ANSES,PEVA2910@GMAIL.COM
DNI 21930797,20219307978,21930797,VILLASANTI,HUGO RAFAEL,Cablevision,hugo_rafael_villasanti@hotmail.com
DNI 26058502,27260585024,26058502,LOPEZ,ALICIA,ANSES,monilopez230278@hotmail.com
DNI 26267457,20262674577,26267457,COLUSSI,CLAUDIO DANIEL,ANSES,colu291277@gmail.com
DNI 38416730,27384167301,38416730,SARGNIOTTI CYNTIA DAIANA RITA,SARGNIOTTI CYNTIA DAIANA RITA,ANSES,DASARG22@GMAIL.COM
DNI 14116710,27141167109,14116710,LUQUE,LILIANA ELENA,Cablevision,ferreri.martin@gmail.com
DNI 39193187,23391931879,39193187,GOMEZ ENZO ANTONIO,GOMEZ ENZO ANTONIO,ANSES,enzoantoniogomez@gmail.com
DNI 39936134,20399361347,39936134,CORDOBA,MIGUEL ARIEL,ANSES,FLORANTO63@GMAIL.COM
DNI 39936134,20399361347,39936134,CORDOBA,MIGUEL ARIEL,AUH,emanuelpolanco0@gmail.com
DNIE93799250,20937992506,93799250,REYES,"SAN MARTIN KATERINE VALESCA   ",Cablevision,katerinereyes89@gmail.com
DNIE95195771,27951957718,95195771,NEIRA PEREZ BEATRIZ,NEIRA BEATRIZ,ANSES,NEIRA.BEATRIZ@GMAIL.COM
DNI 23136756,20231367560,23136756,LUNA,PABLO ALEJANDRO,ANSES,PABLOALUNA@YAHOO.COM.AR
DNI 27197128,27271971287,27197128,ECHEVERRIA,MARIANELA ALDANA,Cablevision,marianelaecheverria@hotmail.com
DNI 30837316,23308373169,30837316,ARIAS PABLO FERNANDO,ARIAS PABLO FERNANDO,ANSES,no_posee@hotmail.com
DNI 32320958,20323209589,32320958,COTARO,GASTON NICOLAS,ANSES,GASTONCOTARO@GMAIL.CON
DNI 32883290,27328832904,32883290,KERBS,CINTHIA ROMINA,ANSES,romyk153@yahoo.com.ar
DNI 35104874,27351048749,35104874,SOLIZ VIDELA,GIMENA ISABEL,ANSES,GIMEVS30_90@HOTMAIL.COM
DNI 41169277,27411692774,41169277,,"CEJAS NANCY ELIZABETH                                                                                                                                 ",ANSES,NANCYCEJAS777@GMAIL.COM
DNI 50926989,20509269891,50926989,FUENTES CAMPOS,PABLO ELEAZAR,Cablevision,colicja@gmail.com
DNI 20995579,27209955798,20995579,BENNER,NORMA MIRTA,ANSES,MIRTHABENNER@GMAIL.COM
DNI 21514403,27215144033,21514403,PERALTA MABEL ALEJANDRA,PERALTA MABEL ALEJANDRA,ANSES,estudio_contablemc@hotmail.com
DNI 29583832,27295838324,29583832,FOLIK,LUCIANA SOLEDAD,ANSES,TANITAFOLIK15@GMAIL.COM
DNI 29666633,20296666336,29666633,CAJAL,JORGE LUIS,ANSES,secjorgecajal1982@gmail.com
DNI 30643252,20306432525,30643252,DIEZ,MAXIMILIANO,ANSES,maximilianodiez@hotmail.com
DNI 30643252,20306432525,30643252,DIEZ,MAXIMILIANO,Cablevision,maximiliano.diez@transener.com.ar
DNI 36941394,20369413946,36941394,AGUIRRE,ALEJANDRO CRISTOBAL,Cablevision,alexanderaguirre20152010@gmail.com
DNIE92728341,20927283418,92728341,ARBOLITO,"RODRIGUEZ JOSE RICARDO        ",ANSES,smberton@hotmail.com
DNIE92728341,20927283418,92728341,ARBOLITO,"RODRIGUEZ JOSE RICARDO        ",Cablevision,elmaestrojosericardo@hotmail.com.ar
DNI 23030959,20230309591,23030959,BOGADO,CRISTIAN DIEGO,ANSES,bogadodiego63@gmail.com
DNI 34306744,20343067446,34306744,ZAMORA,FERNANDO ADRIEL,ANSES,ADRIEL_ZAMORA1@OUTLOOK.COM.AR
DNI 36055114,27360551143,36055114,HABERKON,ROMINA BELEN,ANSES,romi_haberkon@hotmail.com
DNI 18400889,27184008896,18400889,QUIROGA,NANCY BEATRIZ,ANSES,persona@hotmail.com
DNI 21422326,27214223266,21422326,LUNA,VIVIANA ALEJANDRA,ANSES,VIVIANA2017LUNA@GMAIL.COM
DNI 21422326,27214223266,21422326,LUNA,VIVIANA ALEJANDRA,AAFF,nndie@hotmail.com
DNI 27248701,23272487014,27248701,GODOY,MARIA ESTER,ProCreAr,judit16373@hotmail.com
DNI 27687124,27276871248,27687124,BELTRAN ELIZONDO,FLORENCIA ANDREA,ANSES,FLOPIBELTRAN@LIVE.COM
DNI 27687124,27276871248,27687124,BELTRAN ELIZONDO,FLORENCIA ANDREA,Cablevision,iribarnel@hotmail.com
DNI 32916483,20329164838,32916483,CRISTALDO,CESAR JAVIER,ANSES,CESARBOCALOCURA@GMAIL.COM
DNI 32916483,20329164838,32916483,CRISTALDO,CESAR JAVIER,Cablevision,cesar21121986@live.com
DNI 36821120,20368211207,36821120,GIORGEVICH,JONATHAN EZEQUIEL,ANSES,ailen.oca79@gmail.com
DNI 40655115,27406551151,40655115,QUISPE,GIULIANA,ANSES,daimartugiuly@hotmail.com
DNI 41233796,20412337965,41233796,ACEVEDO,TOBIAS ADRIAN,ANSES,grivera@ses-sa.com.ar
DNI 42962211,20429622116,42962211,PEREYRA,RODRIGO AARON,ANSES,pluisalberto31@gmail.com
DNI 42962211,20429622116,42962211,PEREYRA,RODRIGO AARON,ANSES,pereyraaaronrodrigo@gmail.com
DNI 30654337,20306543378,30654337,BUSTOS MEDINA,MARTIN ADOLFO,ANSES,tincho27111983@hotmail.com
DNI 32382328,27323823281,32382328,FUSARO,MARINA ALDANA JENNIFER,ANSES,serruchito@live.com.ar
DNI 34308719,20343087196,34308719,GUARI,JOSUÉ EMANUEL,ANSES,GUARIEMANUEL01@GMAIL.COM
DNI 16355461,20163554616,16355461,ROJAS,CARLOS RAMON,ANSES,crojas@argentina.com
DNI 29901375,20299013759,29901375,CHAVES,MARCOS ALEJANDRO,ANSES,Alejandro_river2003@hotmail.com
DNI 17944543,20179445434,17944543,OUTEDA,GUSTAVO FABIAN,ANSES,gustavofabianouteda1234@gmail.com
DNI 27930028,23279300289,27930028,STIVALA RENDINA,DIEGO GASTON,ANSES,dstivala@hotmail.com
DNI 23171649,27231716497,23171649,KOCH,SANDRA GUADALUPE,ANSES,el_puestodeleo@hotmail.com
DNI 37387373,20373873730,37387373,BARRIENTOS,DIEGO HERNAN,ANSES,invalido@gmail.com
DNI 42935268,20429352682,42935268,MARTININI,FACUNDO GABRIEL,ANSES,lopez.veronicadelvalle@hotmail.com
DNI 39056612,20390566124,39056612,AREVALO,DIEGO DAVID,Cablevision,diego.arevalo.1258@gmail.com
DNI 39335997,27393359973,39335997,QUINTANA MELISA SOLEDAD,,ANSES,quintanatiago1281@gmail.com
DNI 43079302,20430793021,43079302,,"RUPAYAN ANDRES JOSE SIMON                                                                                                                             ",ANSES,ANDRESRUPAYAN4@GMAIL.COM
DNI 12627414,23126274149,12627414,LOBOS,ENRIQUE ALBERTO,ANSES,QUIQUE90@GMAIL.COM
DNI 33030302,20330303027,33030302,VEGA,ABEL EDGARDO,ANSES,abl_la13sv@hotmail.com
DNI 33030302,20330303027,33030302,VEGA,ABEL EDGARDO,AUH,Abl.la13sv@hotmail.com
DNI 38309980,20383099804,38309980,QUINTANA,FERNANDO FABIAN,ANSES,FERQUINTANA0319@GMAIL.COM
DNI 40490400,20404904001,40490400,ARIAS,MATIAS ALEJANDRO,ANSES,MATIAS.ARIAS94@HOTMAIL.COM
DNI 40490400,20404904001,40490400,ARIAS,MATIAS ALEJANDRO,Cablevision,mati_de_lzn_@hotmail.com
DNI 42311503,27423115039,42311503,FARRUGGIO BOSSO,GIULIANA ANTONELLA,ANSES,giuliana_farruggio@hotmail.com
DNIE93003360,20930033600,93003360,TORALES,"FLEITAS DAMIAN        ",ANSES,damian.torales@hotmail.com
DNIE93003360,20930033600,93003360,TORALES,"FLEITAS DAMIAN        ",Cablevision,matias.historia19@gmail.com
DNI 18366500,20183665007,18366500,GONZALEZ,JOSE ALBERTO,ANSES,nosesabe@hotmail.com.ar
DNI 30933791,20309337914,30933791,ESTERIO LEANDRO CRISTIAN,ESTERIO LEANDRO CRISTIAN,ANSES,LEANDRO30.STEREO@GMAIL.COM
DNI 30933791,20309337914,30933791,ESTERIO LEANDRO CRISTIAN,ESTERIO LEANDRO CRISTIAN,Cablevision,leandro30.esterio@gmail.com
DNI 31827181,20318271810,31827181,SALEGA,ALEJANDRO JAVIER,ANSES,alejandrojavier33@hotmail.com
DNI 35417685,20354176859,35417685,MARCON,CARLOS YAMIL,ANSES,Jennifermv@gmail.com
DNI 35417685,20354176859,35417685,MARCON,CARLOS YAMIL,Cablevision,yamil_xd@hotmail.com
DNI 35417685,20354176859,35417685,MARCON,CARLOS YAMIL,Cablevision,yamilmvm3103@gmail.com
DNI 35819722,20358197222,35819722,VERON CAORSI,DIEGO HERNAN,ANSES,diegoveroncaorsi@hotmail.com
DNI 39348095,27393480950,39348095,ALMARAZ,MACARENA SOLEDAD,ANSES,macaarioli123@gmail.com
DNI 39348095,27393480950,39348095,ALMARAZ,MACARENA SOLEDAD,AAFF,Maca.delimay@hotmail.com
DNI 40894141,20408941416,40894141,ARANDA,LEONARDO GASTON,ANSES,JAIROGASTON655@GMAIL.COM
DNI 20177786,20201777861,20177786,TEJERINA,EDUARDO NORMANDO,ANSES,EDUJUJUY77@HOTMAIL.COM
DNI 25674832,20256748321,25674832,SOTZ CORONEL,GUSTAVO EZEQUIEL,ANSES,GUSTAVODE_WILDE@HOTMAIL.COM
DNI 31096867,27310968671,31096867,PEDONE,MARIA ALDANA,Cablevision,shane_aldy@hotmail.com
DNI 31096867,27310968671,31096867,PEDONE,MARIA ALDANA,Cablevision,florgu24@hotmail.com
DNI 31211501,20312115019,31211501,BLUMBERG,VICTOR MARCELO,ANSES,chinoblumberg84@gmail.com
DNI 32347140,27323471407,32347140,DE BIEN,ROSA ROMINA,ANSES,rominacha86@hotmail.com
DNI 34828705,27348287058,34828705,PALAVECINO,LUCIA BELEN,ANSES,LUCIAA.PALAVECINO@HOTMAIL.COM
DNI 37000458,20370004588,37000458,,"PINTO MORALES EUGENIA SOLEDAD                                                                                                                         ",ANSES,pintosole22@hotmail.com
DNI 37858214,20378582149,37858214,SAN MARTIN,LUCAS EZEQUIEL,ANSES,ROSA@HOTMAIL.COM
DNI 37858214,20378582149,37858214,SAN MARTIN,LUCAS EZEQUIEL,Cablevision,ezequiel.sm@hotmail.com.ar
DNI 40621019,27406210192,40621019,SALINAS,SOFIA BELEN,ANSES,SOFIDELOMAS20@GMAIL.COM
DNI 17459482,20174594822,17459482,PABLO,ERNESTO ADOLFO,ANSES,ERNESTOAPABLO@YAHOO.COM.AR
DNI 20410924,23204109249,20410924,GARONE,MARCELO ESTEBAN,Cablevision,gferrin@gmail.com
DNI 20410924,23204109249,20410924,GARONE,MARCELO ESTEBAN,Cablevision,marceloesteban68@gmail.com
DNI 30101091,27301010910,30101091,MEALLA,CAROLINA SOLEDAD,ANSES,caromealla@hotmail.com
DNI 34727357,20347273571,34727357,GOMEZ,ANGEL LISANDRO,ANSES,melisap666@hotmail.com
DNI 34784759,27347847599,34784759,AYALA BRAVO,MICAELA SOLEDAD,ANSES,MICA.S.A@LIVE.COM
DNI 34949565,20349495652,34949565,POMAR,NICOLAS EZEQUIEL,ANSES,NICO_190607@HOTMAIL.COM
DNI 21109646,27211096468,21109646,VARGAS,MARCELA FABIANA,ANSES,MARCELA79_79@GOTMAIL.ES
DNI 21109646,27211096468,21109646,VARGAS,MARCELA FABIANA,Cablevision,marcela79_@hotmail.es
DNI 28258406,27282584064,28258406,PALACIO,PATRICIA PAOLA,ANSES,patoppaz@hotmail.com
DNI 33222906,27332229066,33222906,CARRIZO,ALEJANDRA DEL VALLE,ANSES,ALE_2814_660@HOTMAIL.COM
DNI 36307941,27363079410,36307941,TRAZMONTA,VIVIANA DANIELA,ANSES,daniela.trazmonta@gmail.com
DNI 16000305,27160003052,16000305,PASTRANA,NORMA GRACIELA,ANSES,pastranag62@gmail.com
DNI 23548221,27235482210,23548221,DICIANO,ELIZABETH INES,ANSES,ivan_villagran@hotmail.com
DNI 28882168,27288821688,28882168,GONZALO,SUSANA LAURA,ANSES,lauracepi@hotmail.com
DNI 30526311,27305263112,30526311,GIMENEZ,MARIA ELOISA,Cablevision,milimicasan@hotmail.com
DNI 33411008,27334110082,33411008,FILARDI,JULIETA ALCIRA,ANSES,JULYETAFILARDI@GMAIL.COM
DNI 34946835,20349468353,34946835,SANCHEZ,DAVID FEDERICO,Cablevision,david_verizo90@hotmail.com
DNI 34946835,27349468358,34946835,,"SANCHEZ DAVID FEDERICO                                                                                                                                ",ANSES,davidfede1234@gmail.com
DNI 34946835,27349468358,34946835,,"SANCHEZ DAVID FEDERICO                                                                                                                                ",Cablevision,david_verizo90@hotmail.com
DNI 35987892,20359878924,35987892,MIRANDA BULNES,JONATHAN ENRIQUE,Cablevision,personal.ventas.sa@gmail.com
DNI 39713219,20397132197,39713219,LENCINA,LEANDRO JAVIER,ANSES,LEANDROJAVIERLENCINA@GMAIL.COM
DNIE94043775,27940437755,94043775,,FERNANDEZ ALDERETE ISAURA BELEN,ANSES,BELENF157@GMAIL.COM
DNI 17001380,27170013803,17001380,HEREDIA,NANCY LILIANA,ANSES,NANCYHEREDIA1378@GMAIL.COM
DNI 17001380,27170013803,17001380,HEREDIA,NANCY LILIANA,Cablevision,melischmidt1990@gmail.com
DNI 22826316,20228263169,22826316,VARGAS,JORGE ALBERTO,ANSES,JORVARGAS32@GMAIL.COM
DNI 25027540,20250275405,25027540,VAVA,GUSTAVO GASTON,ANSES,VAVAGASTON@HOTMAIL.COM
DNI 25027540,20250275405,25027540,VAVA,GUSTAVO GASTON,Cablevision,vazquezgarro@yahoo.com.ar
DNI 25027540,20250275405,25027540,VAVA,GUSTAVO GASTON,Cablevision,gastonvava@gmail.com
DNI 34253792,20342537929,34253792,TEMPRANO,HORACIO FACUNDO,ANSES,TEMPRANOFACUNDO@GMAIL.COM
DNI 40353599,20403535991,40353599,NARANJO,MARTIN IVAN,ANSES,nombre@hotmail.com
DNI 40868985,27408689851,40868985,DOMINGUEZ,ALEJANDRA,ANSES,Aledominguez09k@outlook.es
DNI 40868985,27408689851,40868985,DOMINGUEZ,ALEJANDRA,ANSES,ALE408DOMINGUEZ@GMAIL.COM
DNI 25901031,23259010314,25901031,QUIROGA,FABIANA ANDREA,ANSES,fabiana04@hotmail.com
DNI 31461267,27314612677,31461267,LAGRAÑA,LORENA BEATRIZ,Cablevision,lorebealagrana@hotmail.com
DNI 34779681,27347796811,34779681,VILLENA JARA,GABRIELA INES D,ANSES,gabi.villena@hotmail.com.ar
DNI 40479616,20404796160,40479616,NAVARRO,JUAN DOMINGO,ANSES,MAYRAGOMEZ40034@GMAIL.COM
DNI 42728275,27427282754,42728275,DELGADILLO,MICAELA AGOSTINA,ANSES,MICAELA_DELGADILLO@HOTMAIL.COM.AR
DNI 42728275,27427282754,42728275,DELGADILLO,MICAELA AGOSTINA,ANSES,delgadillomicaela1@gmail.com
DNI 20064244,27200642444,20064244,DEGIROLMO,LAURA MYRIAN,ANSES,LAURA-DEGI@HOTMAIL.COM
DNI 27076985,20270769854,27076985,MURUA,JOSE ROBERTO,ANSES,JOSESITOMURUA@GMAIL.COM
DNI 34622428,27346224288,34622428,FRANCISCHELLI,ALEJANDRA ANDREA,ANSES,alejandrafrancischelli24@gmail.com
DNI 35958115,20359581158,35958115,PALOMINO BARRERO,BRIAN EZEQUIEL,ANSES,BRIANEZEPB@GMAIL.COM
DNI 42304893,27423048935,42304893,PEDRAZA,FLAVIA ARACELI DE LAS MERCEDES,ANSES,flaviia_pedraza_15@hotmail.com
DNI 24473884,20244738843,24473884,GONZALEZ,DANIEL ARIEL,ANSES,NO_POSEE@4HOTMAIL.COM
DNI 24732366,20247323660,24732366,SCHMIDT,ENRIQUE SERGIO MARCELO,ProCreAr,SERGIO_SCHMIDT2001@HOTMAIL.COM
DNI 35122743,27351227430,35122743,BONIFACIO,MARIA SOLEDAD,ANSES,BONIFACIOSOLEDAD4@GMAIL.COM
DNI 35122743,27351227430,35122743,BONIFACIO,MARIA SOLEDAD,Cablevision,bonifaciosoledad99@gmail.com
DNI 35339326,20353393260,35339326,GALVAN ESCOBAR,JONATHAN LEANDRO DANIEL,ANSES,leo.delprado@hotmail.com
DNI 37206323,20372063239,37206323,CHAVEZ,FEDERICO,ANSES,FEDECHAVEZ692@GMAIL.COM
DNI 40596572,20405965721,40596572,ROJAS,BRIAN ANTONIO,ANSES,ROJASBRAYAN202@GMAIL.COM
DNI 16905443,27169054431,16905443,PEREZ,ADRIANA DEL VALLE,ANSES,ADRIREMISPEREZ@GMAIL.COM
DNI 18491649,20184916496,18491649,ROCHELLE,CARLOS EDGARDO CEFERINO,ANSES,carlosedg.rechelle@gmail.com
DNI 23166021,27231660211,23166021,DABROWSKI,MONICA RAQUEL,ANSES,caprirosa@hotmail.com
DNI 23241280,27232412807,23241280,RAMACCIONI,DANIELA EGLE,ANSES,dramaccioni@agroandinasa.com.ar
DNI 23241280,27232412807,23241280,RAMACCIONI,DANIELA EGLE,La Nación,ranielaramaccioni@hotmail.com
DNI 23469991,27234699917,23469991,GRAMAJO CASELLINI,MARIA,La Nación,mg100015@ncr.com
DNI 23469991,27234699917,23469991,GRAMAJO CASELLINI,MARIA,Cablevision,maria.gramajo@diageo.com
DNI 23469991,27234699917,23469991,GRAMAJO CASELLINI,MARIA,Cablevision,mary_gramajo@hotmail.com
DNI 28174560,20281745604,28174560,PRONESTI,CARLOS ALBERTO,ANSES,celelabebota@hotmail.com
DNI 28910396,20289103962,28910396,CARRASCO,MARIANO MARTIN RICARDO,ProCreAr,marianocarrasco00@hotmail.com
DNI 39481114,23394811149,39481114,ALONSO,RAUL RICARDO,ANSES,laurarossi@argentina.com
DNI 19069649,27190696494,19069649,CRISTALLINI SALINAS ANTONELLA LIZ,CRISTALLINI ANTONELLA LIZ,ANSES,AN.TO00@HOTMAIL.COM
DNI 22177356,20221773560,22177356,WEISS,MAXIMILIANO PABLO,Cablevision,andirizzo15@gmail.com
DNI 22177356,20221773560,22177356,WEISS,MAXIMILIANO PABLO,Cablevision,weissarbol@hotmail.com
DNI 22177356,20221773560,22177356,WEISS,MAXIMILIANO PABLO,Cablevision,weissmariano86@gmail.com
DNI 30572852,20305728528,30572852,SZURPIK,FERNANDO MARCELO ARIEL,ANSES,DETTLERLORELEY10@GMAIL.COM
DNI 31993992,20319939920,31993992,SANDOVAL,DIEGO JAVIER,ANSES,djkeko2323@gmail.com
DNI 34251872,23342518729,34251872,D'ALESSANDRO,HUGO ROGELIO,ANSES,HUGO238153@GMAIL.COM
DNI 34673147,27346731473,34673147,SILVA,KARINA NATALIA,ANSES,KARY_04125@HOTMAIL.COM
DNI 35313378,20353133781,35313378,LAGOS LOPEZ VICTOR MAXIMILIANO,LAGOS LOPEZ VICTOR MAXIMILIANO,ANSES,VIC.LOP.SMA@GMAIL.COM
DNI 36484027,20364840277,36484027,ANDINO,DAMIAN RAMON,ANSES,andinodamian25@gmail.com
DNI 37956394,27379563940,37956394,OTAROLA,MARIA ESTELA,ANSES,ESTELA_OTAROLA_2010@HOTMAIL.COM
DNI 45308265,27453082658,45308265,NAVARRO,ROCIO,ANSES,ROCIO23NAVARRO@GMAIL.COM
DNI 27030616,20270306161,27030616,FERREYRA,ELIO GABRIEL,ANSES,cyberstation474@hotmail.com
DNI 34285691,20342856919,34285691,FRANCO  CARRIZO ENRIQUE  LAUREANO,FRANCO CARRIZO ENRIQUE LAUREAN,ANSES,LAUREANOPISCES@GMAIL.COM
DNI 34511715,20345117157,34511715,NEQUI CESAR ROLANDO SEBASTIAN,NEQUI CESAR ROLANDO,Cablevision,sebastian_nequi@hotmail.com
DNI 39536125,20395361253,39536125,ALFARO PALAVECINO,FABRICIO NICOLAS,ANSES,fabriciopalavecino123@gmail.com
DNI 24490881,27244908816,24490881,BERGOGLIO,VANESA,ANSES,VANBER24@HOTMAIL.COM
DNI 21451211,20214512115,21451211,LOPEZ NARVAJA,GASTON JUAN SANTIAGO,La Nación,gaston35_l@yahoo.com.ar
DNI 21451211,20214512115,21451211,LOPEZ NARVAJA,GASTON JUAN SANTIAGO,Cablevision,gastonlopez2013@gmail.com
DNI 13272143,20132721433,13272143,FERREYRA,LUIS EDUARDO,Cablevision,norma.ibarravcp@hotmail.com
DNI 13272143,20132721433,13272143,FERREYRA,LUIS EDUARDO,Cablevision,eferreyra12@hotmail.com
DNI 39721509,20397215092,39721509,VALDEZ,FRANCO DAVID,ANSES,DOMIINGUEZJULIIETA25@GMAIL.COM
DNI 35939975,27359399753,35939975,GOMEZ,PAULA GISELA,ANSES,Gomez.pau87@hotmail.com
DNI 14628374,27146283743,14628374,BAEZ,HILDA GRACIELA,Cablevision,grabaez@live.com.ar
DNI 29042727,20290427275,29042727,FERNANDEZ,PABLO DANIEL,ANSES,inexi@hotmail.com
DNI 29042727,20290427275,29042727,FERNANDEZ,PABLO DANIEL,Cablevision,pablof081@hotmail.com
DNI 29042727,20290427275,29042727,FERNANDEZ,PABLO DANIEL,Cablevision,roferna25@hotmail.com
DNI 30261948,20302619485,30261948,CALIVA,CESAR HORACIO CARMELO,ANSES,ccaliva@autotag.com.ar
DNI 32936618,23329366189,32936618,GAJO,NICOLAS DANIEL,Cablevision,fobiapunk.ng@gmail.com
DNI 34415393,27344153936,34415393,AYALA,DEBORA BELEN,ProCreAr,ayala.debora@gmail.com
DNI 23124835,20231248359,23124835,ZILBERSZTEIN,DIEGO HERNAN,ANSES,diegozil@hotmail.com
DNI 16083628,27160836283,16083628,TABORDA,MONICA DEL VALLE,ANSES,NO@NO.COM
DNI 34522813,20345228137,34522813,CACERES,VICTOR HUGO,ANSES,vcaceres657@gmail.com
DNI 36644056,23366440569,36644056,PRONER,MARIANO,Cablevision,marianoproner32@gmail.com
DNI 13236589,20132365890,13236589,ARONNO,JUAN H,Cablevision,juanb707@gmail.com
DNI 33084378,27330843786,33084378,TOLEDO,NATALIA PAOLA GISELA,ANSES,natalia-toledo@outlook.com
DNI 32386318,27323863186,32386318,CASANO,MARIANA,ANSES,casanomariana@gmail.com
DNI 32386318,27323863186,32386318,CASANO,MARIANA,La Nación,marian_lospiojos@hotmail.com
DNI 34101862,20341018626,34101862,PINTO BRETTI,NICOLAS EZEQUIEL,ANSES,nicolas.pintobrett@gmail.com
DNI 35402797,20354027977,35402797,DEVANNA,MARTIN,ANSES,MARTINDEVANNA@HOTMAIL.COM
DNIE95171109,20951711099,95171109,HARRINGTON POLLAK CHRISTOPHER JAMES,,ANSES,christopher.harrington@nike.com
DNIE95171109,20951711099,95171109,HARRINGTON POLLAK CHRISTOPHER JAMES,,Cablevision,charringtonp@gmail.com
DNI 4703262,20047032629,4703262,LEDO,ROBERTO EVARISTO,ANSES,rledo@ibullrich.com
DNI 4703262,20047032629,4703262,LEDO,ROBERTO EVARISTO,Cablevision,fledo@ibullrich.com
DNI 4703262,27047032623,4703262,TELLO,OLGA ESTER,ANSES,VANINAMACRI7@GMAIL.COM
DNI 4703262,27047032623,4703262,TELLO,OLGA ESTER,Cablevision,fledo@ibullrich.com
DNIE93970056,20939700561,93970056,LEVANO,"ESPINOZA JOSE ENRIQUE       ",ANSES,JOSE.LEVANO23@GMAIL.COM
DNIE93970056,20939700561,93970056,LEVANO,"ESPINOZA JOSE ENRIQUE       ",La Nación,j_levano_22@hotmail.com
DNIE93970056,20939700561,93970056,LEVANO,"ESPINOZA JOSE ENRIQUE       ",Cablevision,pizzaking308@gmail.com
DNI 31401939,27314019399,31401939,ZABALA MARIA VICTORIA,"MARIA VICTORIA,ZABALA",ANSES,vicky_folklore@hotmail.com
DNI 31401939,27314019399,31401939,ZABALA MARIA VICTORIA,"MARIA VICTORIA,ZABALA",AAFF,vicky.folklore@hotmail.com
DNI 36723189,27367231896,36723189,LAZARTE,BELEN SOLEDAD,ANSES,Almibelen24@gmail.com
DNI 25370227,27253702279,25370227,CASTELLS CANTO,MARIA CECILIA,ANSES,castells.mcecilia@gmail.com
DNI 25370227,27253702279,25370227,CASTELLS CANTO,MARIA CECILIA,Cablevision,mariahcas@hotmail.com
DNI 29245867,20292458674,29245867,OVIEDO,DAMIAN OSCAR,ANSES,d.oviedo@hotmail.com.ar
DNI 30614200,27306142009,30614200,CAÑETE,MARIA DE LOS ANGELES,ANSES,maria_m_d_84@hotmail.com
DNI 33960548,27339605489,33960548,PAVONI,JUANA IRENE,ANSES,ivanapavony2018@gmail.com
DNI 29932893,20299328938,29932893,SANTA CRUZ,MARTIN ALEJANDRO,ANSES,CRUZSANTAMARTIN@HOTMAIL.COM
DNI 36916659,27369166595,36916659,MATIENZO,MELISA ALEJANDRA,ANSES,matienzomelisaalejandra@hotmail.com
DNI 30436280,23304362804,30436280,GONZALEZ,VALERIA NADIA,ANSES,Ventas.valeria@hotmail.com.ar
DNI 38588266,27385882667,38588266,ESPADA,MARIA LUCIA,ANSES,luciaespada@icloud.com
DNIE93260655,20932606551,93260655,ZAPATA,"ANGEL MATIAS       ",AUH,SINMAIL@SINMAIL.COM.AR
DNI 21991950,20219919507,21991950,SCALZONE,FABIO ANTONIO,La Nación,fabio.scalzone@gmail.com
DNI 21991950,20219919507,21991950,SCALZONE,FABIO ANTONIO,La Nación,fabio0402@hotmail.com
DNI 21991950,20219919507,21991950,SCALZONE,FABIO ANTONIO,La Nación,fscalzone@hotmail.com
DNI 21991950,20219919507,21991950,SCALZONE,FABIO ANTONIO,La Nación,fabio-scalzone@fibertel.com.ar
DNI 27328765,20273287656,27328765,PAVON,ADRIAN ALEJANDRO,ANSES,yanisa.adripa@hotmail.com
DNI 41101307,20411013074,41101307,AVALOS,JUAN SEBASTIAN,ANSES,puntocomcorreo@hotmail.com
DNI 25021605,20250216050,25021605,BOCCARDO,GABRIEL ANDRES,ProCreAr,gabrielboccardo1975@gmail.com
DNIE93418515,20934185154,93418515,FERNANDEZ,"FRANCISCO RAMON          ",ANSES,06.MARINA@GMAIL.COM
DNI 12137898,20121378982,12137898,GUDIÑO,EDUARDO,ANSES,elgudy@gmail.com
DNI 39730959,27397309598,39730959,GONZALEZ FERNANDEZ,PAULA DEL CARMEN,ANSES,PAUGONZALEZ330@GMAIL.COM
DNI 29230581,20292305819,29230581,GODOY,CRISTIAN SEBASTIAN,ANSES,GODOYCRISTIAN080@GMAIL.COM
DNI 29230581,20292305819,29230581,GODOY,CRISTIAN SEBASTIAN,AUH,crigodoy14@gmail.com
DNI 36062587,27360625872,36062587,BANCEROWSKI,SILVANA VANINA,ANSES,sil.bancerowski@hotmail.com
DNI 5387155,20053871551,5387155,ARRUA,ROBERTO OSCAR,Cablevision,elena-nieto1@hotmail.com
DNI 5387155,27053871556,5387155,ERDOCIAIN,SILVIA NOEMI,Cablevision,elena-nieto1@hotmail.com
RMS376636952732003,27226300207,22630020,ANDINO,PAULA ANDREA,ANSES,paulandino2001@yahoo.com.ar
RMS376636952732003,27226300207,22630020,ANDINO,PAULA ANDREA,Cablevision,paula.andino@gmail.com
RMS376637891182003,20263871643,26387164,CHIESA,MARIANO REYNALDO,ANSES,mr.chiesa@gmail.com
RMS379975986181002,23139238729,13923872,ROSALES,RUBEN HILARIO,Cablevision,rosruben@gmail.com
RMS379975986181002,27139238724,13923872,,"SUAREZ DE SILVIA MONICA                                                                                                                               ",Cablevision,rosruben@gmail.com
RMS379975047631003,27149587859,14958785,DAKESIAN,ROSA MARIA,Cablevision,rmd4029@hotmail.com
RMS379975047631003,27149587859,14958785,DAKESIAN,ROSA MARIA,Cablevision,rodakesian@hotmail.com
RMS379975047631003,27149587859,14958785,DAKESIAN,ROSA MARIA,Cablevision,rmd4029@hot.com
RMS379975047631003,27149587859,14958785,DAKESIAN,ROSA MARIA,Cablevision,estudioportilla@hotmail.com
RMS379975047631003,20149587854,14958785,ARTURO,KARGODORIAN,Cablevision,rmd4029@hotmail.com
RMS379975047631003,20149587854,14958785,ARTURO,KARGODORIAN,Cablevision,rodakesian@hotmail.com
RMS379975047631003,20149587854,14958785,ARTURO,KARGODORIAN,Cablevision,rmd4029@hot.com
RMS379975047631003,20149587854,14958785,ARTURO,KARGODORIAN,Cablevision,estudioportilla@hotmail.com
RMS376710877772004,20300945881,30094588,RODRIGUEZ MARTIN,MARTIN RODRIGUEZ,ANSES,MARTINRODRIGUEZ251@HOTMAIL.COM
RMS376416258942006,20179515483,17951548,BARRESI,ROBERTO DANIEL,ANSES,rbarresi@fullzero.com.ar
RMS376416258942006,20179515483,17951548,BARRESI,ROBERTO DANIEL,Cablevision,barresird@gmail.com
RMS376416258942006,20179515483,17951548,BARRESI,ROBERTO DANIEL,Cablevision,rdbarresi@yahoo.com.ar
RMS376636702321008,20225373761,22537376,CALDEZ,RUBEN ALBERTO,ANSES,rubencaldez@yahoo.com
RMS379975994611008,20219424095,21942409,OLIVIERI,CRISTIAN GABRIEL,Cablevision,oliviericristian@hotmail.com
RMS376639584193008,20136697855,13669785,TEVEZ,ALFREDO O,ANSES,alredoorlando33tevez@hotmail.com
RMS376687584731004,20082733567,8273356,CASCELLI,ALEJANDRO ALFREDO,ANSES,antequera_1284@hotmail.com
RMS376687584731004,20082733567,8273356,CASCELLI,ALEJANDRO ALFREDO,Cablevision,alexcascelli@hotmail.com
RMS376417385931003,20206944421,20694442,MEANA,MARCELO RICARDO,Cablevision,marce691970@hotmail.com
RMS376637071331008,20107442473,10744247,MIGONI,HECTOR DANIEL,ANSES,armandomigoni@hotmail.com
RMS376418364031005,23076121079,7612107,GOMEZ,OSVALDO RUBEN,ANSES,rgomezdaura@gmail.com
RMS376418364031005,23076121079,7612107,GOMEZ,OSVALDO RUBEN,Cablevision,rgomezdaura@hotmail.com
RMS376418146361001,20120807383,12080738,MONDELLA,RICARDO,Cablevision,mondellaricardo@gmail.com
RMS376418338361009,20107011901,10701190,GOMEZ,ABELINO,ANSES,MARITAMEDINA1951@GMAIL.COM
RMS376686649772003,23176064099,17606409,BALENA,RODOLFO EDUARDO,ANSES,BALENARODOLFO@GMAIL.COM
RMS376686649772003,23176064099,17606409,BALENA,RODOLFO EDUARDO,Cablevision,luca.m.balena@gmail.com
RMS376711464373008,20214285402,21428540,SMITARELLO,PABLO JOSE ANTONIO,ANSES,smitione@gmail.com
RMS376711464373008,20214285402,21428540,SMITARELLO,PABLO JOSE ANTONIO,Cablevision,cano_veronica@yahoo.com.ar
RMS376418692513005,27014499623,1449962,MESA,TRANSITO MARIA DEL CARMEN,ANSES,Silvia.galmes@hotmail.com
RMS376418692513005,27014499623,1449962,MESA,TRANSITO MARIA DEL CARMEN,Cablevision,hectorcguardia@hotmail.com
RMS376418692513005,20014499629,1449962,HECTOR,GUARDIA,Cablevision,hectorcguardia@hotmail.com
RMS376637623312001,20231780840,23178084,PEREZ,CARLOS IGNACIO,Cablevision,pela235@hotmail.com
RMS376637623312001,20231780840,23178084,PEREZ,CARLOS IGNACIO,Cablevision,blanca332433@hotmail.com
RMS376637623312001,20231780840,23178084,PEREZ,CARLOS IGNACIO,Cablevision,blanca3324@hotmail.com
RMS376688842322008,27210727375,21072737,SCHLIMOVICH,PAULA LORENA,ANSES,paulaschlimovich@yahoo.com.ar
RMS376688842322008,27210727375,21072737,SCHLIMOVICH,PAULA LORENA,La Nación,lore35ar@hotmail.com
RMS376418978952000,23232924829,23292482,HARTE,DIEGO,La Nación,dharte@lexmark.com
RMS376418978952000,23232924829,23292482,HARTE,DIEGO,Cablevision,diegotharte@gmail.com
RMS376418086076007,20144068867,14406886,ANDRES,SERGIO OSCAR,La Nación,sandres@lynxbursatil.com.ar
RMS376418086076007,20144068867,14406886,ANDRES,SERGIO OSCAR,Cablevision,libertador4020@gmail.com
RMS376418086076007,20144068867,14406886,ANDRES,SERGIO OSCAR,Cablevision,schiarini@bluefinancial.com.ar
RMS376638334192005,20260883292,26088329,ANDREOLI,FEDERICO SANTIAGO,La Nación,fandreoli@quebrachitosa.com.ar
RMS376638334192005,20260883292,26088329,ANDREOLI,FEDERICO SANTIAGO,Cablevision,andreolihnos@hotmail.com.ar
RMS376418652911009,20174256633,17425663,MACCARI,ELVIS HECTOR,Cablevision,elvis_maccari@yahoo.com.ar
RMS376710635791007,20308750079,30875007,SCHMIDT GARCES,LUIS SEBASTIAN,ANSES,SEBAS.SCH.RUN@GMAIL.COM
RMS376710635791007,20308750079,30875007,SCHMIDT GARCES,LUIS SEBASTIAN,Cablevision,luchydj@hotmail.com
RMS376686684302005,27099895271,9989527,DICARLO,DORA CRISTINA NIEVES,ANSES,dicarlodora@hotmail.com
RMS376686684302005,27099895271,9989527,DICARLO,DORA CRISTINA NIEVES,La Nación,dicarlodora@fibertel.com.ar
RMS376686684302005,24099895272,9989527,,"FERREYRA MARIA VICTORIA                                                                                                                               ",La Nación,dicarlodora@fibertel.com.ar
RMS376686684302005,24099895272,9989527,,"FERREYRA MARIA VICTORIA                                                                                                                               ",Cablevision,dicarlodora@hotmail.com
RMS376687298542002,20291934367,29193436,BAEZ,ADRIAN LEONARDO,Cablevision,adrianbegui@hotmail.com
RMS376635144344008,23148247439,14824743,BLANCO,MARCELO ALEJANDRO,Cablevision,mab@consultorablanco.com.ar
RMS379975249391000,20136353005,13635300,SANCHEZ,DANIEL HECTOR,ANSES,gracielaalmar7@hotmail.com
RMS379975249391000,20136353005,13635300,SANCHEZ,DANIEL HECTOR,La Nación,exgalgo@yahoo.com
DNI 22470255,20224702559,22470255,BAIELI,MAXIMILIANO GUILLERMO,Cablevision,baielim@hotmail.com
DNI 30035304,20300353046,30035304,SOSA,IGNACIO GERARDO,La Nación,sosa10@movi.com.ar
DNI 30035304,20300353046,30035304,SOSA,IGNACIO GERARDO,Cablevision,guadalupesaavedra@hotmail.com.ar
DNI 30035304,20300353046,30035304,SOSA,IGNACIO GERARDO,Cablevision,nachososa.unico@gmail.com
DNI 4646057,20046460570,4646057,BERETTA,NESTOR FERNANDO,ANSES,nberetta2000@yahoo.com.ar
DNI 4646057,27046460575,4646057,,"GONDOLO INES SABINA                                                                                                                                   ",La Nación,nberetta2000@yahoo.com.ar
DNI 95721384,20957213848,95721384,ROJAS ALVARENGA ELIOENAI JOSUE,ROJAS ALVARENGA  ELIOENAI JOSUE,ANSES,ELIO.ROJAS1017@GMAIL.COM
DNI 19065059,20190650597,19065059,ZAMORA GARCES JAMES,"ZAMORA GARCES, JAMES",ANSES,jzgm86@gmail.com
DNI 21052559,27210525594,21052559,PUZIO,ALEJANDRA CRISTINA,ANSES,alepuzio@hotmail.com
DNI 14942319,20149423193,14942319,ELIA,JUAN JOSE,ANSES,JUAN.J.ELIA@HOTMAIL.COM.AR
DNI 25115305,20251153052,25115305,CAGESSO,MAXIMILIANO MARTIN,ANSES,CMMCAGESSO@GMAIL.COM
DNI 26703946,27267039467,26703946,CURA,ANDREA VALERIA,ProCreAr,valeriacura78@gmail.com
DNI 26703946,27267039467,26703946,CURA,ANDREA VALERIA,Cablevision,fernandomonacchi2@hotmail.com
DNI 32327313,20323273139,32327313,VALDEZ,IVAN NAHUEL,ANSES,WAITIN_47@HOTMAIL.COM
DNI 11945637,27119456377,11945637,MINTEGUIA,MARIA LAURA,ANSES,marialaura@cofybcf.org.ar
DNI 14283196,20142831962,14283196,FANTIN,CARLOS ALBERTO,ANSES,carlosfantin61@hotmail.com
DNI 14689820,20146898204,14689820,CID,RUBEN DARIO,ANSES,pabloapardo@yahoo.com.ar
DNI 29251917,20292519177,29251917,MARTINEZ IBAÑEZ,JUAN ORLANDO,ANSES,juan_rc_6@hotmail.com
DNI 28839174,27288391748,28839174,FERNANDEZ,OLGA VERONICA,ANSES,nono@nono.com
DNI 31048100,27310481004,31048100,ANDRADA,VERONICA RAMONA,ANSES,inexist@hotmail.com
DNI 39447560,27394475608,39447560,APRILE,BARBARA,ANSES,barbi_aprile@hotmail.com
DNI 39447560,27394475608,39447560,APRILE,BARBARA,Cablevision,aprilecamila@gmail.com
DNI 13923097,20139230974,13923097,GONZALEZ,NORBERTO MARIO,ANSES,norbertfuego@hotmail.com
DNI 21455180,27214551808,21455180,CABRERA,PATRICIA SILVANA,ANSES,p-atoo@hotmail.com
DNI 21455180,27214551808,21455180,CABRERA,PATRICIA SILVANA,Cablevision,p_atoo@hotmail.com
DNI 95962538,27959625382,95962538,ALVES SALAZAR GUEDES ELIANA,SALAZAR GUEDES ELIANA ALVES,ANSES,ELIANAASALAZAR1@GMAIL.COM
DNI 18337332,20183373324,18337332,KLOSTER,CARLOS ALBERTO,ANSES,cakloster@hotmail.com
DNI 18337332,20183373324,18337332,KLOSTER,CARLOS ALBERTO,Cablevision,sakloster@hotmail.com
DNI 30408049,20304080494,30408049,OJEDA,CARLOS FAUSTINO,ANSES,charlyojeda22@hotmail.com
DNI 33626647,27336266470,33626647,MOLINAS,ELIANA MABEL,ANSES,ricardovilloldo_31@hotmail.com
DNI 36795098,27367950981,36795098,CAULA KOFMANAS,DANIELA DESIREE,Cablevision,danicaula@gmail.com
DNI 14884167,20148841676,14884167,GUEDES,NESTOR FABIAN,ANSES,guedesfn@yahoo.com.ar
DNI 17395374,20173953748,17395374,SEVERO,PEDRO,ANSES,friedldp@gmail.com
DNI 22641531,23226415319,22641531,OJEDA,MIGUEL ANGEL,ANSES,NOPOS@HOTMAIL.COM
DNI 24679777,27246797779,24679777,FARELA,IRENE NOELI,Cablevision,noelifare@gmail.com
DNI 34922244,27349222448,34922244,STRANGIS,MELANIE VIVIANA,ANSES,S_melanie01@hotmail.com
DNI 35081537,27350815371,35081537,GRAVE,MARIA ALEJANDRA,ANSES,ALE_GRAVE@HOTMAIL.COM
DNI 4549793,20045497934,4549793,SPIEGEL,LUIS ALBERTO,ANSES,durcas@gmail.com
DNI 4549793,20045497934,4549793,SPIEGEL,LUIS ALBERTO,La Nación,durcas@hotmail.com
DNI 4549793,20045497934,4549793,SPIEGEL,LUIS ALBERTO,Cablevision,germanspiegel@gmail.com
DNI 4549793,27045497939,4549793,FERRARI,TERESA LUCILA,ANSES,TERESITALUCILA@HOTMAIL.COM.AR
DNI 4549793,27045497939,4549793,FERRARI,TERESA LUCILA,La Nación,durcas@hotmail.com
DNI 4549793,27045497939,4549793,FERRARI,TERESA LUCILA,Cablevision,durcas@gmail.com
DNI 4549793,27045497939,4549793,FERRARI,TERESA LUCILA,Cablevision,germanspiegel@gmail.com
DNI 18095686,20180956868,18095686,MIGUEL,RAUL,ANSES,PENELOPE2SAMANTAFRANK@GMAIL.COM
DNI 20024938,27200249386,20024938,SCHNEIDER,ROXANA KARINA,ANSES,DORYSRK@YAHOO.COM.AR
DNI 30073579,20300735798,30073579,CORREA JUAN PABLO JOSE,"CORREA, JUAN PABLO JOSE",Cablevision,juanchi_correa@hotmail.com
DNI 30073579,20300735798,30073579,CORREA JUAN PABLO JOSE,"CORREA, JUAN PABLO JOSE",Cablevision,juanp.correa@telefonica.com
DNI 32825305,23328253054,32825305,MENDOZA,MARIA LUCIA,ANSES,luciamagali1987@gmail.com
DNI 33786678,27337866781,33786678,BAEZ,YESICA VANESA,ANSES,yesicabaez_88@hotmail.com
DNI 34596390,27345963907,34596390,PEREZ DELGADO,CAROLINA ANDREA,ANSES,CAROLINAYORKE26@GMAIL.COM
DNI 28562143,20285621438,28562143,ARGENTIERI,FEDERICO CARLOS,Cablevision,c_ballerini@hotmail.com
DNI 28562143,20285621438,28562143,ARGENTIERI,FEDERICO CARLOS,Cablevision,f_argentieri@hotmail.com
DNI 28562143,20285621438,28562143,ARGENTIERI,FEDERICO CARLOS,Cablevision,s_argentieri@hotmail.com
DNI 28778851,27287788512,28778851,VARGAS ESPINOZA,NOELIA MAGALI,ANSES,magalivargas868@gmail.com
DNI 32087744,27320877445,32087744,ALMIRON,JESICA LORENA,ANSES,yaninaealmiron@gmail.com
DNI 41812867,20418128675,41812867,ARIAS,JUAN RAMON,ANSES,ariasjuanramon40@gmail.com
DNI 12859463,23128594639,12859463,CLERICI,JORGE ANTONIO,Cablevision,celeste.viviendasmontreal@gmail.com
DNI 31770857,20317708573,31770857,PAZ,HECTOR ROLANDO,ANSES,TELECENTROLEO@HOTMAIL.COM
DNI 32212706,27322127060,32212706,BENAVIDEZ,JESSICA ESTEFANIA,Cablevision,jessicabena@gmail.com
DNI 32212706,27322127060,32212706,BENAVIDEZ,JESSICA ESTEFANIA,Cablevision,jessy_teti@hotmail.com
DNI 21645785,20216457855,21645785,GOJMAN,LUIS DANIEL,ANSES,ldg4670@hotmail.com
DNI 33196848,20331968480,33196848,CEBALLOS,MAXIMILIANO FABIAN,ANSES,mc_acade@hotmail.com
DNI 4632586,23046325869,4632586,BELIZAN,MARIO,ANSES,belizanmartabeatriz@yahoo.com.ar
DNI 4632586,23046325869,4632586,BELIZAN,MARIO,Cablevision,electromecanica1812@hotmail.com
DNI 4632586,27046325864,4632586,PERALTA,ANGELINA HORTENSIA,ANSES,dra_adrianaperalta@yahoo.com.ar
DNI 4632586,27046325864,4632586,PERALTA,ANGELINA HORTENSIA,Cablevision,electromecanica1812@hotmail.com
DNI 11224676,27112246768,11224676,CHARA,NORMA ISABEL,ANSES,yesiaiglesias40@gmail.com
DNI 17435574,27174355741,17435574,FARRAPEIRA,CLAUDIA MIRIAM,ANSES,farrapeira@yahoo.com.ar
DNI 18144326,27181443265,18144326,DIAZ,ALICIA MARIA,ANSES,alicalu3@hotmail.com
DNI 24313513,20243135134,24313513,BOSSO,DANIEL HERNAN,ANSES,danny77san@hotmail.com
DNI 24313513,20243135134,24313513,BOSSO,DANIEL HERNAN,La Nación,dbosso@lineasfeeder.com.ar
DNI 24313513,20243135134,24313513,BOSSO,DANIEL HERNAN,Cablevision,lstacul@yahoo.com.ar
DNI 33197287,20331972879,33197287,ORELLANA,ELIAS ROBERTO,ANSES,orellanaelias1978@gmail.com
DNI 34447207,27344472071,34447207,MELONI,CARLA FLORENCIA,ANSES,carlafmeloni@gmail.com
DNI 18812441,20188124411,18812441,LA FUENTE MELGAR,JOSE LUIS,Cablevision,joseluislafuente65@hotmail.com
DNI 19024531,20190245315,19024531,ESCURA KRAUER ELIAS MANUEL,ESCURRA KRAUER ELIAS MANUEL,ANSES,MANU_ELIAS_KPO@LIVE.COM.AR
DNI 22445165,20224451653,22445165,LUCERO,WALTER FABIAN,ANSES,fabianlucero71@gmail.com
DNI 22445165,20224451653,22445165,LUCERO,WALTER FABIAN,La Nación,lali@arnet.com.ar
DNI 32597562,27325975623,32597562,QUIROZ,CLAUDIA NOEMI,ANSES,claudyquiroz@gmail.com
DNI 95501274,27955012742,95501274,Barros Leite Reis Lo,Nayara,Cablevision,nayara_lorranyreis@hotmail.com
DNI 95644512,20956445125,95644512,FEO MARCHAN CARLOS JOSE,"FEO MARCHAN, CARLOS JOSE",Cablevision,carlosfeo89@gmail.com
DNI 33504670,27335046701,33504670,NAVARRETE,MELISA YASMIN,ANSES,melisa.navarrete@Outlook.com
DNI 33504670,27335046701,33504670,NAVARRETE,MELISA YASMIN,Cablevision,melisanavarrete19886@gmail.com
DNI 94607689,27946076894,94607689,DITA ALVAREZ ALBENYS ESTER,,ANSES,albenys.ditta1204@hotmail.com
DNI 12349466,20123494661,12349466,GUTIERREZ,ALFREDO FRANCISCO,Cablevision,alfre.guti@hotmail.com
DNI 14280637,20142806372,14280637,CONDON,GERARDO ENRIQUE,Cablevision,vdavanzi@hotmail.com
DNI 14280637,20142806372,14280637,CONDON,GERARDO ENRIQUE,Cablevision,vdavanzi@yahoo.com.ar
DNI 21316497,20213164970,21316497,BUSTILLOS,ABEL,La Nación,abelbustillos@hotmail.com
DNI 39554190,20395541901,39554190,DI RISIO,BRAIAN URIEL,ANSES,ELFABUD@GMAIL.COM
DNI 12906416,20129064162,12906416,DE FELIPPIS,MARCOS EDUARDO A,La Nación,marcos_irlandes@hotmail.com
DNI 14915931,27149159318,14915931,FERNANDEZ,MIRIAM SUSANA,ANSES,Mirianfernandez2013@gmail.com
DNI 14915931,27149159318,14915931,FERNANDEZ,MIRIAM SUSANA,Cablevision,armipol2@gmail.com
DNI 14915931,27149159318,14915931,FERNANDEZ,MIRIAM SUSANA,Cablevision,micaelapereyra00@hotmail.com
DNI 27640676,27276406766,27640676,VEGA,LORENA JOSEFINA,Cablevision,loreleyvega.ljv@gmail.com
DNI 29524266,20295242664,29524266,NAVARRO,SEBASTIAN CESAR,Cablevision,natbianco31@gmail.com
DNI 34793071,20347930718,34793071,FRADE,MATIAS FABIAN,ANSES,matifrade1@gmail.com
DNI 3697332,20036973324,3697332,SERRANO,ZENON,Cablevision,patoveraocampo@fibertel.com.ar
DNI 3697332,27036973329,3697332,MIGUENS,AURELIA MARIA TERESA,Cablevision,patoveraocampo@fibertel.com.ar
DNI 37688787,27376887877,37688787,KLEMAN,DALMA ROCIO,ANSES,rociokleman42@gmail.com
DNI 29337966,20293379662,29337966,NAVARRO,CESAR GUSTAVO,ANSES,CESARN_DESALTA@HOTMAIL.COM
DNI 94026410,20940264104,94026410,COPA,"MAMANI RAUL OSCAR     ",ANSES,RAULOSCARCOPA@GMAIL.COM
DNI 18875210,20188752102,18875210,MIRANDA DIAZ ANGEL ANTONIO,MIRANDA DIAZ ANGEL ANTONIO,ANSES,SAROSKY_OVELAR06@HOTMAIL.COM
DNI 21350446,27213504466,21350446,DIAZ,SILVIA ELENA,Cablevision,ramonhoraciogerez@live.com.ar
DNI 32737653,20327376536,32737653,LALANDE,MARTIN ALEJANDRO,ANSES,MARTINLALANDE17@HOTMAIL.COM
DNI 36566708,20365667080,36566708,RAMOS,ALEJANDRO JESUS SEBASTIAN,ANSES,naii.ara@hotmail.com
DNI 23801874,23238018749,23801874,RIQUELME,ENRIQUE OCTAVIO,ANSES,enriqueoctavioriquelme@yahoo.com
DNI 27258595,20272585955,27258595,DOMINGUEZ,RICARDO OMAR,ANSES,omar_77@live.com.ar
DNI 27258595,20272585955,27258595,DOMINGUEZ,RICARDO OMAR,La Nación,skullpirats@hotmail.com
DNI 35822685,20358226850,35822685,SINGH,ALFREDO EDUARDO,ANSES,alfredo_singh_1@hotmail.com
DNI 17024001,23170240014,17024001,VELAZQUEZ,MONICA BEATRIZ,ANSES,reina-moni@hotmail.com
DNI 20014848,20200148488,20014848,PIÑEIRO,GABRIEL GUSTAVO,Cablevision,gabogalle@hotmail.com
DNI 32480322,27324803225,32480322,SANDOVAL,ALEJANDRA BEATRIZ,ANSES,SANDOVALALEJANDRAB@GMAIL.COM
DNI 32480322,27324803225,32480322,SANDOVAL,ALEJANDRA BEATRIZ,La Nación,als.5@hotmail.com
DNI 36161073,27361610739,36161073,FERREIRA,JOHANNA GABRIELA,ANSES,johannaferreira@hotmail.com.ar
DNI 36161073,27361610739,36161073,FERREIRA,JOHANNA GABRIELA,Cablevision,yohanaferreira@hotmail.com.ar
DNI 16733709,27167337096,16733709,ORTIZ,MARCELA FERNANDA,La Nación,alcides_cam5@hotmail.com
DNI 23413140,27234131406,23413140,GELVEZ,ALICIA BEATRIZ,ANSES,alilubjd10s@gmail.com
DNI 35762512,20357625123,35762512,BOGADO,CRISTIAN ARIEL,ANSES,Lopezyesicaelizabeth4@gmail.com
DNI 35762512,20357625123,35762512,BOGADO,CRISTIAN ARIEL,ANSES,bogado.cristian991@gmail.com
DNI 8413816,23084138169,8413816,PLAZA,HECTOR SEGUNDO,ANSES,beatrizgonzw52@gmail.co
DNI 8413816,23084138169,8413816,PLAZA,HECTOR SEGUNDO,Cablevision,beatriz.050.b.g@hotmail.com
DNI 18217140,27182171404,18217140,BERTHOLAGA,CLAUDIA MARCELA,Cablevision,culturapavon@gmail.com
DNI 18217140,27182171404,18217140,BERTHOLAGA,CLAUDIA MARCELA,Cablevision,comunadepavon@hotmail.com
DNI 33667349,20336673497,33667349,YABEN JOSE MARIA,"YABEN, JOSE MARIA",ANSES,JOSEYABEN@HOTMAIL.COM
DNI 35460090,27354600906,35460090,MERCADO,FLORENCIA MAGALI,ANSES,morenamercado12@gmail.com
DNI 12445355,20124453551,12445355,BELEN,JUAN ANGEL,ANSES,MAIA.DANIELA.SALTO@GMAIL.COM
DNI 29485702,20294857029,29485702,RAMIREZ,DIEGO MARTIN,ANSES,aaaa@mail.com
DNI 29570194,20295701944,29570194,CAMBERA Y SANCHEZ VALLE,MARIANO RODRIGO,Cablevision,mariano.cambera@osde.com.ar
DNI 4239282,27042392826,4239282,MARTIN,MARIA LUCIA GLORIA,ANSES,pal76@hotmail.com
DNI 12113891,20121138914,12113891,SEBASTIANELLI,HUGO CARLOS,ANSES,HUGOSEBASTIANELLI@HOTMAIL.COM
DNI 22361146,20223611460,22361146,DE FEO,FERNANDO DIEGO,ANSES,FDEFEO@HOTMAIL.COM
DNI 27049875,20270498753,27049875,DIAZ,JUAN MANUEL,ANSES,marinalmilanesi@gmail.com
DNI 29435625,27294356253,29435625,LOPEZ GOTTA,NANCY YANINA,ANSES,zahira136@gmail.com
DNI 34517499,27345174996,34517499,GARCIA COCHERARI,YAMILA VERONICA,Cablevision,yamivalu@hotmail.com.ar
DNI 34517499,27345174996,34517499,GARCIA COCHERARI,YAMILA VERONICA,Cablevision,hardsur@hotmail.com
DNI 11759232,23117592324,11759232,DALMAU,MIRTA BEATRIZ,ANSES,ingadalmau@yahoo.com.ar
DNI 20633606,20206336065,20633606,ALVES,HECTOR DARIO,ANSES,DARIOALVES2107@HOTMAIL.COM
DNI 26128221,27261282211,26128221,DELGADO,GLORIA ADRIANA,ANSES,glori2611@yahoo.com.ar
DNI 34671677,20346716771,34671677,ROSSO,EDGARDO FRANCISCO,ANSES,chimi7749@gmail.com
DNI 23568492,20235684927,23568492,DJANSEZIAN,SANTIAGO MARCELO,Cablevision,sakatodo@hotmail.com
DNI 6016114,20060161144,6016114,DEL GRECO,OVIDIO JOSE,ANSES,estudiojuridico_previsional@yahoo.com.ar
DNI 13773037,27137730370,13773037,BARRIOS,EDIT ISABEL,Cablevision,editisabel@yahoo.com.ar
DNI 18847038,20188470387,18847038,EUSTAQUIO LOPEZ,SEGUNDO JUAN,Cablevision,benavalu@hotmail.com
DNI 18847038,20188470387,18847038,EUSTAQUIO LOPEZ,SEGUNDO JUAN,Cablevision,lian_cox@hotmail.com
DNI 23676601,27236766018,23676601,RONDINA,MARIA LAURA,ANSES,rondinalaura@yahoo.com.ar
DNI 26236843,20262368433,26236843,FLORES,EDUARDO SEBASTIAN,ANSES,eduardo.flores@aconcaguasrl.com.ar
DNI 34394749,27343947491,34394749,DALOQUIO HERRERA,SABRINA,ANSES,sabridh89@hotmail.com
DNI 11038104,27110381048,11038104,RODRIGUEZ,MARIA AMPARO,ANSES,ESTUDIOMEBARBERO@GMAIL.COM
DNI 17072136,27170721360,17072136,PAZ,RAMONA LUCIA,Cablevision,luciapaz893@gmail.com
DNI 17072136,27170721360,17072136,PAZ,RAMONA LUCIA,Cablevision,andres_15xx@yahoo.com.ar
DNI 21960935,20219609354,21960935,VARELA,CRISTIAN ANDRES,Cablevision,cristianvarela71@gmail.com
DNI 24959243,27249592434,24959243,MARTINEZ,MARIA LAURA,Cablevision,martinezlaura463@gmail.com
DNI 37246346,27372463460,37246346,MONTERO,JAZMIN SOL,Cablevision,jazminsol.m@gmail.com
DNI 11167229,27111672291,11167229,BLANCO,GRACIELA ZULEMA,ANSES,ELIASTORRES448@GMAIL.COM
DNI 11411352,20114113523,11411352,CASALE,OSCAR ANIBAL,ANSES,FER_MARINHO22@HOTMAIL.COM
DNI 11411352,20114113523,11411352,CASALE,OSCAR ANIBAL,Cablevision,lalilanus@yahoo.com.ar
DNI 27156682,23271566824,27156682,STAGNARO,YISEL EDITH,ANSES,yiselstagnaro@live.com.ar
DNI 29477310,27294773105,29477310,BONALDI,PAULA SOLEDAD,ANSES,aguspaulita@hotmail.com
DNI 35242765,23352427659,35242765,CASTILLO PATRICIO LUCIANO,"CASTILLO, PATRICIO LUCIANO",ANSES,lu.livolsi@hotmail.com
DNI 38348139,27383481398,38348139,HERNANDEZ JARMA,ERIKA JANNINA,ProCreAr,ERIKA_MAIA1994@HOTMAIL.COM
DNI 38348139,27383481398,38348139,HERNANDEZ JARMA,ERIKA JANNINA,AUH,ERIKA.MAIA1994@HOTMAIL.COM
DNI 7771455,20077714554,7771455,BULIT,JOSE MARCELO,ANSES,lmbulit@hotmail.com
DNI 92486610,20924866102,92486610,CALABRESI,"GUALTIERO          ",Cablevision,sandra@scbrazil.com
DNI 11887069,27118870692,11887069,AVALOS MOSQUEDA GLORIA CONCEPCION,AVALOS MOSQUEDA GLORIA CONCEPCION,Cablevision,gloriamosqueda@live.com.ar
DNI 18459041,27184590412,18459041,ETCHEVEST,CLAUDIA ALEJANDRA,ANSES,CLAUDIAETCHEVEST@GMAIL.COM
DNI 34725896,27347258968,34725896,TARCAYA,YESICA ROMINA ANAHI,ANSES,cachorrac@yahoo.com
DNI 94487261,20944872613,94487261,VIVEROS,"RIOS JORGE ARMANDO        ",ANSES,farlentejada1982@gmail.com
DNI 94487261,20944872613,94487261,VIVEROS,"RIOS JORGE ARMANDO        ",ANSES,MANI8221@LIVE.COM
DNI 18153350,20181533502,18153350,SBRASCINI,CARLOS ANTONIO,ANSES,csbrascini@wiener-lab.com.ar
DNI 35868213,20358682139,35868213,CINELLI,ROBERTO IRINEO,ANSES,maive_93_armo@hotmail.com
DNI 35868213,20358682139,35868213,CINELLI,ROBERTO IRINEO,Cablevision,robertocinelli2018@hotmail.com
DNI 39383165,27393831656,39383165,TOLEDO,PAULA CELESTE,ANSES,TOMBA.PAULA@HOTMAIL.COM
DNI 14887264,27148872649,14887264,MUÑOZ,ESTER ZUNILDA,Cablevision,zuninunoz@hotmail.com
DNI 14887264,27148872649,14887264,MUÑOZ,ESTER ZUNILDA,Cablevision,zunymunoz@hotmail.com
DNI 24100554,20241005543,24100554,DELFUER,ROLANDO DARIO,ANSES,kareenmicaeela@hotmail.com.ar
DNI 22781995,20227819953,22781995,RIQUELME,MIGUEL ANGEL,ANSES,Riquelme-miguel@hotmail.com
DNI 25247705,20252477056,25247705,BLUMENFELD,MARIANO,ANSES,Mariano.blumenfeld@gmail.com
DNI 25247705,20252477056,25247705,BLUMENFELD,MARIANO,La Nación,mb@arnet.com.ar
DNI 25247705,20252477056,25247705,BLUMENFELD,MARIANO,La Nación,mblumenfeld@argentina.com
DNI 25247705,20252477056,25247705,BLUMENFELD,MARIANO,La Nación,mblumenfeld@ca-ro-la.com.ar
DNI 27112611,27271126110,27112611,FRANCO,NORMA BEATRIZ,ANSES,NORMI1978@HOTMAIL.COM
DNI 34365260,20343652608,34365260,LEYES,JONATAN EMMANUEL,ANSES,Jonatan1leyes@gmail.com
