﻿IdExterno,Documento,CUIL,Apellido,Nombre,RazonSocial
DNI 25599714,25599714,27255997144,,MUNOZ AZUCENA DEL CARMEN,
DNI 26549154,26549154,20265491546,,SAMIENTA NAZARENO NICOLAS,
DNI 31693201,31693201,27316932016,,PANIAGUA ADRIANA RAQUEL,
DNI 40005652,40005652,27400056523,,PEREYRA FLORENCIA AGUSTINA,
DNIE95944575,95944575,27959445759,,VILLALOBOS MAYERLING,
DNIE96064355,96064355,27960643556,,VALADAO DOS SANTOS JURACY,
DNI 12432903,12432903,20124329036,,KOVAC DANIEL OMAR,
DNI 17520001,17520001,20175200011,,CERFOGLIO ALBERTO DANIEL,
DNI 20769105,20769105,23207691054,,SOSA GRACIELA,
DNI 24758853,24758853,20247588532,,GARCIA PABLO EZEQUIEL,
DNI 25166302,25166302,20251663026,,MERA AVILA CARLOS NAHUEL,
DNI 26336241,26336241,20263362412,,PAREDES FEDERICO,
DNI 28774236,28774236,20287742364,,NUNEZ MUNOZ LUCAS SEBASTIAN,
DNI 37161825,37161825,20371618253,,PAOLINO ERIC,
DNIE95925857,95925857,27959258576,,MELO CINTRA CAROLINE,
DNI 12113446,12113446,20121134463,,MACHINANDIARENA JOSE ALBERTO,
DNI 12113446,12113446,27121134468,,MACHINANDIARENA JOSE ALBERTO,
DNI 12209284,12209284,23122092844,,ROBLE MARIA ANA,
DNI 13598713,13598713,20135987132,,AGUIRRE JOSE BENITO,
DNI 14074550,14074550,20140745503,,AVILA CARLOS ALFREDO,
DNI 19018287,19018287,27190182873,,CARRION ROSA FRANCIA,
DNI 21044897,21044897,20210448978,,RODONE JOSE LUIS,
DNI 24228430,24228430,20242284306,,SINGH CLAUDIO MARTIN,
DNI 28802926,28802926,27288029267,,RODRIGUEZ CAROLINA BEATRIZ,
DNI 29376500,29376500,20293765007,,RODRIGUEZ JUAN ARNALDO,
DNI 34908844,34908844,20349088445,,ASPITIAL LEAL LUCAS EZEQUIEL,
DNI 37753658,37753658,20377536585,,CABALLERO DAMIAN,
DNI 40215694,40215694,27402156940,,FERNANDEZ ANTONELLA DENISE,
DNI 41430833,41430833,27414308339,,AVILA BRISA,
DNI 31494669,31494669,20314946694,,MOYANO SEBASTIAN ALBERTO,
DNI 38405488,38405488,23384054889,,BOTARDA ELIAS,
DNI 11181223,11181223,27111812239,,CARRIZO IRMA ANTONIA,
DNI 12258552,12258552,20122585523,,FLORES MIGUEL ANGEL,
DNI 32268722,32268722,20322687223,,BENITEZ LUCIANO EZEQUIE,
DNI 33136175,33136175,27331361750,,ESPIN JESICA,
DNI 39768152,39768152,27397681527,,DOMINGUEZ LUDMILA MARIQUENA,
DNI 11209893,11209893,20112098934,,BINCI GUILLERMO HECTOR,
DNI 30403385,30403385,27304033857,,LAINO MICAELA ANALIA,
DNI 33471408,33471408,27334714085,,RIOS SONIA MARISELA,
DNI 33935764,33935764,20339357642,,HEGOBURO MAURICIO EZEQUI,
DNI 35352345,35352345,20353523458,,BARRIONUEVO NAHUEL OSVALDO,
DNI 35352345,35352345,24353523453,,BARRIONUEVO NAHUEL OSVALDO,
DNI 16735359,16735359,20167353593,,SALAS GUSTAVO,
DNI 24891240,24891240,20248912406,,FERREYRA ALEJANDRO DANIEL,
DNI 31301744,31301744,20313017444,,CUERVO HERNAN DARIO,
DNI 36120267,36120267,20361202679,,AGUILERA ALAN NATANAEL,
DNI 36215685,36215685,27362156853,,BURELLI DAIANA STEFANIA,
DNI 38176141,38176141,20381761410,,AMBROSIO MAXIMILIANO ALEXANDE,
DNI 39962337,39962337,20399623376,,MACHADO GONZALO NAHUEL,
DNI 47100621,47100621,20471006212,,SALAZAR DIEGO GABRIEL,
DNIE92580068,92580068,27925800681,,CARDOZO MARTINEZ FLORA RAQUEL,
DNI 28591060,28591060,23285910609,,DANUZZO JOSE MAXIMILIANO,
DNI 32997695,32997695,20329976956,,NUNES JUAN PABLO,
DNI 36490269,36490269,27364902692,,RIVERA MARIA FLORENCIA,
DNI 41147665,41147665,20411476651,,LOPEZ RODRIGO MATIAS,
DNI 10423093,10423093,20104230939,,ARTACHO ANTONIO ERNESTO,
DNI 13174757,13174757,20131747579,,SABETTA JUAN VICTOR,
DNI 25977262,25977262,20259772622,,CARRIZO OSCAR ALEJANDRO,
DNI 32189539,32189539,20321895396,,CARRACEDO MATIAS GABRIEL,
DNI 32685639,32685639,27326856393,,PEDRAZA LUCRECIA MARIA JOSE,
DNI 34058321,34058321,20340583214,,IBARGUREN SANTIAGO,
DNI 34378079,34378079,20343780797,,PEREZ JUAN PABLO,
DNI 34523746,34523746,20345237462,,PERALTA RICARDO ALBERTO,
DNI 34523746,34523746,27345237467,,PERALTA RICARDO ALBERTO,
DNI 34748417,34748417,20347484173,,SILVA EZEQUIEL DAMIAN,
DNI 34748417,34748417,27347484178,,SILVA EZEQUIEL DAMIAN,
DNI 36514379,36514379,20365143790,,MATURANO MICHAEL MARCEL,
DNI 37458852,37458852,23374588524,,ARIAS ALEJANDRA PURISIMA,
DNI 41141450,41141450,20411414508,,ERREGUERENA MARCELO ALEXANDER,
DNI 42040773,42040773,23420407734,,PAEZ SABRINA BELEN,
DNIE95638248,95638248,20956382484,,REYES DAVIOT ANDRES ALFREDO,
DNIE95905820,95905820,27959058208,,MATHEUS ALTOE ANA AMELIA,
DNI 28065046,28065046,20280650464,,FERNANDEZ LUIS RODRIGO,
DNI 34248063,34248063,27342480638,,MAIDANA ESTEFANIA SOLEDAD,
DNI 36950582,36950582,20369505824,,ONA GUSTAVO DANIEL,
DNI 37214687,37214687,20372146878,,PACHECO MARCELO ZENON,
DNI 27042610,27042610,20270426108,,ROBLE MARCELO  DOMINGO,
DNI 35026271,35026271,27350262712,,CAJAL SOLEDAD,
DNI 36500663,36500663,20365006637,,CORONEL CARLOS EMMANUEL,
DNI 38997634,38997634,20389976343,,CELINA RAMIREZ SOSA JUAN MANUE,
DNI 40410183,40410183,27404101833,,PECETO EDITH ANABEL,
DNI 40410183,40410183,20404101839,,PECETO EDITH ANABEL,
DNIE94056787,94056787,23940567874,,TRILLO SOLANO MARIA VERONICA,
DNIE94056787,94056787,20940567875,,TRILLO SOLANO MARIA VERONICA,
DNIE95316306,95316306,20953163064,,MOLLINEDO CHOQUE MARCOS ABEL,
DNI 20536221,20536221,20205362216,,BREST VICTOR CARLOS,
DNI 21848418,21848418,27218484188,,FLEITAS LILIANA ISABEL,
DNI 25058102,25058102,27250581020,,CASTA O CAROLINA TERESA,
DNI 31062650,31062650,27310626509,,TABORDA GABRIELA ANDREA,
DNI 35631849,35631849,27356318493,,VACCARILLI ORNELA CELESTE,
DNI 17345419,17345419,20173454199,,GOMEZ ISIDORO,
DNI 17652545,17652545,20176525453,,RAMIREZ RAMON CESAR,
DNI 22177267,22177267,27221772674,,TUBIAS ANDREA KARINA,
DNI 32680284,32680284,20326802841,,RIVERO MAURICIO MARCOS,
DNI 34124882,34124882,20341248826,,MENDEZ BRAIAN,
DNI 37041459,37041459,23370414599,,NORIEGA SURBANO MATIAS EMANUEL,
DNI 14353234,14353234,20143532349,,RACEDO RAMON REYES,
DNI 24873089,24873089,27248730892,,CARRERO CLAUDIA LORENA,
DNI 26551103,26551103,20265511032,,FERNANDEZ HUGO DANIEL,
DNI 27820614,27820614,23278206149,,LUCERO RUBEN FRANCISCO,
DNI 29120624,29120624,20291206248,,RODA ERNESTO CEFERINO,
DNI 33827373,33827373,27338273733,,DEMA GISELLA ANAHI,
DNI 36816518,36816518,27368165188,,SOSA CUYEN MARIA FLORENCI,
DNI 38406429,38406429,23384064299,,ACOSTA CRISTIAN,
DNI 39587595,39587595,20395875958,,PENA QUEVEDO QUEVEDO ELIAS EZE,
DNI 40143268,40143268,27401432685,,DELLAGIOVANNA AGUSTINA,
DNI 41931191,41931191,20419311910,,QUINTANA ANGEL OMAR,
DNI 23599877,23599877,27235998772,,LUCO LINA ELIZABETH,
DNI 24889494,24889494,20248894947,,LOPEZ GUILLERMO HECTOR,
DNI 32245759,32245759,20322457597,,GONZALEZ HECTOR EDUARDO,
DNI 37451571,37451571,20374515714,,PALACIO JONATAN CARLOS,
DNIE94231668,94231668,20942316683,,ROMERO GIMENEZ FREDDY,
DNIE94296776,94296776,20942967765,,ZAVALETA JIMENEZ IVAN PEDRO,
DNIE95981914,95981914,27959819144,,ARO LETICIA YUMI,
DNI 13034369,13034369,20130343695,,ALLENDE EDUARDO PEDRO,
DNI 21930797,21930797,20219307978,,VILLASANTI HUGO RAFAEL,
DNI 26058502,26058502,27260585024,,LOPEZ ALICIA,
DNI 26267457,26267457,20262674577,,COLUSSI CLAUDIO DANIEL,
DNI 34104803,34104803,20341048037,,PAZ SAAVEDRA LEONARDO JAVIER,
DNI 37821964,37821964,20378219648,,CABANILLAS ANGEL ANDRES,
DNI 38395725,38395725,27383957252,,NETO MELANIE LUCIA,
DNI 38416730,38416730,27384167301,,SARGNIOTTI CYNTIA DAIANA RITA,
DNI 41134851,41134851,27411348518,,RODRIGUEZ MARIA SOLEDAD,
DNIE94456340,94456340,20944563408,,QUISPE PARICAHUA GREGORIO,
DNI 14116710,14116710,27141167109,,LUQUE LILIANA E,
DNI 34880621,34880621,20348806212,,RAMIREZ MIGUEL ENRIQUE RAMON,
DNI 36636953,36636953,20366369539,,ROJO SAGASTA WALTER ARIEL,
DNI 39193187,39193187,23391931879,,GOMEZ ENZO ANTONIO,
DNI 39936134,39936134,20399361347,,CORDOBA ARIEL MIGUEL,
DNIE93799250,93799250,20937992506,,REYES SAN MARTIN KATERINE VALESCA,
DNIE95195771,95195771,27951957718,,NEIRA BEATRIZ,
DNIE95852655,95852655,20958526556,,RAMIREZ YEDRA JEAN CARLOS JOSE,
DNIE96004241,96004241,27960042412,,BATISTA DE SOUZA LAURA,
DNI 23136756,23136756,20231367560,,LUNA PABLO ALEJANDRO,
DNI 27197128,27197128,27271971287,,ECHEVERRIA MARIANELA ALDANA,
DNI 30837316,30837316,23308373169,,ARIAS PABLO FERNANDO,
DNI 32320958,32320958,20323209589,,COTARO GASTON NICOLAS,
DNI 32766236,32766236,20327662369,,BARBIERI FAVIO,
DNI 32883290,32883290,27328832904,,KERBS CINTHIA ROMINA,
DNI 35104874,35104874,27351048749,,SOLIZ VIDELA GIMENA,
DNI 41169277,41169277,27411692774,,CEJAS NANCY ELIZABETH,
DNI 50926989,50926989,20509269891,,FUENTES CAMPOS PABLO ELEAZAR,
DNIE95889166,95889166,27958891666,,PORTELA DE PAULO JOSELAINE,
DNI 20995579,20995579,27209955798,,BENNER NORMA MIRTA,
DNI 21514403,21514403,27215144033,,PERALTA MABEL ALEJANDRA,
DNI 29053112,29053112,20290531129,,MAIDANA CESAR JAVIER,
DNI 29583832,29583832,27295838324,,FOLIK LUCIANA SOLEDAD,
DNI 29666633,29666633,20296666336,,CAJAL JORGE LUIS,
DNI 30643252,30643252,20306432525,,DIEZ MAXIMILIANO,
DNI 36941394,36941394,20369413946,,AGUIRRE ALEJANDRO CRISTOBAL,
DNIE92728341,92728341,20927283418,,ARBOLITO RODRIGUEZ JOSE RICARD,
DNIE95983650,95983650,27959836502,,TESSARI AVILA FERNANDA,
DNIE96026013,96026013,27960260134,,MARTINS VIEIRA PATRICIA APAREC,
DNI 20787767,20787767,27207877676,,CAPDEVILLA MIRTA DEL ROSARIO,
DNI 23030959,23030959,20230309591,,BOGADO CRISTIAN DIEGO,
DNI 26190851,26190851,20261908515,,RAGUASI DARIO,
DNI 33684878,33684878,20336848785,,BENITEZ DIEGO DARIO,
DNI 34306744,34306744,20343067446,,ZAMORA FERNANDO ADRIEL,
DNI 36055114,36055114,27360551143,,HABERKON ROMINA BELEN,
DNI 43729241,43729241,20437292419,,VARANI LAUTARO ALFREDO,
DNI 12761027,12761027,23127610274,,RICCHIUTO NANCY NOEMI,
DNI 18400889,18400889,27184008896,,QUIROGA NANCY BEATRIZ,
DNI 21422326,21422326,27214223266,,LUNA VIVIANA,
DNI 27248701,27248701,23272487014,,GODOY MARIA ESTER,
DNI 27687124,27687124,27276871248,,BELTRAN ELIZONDO FLORENCIA,
DNI 32916483,32916483,20329164838,,CRISTALDO CESAR JAVIER,
DNI 36737710,36737710,20367377101,,GUILQUERUCA HECTOR DANIEL,
DNI 36821120,36821120,20368211207,,GIORGEVICH JONATHAN,
DNI 40655115,40655115,27406551151,,QUISPE GIULIANA,
DNI 41233796,41233796,20412337965,,ACEVEDO TOBIAS,
DNI 42962211,42962211,20429622116,,PEREYRA RODRIGO AARON,
DNI 16694691,16694691,20166946914,,GONZALEZ OSCAR ANTONIO,
DNI 30654337,30654337,20306543378,,BUSTOS MEDINA MARTIN ADOLFO,
DNI 32382328,32382328,27323823281,,FUSARO MARINA ALDANA JENNIF,
DNI 34308719,34308719,20343087196,,GUARI EMANUEL,
DNIE95961400,95961400,27959614003,,RAMOS TARAZONA DARMARIS DEL JE,
DNI 16355461,16355461,20163554616,,ROJAS CARLOS RAMON,
DNI 29901375,29901375,20299013759,,CHAVES MARCOS ALEJANDRO,
DNI 36089495,36089495,23360894959,,CARILLO JONATAN,
DNI 42147206,42147206,27421472063,,CASTRO MARIA VICTORIA,
DNI 17944543,17944543,20179445434,,OUTEDA GUSTAVO FABIAN,
DNI 22554805,22554805,27225548051,,QUIPILDOR SONIA,
DNI 27930028,27930028,23279300289,,STIVALA RENDINA DIEGO GA,
DNI 34852038,34852038,20348520386,,TUCCI DANIEL OSCAR,
DNI 37445206,37445206,27374452067,,CHAVES NADIA,
DNIE95928487,95928487,27959284879,,PINHO DA SILVA KETLEN NAYA,
DNI 23171649,23171649,27231716497,,KOCH SANDRA,
DNI 37387373,37387373,20373873730,,BARRIENTOS DIEGO HERNAN,
DNI 37835361,37835361,20378353611,,GIMENEZ JUAN IGNACIO,
DNI 41457096,41457096,20414570969,,FERNANDEZ JUAN GABRIEL,
DNI 42935268,42935268,20429352682,,MARTININI FACUNDO GABRIEL,
DNI 43776351,43776351,27437763513,,MENDOZA JULIA DEL CARMEN,
DNI 22848891,22848891,27228488912,,LUDUENA NORA LIS,
DNI 37879941,37879941,23378799414,,BUSSETTI CAMILA MARIANA,
DNI 39056612,39056612,20390566124,,AREVALO DIEGO,
DNI 39335997,39335997,27393359973,,QUINTANA MELISA SOLEDAD,
DNI 41217815,41217815,27412178152,,SANABRIA AGOSTINA AILEN,
DNI 43079302,43079302,20430793021,,RUPAYAN ANDRES JOSE SIMON,
DNI 12627414,12627414,23126274149,,LOBOS ENRIQUE ALBERTO,
DNI 32693599,32693599,23326935999,,BLANCO ALEJANDRO MAXIMILIAN,
DNI 33030302,33030302,20330303027,,VEGA ABEL,
DNI 38309980,38309980,20383099804,,QUINTANA FERNANDO FABIAN,
DNI 40490400,40490400,20404904001,,ARIAS MATIAS ALEJANDRO,
DNI 42311503,42311503,27423115039,,FARUGGIO  BOSSO GIULIANA ANTON,
DNIE93003360,93003360,20930033600,,TORALES FLEITAS DAMIAN,
DNIE96002754,96002754,27960027545,,DA SILVA BARROS SUELEN,
DNI 18366500,18366500,20183665007,,GONZALEZ JOSE ALBERTO,
DNI 29124618,29124618,20291246185,,ARCOLIA ROQUE MOISES,
DNI 30933791,30933791,20309337914,,ESTERIO LEANDRO CRISTIAN,
DNI 31827181,31827181,20318271810,,SALEGA ALEJANDRO JAVIER,
DNI 34412323,34412323,20344123234,,BAIGORRIA JONATAN EDGARDO,
DNI 35417685,35417685,20354176859,,MARCON CARLOS YAMIL,
DNI 35819722,35819722,20358197222,,VERON DIEGO HERNAN,
DNI 39348095,39348095,27393480950,,ALMARAZ MACARENA SOLEDAD,
DNI 40894141,40894141,20408941416,,ARANDA LEONARDO,
DNI 17259874,17259874,23172598749,,ACOSTA HECTOR OSVALDO,
DNI 20177786,20177786,20201777861,,TEJERINA EDUARDO NORMANDO,
DNI 21178919,21178919,27211789196,,TOSCANO GABRIELA LAURA,
DNI 25674832,25674832,20256748321,,SOTZ CORONEL GUSTAVO EZEQUIEL,
DNI 29661152,29661152,20296611523,,MEZA RICARDO DAVID,
DNI 31096867,31096867,27310968671,,PEDONE MARIA ALDANA,
DNI 31211501,31211501,20312115019,,BLUMBERG VICTOR MARCELO,
DNI 32347140,32347140,27323471407,,DE BIEN ROSA ROMINA,
DNI 34828705,34828705,27348287058,,PALAVECINO LUCIA BELEN,
DNI 37000458,37000458,27370004582,,PINTO MORALES EUGENIA SOLEDAD,
DNI 37000458,37000458,20370004588,,PINTO MORALES EUGENIA SOLEDAD,
DNI 37456693,37456693,27374566933,,QUIROGA TOLEDO MARIA DEL ROSARIO,
DNI 37858214,37858214,20378582149,,SAN MARTIN LUCAS EZEQUIEL,
DNI 38848217,38848217,20388482177,,CAMPLI GONZALO NICOLAS,
DNI 40018488,40018488,20400184888,,QUIROZ IGNACIO RUBEN,
DNI 40621019,40621019,27406210192,,SOFIA BELEN SALINAS,
DNIE95606606,95606606,23956066069,,JHAVERI SWAPNIL I,
DNI 17459482,17459482,20174594822,,PABLO ERNESTO,
DNI 20410924,20410924,23204109249,,GARONE MARCELO ESTEBAN,
DNI 30101091,30101091,27301010910,,MEALLA CAROLINA SOLEDAD,
DNI 34727357,34727357,20347273571,,GOMEZ ANGEL LISANDRO,
DNI 34784759,34784759,27347847599,,AYALA BRAVO MICAELA SOLE,
DNI 34949565,34949565,20349495652,,POMAR NICOLAS EZEQUIEL,
DNI 37538197,37538197,23375381974,,CASTRO MACIEL AYELEN ALEJANDRA,
DNIE96051746,96051746,27960517461,,MOREIRA SILVA GENILMA,
DNI 21109646,21109646,27211096468,,VARGAS MARCELA FABIANA,
DNI 27424639,27424639,20274246392,,VARELA DIEGO ARTEMIO,
DNI 28258406,28258406,27282584064,,PALACIO PATRICIA PAOLA,
DNI 33222906,33222906,27332229066,,CARRIZO ALEJANDRA DEL VALLE,
DNI 36307941,36307941,27363079410,,TRAZMONTA VIVIANA DANIELA,
DNI 16000305,16000305,27160003052,,PASTRANA NORMA GRACIELA,
DNI 23548221,23548221,27235482210,,DICIANO ELIZABETH INES,
DNI 28882168,28882168,27288821688,,GONZALO SUSANA LAURA,
DNI 30526311,30526311,27305263112,,GIMENEZ MARIA ELOISA,
DNI 31767357,31767357,23317673574,,SIVILOTTI FLAVIA ANABEL,
DNI 33411008,33411008,27334110082,,FILARDI JULIETA ALCIRA,
DNI 34946835,34946835,20349468353,,"SANCHEZ, DAVID FEDERICO",
DNI 34946835,34946835,27349468358,,"SANCHEZ, DAVID FEDERICO",
DNI 35987892,35987892,20359878924,,MIRANDA BULNES JONATHAN ENRIQU,
DNI 39713219,39713219,20397132197,,LENCINA LEANDRO JAVIER,
DNI 42248700,42248700,20422487000,,PANIGADA LUKAS ALEJO,
DNIE94043775,94043775,27940437755,,FERNANDEZ ALDERETE ISAURA BELE,
DNI 17001380,17001380,27170013803,,HEREDIA NANCY LILIANA,
DNI 22826316,22826316,20228263169,,VARGAS JORGE ALBERTO,
DNI 25027540,25027540,20250275405,,VAVA GUSTAVO,
DNI 34253792,34253792,20342537929,,TEMPRANO HORACIO FACUNDO,
DNI 40353599,40353599,20403535991,,NARANJO MARTIN IVAN,
DNI 40868985,40868985,27408689851,,DOMINGUEZ ALEJANDRA,
DNIE94558986,94558986,20945589869,,LEGUIZA CRISTALDO,
DNI 25901031,25901031,23259010314,,QUIROGA FABIANA ANDREA,
DNI 31461267,31461267,27314612677,,LAGRANA LORENA BEATRIZ,
DNI 34779681,34779681,27347796811,,VILLENA JARA GABRIELA INES DEN,
DNI 40479616,40479616,20404796160,,NAVARRO JUAN DOMINGO,
DNI 42728275,42728275,27427282754,,DELGADILLO MICAELA AGOSTINA,
DNI 20064244,20064244,27200642444,,DEGIROLMO LAURA MYRIAM,
DNI 27076985,27076985,20270769854,,MURUA JOSE ROBERTO,
DNI 34622428,34622428,27346224288,,FRANCISCHELLI ALEJANDRA ANDREA,
DNI 35958115,35958115,20359581158,,PALOMINO BRIAN EZEQUIEL,
DNI 42304893,42304893,27423048935,,PEDRAZA FLAVIA ARACELI DE LA,
DNIE95862972,95862972,27958629724,,COSTA CAVALHEIRO JANE ALVES,
DNIE96093456,96093456,20960934564,,AGUAYO IGNACIO,
DNI 24473884,24473884,20244738843,,GONZALEZ DANIEL ARIEL,
DNI 24732366,24732366,20247323660,,SCHMIDT ENRIQUE SERGIO MARCE,
DNI 35122743,35122743,27351227430,,BONIFACIO MARIA SOLEDAD,
DNI 35339326,35339326,20353393260,,GALVAN ESCOBAR JONATHAN LEANDR,
DNI 37021837,37021837,20370218375,,ALVAREZ LEANDRO NAHUEL,
DNI 37206323,37206323,20372063239,,CHAVEZ FEDERICO,
DNI 40596572,40596572,20405965721,,ROJAS BRIAN ANTONIO,
DNIE95952188,95952188,27959521889,,FREIRE NASCIMENTO RAIANE,
DNI 16905443,16905443,27169054431,,PEREZ ADRIANA DEL VALLE,
DNI 18491649,18491649,20184916496,,ROCHELLE CARLOS EDGARDO,
DNI 23166021,23166021,27231660211,,DABROWSKI MONICA,
DNI 23241280,23241280,27232412807,,RAMACCIONI DANIELA EGLE,
DNI 23469991,23469991,27234699917,,GRAMAJO CASELLINI MARIA,
DNI 28174560,28174560,20281745604,,PRONESTI CARLOS ALBERTO,
DNI 28910396,28910396,20289103962,,CARRASCO MARIANO MARTIN,
DNI 34386454,34386454,27343864545,,VELASQUEZ CAROLINA ELVA,
DNI 38699309,38699309,27386993098,,TULIAN MARIASOL,
DNI 39481114,39481114,23394811149,,ALONSO RAUL RICARDO,
DNI 40463853,40463853,20404638530,,RODRIGUEZ GUILLERMO FROI,
DNI 40845815,40845815,20408458154,,MORALES RODRIGO SEBASTIAN,
DNI 42365985,42365985,20423659859,,GOMEZ PABLO SEBASTIAN,
DNI 19069649,19069649,27190696494,,CRISTALLINI ANTONELLA LIZ,
DNI 21172683,21172683,20211726831,,CORONEL RAMON CLAUDIO,
DNI 22177356,22177356,20221773560,,WEISS MAXIMILIANO PABLO,
DNI 27013885,27013885,20270138854,,CORREA DANIEL AGUSTIN,
DNI 30341838,30341838,20303418386,,LARA EDUARDO JESUS,
DNI 30572852,30572852,20305728528,,SZURPIK FERNANDO MARCELO,
DNI 31993992,31993992,20319939920,,SANDOVAL DIEGO JAVIER,
DNI 34251872,34251872,23342518729,,DIALISSANDRO HUGO ROGELIO,
DNI 34251872,34251872,27342518724,,DIALISSANDRO HUGO ROGELIO,
DNI 34673147,34673147,27346731473,,SILVA KARINA NATALIA,
DNI 35313378,35313378,20353133781,,LAGOS LOPEZ VICTOR MAXIMILIANO,
DNI 36484027,36484027,20364840277,,ANDINO DAMIAN,
DNI 37956394,37956394,27379563940,,OTAROLA MARIA ESTELA,
DNI 45308265,45308265,27453082658,,NAVARRO ROCIO,
DNIE96073669,96073669,27960736694,,CASTILLO GUERRA YANNELIS TERESA,
DNI 13963393,13963393,20139633939,,GALLEGO ROQUE N,
DNI 21393824,21393824,27213938245,,LUND LAURA ISABEL,
DNI 27030616,27030616,20270306161,,FERREYRA ELIO GABRIEL,
DNI 34285691,34285691,20342856919,,FRANCO CARRIZO ENRIQUE LAUREAN,
DNI 34511715,34511715,20345117157,,NEQUI CESAR ROLANDO,
DNI 39536125,39536125,20395361253,,ALFARO PALAVECINO FABRICIO NIC,
DNIE92694964,92694964,20926949641,,SOTO CHAVEZ FELIX,
DNIE95874200,95874200,27958742008,,"PAOLA,MENESES VIDAL",
DNI 39065831,39065831,20390658312,,"EZEQUIEL ANDRES,VEGA QUINTEROS",
DNI 24490881,24490881,27244908816,,"VANESA,BERGOGLIO",
DNI 21451211,21451211,20214512115,,"GASTON JUAN SANTIAGO,LOPEZ NARVAJA",
DNIE95922349,95922349,27959223497,,"ISIS,MACIEL GARCIA",
DNIE95887917,95887917,27958879178,,"BEATRIZ,PACHECO DO VALE",
DNI 13272143,13272143,20132721433,,FERREYRA LUIS EDUARDO,
DNI 39721509,39721509,20397215092,,"FRANCO DAVID,VALDEZ",
DNI 29928778,29928778,20299287786,,"ALEXIS ALBERTO,PEZZONI",
DNI 35939975,35939975,27359399753,,"PAULA GISELA,GOMEZ",
DNI 14628374,14628374,27146283743,,BAEZ HILDA GRACIELA,
DNI 29042727,29042727,20290427275,,"PABLO DANIEL,FERNANDEZ",
DNI 30261948,30261948,20302619485,,"CESAR HORACIO CARMELO,CALIVA",
DNI 32936618,32936618,23329366189,,"NICOLAS DANIEL,GAJO",
DNI 34415393,34415393,27344153936,,"DEBORA BELEN,AYALA",
DNI 23124835,23124835,20231248359,,ZILBERSZTEIN DIEGO HERNA,
DNI 16083628,16083628,27160836283,,"MONICA DEL VALLE,TABORDA",
DNI 34522813,34522813,20345228137,,"VICTOR HUGO,CACERES",
DNI 36644056,36644056,23366440569,,PRONER MARIANO,
DNI 13236589,13236589,20132365890,,ARONNO JUAN HECTOR,
DNI 33084378,33084378,27330843786,,"NATALIA PAOLA GISELA,TOLEDO GALLO",
DNI 32386318,32386318,27323863186,,CASANO MARIANA,
DNI 34101862,34101862,20341018626,,"NICOLAS EZEQUIEL,PINTO BRETT",
DNI 35402797,35402797,20354027977,,"MARTIN,DEVANNA",
DNIE94090724,94090724,27940907247,,SOBIESKI KAREN,
DNI 28758203,28758203,27287582035,,"ANA MARIA RITA,RONDA",
DNIE95171109,95171109,20951711099,,"CHRISTOPHER JAMES,HARRINGTON POLLACK",
DNI 4703262,4703262,20047032629,,"ROBERTO EVARISTO,LEDO",
DNI 4703262,4703262,27047032623,,"ROBERTO EVARISTO,LEDO",
DNIE93970056,93970056,20939700561,,"JOSE ENRIQUE,LEVANO ESPINOZA",
DNI 24199784,24199784,20241997848,,"CATALINO MIGUEL,PACHECO",
DNI 24199784,24199784,24241997843,,"CATALINO MIGUEL,PACHECO",
DNI 31401939,31401939,27314019399,,"MARIA VICTORIA,ZABALA",
DNI 36723189,36723189,27367231896,,"BELEN SOLEDAD,LAZARTE",
DNIE94014326,94014326,20940143269,,"PIO,QUISPE CAPCHA",
DNIE94053177,94053177,20940531773,,PRIETO URRIBARRI FERNANDO JESUS,
DNI 24199577,24199577,20241995772,,"DRAGO VIDAL,KAPOR",
DNI 25370227,25370227,27253702279,,"MARIA CECILIA,CASTELLS CANTO",
DNI 29245867,29245867,20292458674,,"DAMIAN OSCAR,OVIEDO",
DNI 30614200,30614200,27306142009,,CAnETE MARIA DE LOS ANGELES,
DNI 33960548,33960548,27339605489,,"IVANA IRENE,PAVONI",
DNI 10893532,10893532,20108935325,,CAPPUCCIO RICARDO,
DNI 16589828,16589828,20165898282,,CUSANO VICTOR RODOLFO,
DNI 29932893,29932893,20299328938,,SANTA CRUZ MARTIN ALEJANDRO,
DNI 36916659,36916659,27369166595,,"MELISA ALEJANDRA,MATIENZO",
DNI 30436280,30436280,23304362804,,"VALERIA NADIA,GONZALEZ",
DNI 38588266,38588266,27385882667,,ESPADA MARIA LUCIA,
DNIE93260655,93260655,20932606551,,"ANGEL MATIAS,ZAPATA",
DNIE95891753,95891753,27958917533,,"DEBORAH DANIELE,RIBEIRO",
DNIE95944014,95944014,27959440145,,"MARIA YUREIBY,GONZALEZ RUIZ",
DNI 21991950,21991950,20219919507,,"FABIO ANTONIO,SCALZONE",
DNIE95808303,95808303,27958083039,,"CARIDAD AGUSTINA NIRVANA,SANZ",
DNI 27328765,27328765,20273287656,,"ADRIAN ALEJANDRO,PAVON",
DNI 41101307,41101307,20411013074,,"JUAN SEBASTIAN,AVALOS",
DNI 25021605,25021605,20250216050,,BOCCARDO GABRIEL ANDRES,
DNIE93418515,93418515,20934185154,,"FRANCISCO RAMON,FERNANDEZ",
DNI 12137898,12137898,20121378982,,GUDINO EDUARDO,
DNI 39730959,39730959,27397309598,,"PAULA DEL CARMEN,GONZALEZ FERNANDEZ",
DNI 29230581,29230581,20292305819,,"CRISTIAN SEBASTIAN,GODOY",
DNI 36062587,36062587,27360625872,,"SILVANA VANINA,BANCEROWSKI",
DNI 5387155,5387155,20053871551,,"SILVIA NOEMI,ERDOCIAIN",
DNI 5387155,5387155,27053871556,,"SILVIA NOEMI,ERDOCIAIN",
RMS376636952732003,22630020,27226300207,,PAULA ANDREA ANDINO,
RMS376637891182003,26387164,20263871643,,MARIANO REYNALDO CHIESA,
RMS379975986181002,13923872,23139238729,,RUBEN ROSALES,
RMS379975986181002,13923872,27139238724,,RUBEN ROSALES,
RMS379975047631003,14958785,27149587859,,ROSA DAKESIAN,
RMS379975047631003,14958785,20149587854,,ROSA DAKESIAN,
RMS376710877772004,30094588,20300945881,,MARTIN RODRIGUEZ,
RMS376637062732008,33634168,20336341680,,RAMIRO J HIRIART URRUTY,
RMS376638657741008,31638010,27316380102,,MARIA T BARNES CASTILLA,
RMS376416258942006,17951548,20179515483,,ROBERTO BARRESI,
RMS376711752365005,36259417,20362594171,,MARTIN ALEJANDRO MASSARI,
RMS376636412332006,38469479,27384694794,,MICAELA PICO,
RMS376636702321008,22537376,20225373761,,RUBEN ALBERTO CALDEZ,
RMS376687475691002,25513604,20255136047,,MARIO JAVIER LEDESMA,
RMS379975994611008,21942409,20219424095,,CRISTIAN G OLIVIERI,
RMS376639584193008,13669785,20136697855,,ALFREDO ORLANDO TEVEZ,
RMS376639584193008,13669785,23136697854,,ALFREDO ORLANDO TEVEZ,
RMS376687584731004,8273356,20082733567,,ALEJANDRO CASCELLI,
RMS376417385931003,20694442,20206944421,,MARCELO MEANA,
RMS376637071331008,10744247,20107442473,,HECTOR DANIEL MIGONI,
RMS376418364031005,7612107,23076121079,,RUBEN OSVALDO GOMEZ,
RMS376418146361001,12080738,20120807383,,RICARDO MONDELLA,
RMS376418338361009,10701190,20107011901,,ABELINO GOMEZ,
RMS376413988931003,23086225,27230862252,,BARBARA MAGGI,
RMS376686649772003,17606409,23176064099,,RODOLFO BALENA,
RMS376710087973004,13147496,20131474963,,ERNESTO RAUL AMIEVA,
RMS376711464373008,21428540,20214285402,,PABLO JOSE A SMITARELLO,
RMS376418692513005,1449962,27014499623,,MARIA DEL C M DE GUARDIA,
RMS376418692513005,1449962,20014499629,,MARIA DEL C M DE GUARDIA,
RMS376637623312001,23178084,20231780840,,CARLOS IGNACIO PEREZ,
RMS379975989381005,26605897,20266058978,,PABLO EMILIANO GUEVARA,
RMS376688842322008,21072737,27210727375,,PAULA SCHLIMOVICH,
RMS376687198942005,8387714,20083877147,,HECTOR JOSE RALLIN,
RMS376416651132007,24758389,20247583891,,JORGE ALEJANDRO AGUILAR,
RMS376418978952000,23292482,23232924829,,DIEGO HARTE,
RMS376407692951000,20400771,27204007719,,BLANCA S BATTAIOLA VITAR,
RMS376418086076007,14406886,20144068867,,SERGIO OSCAR ANDRES,
RMS376638334192005,26088329,20260883292,,FEDERICO S ANDREOLI,
RMS376418652911009,17425663,20174256633,,ELVIS H MACCARI,
RMS376710635791007,30875007,20308750079,,LUIS S SCHMIDT GARCES,
RMS376686684302005,9989527,27099895271,,DORA CRISTINA DICARLO,
RMS376686684302005,9989527,24099895272,,DORA CRISTINA DICARLO,
RMS376687298542002,29193436,20291934367,,ADRIAN LEONARDO BAEZ,
RMS376635144344008,14824743,23148247439,,DR MARCELO BLANCO,
RMS379975249391000,13635300,20136353005,,DANIEL SANCHEZ,
DNI 22470255,22470255,20224702559,,BAIELI MAXIMILIANO,
DNI 30035304,30035304,20300353046,,SOSA IGNACIO GERARDO,
DNI 4646057,4646057,20046460570,,"BERETTA, NESTOR FERNANDO",
DNI 4646057,4646057,27046460575,,"BERETTA, NESTOR FERNANDO",
DNI 95991017,95991017,20959910171,,"FERNANDEZ QUIJADA, ALEJANDRO MOISES",
DNI 95721384,95721384,20957213848,,ROJAS ALVARENGA  ELIOENAI JOSUE,
DNI 18354856,18354856,27183548560,,"BRIZUELA, MIRIAM MABEL",
DNI 19065059,19065059,20190650597,,"ZAMORA GARCES, JAMES",
DNI 21052559,21052559,27210525594,,PUZIO ALEJANDRA CRISTINA,
DNI 28026390,28026390,20280263908,,CABRERA ALBERTO RENE,
DNI 29560402,29560402,20295604027,,PEREZ GERMAN FRANCISCO,
DNI 29560402,29560402,27295604021,,PEREZ GERMAN FRANCISCO,
DNI 24825470,24825470,20248254700,,GARRIDO RAUL ARIEL,
DNI 27663904,27663904,20276639049,,"RAFFAELLI, LUCAS EMILIANO",
DNI 14942319,14942319,20149423193,,ELIA JUAN JOSE,
DNI 24678287,24678287,20246782874,,ALTILIO ANTONIO GERARDO,
DNI 25115305,25115305,20251153052,,"CAGESSO, MAXIMILIANO MARTIN",
DNI 26703946,26703946,27267039467,,CURA ANDREA VALERIA,
DNI 27604674,27604674,20276046749,,TORREZ  JOSE MARIA,
DNI 32327313,32327313,20323273139,,VALDEZ IVAN NAHUEL,
DNI 33505397,33505397,20335053975,,ELIAS JONATAN PABLO,
DNI 11945637,11945637,27119456377,,"MINTEGUIA,MARIA L",
DNI 14283196,14283196,20142831962,,FANTINCARLOS ALBERTO,
DNI 14283196,14283196,27142831967,,FANTINCARLOS ALBERTO,
DNI 14689820,14689820,20146898204,,CID  RUBEN DARIO,
DNI 16199034,16199034,20161990346,,"BELINI, EDUARDO MARCELO",
DNI 24185444,24185444,20241854443,,COSTILLA ROBERTO ANGEL,
DNI 29251917,29251917,20292519177,,MARTINEZ IBANEZ  JUAN ORLANDO,
DNI 4545985,4545985,20045459854,,"IMPRANTO,MIGUEL ANGEL",
DNI 4545985,4545985,27045459859,,"IMPRANTO,MIGUEL ANGEL",
DNI 14045819,14045819,20140458199,,BALLESTERO ANTONIO,
DNI 28839174,28839174,27288391748,,"FERNANDEZ, OLGA VERONICA",
DNI 31048100,31048100,27310481004,,"ANDRADA, VERONICA RAMONA",
DNI 39447560,39447560,27394475608,,APRILE BARBARA,
DNI 94702934,94702934,20947029348,,CACERES SILVESTRE,
DNI 95686206,95686206,20956862060,,"GUZMAN GIMENEZ, CARLOS LUIS",
DNI 13612049,13612049,27136120498,,RODRIGUEZ ZULEMA,
DNI 13923097,13923097,20139230974,,"GONZALEZ, NORBERTO M",
DNI 29531572,29531572,20295315726,,ZERMATHEN MAURO NICOLAS,
DNI 31443875,31443875,20314438753,,VALENZUELA LUIS RENE,
DNI 37000690,37000690,20370006904,,PALOMO FRANCO,
DNI 21455180,21455180,27214551808,,"CABRERA, PATRICIA SILVANA",
DNI 95962538,95962538,27959625382,,SALAZAR GUEDES ELIANA ALVES,
DNI 96008934,96008934,27960089346,,"OSPINA POSADA, ANGELA MARIA",
DNI 18337332,18337332,20183373324,,KLOSTER CARLOS ALBERTO,
DNI 23670982,23670982,20236709826,,DERRICO GIMENO RODRIGO,
DNI 30408049,30408049,20304080494,,"OJEDA, CARLOS FAUSTINO",
DNI 32448532,32448532,27324485320,,"STIVANELLO, NOELIA SOLEDAD",
DNI 33626647,33626647,27336266470,,MOLINAS ELIANA MABEL,
DNI 33914359,33914359,27339143590,,"NASELLO, MARIA BELEN",
DNI 36795098,36795098,27367950981,,CAULA KOFMANAS DANIELA DESIREE,
DNI 14884167,14884167,20148841676,,GUEDES NESTOR FABIAN,
DNI 17395374,17395374,20173953748,,"SEVERO, PEDRO",
DNI 17395374,17395374,27173953742,,"SEVERO, PEDRO",
DNI 22641531,22641531,23226415319,,OJEDA MIGUEL ANGEL,
DNI 16799549,16799549,27167995492,,"RAMIREZ, SILVIA CRISTINA",
DNI 16799549,16799549,20167995498,,"RAMIREZ, SILVIA CRISTINA",
DNI 24679777,24679777,27246797779,,"FARELA, IRENE NOELI",
DNI 34922244,34922244,27349222448,,"STRANGIS, MELANIE VIVIANA",
DNI 35081537,35081537,27350815371,,"GRAVE, MARIA ALEJANDRA",
DNI 4549793,4549793,20045497934,,"SPIEGEL, LUIS ALBERTO",
DNI 4549793,4549793,27045497939,,"SPIEGEL, LUIS ALBERTO",
DNI 18095686,18095686,20180956868,,MIGUEL RAUL,
DNI 20024938,20024938,27200249386,,"SCHNEIDER,ROXANA KARINA",
DNI 30073579,30073579,20300735798,,"CORREA, JUAN PABLO JOSE",
DNI 32825305,32825305,23328253054,,"MENDOZA, MARIA LUCIA",
DNI 33786678,33786678,27337866781,,"BAEZ, YESICA VANESA",
DNI 34596390,34596390,27345963907,,PEREZ DELGADO CAROLINA ANDREA,
DNI 28562143,28562143,20285621438,,ARGENTIERI FEDERICO CARLOS,
DNI 28778851,28778851,27287788512,,"VARGAS ESPINOZA, NOELIA MAGALI",
DNI 32087744,32087744,27320877445,,"ALMIRON, JESICA LORENA",
DNI 40909145,40909145,20409091459,,GITTO JONATHAN NAHUEL,
DNI 41812867,41812867,20418128675,,"ARIAS, JUAN RAMON",
DNI 12044868,12044868,20120448685,,DE SOUSA SERGIO,
DNI 12859463,12859463,23128594639,,CLERICI JORGE ANTONIO,
DNI 31770857,31770857,20317708573,,PAZ HECTOR ROLANDO,
DNI 32212706,32212706,27322127060,,"BENAVIDEZ, JESSICA ESTEFANIA",
DNI 6612694,6612694,20066126944,,"LEDESMA, RAUL NICOLAS",
DNI 21645785,21645785,20216457855,,GOJMAN LUIS DANIEL,
DNI 29165168,29165168,20291651683,,ESCOBAR  JUAN PABLO,
DNI 33196848,33196848,20331968480,,CEBALLOS MAXIMILIANO FABIAN,
DNI 39643378,39643378,20396433789,,"CONTRERAS, MAURO LEANDRO",
DNI 4632586,4632586,23046325869,,"PERALTA, ANGELINA HORTENSIA",
DNI 4632586,4632586,27046325864,,"PERALTA, ANGELINA HORTENSIA",
DNI 11224676,11224676,27112246768,,"CHARA, NORMA ISABEL",
DNI 17435574,17435574,27174355741,,"FARRAPEIRA, CLAUDIA MIRIAM",
DNI 18144326,18144326,27181443265,,DIAZ  ALICIA MARIA,
DNI 24313513,24313513,20243135134,,"BOSSO, DANIEL HERNAN",
DNI 26504874,26504874,23265048749,,TORRES  GERMAN JESUS,
DNI 26635134,26635134,20266351349,,CRUZ DARIO CARLOS,
DNI 33197287,33197287,20331972879,,ORELLANA  ELIAS,
DNI 34447207,34447207,27344472071,,"MELONI, CARLA FLORENCIA",
DNI 95607103,95607103,20956071039,,"PRIETO MONTERO, DIEGO FERNANDO",
DNI 18812441,18812441,20188124411,,LA FUENTE MELGAR JOSE LUIS,
DNI 19024531,19024531,20190245315,,ESCURRA KRAUER ELIAS MANUEL,
DNI 22445165,22445165,20224451653,,LUCERO WALTER FABIAN,
DNI 30257587,30257587,20302575879,,"OVIEDO CHAVEZ, VICTOR FERNANDO",
DNI 32597562,32597562,27325975623,,"QUIROZ, CLAUDIA NOEMI",
DNI 95501274,95501274,27955012742,,BARROS NAYARA,
DNI 95644512,95644512,20956445125,,"FEO MARCHAN, CARLOS JOSE",
DNI 33504670,33504670,27335046701,,NAVARRETE MELISA YASMIN,
DNI 40561957,40561957,20405619572,,ESCOBAR  LEONARDO GABRIEL,
DNI 30658293,30658293,20306582934,,SUAREZ LUCAS MATIAS,
DNI 37753853,37753853,20377538537,,"MOLLER, AXEL",
DNI 94607689,94607689,23946076899,,"DITA ALVAREZ, ALBENYS ESTHER",
DNI 94607689,94607689,27946076894,,"DITA ALVAREZ, ALBENYS ESTHER",
DNI 12349466,12349466,20123494661,,GUTIERREZ ALFREDO FRANCISCO,
DNI 14280637,14280637,20142806372,,"CONDON, GERARDO ENRIQUE",
DNI 18760774,18760774,20187607745,,GOMEZ ANTONIO,
DNI 21316497,21316497,20213164970,,BUSTILLOS ABEL,
DNI 28164040,28164040,20281640403,,"FERNANDEZ, DIEGO CEFERINO",
DNI 39004805,39004805,20390048050,,"FIGUEROA, JOSE GABRIEL",
DNI 39554190,39554190,20395541901,,"DI RISIO, BRAIAN URIEL",
DNI 12906416,12906416,20129064162,,DE FILIPPIS MARCOS EDUARDO ALBER,
DNI 14915931,14915931,27149159318,,"FERNANDEZ,SUSANA M",
DNI 27640676,27640676,27276406766,,"VEGA, LORENA JOSEFINA",
DNI 29524266,29524266,20295242664,,NAVARRO SEBASTIAN CESAR,
DNI 32014819,32014819,20320148198,,"ESPANOL, JUAN MARCOS",
DNI 34793071,34793071,20347930718,,"FRADE, MATIAS FABIAN",
DNI 3697332,3697332,20036973324,,"MIGUENS DE VERA OCAM PO, AURELIA MARI",
DNI 3697332,3697332,27036973329,,"MIGUENS DE VERA OCAM PO, AURELIA MARI",
DNI 37688787,37688787,27376887877,,"DALMA ROCIO,KLEMAN",
DNI 38693129,38693129,27386931297,,VIANO MELANIE LUCIANA,
DNI 38693129,38693129,20386931292,,VIANO MELANIE LUCIANA,
DNI 40574043,40574043,20405740436,,"PERALTA, DAVID ALEJANDRO",
DNI 92998632,92998632,20929986327,,"AZURDUY GARCIA, JOSE ANTONIO",
DNI 95959367,95959367,20959593672,,CASTRO QUINTERO CRISTIAN JESUS,
DNI 28086737,28086737,20280867374,,"NIETO, DANIEL ALBERTO",
DNI 29337966,29337966,20293379662,,NAVARRO CESAR GUSTAVO,
DNI 94026410,94026410,20940264104,,"COPA MAMANI, RAUL OSCAR",
DNI 18875210,18875210,20188752102,,MIRANDA DIAZ ANGEL ANTONIO,
DNI 21350446,21350446,27213504466,,"DIAZ, SILVIA ELENA",
DNI 32737653,32737653,20327376536,,"LALANDE, MARTIN ALEJANDRO",
DNI 36566708,36566708,20365667080,,RAMOS ALEJANDRO JESUS,
DNI 23801874,23801874,23238018749,,RIQUELME ENRIQUE OCTAVIO,
DNI 27258595,27258595,20272585955,,"DOMINGUEZ, RICARDO OMAR",
DNI 35822685,35822685,20358226850,,SINGH ALFREDO EDUARDO,
DNI 17024001,17024001,23170240014,,VELAZQUEZ MONICA BEATRIZ,
DNI 20014848,20014848,20200148488,,"PINEIRO, GABRIEL GUSTAVO",
DNI 32480322,32480322,27324803225,,SANDOVAL ALEJANDRA BEATRIZ,
DNI 36161073,36161073,27361610739,,"FERREIRA, JOHANNA GABRIELA",
DNI 38358518,38358518,20383585180,,"AMEIJEIRAS, MANUEL",
DNI 16733709,16733709,27167337096,,"ORTIZ,MARCELA F",
DNI 23413140,23413140,27234131406,,GELVEZ ALICIA BEATRIZ,
DNI 33373249,33373249,20333732492,,AGUIRRE MAXIMILIANO MART,
DNI 35762512,35762512,20357625123,,BOGADO CRISTIAN ARIEL,
DNI 8413816,8413816,23084138169,,"PLAZA, HECTOR SEGUNDO",
DNI 17844173,17844173,20178441737,,SALVADOR FRANCISCO JESUS,
DNI 18217140,18217140,27182171404,,BERTHOLAGA CLAUDIA MARCELA,
DNI 33667349,33667349,20336673497,,"YABEN, JOSE MARIA",
DNI 35460090,35460090,27354600906,,MERCADO FLORENCIA MAGALI,
DNI 12445355,12445355,20124453551,,"BELEN,JUAN ANGEL",
DNI 13362074,13362074,20133620746,,AZOFRA ROLANDO OSCAR,
DNI 29485702,29485702,20294857029,,"RAMIREZ, DIEGO MARTIN",
DNI 29570194,29570194,20295701944,,CAMBERA Y SANCHEZ VA MARIANO RODRIGO,
DNI 40346821,40346821,20403468216,,"AGUIRRE, PATRICIO IVAN",
DNI 4239282,4239282,20042392821,,"VALIANTE, LUIS CARLOS",
DNI 4239282,4239282,27042392826,,"VALIANTE, LUIS CARLOS",
DNI 12113891,12113891,20121138914,,SEBASTIANELLI HUGO CARLOS,
DNI 22361146,22361146,20223611460,,DE FEO FERNANDO DIEGO,
DNI 27049875,27049875,20270498753,,DIAZ JUAN MANUEL,
DNI 29435625,29435625,27294356253,,LOPEZ GOTTA NANCY,
DNI 34517499,34517499,27345174996,,GARCIA YAMILA VERONICA,
DNI 11759232,11759232,23117592324,,"DALMAU, MIRTA BEATRIZ",
DNI 20633606,20633606,20206336065,,ALVES HECTOR DARIO,
DNI 26128221,26128221,27261282211,,DELGADO GLORIA ADRIANA,
DNI 29780259,29780259,20297802594,,"PEREZ,NELSON",
DNI 34671677,34671677,20346716771,,"ROSSO, EDGARDO FRANCISCO",
DNI 34671677,34671677,27346716776,,"ROSSO, EDGARDO FRANCISCO",
DNI 38394008,38394008,20383940088,,"ZARAGOZA, BRIAN ABEL",
DNI 21582106,21582106,23215821064,,ESPINOSA SILVINA NOEMI,
DNI 23568492,23568492,20235684927,,DJANSEZIAN SANTIAGO MARC,
DNI 33345787,33345787,27333457879,,"MARTINEZ MOYANO, ROMINA GISEL",
DNI 33345787,33345787,20333457874,,"MARTINEZ MOYANO, ROMINA GISEL",
DNI 38301897,38301897,27383018973,,SANTANA SILVINA,
DNI 38315585,38315585,20383155852,,AVALOS  PEDRO OSCAR,
DNI 6016114,6016114,20060161144,,"DEL GRECO, OVIDIO JOSE",
DNI 6016114,6016114,27060161149,,"DEL GRECO, OVIDIO JOSE",
DNI 13773037,13773037,27137730370,,"BARRIOS, EDIT ISABEL",
DNI 18847038,18847038,20188470387,,"EUSTAQUIO,LOPEZ SEG",
DNI 23676601,23676601,27236766018,,"RONDINA, MARIA LAURA",
DNI 26236843,26236843,20262368433,,FLORES EDUARDO SEBASTIAN,
DNI 34394749,34394749,27343947491,,DALOQUIO HERRERA SABRINA,
DNI 38851835,38851835,23388518359,,"GIACONE, MARIANO",
DNI 11038104,11038104,27110381048,,"RODRIGUEZ DE CELI, MARIA AMPARO",
DNI 17072136,17072136,27170721360,,PAZ RAMONA LUCIA,
DNI 21960935,21960935,20219609354,,VARELA CRISTIAN ANDRES,
DNI 24959243,24959243,27249592434,,MARTINEZ MARIA LAURA,
DNI 32792275,32792275,27327922756,,GIMENEZ GISELA SOLEDAD,
DNI 37147748,37147748,23371477489,,ORTIZ PANIAGUA LUTHER PATRICIO GUID,
DNI 37246346,37246346,27372463460,,"MONTERO, JAZMIN SOL",
DNI 11167229,11167229,27111672291,,BLANCO GRACIELA ZULEMA,
DNI 11411352,11411352,20114113523,,"CASALE, OSCAR ANIBAL",
DNI 27156682,27156682,23271566824,,"STAGNARO, YISEL EDITH",
DNI 29477310,29477310,27294773105,,BONALDI  PAULA SOLEDAD,
DNI 33867061,33867061,20338670614,,CABRERA LUCIANO BENJAMIN,
DNI 35242765,35242765,23352427659,,"CASTILLO, PATRICIO LUCIANO",
DNI 38348139,38348139,27383481398,,"HERNANDEZ JARMA, ERIKA JANNINA",
DNI 7771455,7771455,20077714554,,"BULIT, JOSE MARCELO",
DNI 7771455,7771455,27077714559,,"BULIT, JOSE MARCELO",
DNI 92486610,92486610,20924866102,,"CALABRESI, GUALTIERO",
DNI 11887069,11887069,27118870692,,AVALOS MOSQUEDA GLORIA CONCEPCION,
DNI 18459041,18459041,27184590412,,ETCHEVEST CLAUDIA ALEJANDRA,
DNI 25414390,25414390,20254143902,,ARCE  TOMAS AVELINO,
DNI 32016499,32016499,20320164991,,"BARBOZA, IVAN GABRIEL",
DNI 33274776,33274776,27332747768,,IRUSTA IVANA PAOLA,
DNI 34725896,34725896,27347258968,,TARCAYA  YESICA ROMINA ANAHI,
DNI 92857135,92857135,20928571352,,"SAN MARTIN RUBILAR, LEDINO EDUARDO",
DNI 94487261,94487261,20944872613,,VIVEROS RIOS JORGE ARMANDO,
DNI 94567814,94567814,20945678144,,"MAIDANA MAIDANA, DAVID FERNANDO",
DNI 18153350,18153350,20181533502,,"SBRASCINI, CARLOS",
DNI 35868213,35868213,20358682139,,"CINELLI, ROBERTO IRINEO",
DNI 39383165,39383165,27393831656,,"TOLEDO, PAULA CELESTE",
DNI 43335634,43335634,23433356349,,GONZALEZ JOSE JOEL,
DNI 14887264,14887264,27148872649,,MUNOZ ESTER ZUNILDA,
DNI 24100554,24100554,20241005543,,DELFUER ROLANDO DARIO,
DNI 14730587,14730587,20147305878,,CRUCIANI JORGE ALBERTO,
DNI 22781995,22781995,20227819953,,RIQUELME MIGUEL ANGEL,
DNI 25247705,25247705,20252477056,,BLUMENFELD MARIANO,
DNI 27112611,27112611,27271126110,,FRANCO  NORMA BEATRIZ,
DNI 34100851,34100851,20341008515,,"WAUTHERS, EMANUEL ALEJANDRO",
DNI 34365260,34365260,20343652608,,LEYES JONATAN EMMANUEL,
