﻿IdExterno,Documento,CUIL,Apellido,Nombre,Calle,Altura,Piso,Depto,Localidad,Provincia,CP,ObraSocial,Tipo
DNI 25599714,25599714,27255997144,MUÑOZ,AZUCENA DEL CARMEN,,,,,,,,OBRA SOCIAL PARA EL PERSONAL DEL MINISTERIO DE ECONOMIA Y DE OBRAS Y SERVICIOS PUBLICOS,Titular
DNI 31693201,31693201,27316932016,PANIAGUA,ADRIANA RAQUEL,,,,,,,,OBRA SOCIAL DE LOS EMPLEADOS DE COMERCIO Y ACTIVIDADES CIVILES,Titular
DNIE95944575,95944575,27959445759,,FUENMAYOR VILLALOBOS MAYERLING COROMOTO,,,,,,,,O.S.P. BUENOS AIRES (IOMA),Titular
DNI 12432903,12432903,20124329036,KOVAC,DANIEL OMAR,,,,,,,,O.S.P. BUENOS AIRES (IOMA),Titular
DNI 17520001,17520001,20175200011,CERFOGLIO,ALBERTO DANIEL,,,,,,,,O.S. DEL PERS. MARITIMO,Titular
DNI 20769105,20769105,23207691054,SOSA,GRACIELA,,,,,,,,OBRA SOCIAL DE LOS EMPLEADOS DE COMERCIO Y ACTIVIDADES CIVILES,Titular
DNI 24758853,24758853,20247588532,GARCIA,PABLO EZEQUIEL,,,,,,,,"OBRA SOCIAL DE MINISTROS, SECRETARIOS Y SUBSECRETARIOS",Titular
DNI 25166302,25166302,20251663026,MERA AVILA,CARLOS NAHUEL,,,,,,,,OBRA SOCIAL DE LOS EMPLEADOS DE COMERCIO Y ACTIVIDADES CIVILES,Titular
DNI 12113446,12113446,20121134463,MACHINANDIARENA,JOSE ALBERTO,,,,,,,,O.S. DEL PERS. DE SEGURIDAD COMERCIAL,Titular
DNI 12209284,12209284,23122092844,ROBLE,MARIA ANA,,,,,,,,O.S.P. BUENOS AIRES (IOMA),Titular
DNI 13598713,13598713,20135987132,AGUIRRE,JOSE BENITO,,,,,,,,OBRA SOCIAL DEL SINDICATO DE MECANICOS Y AFINES DEL TRANSPORTE AUTOMOTOR,Titular
DNI 14074550,14074550,20140745503,AVILA,CARLOS ALFREDO,,,,,,,,O.S. DE CONDUCTORES CAMIONEROS Y PERS. DEL TRANSP.AUTOMOTOR DE CARGAS,Titular
DNI 19018287,19018287,27190182873,CARRION,ROSA FRANCIA,,,,,,,,OBRA SOCIAL DE LOS MEDICOS DE LA CIUDAD DE BUENOS AIRES,Titular
DNI 21044897,21044897,20210448978,RODONE,JOSE LUIS,,,,,,,,O.S. DEL PETROLEO Y GAS PRIVADO,Titular
DNI 24228430,24228430,20242284306,SINGH,CLAUDIO MARTIN,,,,,,,,OBRA SOCIAL DEL PERSONAL DE LA CONSTRUCCION,Titular
DNI 28802926,28802926,27288029267,RODRIGUEZ,CAROLINA BEATRIZ,,,,,,,,O.S.P. CIUDAD AUT. DE BUENOS AIRES (ObSBA),Titular
DNI 29376500,29376500,20293765007,RODRIGUEZ,JUAN ARNALDO,,,,,,,,OBRA SOCIAL DE CONDUCTORES DE TRANSPORTE COLECTIVO DE PASAJEROS,Titular
DNI 34908844,34908844,20349088445,ASPITIA LEAL,LUCAS EZEQUIEL,,,,,,,,OBRA SOCIAL DEL PERSONAL DE PANADERIAS,Titular
DNI 37753658,37753658,20377536585,CABALLERO,DAMIAN,,,,,,,,OBRA SOCIAL DEL PERSONAL DE LA INDUSTRIA TEXTIL,Titular
DNI 41430833,41430833,27414308339,AVILA MALDONADO,BRISA DE LOS ANGELES,,,,,,,,"OBRA SOCIAL DEL PERSONAL DEL TURISMO, HOTELERO Y GASTRONOMICO DE LA UNION DE TRABAJADORES DEL TURISMO HOTELEROS Y GASTRONOMICOS DE LA REPUBLICA ARGENTINA",Titular
DNI 31494669,31494669,20314946694,MOYANO,SEBASTIAN ALBERTO,,,,,,,,"OBRA SOCIAL DEL PERSONAL DE LA INDUSTRIA DEL FOSFORO, ENCENDIDO Y AFINES",Titular
DNI 33136175,33136175,27331361750,ESPIN,JESICA ROMINA,,,,,,,,O.S. DE LOS EMPLEADOS DE COMERCIO Y ACT.ES CIVILES,Titular
DNI 39768152,39768152,27397681527,DOMINGUEZ,LUDMILA MARIQUENA,,,,,,,,OBRA SOCIAL DEL PERSONAL ASOCIADO A ASOCIACION MUTUAL SANCOR,Titular
DNI 30403385,30403385,27304033857,LAINO,ANALIA MICAELA,,,,,,,,OBRA SOCIAL DE TECNICOS DE VUELO DE LINEAS AEREAS,Titular
DNI 33935764,33935764,20339357642,HEGOBURO,MAURICIO EZEQUIEL,,,,,,,,OBRA SOCIAL DE COMISARIOS NAVALES,Titular
DNI 35352345,35352345,24353523453,,"BARRIONUEVO NAHUEL OSVALDO                                                                                                                            ",,,,,,,,OBRA SOCIAL DE AERONAVEGANTES,Titular
DNI 16735359,16735359,20167353593,SALAS,GUSTAVO ALDO,,,,,,,,OBRA SOCIAL DE LA UNION OBRERA METALURGICA DE LA REPUBLICA ARGENTINA,Titular
DNI 24891240,24891240,20248912406,FERREYRA,ALEJANDRO DANIEL,,,,,,,,"OBRA SOCIAL TRABAJADORES PASTELEROS, CONFITEROS, PIZZEROS , HELADEROS Y ALFAJOREROS DE LA REPUBLICA ARGENTINA",Titular
DNI 36215685,36215685,27362156853,BURELLI,DAIANA STEFANIA,,,,,,,,OBRA SOCIAL PROGRAMAS MEDICOS SOCIEDAD ARGENTINA DE CONSULTORIA MUTUAL,Titular
DNI 38176141,38176141,20381761410,AMBROSIO,MAXIMILIANO ALEXANDER,,,,,,,,"OBRA SOCIAL DE MINISTROS, SECRETARIOS Y SUBSECRETARIOS",Titular
DNI 39962337,39962337,20399623376,MACHADO,GONZALO NAHUEL,,,,,,,,OBRA SOCIAL DEL PERSONAL SUPERIOR MERCEDES BENZ ARGENTINA,Titular
DNI 47100621,47100621,20471006212,SALAZAR,DIEGO GABRIEL FERNANDO,,,,,,,,"OBRA SOCIAL DE MINISTROS, SECRETARIOS Y SUBSECRETARIOS",Titular
DNI 28591060,28591060,23285910609,DANUZZO,JOSE MAXIMILIANO,,,,,,,,O.S. DEL PERS. DE LA ACT. DEL TURF,Titular
DNI 32997695,32997695,20329976956,NUNES,JUAN PABLO,,,,,,,,OBRA SOCIAL DE AGENTES DE LOTERIAS Y AFINES DE LA REPUBLICA ARGENTINA,Titular
DNI 36490269,36490269,27364902692,RIVERA,MARIA FLORENCIA,,,,,,,,"OBRA SOCIAL DE EMPRESARIOS, PROFESIONALES Y MONOTRIBUTISTAS",Titular
DNI 41147665,41147665,20411476651,LOPEZ,RODRIGO MATIAS,,,,,,,,OBRA SOCIAL PROGRAMAS MEDICOS SOCIEDAD ARGENTINA DE CONSULTORIA MUTUAL,Titular
DNI 13174757,13174757,20131747579,SABETTA,JUAN VICTOR,,,,,,,,OBRA SOCIAL DE LOS EMPLEADOS DE COMERCIO Y ACTIVIDADES CIVILES,Titular
DNI 25977262,25977262,20259772622,CARRIZO,OSCAR ALEJANDRO,,,,,,,,OBRA SOCIAL DE LOS MEDICOS DE LA CIUDAD DE BUENOS AIRES,Titular
DNI 32189539,32189539,20321895396,CARRACEDO,MATIAS GABRIEL,,,,,,,,"OBRA SOCIAL DEL PERSONAL DE SEGURIDAD COMERCIAL, INDUSTRIAL E INVESTIGACIONES PRIVADAS",Titular
DNI 34378079,34378079,20343780797,PEREZ,JUAN PABLO,,,,,,,,OBRA SOCIAL DE EMPLEADOS TEXTILES Y AFINES,Titular
DNI 34748417,34748417,20347484173,SILVA,EZEQUIEL DAMIAN,,,,,,,,OBRA SOCIAL DE LA UNION OBRERA METALURGICA DE LA REPUBLICA ARGENTINA,Titular
DNI 36514379,36514379,20365143790,MATURANO,MICHAEL MARCEL,,,,,,,,OBRA SOCIAL DEL PERSONAL DE LA CONSTRUCCION,Titular
DNI 41141450,41141450,20411414508,ERREGUERENA,MARCELO ALEXANDER,,,,,,,,OBRA SOCIAL DEL PERSONAL DE LA CONSTRUCCION,Titular
DNI 42040773,42040773,23420407734,PAEZ,SABRINA BELEN,,,,,,,,OBRA SOCIAL DE LOS EMPLEADOS DE COMERCIO Y ACTIVIDADES CIVILES,Titular
DNIE95638248,95638248,20956382484,REYES DAVIOT ANDRES ALFREDO,REYES DAVIOT ANDRES ALFREDO,,,,,,,,OBRA SOCIAL ACCION SOCIAL DE EMPRESARIOS,Titular
DNI 28065046,28065046,20280650464,FERNANDEZ,LUIS RODRIGO,,,,,,,,OBRA SOCIAL DE LA FEDERACION ARGENTINA DEL TRABAJADOR DE LAS UNIVERSIDADES NACIONALES,Titular
DNI 36950582,36950582,20369505824,OÑA,GUSTAVO DANIEL,,,,,,,,"OBRA SOCIAL DEL PERSONAL DEL TURISMO, HOTELERO Y GASTRONOMICO DE LA UNION DE TRABAJADORES DEL TURISMO HOTELEROS Y GASTRONOMICOS DE LA REPUBLICA ARGENTINA",Titular
DNI 37214687,37214687,20372146878,PACHECO,MARCELO ZENON,,,,,,,,"OBRA SOCIAL TRABAJADORES PASTELEROS, CONFITEROS, PIZZEROS , HELADEROS Y ALFAJOREROS DE LA REPUBLICA ARGENTINA",Titular
DNI 27042610,27042610,20270426108,ROBLE MARCELO DOMINGO,ROBLE MARCELO  DOMINGO,,,,,,,,OBRA SOCIAL DE LA CAMARA DE EMPRESARIOS DE AGENCIAS DE REMISES DE LA PROVINCIA DE BUENOS AIRES,Titular
DNI 36500663,36500663,20365006637,CORONEL,CARLOS EMMANUEL,,,,,,,,O.S. DE LA UNION OBRERA METALURGICA DE LA REP. ARGENTINA,Titular
DNI 25058102,25058102,27250581020,CASTAÑO,CAROLINA TERESA,,,,,,,,OBRA SOCIAL DEL PERSONAL DE AERONAVEGACION DE ENTES PRIVADOS,Titular
DNI 31062650,31062650,27310626509,TABORDA,GABRIELA ANDREA,,,,,,,,OBRA SOCIAL DE PETROLEROS,Titular
DNI 35631849,35631849,27356318493,VACCARILI,ORNELA CELESTE,,,,,,,,OBRA SOCIAL DEL PERSONAL ASOCIADO A ASOCIACION MUTUAL SANCOR,Titular
DNI 17345419,17345419,20173454199,GOMEZ,ISIDORO,,,,,,,,OBRA SOCIAL DEL PERSONAL RURAL Y ESTIBADORES DE LA REPUBLICA ARGENTINA,Titular
DNI 22177267,22177267,27221772674,TUBIAS,ANDREA KARINA,,,,,,,,OBRA SOCIAL DEL PERSONAL DE TELECOMUNICACIONES SINDICATO BUENOS AIRES,Titular
DNI 32680284,32680284,20326802841,RIVERO,MAURICIO MARCOS,,,,,,,,OBRA SOCIAL DE TRABAJADORES SOCIOS DE LA ASOCIACION MUTUAL DEL PERSONAL JERARQUICO DE BANCOS OFICIALES NACIONALES-JERARQUICOS SALUD-,Titular
DNI 34124882,34124882,20341248826,MENDEZ BRIAN OMAR,MENDEZ BRAIAN,,,,,,,,OBRA SOCIAL DEL PERSONAL RURAL Y ESTIBADORES DE LA REPUBLICA ARGENTINA,Titular
DNI 37041459,37041459,23370414599,NORIEGA SURBANO,MATIAS EMANUEL,,,,,,,,OBRA SOCIAL DE LOS EMPLEADOS DE COMERCIO Y ACTIVIDADES CIVILES,Titular
DNI 14353234,14353234,20143532349,RACEDO,RAMON REYES,,,,,,,,O.S.P. BUENOS AIRES (IOMA),Titular
DNI 24873089,24873089,27248730892,CARRERO,CLAUDIA LORENA,,,,,,,,OBRA SOCIAL DEL PERSONAL DEL ORGANISMO DE CONTROL EXTERNO,Titular
DNI 26551103,26551103,20265511032,FERNANDEZ,HUGO DANIEL,,,,,,,,OBRA SOCIAL UNION PERSONAL DE LA UNION DEL PERSONAL CIVIL DE LA NACION,Titular
DNI 29120624,29120624,20291206248,RODA,ERNESTO CEFERINO,,,,,,,,OBRA SOCIAL DEL PERSONAL DE LA CONSTRUCCION,Titular
DNI 33827373,33827373,27338273733,DEMA,GISELA ANAHI,,,,,,,,O.S.P. CORDOBA (APROSS),Titular
DNI 38406429,38406429,23384064299,ACOSTA,CRISTIAN JOAQUIN,,,,,,,,OBRA SOCIAL DE CONDUCTORES DE TRANSPORTE COLECTIVO DE PASAJEROS,Titular
DNI 39587595,39587595,20395875958,PEÑA QUEVEDO,ELIAS EZEQUIEL,,,,,,,,OBRA SOCIAL DE CHOFERES DE CAMIONES,Titular
DNI 40143268,40143268,27401432685,DELLAGIOVANNA,AGUSTINA BRENDA,,,,,,,,OBRA SOCIAL DE LOS EMPLEADOS DE COMERCIO Y ACTIVIDADES CIVILES,Titular
DNI 24889494,24889494,20248894947,LOPEZ,GUILLERMO HECTOR,,,,,,,,OBRA SOCIAL UNION PERSONAL DE LA UNION DEL PERSONAL CIVIL DE LA NACION,Titular
DNI 32245759,32245759,20322457597,GONZALEZ,HECTOR EDUARDO,,,,,,,,OBRA SOCIAL DE ENCARGADOS APUNTADORES MARITIMOS,Titular
DNI 37451571,37451571,20374515714,PALACIO,JONATAN CARLOS,,,,,,,,OBRA SOCIAL DE PETROLEROS,Titular
DNI 21930797,21930797,20219307978,VILLASANTI,HUGO RAFAEL,,,,,,,,O.S.P. CHACO (INSSSEP),Titular
DNI 26267457,26267457,20262674577,COLUSSI,CLAUDIO DANIEL,,,,,,,,OBRA SOCIAL DE CONDUCTORES CAMIONEROS Y PERSONAL DEL TRANSPORTE AUTOMOTOR DE CARGAS,Titular
DNI 34104803,34104803,20341048037,PAZ SAAVEDRA,LEONARDO JAVIER,,,,,,,,"OBRA SOCIAL DEL PERSONAL DE SEGURIDAD COMERCIAL, INDUSTRIAL E INVESTIGACIONES PRIVADAS",Titular
DNI 37821964,37821964,20378219648,CABANILLAS,ANGEL ANDRES,,,,,,,,"OBRA SOCIAL DEL PERSONAL DEL TURISMO, HOTELERO Y GASTRONOMICO DE LA UNION DE TRABAJADORES DEL TURISMO HOTELEROS Y GASTRONOMICOS DE LA REPUBLICA ARGENTINA",Titular
DNI 38395725,38395725,27383957252,NETO,MELANIE LUCIA,,,,,,,,OBRA SOCIAL DE CAPATACES  ESTIBADORES PORTUARIOS,Titular
DNI 38416730,38416730,27384167301,SARGNIOTTI CYNTIA DAIANA RITA,SARGNIOTTI CYNTIA DAIANA RITA,,,,,,,,OBRA SOCIAL DE PETROLEROS,Titular
DNIE94456340,94456340,20944563408,Quispe Paricahua,Gregorio,,,,,,,,"OBRA SOCIAL DEL PERSONAL DEL TURISMO, HOTELERO Y GASTRONOMICO DE LA UNION DE TRABAJADORES DEL TURISMO HOTELEROS Y GASTRONOMICOS DE LA REPUBLICA ARGENTINA",Titular
DNI 36636953,36636953,20366369539,ROJO SAGASTA,WALTER ARIEL,,,,,,,,OBRA SOCIAL UNION PERSONAL DE LA UNION DEL PERSONAL CIVIL DE LA NACION,Titular
DNI 39193187,39193187,23391931879,GOMEZ ENZO ANTONIO,GOMEZ ENZO ANTONIO,,,,,,,,OBRA SOCIAL DE GUINCHEROS Y MAQUINISTAS DE GRUAS MOVILES,Titular
DNI 39936134,39936134,20399361347,CORDOBA,MIGUEL ARIEL,,,,,,,,O.S. DEL PERS. DE LA CONSTRUCCION,Titular
DNIE95852655,95852655,20958526556,,RAMIREZ YEDRA JEAN CARLOS JOSE,,,,,,,,OBRA SOCIAL DE BOXEADORES AGREMIADOS DE LA REPUBLICA ARGENTINA,Titular
DNI 23136756,23136756,20231367560,LUNA,PABLO ALEJANDRO,,,,,,,,O.S.P. BUENOS AIRES (IOMA),Titular
DNI 30837316,30837316,23308373169,ARIAS PABLO FERNANDO,ARIAS PABLO FERNANDO,,,,,,,,OBRA SOCIAL DE LOS EMPLEADOS DE COMERCIO Y ACTIVIDADES CIVILES,Titular
DNI 32766236,32766236,20327662369,BARBIERI,FAVIO ALEJANDRO,,,,,,,,O.S.P. TIERRA DEL FUEGO(IPAUSS),Titular
DNI 32883290,32883290,27328832904,KERBS,CINTHIA ROMINA,,,,,,,,OBRA SOCIAL ACCION SOCIAL DE EMPRESARIOS,Titular
DNI 29053112,29053112,20290531129,MAIDANA,CESAR JAVIER,,,,,,,,OBRA SOCIAL DE LA UNION OBRERA METALURGICA DE LA REPUBLICA ARGENTINA,Titular
DNI 29666633,29666633,20296666336,CAJAL,JORGE LUIS,,,,,,,,OBRA SOCIAL DE LOS SUPERVISORES DE LA INDUSTRIA METALMECANICA DE LA REPUBLICA ARGENTINA,Titular
DNI 30643252,30643252,20306432525,DIEZ,MAXIMILIANO,,,,,,,,OBRA SOCIAL ACCION SOCIAL DE EMPRESARIOS,Titular
DNI 36941394,36941394,20369413946,AGUIRRE,ALEJANDRO CRISTOBAL,,,,,,,,OBRA SOCIAL DE LOS MEDICOS DE LA CIUDAD DE BUENOS AIRES,Titular
DNIE92728341,92728341,20927283418,ARBOLITO,"RODRIGUEZ JOSE RICARDO        ",,,,,,,,OBRA SOCIAL DEL PERSONAL DE EDIFICIOS DE RENTA Y HORIZONTAL DE LA CIUDAD AUTONOMA DE BUENOS AIRES Y GRAN BUENOS AIRES,Titular
DNI 26190851,26190851,20261908515,RAGUASI OMAR DARIO,RAGUASI DARIO,,,,,,,,O.S.P. MENDOZA (OSEP),Titular
DNI 33684878,33684878,20336848785,BENITEZ DIEGO DARIO,BENITEZ DIEGO DARIO,,,,,,,,OBRA SOCIAL DE LOS EMPLEADOS DE COMERCIO Y ACTIVIDADES CIVILES,Titular
DNI 34306744,34306744,20343067446,ZAMORA,FERNANDO ADRIEL,,,,,,,,OBRA SOCIAL DE LOS EMPLEADOS DE COMERCIO Y ACTIVIDADES CIVILES,Titular
DNI 43729241,43729241,20437292419,VARANI,LAUTARO ALFREDO,,,,,,,,OBRA SOCIAL DEL PERSONAL DE LA CONSTRUCCION,Titular
DNI 27248701,27248701,23272487014,GODOY,MARIA ESTER,,,,,,,,O.S.P. CORDOBA (APOSS),Titular
DNI 32916483,32916483,20329164838,CRISTALDO,CESAR JAVIER,,,,,,,,OBRA SOCIAL PARA EL PERSONAL DEL MINISTERIO DE ECONOMIA Y DE OBRAS Y SERVICIOS PUBLICOS,Titular
DNI 36737710,36737710,20367377101,GUILQUERUCA,HECTOR DANIEL,,,,,,,,OBRA SOCIAL DEL PERSONAL DE LA CONSTRUCCION,Titular
DNI 40655115,40655115,27406551151,QUISPE,GIULIANA,,,,,,,,OBRA SOCIAL DE LOS EMPLEADOS DE COMERCIO Y ACTIVIDADES CIVILES,Titular
DNI 41233796,41233796,20412337965,ACEVEDO,TOBIAS ADRIAN,,,,,,,,OBRA SOCIAL DE MANDOS MEDIOS DE TELECOMUNICACIONES EN LA REPUBLICA ARGENTINA Y MERCOSUR,Titular
DNI 42962211,42962211,20429622116,PEREYRA,RODRIGO AARON,,,,,,,,OBRA SOCIAL DEL PERSONAL MOSAISTA,Titular
DNI 16694691,16694691,20166946914,GONZALEZ OSCAR ANTONIO,GONZALEZ OSCAR ANTONIO,,,,,,,,OBRA SOCIAL DEL PERSONAL DE PRENSA DE MENDOZA,Titular
DNI 30654337,30654337,20306543378,BUSTOS MEDINA,MARTIN ADOLFO,,,,,,,,OBRA SOCIAL DEL PERSONAL DEL AUTOMOVIL CLUB ARGENTINO,Titular
DNI 34308719,34308719,20343087196,GUARI,JOSUÉ EMANUEL,,,,,,,,OBRA SOCIAL DEL PERSONAL DE LA ACTIVIDAD DEL TURF,Titular
DNI 36089495,36089495,23360894959,CARRILLO,JONATAN EZEQUIEL,,,,,,,,OBRA SOCIAL DEL PERSONAL ADMINISTRATIVO Y TECNICO DE LA CONSTRUCCION Y AFINES,Titular
DNI 42147206,42147206,27421472063,CASTRO,MARIA VICTORIA,,,,,,,,"OBRA SOCIAL TRABAJADORES PASTELEROS, CONFITEROS, PIZZEROS , HELADEROS Y ALFAJOREROS DE LA REPUBLICA ARGENTINA",Titular
DNI 17944543,17944543,20179445434,OUTEDA,GUSTAVO FABIAN,,,,,,,,OBRA SOCIAL PARA EL PERSONAL DE OBRAS Y SERVICIOS SANITARIOS,Titular
DNI 27930028,27930028,23279300289,STIVALA RENDINA,DIEGO GASTON,,,,,,,,"OBRA SOCIAL DE LA ACTIVIDAD DE SEGUROS, REASEGUROS, CAPITALIZACION Y AHORRO Y PRESTAMO PARA LA VIVIENDA",Titular
DNI 34852038,34852038,20348520386,TUCCI,DANIEL OSCAR,,,,,,,,OBRA SOCIAL DEL PERSONAL DE MAESTRANZA,Titular
DNI 37387373,37387373,20373873730,BARRIENTOS,DIEGO HERNAN,,,,,,,,OBRA SOCIAL DEL PERSONAL DE MAESTRANZA,Titular
DNI 42935268,42935268,20429352682,MARTININI,FACUNDO GABRIEL,,,,,,,,OBRA SOCIAL DEL PERSONAL DE PRENSA DE TUCUMAN,Titular
DNI 37879941,37879941,23378799414,BUSSETTI,CAMILA MARIANA,,,,,,,,OBRA SOCIAL DEL PERSONAL ASOCIADO A ASOCIACION MUTUAL SANCOR,Titular
DNI 39056612,39056612,20390566124,AREVALO,DIEGO DAVID,,,,,,,,OBRA SOCIAL DEL PERSONAL DE SOCIEDADES DE AUTORES Y AFINES,Titular
DNI 39335997,39335997,27393359973,QUINTANA MELISA SOLEDAD,,,,,,,,,"OBRA SOCIAL TRABAJADORES PASTELEROS, CONFITEROS, PIZZEROS , HELADEROS Y ALFAJOREROS DE LA REPUBLICA ARGENTINA",Titular
DNI 43079302,43079302,20430793021,,"RUPAYAN ANDRES JOSE SIMON                                                                                                                             ",,,,,,,,ASOCIACION DE OBRAS SOCIALES DE TRELEW,Titular
DNI 32693599,32693599,23326935999,BLANCO,ALEJANDRO MAXIMILIANO,,,,,,,,OBRA SOCIAL DE VAREADORES,Titular
DNI 40490400,40490400,20404904001,ARIAS,MATIAS ALEJANDRO,,,,,,,,OBRA SOCIAL DEL PERSONAL MOSAISTA,Titular
DNIE93003360,93003360,20930033600,TORALES,"FLEITAS DAMIAN        ",,,,,,,,OBRA SOCIAL DEL PERSONAL DE EDIFICIOS DE RENTA Y HORIZONTAL DE LA CIUDAD AUTONOMA DE BUENOS AIRES Y GRAN BUENOS AIRES,Titular
DNI 18366500,18366500,20183665007,GONZALEZ,JOSE ALBERTO,,,,,,,,"OBRA SOCIAL DE MINISTROS, SECRETARIOS Y SUBSECRETARIOS",Titular
DNI 29124618,29124618,20291246185,ARCOLIA,ROQUE MOISES,,,,,,,,OBRA SOCIAL DE LOS EMPLEADOS DE COMERCIO Y ACTIVIDADES CIVILES,Titular
DNI 30933791,30933791,20309337914,ESTERIO LEANDRO CRISTIAN,ESTERIO LEANDRO CRISTIAN,,,,,,,,OBRA SOCIAL DE LOS MEDICOS DE LA CIUDAD DE BUENOS AIRES,Titular
DNI 31827181,31827181,20318271810,SALEGA,ALEJANDRO JAVIER,,,,,,,,OBRA SOCIAL DE EMPLEADOS DE LA MARINA MERCANTE,Titular
DNI 34412323,34412323,20344123234,BAIGORRIA,JONATAN EDGARDO,,,,,,,,OBRA SOCIAL DE CHOFERES DE CAMIONES,Titular
DNI 35417685,35417685,20354176859,MARCON,CARLOS YAMIL,,,,,,,,OBRA SOCIAL PARA EL PERSONAL DEL MINISTERIO DE ECONOMIA Y DE OBRAS Y SERVICIOS PUBLICOS,Titular
DNI 35819722,35819722,20358197222,VERON CAORSI,DIEGO HERNAN,,,,,,,,OBRA SOCIAL DE CERAMISTAS,Titular
DNI 17259874,17259874,23172598749,ACOSTA,HECTOR OSVALDO,,,,,,,,O.S.P. JUJUY (ISJ),Titular
DNI 25674832,25674832,20256748321,SOTZ CORONEL,GUSTAVO EZEQUIEL,,,,,,,,OBRA SOCIAL DEL PERSONAL SUPERIOR MERCEDES BENZ ARGENTINA,Titular
DNI 29661152,29661152,20296611523,MEZA,RICARDO DAVID,,,,,,,,O.S. DE CONDUCTORES DE TRANSPORTE COLECTIVO DE PASAJEROS,Titular
DNI 31096867,31096867,27310968671,PEDONE,MARIA ALDANA,,,,,,,,OBRA SOCIAL DE CONDUCTORES DE REMISES Y AUTOS AL INSTANTE Y AFINES,Titular
DNI 32347140,32347140,27323471407,DE BIEN,ROSA ROMINA,,,,,,,,O.S.P. SALTA (IPS),Titular
DNI 37858214,37858214,20378582149,SAN MARTIN,LUCAS EZEQUIEL,,,,,,,,OBRA SOCIAL DE PETROLEROS,Titular
DNI 38848217,38848217,20388482177,CAMPLI,GONZALO NICOLAS,,,,,,,,OBRA SOCIAL DE SERENOS DE BUQUES,Titular
DNI 40018488,40018488,20400184888,QUIROZ,IGNACIO RUBEN,,,,,,,,OBRA SOCIAL DE EMPLEADOS Y PERSONAL JERARQUICO DE LA ACTIVIDAD DEL NEUMATICO ARGENTINO DE NEUMATICOS GOOD YEAR SRL,Titular
DNI 34727357,34727357,20347273571,GOMEZ,ANGEL LISANDRO,,,,,,,,OBRA SOCIAL DE CHOFERES DE CAMIONES,Titular
DNI 34784759,34784759,27347847599,AYALA BRAVO,MICAELA SOLEDAD,,,,,,,,O.S. DE CONDUCTORES DE TRANSPORTE COLECTIVO DE PASAJEROS,Titular
DNI 34949565,34949565,20349495652,POMAR,NICOLAS EZEQUIEL,,,,,,,,OBRA SOCIAL DE LOS EMPLEADOS DE COMERCIO Y ACTIVIDADES CIVILES,Titular
DNI 37538197,37538197,23375381974,MACIEL CASTRO,ALEJANDRA AYELEN,,,,,,,,OBRA SOCIAL DEL PERSONAL SUPERIOR MERCEDES BENZ ARGENTINA,Titular
DNI 21109646,21109646,27211096468,VARGAS,MARCELA FABIANA,,,,,,,,OBRA SOCIAL DE CONDUCTORES DE TRANSPORTE COLECTIVO DE PASAJEROS,Titular
DNI 16000305,16000305,27160003052,PASTRANA,NORMA GRACIELA,,,,,,,,O.S. DE LA ACT. DE SEGUROS,Titular
DNI 23548221,23548221,27235482210,DICIANO,ELIZABETH INES,,,,,,,,OBRA SOCIAL DE LA CONFEDERACION DE OBREROS Y EMPLEADOS MUNICIPALES ARGENTINA (OSCOEMA),Titular
DNI 28882168,28882168,27288821688,GONZALO,SUSANA LAURA,,,,,,,,O.S.P. SANTA FE (IAPOS),Titular
DNI 30526311,30526311,27305263112,GIMENEZ,MARIA ELOISA,,,,,,,,OBRA SOCIAL PARA EL PERSONAL DE OBRAS Y SERVICIOS SANITARIOS,Titular
DNI 31767357,31767357,23317673574,SIVICOTTI,FLAVIA ANABEL,,,,,,,,OBRA SOCIAL DEL PERSONAL DEL ORGANISMO DE CONTROL EXTERNO,Titular
DNI 34946835,34946835,27349468358,,"SANCHEZ DAVID FEDERICO                                                                                                                                ",,,,,,,,OBRA SOCIAL DE PETROLEROS,Titular
DNI 35987892,35987892,20359878924,MIRANDA BULNES,JONATHAN ENRIQUE,,,,,,,,OBRA SOCIAL DEL PERSONAL DE LA CONSTRUCCION,Titular
DNI 39713219,39713219,20397132197,LENCINA,LEANDRO JAVIER,,,,,,,,OBRA SOCIAL DEL PERSONAL DE LA CONSTRUCCION,Titular
DNI 17001380,17001380,27170013803,HEREDIA,NANCY LILIANA,,,,,,,,O.S. DE LA FED. GREMIAL DE LA IND. DE LA CARNE Y SUS DERIVADOS,Titular
DNI 25027540,25027540,20250275405,VAVA,GUSTAVO GASTON,,,,,,,,O.S. DE LOS EMPLEADOS DE COMERCIO Y ACT.ES CIVILES,Titular
DNI 40353599,40353599,20403535991,NARANJO,MARTIN IVAN,,,,,,,,OBRA SOCIAL DE AERONAVEGANTES,Titular
DNI 25901031,25901031,23259010314,QUIROGA,FABIANA ANDREA,,,,,,,,OBRA SOCIAL DE TRABAJADORES DEL PETROLEO Y GAS PRIVADO DEL CHUBUT,Titular
DNI 34779681,34779681,27347796811,VILLENA JARA,GABRIELA INES D,,,,,,,,OBRA SOCIAL DEL PERSONAL ASOCIADO A ASOCIACION MUTUAL SANCOR,Titular
DNI 42728275,42728275,27427282754,DELGADILLO,MICAELA AGOSTINA,,,,,,,,OBRA SOCIAL DEL PERSONAL ASOCIADO A ASOCIACION MUTUAL SANCOR,Titular
DNI 20064244,20064244,27200642444,DEGIROLMO,LAURA MYRIAN,,,,,,,,OBRA SOCIAL DE LOS EMPLEADOS DE COMERCIO Y ACTIVIDADES CIVILES,Titular
DNI 24732366,24732366,20247323660,SCHMIDT,ENRIQUE SERGIO MARCELO,,,,,,,,OBRA SOCIAL DEL SINDICATO DE MECANICOS Y AFINES DEL TRANSPORTE AUTOMOTOR,Titular
DNI 35122743,35122743,27351227430,BONIFACIO,MARIA SOLEDAD,,,,,,,,"OBRA SOCIAL DEL PERSONAL DE BARRACAS DE LANAS, CUEROS Y ANEXOS",Titular
DNI 35339326,35339326,20353393260,GALVAN ESCOBAR,JONATHAN LEANDRO DANIEL,,,,,,,,OBRA SOCIAL UNION PERSONAL DE LA UNION DEL PERSONAL CIVIL DE LA NACION,Titular
DNI 37021837,37021837,20370218375,ALVAREZ,LEANDRO NAHUEL,,,,,,,,OBRA SOCIAL DEL PERSONAL DE LA SANIDAD ARGENTINA,Titular
DNI 37206323,37206323,20372063239,CHAVEZ,FEDERICO,,,,,,,,O.S. DEL PERS. GRAFICO,Titular
DNI 40596572,40596572,20405965721,ROJAS,BRIAN ANTONIO,,,,,,,,OBRA SOCIAL DEL PERSONAL DE LA ACTIVIDAD VITIVINICOLA,Titular
DNI 18491649,18491649,20184916496,ROCHELLE,CARLOS EDGARDO CEFERINO,,,,,,,,OBRA SOCIAL DEL PERSONAL DE REFINERIAS DE MAIZ,Titular
DNI 23166021,23166021,27231660211,DABROWSKI,MONICA RAQUEL,,,,,,,,O.S.P. MISIONES (IPS),Titular
DNI 23241280,23241280,27232412807,RAMACCIONI,DANIELA EGLE,,,,,,,,OBRA SOCIAL DEL PERSONAL DE DIRECCION DE LA INDUSTRIA METALURGICA Y DEMAS ACTIVIDADES EMPRESARIAS,Titular
DNI 23469991,23469991,27234699917,GRAMAJO CASELLINI,MARIA,,,,,,,,O.S. DE EJECUTIVOS Y DEL PERS. DE DIR. DE EMPRESAS,Titular
DNI 28174560,28174560,20281745604,PRONESTI,CARLOS ALBERTO,,,,,,,,OBRA SOCIAL DE VIAJANTES VENDEDORES DE LA REPUBLICA ARGENTINA. (ANDAR),Titular
DNI 28910396,28910396,20289103962,CARRASCO,MARIANO MARTIN RICARDO,,,,,,,,O.S. DEL PERS. DEL ESPECTACULO PUBLICO,Titular
DNI 38699309,38699309,27386993098,TULIAN,MARIA SOL,,,,,,,,OBRA SOCIAL DE LA ASOCIACION CIVIL PROSINDICATO DE AMAS DE CASA DE LA REPUBLICA ARGENTINA,Titular
DNI 39481114,39481114,23394811149,ALONSO,RAUL RICARDO,,,,,,,,OBRA SOCIAL DE LA CAMARA DE EMPRESARIOS DE AGENCIAS DE REMISES DE LA PROVINCIA DE BUENOS AIRES,Titular
DNI 40463853,40463853,20404638530,RODRIGUEZ,GUILLERMO FROILAN,,,,,,,,OBRA SOCIAL DE ENCARGADOS APUNTADORES MARITIMOS,Titular
DNI 40845815,40845815,20408458154,MORALES,RODRIGO SEBASTIAN,,,,,,,,OBRA SOCIAL DE LOS EMPLEADOS DE COMERCIO Y ACTIVIDADES CIVILES,Titular
DNI 42365985,42365985,20423659859,GOMEZ,PABLO SEBASTIAN,,,,,,,,OBRA SOCIAL DEL PERSONAL DE LA INDUSTRIA DEL PLASTICO,Titular
DNI 19069649,19069649,27190696494,CRISTALLINI SALINAS ANTONELLA LIZ,CRISTALLINI ANTONELLA LIZ,,,,,,,,"OBRA SOCIAL  DE EMPRESARIOS, PROFESIONALES Y MONOTRIBUTISTAS",Titular
DNI 21172683,21172683,20211726831,CORONEL,MANUEL CLAUDIO,,,,,,,,OBRA SOCIAL DE LOS EMPLEADOS DE COMERCIO Y ACTIVIDADES CIVILES,Titular
DNI 22177356,22177356,20221773560,WEISS,MAXIMILIANO PABLO,,,,,,,,OBRA SOCIAL DEL PERSONAL DEL AUTOMOVIL CLUB ARGENTINO,Titular
DNI 27013885,27013885,20270138854,CORREA,DANIEL AGUSTIN,,,,,,,,OBRA SOCIAL PROGRAMAS MEDICOS SOCIEDAD ARGENTINA DE CONSULTORIA MUTUAL,Titular
DNI 30341838,30341838,20303418386,LARA,EDUARDO JESUS,,,,,,,,OBRA SOCIAL DE YACIMIENTOS CARBONIFEROS,Titular
DNI 30572852,30572852,20305728528,SZURPIK,FERNANDO MARCELO ARIEL,,,,,,,,OBRA SOCIAL DE LA UNION OBRERA METALURGICA DE LA REPUBLICA ARGENTINA,Titular
DNI 31993992,31993992,20319939920,SANDOVAL,DIEGO JAVIER,,,,,,,,OBRA SOCIAL DE AGENTES DE LOTERIAS Y AFINES DE LA REPUBLICA ARGENTINA,Titular
DNI 34251872,34251872,23342518729,D'ALESSANDRO,HUGO ROGELIO,,,,,,,,OBRA SOCIAL DE LOS CORTADORES DE LA INDUMENTARIA,Titular
DNI 34673147,34673147,27346731473,SILVA,KARINA NATALIA,,,,,,,,O.S.P. BUENOS AIRES (IOMA),Titular
DNI 35313378,35313378,20353133781,LAGOS LOPEZ VICTOR MAXIMILIANO,LAGOS LOPEZ VICTOR MAXIMILIANO,,,,,,,,OBRA SOCIAL DEL PERSONAL DE LA CONSTRUCCION,Titular
DNI 36484027,36484027,20364840277,ANDINO,DAMIAN RAMON,,,,,,,,OBRA SOCIAL DE LOS TRABAJADORES DE LA CARNE Y AFINES DE LA REPUBLICA ARGENTINA,Titular
DNI 45308265,45308265,27453082658,NAVARRO,ROCIO,,,,,,,,OBRA SOCIAL DEL PERSONAL DE MAESTRANZA,Titular
DNI 13963393,13963393,20139633939,GALLEGO,ROQUE NICOLAS,,,,,,,,O.S.P. CORDOBA (APROSS),Titular
DNI 21393824,21393824,27213938245,LUND,LAURA ISABEL,,,,,,,,O.S.P. CORDOBA (APROSS),Titular
DNI 27030616,27030616,20270306161,FERREYRA,ELIO GABRIEL,,,,,,,,OBRA SOCIAL DEL PERSONAL DE AGUAS GASEOSAS Y AFINES,Titular
DNI 34511715,34511715,20345117157,NEQUI CESAR ROLANDO SEBASTIAN,NEQUI CESAR ROLANDO,,,,,,,,OBRA SOCIAL DE LA ASOCIACION CIVIL PROSINDICATO DE AMAS DE CASA DE LA REPUBLICA ARGENTINA,Titular
DNI 39536125,39536125,20395361253,ALFARO PALAVECINO,FABRICIO NICOLAS,,,,,,,,O.S.P. SALTA (IPS),Titular
DNI 24490881,24490881,27244908816,BERGOGLIO,VANESA,,,,,,,,OBRA SOCIAL BANCARIA ARGENTINA,Titular
DNI 21451211,21451211,20214512115,LOPEZ NARVAJA,GASTON JUAN SANTIAGO,,,,,,,,OBRA SOCIAL DE EJECUTIVOS Y DEL PERSONAL DE DIRECCION DE EMPRESAS,Titular
DNI 13272143,13272143,20132721433,FERREYRA,LUIS EDUARDO,,,,,,,,O.S.P. CORDOBA (APROSS),Titular
DNI 39721509,39721509,20397215092,VALDEZ,FRANCO DAVID,,,,,,,,"OBRA SOCIAL DEL PERSONAL DEL TURISMO, HOTELERO Y GASTRONOMICO DE LA UNION DE TRABAJADORES DEL TURISMO HOTELEROS Y GASTRONOMICOS DE LA REPUBLICA ARGENTINA",Titular
DNI 35939975,35939975,27359399753,GOMEZ,PAULA GISELA,,,,,,,,OBRA SOCIAL DE SERENOS DE BUQUES,Titular
DNI 14628374,14628374,27146283743,BAEZ,HILDA GRACIELA,,,,,,,,OBRA SOCIAL DE LOS EMPLEADOS DE COMERCIO Y ACTIVIDADES CIVILES,Titular
DNI 29042727,29042727,20290427275,FERNANDEZ,PABLO DANIEL,,,,,,,,OBRA SOCIAL DE COMISARIOS NAVALES,Titular
DNI 30261948,30261948,20302619485,CALIVA,CESAR HORACIO CARMELO,,,,,,,,O.S. DE LOS EMPLEADOS DE COMERCIO Y ACT.ES CIVILES,Titular
DNI 32936618,32936618,23329366189,GAJO,NICOLAS DANIEL,,,,,,,,OBRA SOCIAL DE PATRONES DE CABOTAJE DE RIOS Y PUERTOS,Titular
DNI 34415393,34415393,27344153936,AYALA,DEBORA BELEN,,,,,,,,OBRA SOCIAL ACCION SOCIAL DE EMPRESARIOS,Titular
DNI 23124835,23124835,20231248359,ZILBERSZTEIN,DIEGO HERNAN,,,,,,,,OBRA SOCIAL DE LOS EMPLEADOS DE COMERCIO Y ACTIVIDADES CIVILES,Titular
DNI 16083628,16083628,27160836283,TABORDA,MONICA DEL VALLE,,,,,,,,OBRA SOCIAL DE LA FEDERACION ARGENTINA DEL TRABAJADOR DE LAS UNIVERSIDADES NACIONALES,Titular
DNI 36644056,36644056,23366440569,PRONER,MARIANO,,,,,,,,OBRA SOCIAL DE LOS INMIGRANTES ESPAÑOLES Y SUS DESCENDIENTES RESIDENTES EN LA REPUBLICA ARGENTINA,Titular
DNI 13236589,13236589,20132365890,ARONNO,JUAN H,,,,,,,,"OBRA SOCIAL DE EMPRESARIOS, PROFESIONALES Y MONOTRIBUTISTAS",Titular
DNI 32386318,32386318,27323863186,CASANO,MARIANA,,,,,,,,OBRA SOCIAL DE EJECUTIVOS Y DEL PERSONAL DE DIRECCION DE EMPRESAS,Titular
DNI 34101862,34101862,20341018626,PINTO BRETTI,NICOLAS EZEQUIEL,,,,,,,,OBRA SOCIAL DE LOS EMPLEADOS DE COMERCIO Y ACTIVIDADES CIVILES,Titular
DNIE94090724,94090724,27940907247,SOBIESKI,"KAREN         ",,,,,,,,OBRA SOCIAL DE EJECUTIVOS Y DEL PERSONAL DE DIRECCION DE EMPRESAS,Titular
DNI 28758203,28758203,27287582035,RONDA,ANA MARIA RITA,,,,,,,,O.S.P. CORRIENTES (IOSCOR),Titular
DNIE93970056,93970056,20939700561,LEVANO,"ESPINOZA JOSE ENRIQUE       ",,,,,,,,OBRA SOCIAL DE EJECUTIVOS Y DEL PERSONAL DE DIRECCION DE EMPRESAS,Titular
DNI 24199784,24199784,24241997843,PACHECO CATALINO MIGUEL,,,,,,,,,OBRA SOCIAL DE EMPLEADOS TEXTILES Y AFINES,Titular
DNI 30614200,30614200,27306142009,CAÑETE,MARIA DE LOS ANGELES,,,,,,,,OBRA SOCIAL UNION PERSONAL DE LA UNION DEL PERSONAL CIVIL DE LA NACION,Titular
DNI 33960548,33960548,27339605489,PAVONI,JUANA IRENE,,,,,,,,OBRA SOCIAL DE MANDOS MEDIOS DE TELECOMUNICACIONES EN LA REPUBLICA ARGENTINA Y MERCOSUR,Titular
DNI 10893532,10893532,20108935325,CAPPUCCIO,RICARDO,,,,,,,,O.S. DEL PERS. DE SEGURIDAD COMERCIAL,Titular
DNI 16589828,16589828,20165898282,CUSANO,VICTOR RODOLFO,,,,,,,,OBRA SOCIAL DE LOS MEDICOS DE LA CIUDAD DE BUENOS AIRES,Titular
DNI 29932893,29932893,20299328938,SANTA CRUZ,MARTIN ALEJANDRO,,,,,,,,OBRA SOCIAL DEL PERSONAL DEL AUTOMOVIL CLUB ARGENTINO,Titular
DNI 38588266,38588266,27385882667,ESPADA,MARIA LUCIA,,,,,,,,OBRA SOCIAL ACCION SOCIAL DE EMPRESARIOS,Titular
DNIE93260655,93260655,20932606551,ZAPATA,"ANGEL MATIAS       ",,,,,,,,"OBRA SOCIAL DEL PERSONAL DEL TURISMO, HOTELERO Y GASTRONOMICO DE LA UNION DE TRABAJADORES DEL TURISMO HOTELEROS Y GASTRONOMICOS DE LA REPUBLICA ARGENTINA",Titular
DNIE95808303,95808303,27958083039,,SANZ CARIDAD AGUSTINA NIRVANA,,,,,,,,OBRA SOCIAL DE LOS EMPLEADOS DE COMERCIO Y ACTIVIDADES CIVILES,Titular
DNI 27328765,27328765,20273287656,PAVON,ADRIAN ALEJANDRO,,,,,,,,OBRA SOCIAL DE EJECUTIVOS Y DEL PERSONAL DE DIRECCION DE EMPRESAS,Titular
DNI 41101307,41101307,20411013074,AVALOS,JUAN SEBASTIAN,,,,,,,,OBRA SOCIAL DEL PERSONAL DE LA CONSTRUCCION,Titular
DNIE93418515,93418515,20934185154,FERNANDEZ,"FRANCISCO RAMON          ",,,,,,,,O.S. DE VIAJANTES VENDEDORES DE LA REP. ARGENTINA.,Titular
DNI 12137898,12137898,20121378982,GUDIÑO,EDUARDO,,,,,,,,O.S.P. CIUDAD AUT. DE BUENOS AIRES (ObSBA),Titular
DNI 29230581,29230581,20292305819,GODOY,CRISTIAN SEBASTIAN,,,,,,,,OBRA SOCIAL DEL PERSONAL DE ENTIDADES DEPORTIVAS Y CIVILES,Titular
DNI 36062587,36062587,27360625872,BANCEROWSKI,SILVANA VANINA,,,,,,,,OBRA SOCIAL DEL PERSONAL DE LA SANIDAD ARGENTINA,Titular
DNI 5387155,5387155,20053871551,ARRUA,ROBERTO OSCAR,,,,,,,,O.S.P. BUENOS AIRES (IOMA),Titular
RMS376636952732003,22630020,27226300207,ANDINO,PAULA ANDREA,,,,,,,,OBRA SOCIAL UNION PERSONAL DE LA UNION DEL PERSONAL CIVIL DE LA NACION,Titular
RMS379975986181002,13923872,23139238729,ROSALES,RUBEN HILARIO,,,,,,,,IOSE,Titular
RMS376637062732008,33634168,20336341680,HIRIART URRUTY,RAMIRO JESUS,,,,,,,,OBRA SOCIAL DE EJECUTIVOS Y DEL PERSONAL DE DIRECCION DE EMPRESAS,Titular
RMS376638657741008,31638010,27316380102,BARNES CASTILLO,MARIA TERESA,,,,,,,,OBRA SOCIAL DEL PERSONAL SUPERIOR MERCEDES BENZ ARGENTINA,Titular
RMS376416258942006,17951548,20179515483,BARRESI,ROBERTO DANIEL,,,,,,,,OBRA SOCIAL DEL PERSONAL DE DIRECCION DE LA SANIDAD LUIS PASTEUR,Titular
RMS376687475691002,25513604,20255136047,LEDESMA MARIO JAVIER,MARIO JAVIER LEDESMA,,,,,,,,O.S. DEL PERS. HOTELERO Y GASTRONOMICO DE LA UNION DE TRABAJ.HOTELEROS Y GASTRONOMICOS DE LA REP. ARGENTINA,Titular
RMS376639584193008,13669785,20136697855,TEVEZ,ALFREDO O,,,,,,,,O.S. DEL PERS. DE LA CERAMICA,Titular
RMS376417385931003,20694442,20206944421,MEANA,MARCELO RICARDO,,,,,,,,OBRA SOCIAL DE TECNICOS DE VUELO DE LINEAS AEREAS,Titular
RMS376637071331008,10744247,20107442473,MIGONI,HECTOR DANIEL,,,,,,,,O.S.P. ENTRE RIOS (IOSPER),Titular
RMS376418364031005,7612107,23076121079,GOMEZ,OSVALDO RUBEN,,,,,,,,O.S. DE VIAJANTES VENDEDORES DE LA REP. ARGENTINA.,Titular
RMS376418146361001,12080738,20120807383,MONDELLA,RICARDO,,,,,,,,O.S. DEL PERS. DE DIR. DE LA IND. METALURGICA Y DEMAS ACT.ES EMPRESARIAS,Titular
RMS376418338361009,10701190,20107011901,GOMEZ,ABELINO,,,,,,,,O.S. DEL PERS. HOTELERO Y GASTRONOMICO DE LA UNION DE TRABAJ.HOTELEROS Y GASTRONOMICOS DE LA REP. ARGENTINA,Titular
RMS376413988931003,23086225,27230862252,MAGGI GUITARD,BARBARA EUGENIA,,,,,,,,OBRA SOCIAL DEL PERSONAL DE DIRECCION DE LA SANIDAD LUIS PASTEUR,Titular
RMS376686649772003,17606409,23176064099,BALENA,RODOLFO EDUARDO,,,,,,,,O.S. DE LA ACT. DE SEGUROS,Titular
RMS376710087973004,13147496,20131474963,AMIEVA,ERNESTO RAUL,,,,,,,,OBRA SOCIAL UNION PERSONAL DE LA UNION DEL PERSONAL CIVIL DE LA NACION,Titular
RMS376711464373008,21428540,20214285402,SMITARELLO,PABLO JOSE ANTONIO,,,,,,,,OBRA SOCIAL UNION PERSONAL DE LA UNION DEL PERSONAL CIVIL DE LA NACION,Titular
RMS379975989381005,26605897,20266058978,GUEVARA,PABLO EMILIANO,,,,,,,,OBRA SOCIAL DEL PERSONAL DE AERONAVEGACION DE ENTES PRIVADOS,Titular
RMS376688842322008,21072737,27210727375,SCHLIMOVICH,PAULA LORENA,,,,,,,,OBRA SOCIAL PARA LA ACTIVIDAD DOCENTE,Titular
RMS376687198942005,8387714,20083877147,RALLIN,HECTOR JOSE,,,,,,,,O.S.P. SALTA (IPS),Titular
RMS376416651132007,24758389,20247583891,AGUILAR,JORGE ALEJANDRO,,,,,,,,O.S. UNION PERS. DE LA UNION DEL  PERS. CIVIL DE LA NACION,Titular
RMS376418978952000,23292482,23232924829,HARTE,DIEGO,,,,,,,,OBRA SOCIAL DE EJECUTIVOS Y DEL PERSONAL DE DIRECCION DE EMPRESAS,Titular
RMS376407692951000,20400771,27204007719,BATTAIOLA VITAR,BLANCA SORAYA,,,,,,,,OBRA SOCIAL DE LOS MEDICOS DE LA CIUDAD DE BUENOS AIRES,Titular
RMS376418652911009,17425663,20174256633,MACCARI,ELVIS HECTOR,,,,,,,,OBRA SOCIAL DEL PERSONAL DEL ORGANISMO DE CONTROL EXTERNO,Titular
RMS379975249391000,13635300,20136353005,SANCHEZ,DANIEL HECTOR,,,,,,,,OBRA SOCIAL ACCION SOCIAL DE EMPRESARIOS,Titular
DNI 22470255,22470255,20224702559,BAIELI,MAXIMILIANO GUILLERMO,,,,,,,,OBRA SOCIAL DEL PERSONAL DE LA INDUSTRIA DEL HIELO Y MERCADOS PARTICULARES,Titular
DNI 95991017,95991017,20959910171,,FERNANDEZ QUIJADA ALEJANDRO MOISES,,,,,,,,"OBRA SOCIAL DE EMPRESARIOS, PROFESIONALES Y MONOTRIBUTISTAS",Titular
DNI 95721384,95721384,20957213848,ROJAS ALVARENGA ELIOENAI JOSUE,ROJAS ALVARENGA  ELIOENAI JOSUE,,,,,,,,OBRA SOCIAL DEL SINDICATO DE MECANICOS Y AFINES DEL TRANSPORTE AUTOMOTOR,Titular
DNI 18354856,18354856,27183548560,BRIZUELA,MIRIAN MABEL,,,,,,,,OBRA SOCIAL DEL PERSONAL DEL AUTOMOVIL  CLUB ARGENTINO,Titular
DNI 19065059,19065059,20190650597,ZAMORA GARCES JAMES,"ZAMORA GARCES, JAMES",,,,,,,,OBRA SOCIAL DEL PERSONAL DE AERONAVEGACION DE ENTES PRIVADOS,Titular
DNI 21052559,21052559,27210525594,PUZIO,ALEJANDRA CRISTINA,,,,,,,,OBRA SOCIAL DE LOS EMPLEADOS DE COMERCIO Y ACTIVIDADES CIVILES,Titular
DNI 27663904,27663904,20276639049,RAFFAELLI,LUCAS EMILIANO,,,,,,,,OBRA SOCIAL ACCION SOCIAL DE EMPRESARIOS,Titular
DNI 24678287,24678287,20246782874,ALTILIO,ANTONIO GERARDO,,,,,,,,O.S. DE EJECUTIVOS Y DEL PERS. DE DIR. DE EMPRESAS,Titular
DNI 25115305,25115305,20251153052,CAGESSO,MAXIMILIANO MARTIN,,,,,,,,O.S. DE EJECUTIVOS Y DEL PERS. DE DIR. DE EMPRESAS,Titular
DNI 26703946,26703946,27267039467,CURA,ANDREA VALERIA,,,,,,,,OBRA SOCIAL DE EJECUTIVOS Y DEL PERSONAL DE DIRECCION DE EMPRESAS,Titular
DNI 27604674,27604674,20276046749,TORREZ,JOSE MARIA,,,,,,,,O.S.P. TUCUMAN (IPSST),Titular
DNI 33505397,33505397,20335053975,ELIAS,JONATAN PABLO,,,,,,,,OBRA SOCIAL DEL PERSONAL DE LA INDUSTRIA TEXTIL,Titular
DNI 14283196,14283196,20142831962,FANTIN,CARLOS ALBERTO,,,,,,,,"OBRA SOCIAL DEL PERSONAL DEL TURISMO, HOTELERO Y GASTRONOMICO DE LA UNION DE TRABAJADORES DEL TURISMO HOTELEROS Y GASTRONOMICOS DE LA REPUBLICA ARGENTINA",Titular
DNI 14689820,14689820,20146898204,CID,RUBEN DARIO,,,,,,,,OBRA SOCIAL DE LOS SUPERVISORES DE LA INDUSTRIA METALMECANICA DE LA REPUBLICA ARGENTINA,Titular
DNI 16199034,16199034,20161990346,BELINI,EDUARDO MARCELO,,,,,,,,OBRA SOCIAL BANCARIA ARGENTINA,Titular
DNI 29251917,29251917,20292519177,MARTINEZ IBAÑEZ,JUAN ORLANDO,,,,,,,,OBRA SOCIAL DE LA ASOCIACION CIVIL PROSINDICATO DE AMAS DE CASA DE LA REPUBLICA ARGENTINA,Titular
DNI 14045819,14045819,20140458199,BALLESTERO,ANTONIO DEL VALLE,,,,,,,,OBRA SOCIAL DE VENDEDORES AMBULANTES DE LA REPUBLICA ARGENTINA,Titular
DNI 28839174,28839174,27288391748,FERNANDEZ,OLGA VERONICA,,,,,,,,O.S.P. CIUDAD AUT. DE BUENOS AIRES (ObSBA),Titular
DNI 94702934,94702934,20947029348,CACERES SILVESTRE,,,,,,,,,OBRA SOCIAL DEL PERSONAL DE LA INDUSTRIA LADRILLERA A MAQUINA,Titular
DNI 95686206,95686206,20956862060,Guzman Gimenez,Carlos Luis,,,,,,,,OBRA SOCIAL PROGRAMAS MEDICOS SOCIEDAD ARGENTINA DE CONSULTORIA MUTUAL,Titular
DNI 13923097,13923097,20139230974,GONZALEZ,NORBERTO MARIO,,,,,,,,O.S. DE CONDUCTORES CAMIONEROS Y PERS. DEL TRANSP.AUTOMOTOR DE CARGAS,Titular
DNI 29531572,29531572,20295315726,ZERMATHEN,MAURO NICOLAS,,,,,,,,"OBRA SOCIAL DEL PERSONAL DEL TURISMO, HOTELERO Y GASTRONOMICO DE LA UNION DE TRABAJADORES DEL TURISMO HOTELEROS Y GASTRONOMICOS DE LA REPUBLICA ARGENTINA",Titular
DNI 31443875,31443875,20314438753,VALENZUELA LUIS RENE,VALENZUELA LUIS RENE,,,,,,,,OBRA SOCIAL DE LOS EMPLEADOS DE COMERCIO Y ACTIVIDADES CIVILES,Titular
DNI 18337332,18337332,20183373324,KLOSTER,CARLOS ALBERTO,,,,,,,,OBRA SOCIAL DEL PERSONAL DEL ORGANISMO DE CONTROL EXTERNO,Titular
DNI 30408049,30408049,20304080494,OJEDA,CARLOS FAUSTINO,,,,,,,,OBRA SOCIAL UNION PERSONAL DE LA UNION DEL PERSONAL CIVIL DE LA NACION,Titular
DNI 32448532,32448532,27324485320,STIVANELLO,NOELIA SOLEDAD,,,,,,,,"OBRA SOCIAL DEL PERSONAL DEL TURISMO, HOTELERO Y GASTRONOMICO DE LA UNION DE TRABAJADORES DEL TURISMO HOTELEROS Y GASTRONOMICOS DE LA REPUBLICA ARGENTINA",Titular
DNI 33914359,33914359,27339143590,NASELLO,MARIA BELEN,,,,,,,,OBRA SOCIAL UNION PERSONAL DE LA UNION DEL PERSONAL CIVIL DE LA NACION,Titular
DNI 36795098,36795098,27367950981,CAULA KOFMANAS,DANIELA DESIREE,,,,,,,,OBRA SOCIAL DEL PERSONAL ASOCIADO A ASOCIACION MUTUAL SANCOR,Titular
DNI 16799549,16799549,27167995492,RAMIREZ,SILVIA CRISTINA,,,,,,,,O.S.P. ENTRE RIOS (IOSPER),Titular
DNI 35081537,35081537,27350815371,GRAVE,MARIA ALEJANDRA,,,,,,,,OBRA SOCIAL DE LOS EMPLEADOS DE COMERCIO Y ACTIVIDADES CIVILES,Titular
DNI 20024938,20024938,27200249386,SCHNEIDER,ROXANA KARINA,,,,,,,,O.S. DE LOS SUPERV. DE LA IND. METAL MECANICA DE LA REP. ARGENTINA,Titular
DNI 34596390,34596390,27345963907,PEREZ DELGADO,CAROLINA ANDREA,,,,,,,,OBRA SOCIAL DE TECNICOS DE VUELO DE LINEAS AEREAS,Titular
DNI 28562143,28562143,20285621438,ARGENTIERI,FEDERICO CARLOS,,,,,,,,OBRA SOCIAL DE EJECUTIVOS Y DEL PERSONAL DE DIRECCION DE EMPRESAS,Titular
DNI 28778851,28778851,27287788512,VARGAS ESPINOZA,NOELIA MAGALI,,,,,,,,OBRA SOCIAL DEL PERSONAL DE LA SANIDAD ARGENTINA,Titular
DNI 32087744,32087744,27320877445,ALMIRON,JESICA LORENA,,,,,,,,OBRA SOCIAL DE TECNICOS DE VUELO DE LINEAS AEREAS,Titular
DNI 40909145,40909145,20409091459,GITTO,JONATHAN NAHUEL,,,,,,,,"OBRA SOCIAL DEL PERSONAL DEL PAPEL, CARTON Y QUIMICOS",Titular
DNI 41812867,41812867,20418128675,ARIAS,JUAN RAMON,,,,,,,,"OBRA SOCIAL DE MINISTROS, SECRETARIOS Y SUBSECRETARIOS",Titular
DNI 12044868,12044868,20120448685,DE SOUSA,SERGIO,,,,,,,,O.S. DEL PERS. DE LAS TELECOMUNICACIONES DE LA REP. ARGENTINA,Titular
DNI 31770857,31770857,20317708573,PAZ,HECTOR ROLANDO,,,,,,,,OBRA SOCIAL DE ENCARGADOS APUNTADORES MARITIMOS,Titular
DNI 6612694,6612694,20066126944,LEDESMA,RAUL NICOLAS,,,,,,,,O.S.P. BUENOS AIRES (IOMA),Titular
DNI 21645785,21645785,20216457855,GOJMAN,LUIS DANIEL,,,,,,,,OBRA SOCIAL DE COMISARIOS NAVALES,Titular
DNI 29165168,29165168,20291651683,ESCOBAR,JUAN PABLO,,,,,,,,OBRA SOCIAL DE MANDOS MEDIOS DE TELECOMUNICACIONES EN LA REPUBLICA ARGENTINA Y MERCOSUR,Titular
DNI 39643378,39643378,20396433789,CONTRERAS,MAURO LEANDRO,,,,,,,,"OBRA SOCIAL DEL PERSONAL DEL TURISMO, HOTELERO Y GASTRONOMICO DE LA UNION DE TRABAJADORES DEL TURISMO HOTELEROS Y GASTRONOMICOS DE LA REPUBLICA ARGENTINA",Titular
DNI 17435574,17435574,27174355741,FARRAPEIRA,CLAUDIA MIRIAM,,,,,,,,O.S.P. BUENOS AIRES (IOMA),Titular
DNI 18144326,18144326,27181443265,DIAZ,ALICIA MARIA,,,,,,,,OBRA SOCIAL DEL PERSONAL DEL AUTOMOVIL CLUB ARGENTINO,Titular
DNI 24313513,24313513,20243135134,BOSSO,DANIEL HERNAN,,,,,,,,OBRA SOCIAL DEL PERSONAL DE EDIFICIOS DE RENTA Y HORIZONTAL DE LA CIUDAD AUTONOMA DE BUENOS AIRES Y GRAN BUENOS AIRES,Titular
DNI 26504874,26504874,23265048749,TORRES,GERMAN JESUS,,,,,,,,O.S.P. SAN LUIS (DOSEP),Titular
DNI 26635134,26635134,20266351349,CRUZ,DARIO CARLOS,,,,,,,,"OBRA SOCIAL DE EMPRESARIOS, PROFESIONALES Y MONOTRIBUTISTAS",Titular
DNI 34447207,34447207,27344472071,MELONI,CARLA FLORENCIA,,,,,,,,OBRA SOCIAL DEL PERSONAL DE DIRECCION DE LA INDUSTRIA PRIVADA DEL PETROLEO,Titular
DNI 95607103,95607103,20956071039,,PRIETO MONTERO DIEGO FERNANDO,,,,,,,,OBRA SOCIAL DE EJECUTIVOS Y DEL PERSONAL DE DIRECCION DE EMPRESAS,Titular
DNI 18812441,18812441,20188124411,LA FUENTE MELGAR,JOSE LUIS,,,,,,,,OBRA SOCIAL DE LOS EMPLEADOS DE COMERCIO Y ACTIVIDADES CIVILES,Titular
DNI 22445165,22445165,20224451653,LUCERO,WALTER FABIAN,,,,,,,,O.S.P. CHUBUT (SEROS),Titular
DNI 30257587,30257587,20302575879,OVIEDO CHAVEZ,VICTOR FERNANDO,,,,,,,,"OBRA SOCIAL DEL PERSONAL DEL TURISMO, HOTELERO Y GASTRONOMICO DE LA UNION DE TRABAJADORES DEL TURISMO HOTELEROS Y GASTRONOMICOS DE LA REPUBLICA ARGENTINA",Titular
DNI 33504670,33504670,27335046701,NAVARRETE,MELISA YASMIN,,,,,,,,OBRA SOCIAL DEL PERSONAL DE LA INDUSTRIA MOLINERA,Titular
DNI 40561957,40561957,20405619572,ESCOBAR,LEONARDO GABRIEL,,,,,,,,OBRA SOCIAL PROGRAMAS MEDICOS SOCIEDAD ARGENTINA DE CONSULTORIA MUTUAL,Titular
DNI 37753853,37753853,20377538537,MOLLER,AXEL,,,,,,,,OBRA SOCIAL DE TECNICOS DE VUELO DE LINEAS AEREAS,Titular
DNI 14280637,14280637,20142806372,CONDON,GERARDO ENRIQUE,,,,,,,,OBRA SOCIAL DE COMISARIOS NAVALES,Titular
DNI 18760774,18760774,20187607745,GOMEZ,ANTONIO EDGARDO,,,,,,,,OBRA SOCIAL DE EMPLEADOS Y PERSONAL JERARQUICO DE LA ACTIVIDAD DEL NEUMATICO ARGENTINO DE NEUMATICOS GOOD YEAR SRL,Titular
DNI 21316497,21316497,20213164970,BUSTILLOS,ABEL,,,,,,,,OBRA SOCIAL UNION PERSONAL DE LA UNION DEL PERSONAL CIVIL DE LA NACION,Titular
DNI 28164040,28164040,20281640403,FERNANDEZ,DIEGO CEFERINO,,,,,,,,"OBRA SOCIAL DEL PERSONAL DE SEGURIDAD COMERCIAL, INDUSTRIAL E INVESTIGACIONES PRIVADAS",Titular
DNI 39554190,39554190,20395541901,DI RISIO,BRAIAN URIEL,,,,,,,,OBRA SOCIAL DE EMPLEADOS DE LA INDUSTRIA DEL VIDRIO,Titular
DNI 12906416,12906416,20129064162,DE FELIPPIS,MARCOS EDUARDO A,,,,,,,,OBRA SOCIAL DEL PERSONAL AUXILIAR DE CASAS PARTICULARES,Titular
DNI 14915931,14915931,27149159318,FERNANDEZ,MIRIAM SUSANA,,,,,,,,OBRA SOCIAL DE DOCENTES PARTICULARES,Titular
DNI 27640676,27640676,27276406766,VEGA,LORENA JOSEFINA,,,,,,,,IOSE,Titular
DNI 29524266,29524266,20295242664,NAVARRO,SEBASTIAN CESAR,,,,,,,,OBRA SOCIAL DE CERAMISTAS,Titular
DNI 32014819,32014819,20320148198,ESPAÑOL,JUAN MARCOS,,,,,,,,OBRA SOCIAL DE PETROLEROS,Titular
DNI 37688787,37688787,27376887877,KLEMAN,DALMA ROCIO,,,,,,,,OBRA SOCIAL DE LA CAMARA DE EMPRESARIOS DE AGENCIAS DE REMISES DE LA PROVINCIA DE BUENOS AIRES,Titular
DNI 38693129,38693129,20386931292,ViaÃ‘o Melanie Luciana,VIANO MELANIE LUCIANA,,,,,,,,OBRA SOCIAL DEL PERSONAL DE SOCIEDADES DE AUTORES Y AFINES,Titular
DNI 40574043,40574043,20405740436,PERALTA,DAVID ALEJANDRO,,,,,,,,OBRA SOCIAL DE LA ASOCIACION CIVIL PROSINDICATO DE AMAS DE CASA DE LA REPUBLICA ARGENTINA,Titular
DNI 95959367,95959367,20959593672,,CASTRO QUINTERO CRISTIAN JESUS,,,,,,,,OBRA SOCIAL ACCION SOCIAL DE EMPRESARIOS,Titular
DNI 29337966,29337966,20293379662,NAVARRO,CESAR GUSTAVO,,,,,,,,OBRA SOCIAL DE MAQUINISTAS DE TEATRO Y TELEVISION,Titular
DNI 94026410,94026410,20940264104,COPA,"MAMANI RAUL OSCAR     ",,,,,,,,OBRA SOCIAL DEL PERSONAL DE LA CONSTRUCCION,Titular
DNI 18875210,18875210,20188752102,MIRANDA DIAZ ANGEL ANTONIO,MIRANDA DIAZ ANGEL ANTONIO,,,,,,,,O.S.P. TIERRA DEL FUEGO(IPAUSS),Titular
DNI 21350446,21350446,27213504466,DIAZ,SILVIA ELENA,,,,,,,,OBRA SOCIAL UNION PERSONAL DE LA UNION DEL  PERSONAL CIVIL DE LA NACION,Titular
DNI 32737653,32737653,20327376536,LALANDE,MARTIN ALEJANDRO,,,,,,,,OBRA SOCIAL DE MANDOS MEDIOS DE TELECOMUNICACIONES EN LA REPUBLICA ARGENTINA Y MERCOSUR,Titular
DNI 27258595,27258595,20272585955,DOMINGUEZ,RICARDO OMAR,,,,,,,,OBRA SOCIAL DEL PERSONAL GRAFICO,Titular
DNI 35822685,35822685,20358226850,SINGH,ALFREDO EDUARDO,,,,,,,,OBRA SOCIAL DE EJECUTIVOS Y DEL PERSONAL DE DIRECCION DE EMPRESAS,Titular
DNI 17024001,17024001,23170240014,VELAZQUEZ,MONICA BEATRIZ,,,,,,,,OBRA SOCIAL DEL PERSONAL DE LA SANIDAD ARGENTINA,Titular
DNI 32480322,32480322,27324803225,SANDOVAL,ALEJANDRA BEATRIZ,,,,,,,,"OBRA SOCIAL DE LA ACTIVIDAD DE SEGUROS, REASEGUROS, CAPITALIZACION Y AHORRO Y PRESTAMO PARA LA VIVIENDA",Titular
DNI 36161073,36161073,27361610739,FERREIRA,JOHANNA GABRIELA,,,,,,,,OBRA SOCIAL DE ARBITROS DEPORTIVOS DE LA REPUBLICA ARGENTINA,Titular
DNI 16733709,16733709,27167337096,ORTIZ,MARCELA FERNANDA,,,,,,,,O.S. DEL PERS. DE LA SANIDAD ARGENTINA,Titular
DNI 35762512,35762512,20357625123,BOGADO,CRISTIAN ARIEL,,,,,,,,OBRA SOCIAL DE LA UNION OBRERA METALURGICA DE LA REPUBLICA ARGENTINA,Titular
DNI 8413816,8413816,23084138169,PLAZA,HECTOR SEGUNDO,,,,,,,,O.S.  DE DIRECTIVOS DE EMPRESARIOS PEQUE¥OS Y MEDIANOS,Titular
DNI 13362074,13362074,20133620746,AZOFRA,ROLANDO,,,,,,,,O.S.P. BUENOS AIRES (IOMA),Titular
DNI 29485702,29485702,20294857029,RAMIREZ,DIEGO MARTIN,,,,,,,,"OBRA SOCIAL TRABAJADORES PASTELEROS, CONFITEROS, PIZZEROS , HELADEROS Y ALFAJOREROS DE LA REPUBLICA ARGENTINA",Titular
DNI 29570194,29570194,20295701944,CAMBERA Y SANCHEZ VALLE,MARIANO RODRIGO,,,,,,,,OBRA SOCIAL DE EJECUTIVOS Y DEL PERSONAL DE DIRECCION DE EMPRESAS,Titular
DNI 40346821,40346821,20403468216,AGUIRRE,PATRICIO IVAN,,,,,,,,OBRA SOCIAL DE LOS INMIGRANTES ESPAÑOLES Y SUS DESCENDIENTES RESIDENTES EN LA REPUBLICA ARGENTINA,Titular
DNI 12113891,12113891,20121138914,SEBASTIANELLI,HUGO CARLOS,,,,,,,,O.S. DEL PERS. DEL ORGANISMO DE CONTROL EXTERNO,Titular
DNI 27049875,27049875,20270498753,DIAZ,JUAN MANUEL,,,,,,,,OBRA SOCIAL DEL PERSONAL MARITIMO,Titular
DNI 20633606,20633606,20206336065,ALVES,HECTOR DARIO,,,,,,,,OBRA SOCIAL DE DOCENTES PARTICULARES,Titular
DNI 26128221,26128221,27261282211,DELGADO,GLORIA ADRIANA,,,,,,,,OBRA SOCIAL ACCION SOCIAL DE EMPRESARIOS,Titular
DNI 29780259,29780259,20297802594,PEREZ,NELSON OSCAR,,,,,,,,OBRA SOCIAL DEL PERSONAL DE LA ACTIVIDAD CERVECERA Y AFINES,Titular
DNI 34671677,34671677,20346716771,ROSSO,EDGARDO FRANCISCO,,,,,,,,O.S. DE CONDUCTORES CAMIONEROS Y PERS. DEL TRANSP.AUTOMOTOR DE CARGAS,Titular
DNI 38394008,38394008,20383940088,ZARAGOZA,BRIAN ABEL,,,,,,,,OBRA SOCIAL DE LOS EMPLEADOS DE COMERCIO Y ACTIVIDADES CIVILES,Titular
DNI 21582106,21582106,23215821064,ESPINOSA,SILVINA NOEMI,,,,,,,,O.S.P. BUENOS AIRES (IOMA),Titular
DNI 23568492,23568492,20235684927,DJANSEZIAN,SANTIAGO MARCELO,,,,,,,,OBRA SOCIAL DE LOS EMPLEADOS DE COMERCIO Y ACTIVIDADES CIVILES,Titular
DNI 33345787,33345787,20333457874,MARTINEZ MOYANO ROMINA GISELE,,,,,,,,,OBRA SOCIAL DE EJECUTIVOS Y DEL PERSONAL DE DIRECCION DE EMPRESAS,Titular
DNI 38301897,38301897,27383018973,SANTANA,SILVINA ALEJANDRA,,,,,,,,OBRA SOCIAL DEL PERSONAL DE TELECOMUNICACIONES SINDICATO BUENOS AIRES,Titular
DNI 38315585,38315585,20383155852,AVALOS,PEDRO OSCAR,,,,,,,,OBRA SOCIAL DE CONDUCTORES CAMIONEROS Y PERSONAL DEL TRANSPORTE AUTOMOTOR DE CARGAS,Titular
DNI 23676601,23676601,27236766018,RONDINA,MARIA LAURA,,,,,,,,OBRA SOCIAL DE DOCENTES PARTICULARES,Titular
DNI 26236843,26236843,20262368433,FLORES,EDUARDO SEBASTIAN,,,,,,,,O.S. DEL PERS. DE LA ACT. CERVECERA Y AFINES,Titular
DNI 34394749,34394749,27343947491,DALOQUIO HERRERA,SABRINA,,,,,,,,OBRA SOCIAL UNION PERSONAL DE LA UNION DEL PERSONAL CIVIL DE LA NACION,Titular
DNI 17072136,17072136,27170721360,PAZ,RAMONA LUCIA,,,,,,,,OBRA SOCIAL DE LOS EMPLEADOS DE COMERCIO Y ACTIVIDADES CIVILES,Titular
DNI 21960935,21960935,20219609354,VARELA,CRISTIAN ANDRES,,,,,,,,O.S. DE CAPATACES  ESTIBADORES PORTUARIOS,Titular
DNI 32792275,32792275,27327922756,GIMENEZ,GISELA SOLEDAD,,,,,,,,OBRA SOCIAL DEL PERSONAL DE SOCIEDADES DE AUTORES Y AFINES,Titular
DNI 37147748,37147748,23371477489,ORTIZ PANIAGUA,LUTHER PATRICIO GUIDO,,,,,,,,ASOCIACION DE OBRAS SOCIALES DE TRELEW,Titular
DNI 33867061,33867061,20338670614,CABRERA,BENJAMIN LUCIANO,,,,,,,,OBRA SOCIAL DE PETROLEROS,Titular
DNI 38348139,38348139,27383481398,HERNANDEZ JARMA,ERIKA JANNINA,,,,,,,,OBRA SOCIAL DEL PERSONAL MOSAISTA,Titular
DNI 11887069,11887069,27118870692,AVALOS MOSQUEDA GLORIA CONCEPCION,AVALOS MOSQUEDA GLORIA CONCEPCION,,,,,,,,O.S.P. FORMOSA (IMPF),Titular
DNI 18459041,18459041,27184590412,ETCHEVEST,CLAUDIA ALEJANDRA,,,,,,,,OBRA SOCIAL DE LOS EMPLEADOS DE COMERCIO Y ACTIVIDADES CIVILES,Titular
DNI 25414390,25414390,20254143902,ARCE,TOMAS AVELINO,,,,,,,,OBRA SOCIAL DE LOS SUPERVISORES DE LA INDUSTRIA METALMECANICA DE LA REPUBLICA ARGENTINA,Titular
DNI 32016499,32016499,20320164991,BARBOZA,IVAN GABRIEL,,,,,,,,OBRA SOCIAL DE CONDUCTORES DE TRANSPORTE COLECTIVO DE PASAJEROS,Titular
DNI 33274776,33274776,27332747768,IRUSTA,IVANA PAOLA,,,,,,,,"OBRA SOCIAL DEL PERSONAL DE SEGURIDAD COMERCIAL, INDUSTRIAL E INVESTIGACIONES PRIVADAS",Titular
DNI 92857135,92857135,20928571352,SAN,"MARTIN RUBILAR LEDINO E    ",,,,,,,,OBRA SOCIAL DE LA CAMARA DE EMPRESARIOS DE AGENCIAS DE REMISES DE LA PROVINCIA DE BUENOS AIRES,Titular
DNI 94487261,94487261,20944872613,VIVEROS,"RIOS JORGE ARMANDO        ",,,,,,,,"OBRA SOCIAL DEL PERSONAL DEL TURISMO, HOTELERO Y GASTRONOMICO DE LA UNION DE TRABAJADORES DEL TURISMO HOTELEROS Y GASTRONOMICOS DE LA REPUBLICA ARGENTINA",Titular
DNI 94567814,94567814,20945678144,MAIDANA MAIDANA DAVID FERNANDO,,,,,,,,,OBRA SOCIAL DEL PERSONAL DE LA CONSTRUCCION,Titular
DNI 18153350,18153350,20181533502,SBRASCINI,CARLOS ANTONIO,,,,,,,,OBRA SOCIAL DEL PERSONAL DE DIRECCION DE LA SANIDAD LUIS PASTEUR,Titular
DNI 35868213,35868213,20358682139,CINELLI,ROBERTO IRINEO,,,,,,,,OBRA SOCIAL PARA EL PERSONAL DEL MINISTERIO DE ECONOMIA Y DE OBRAS Y SERVICIOS PUBLICOS,Titular
DNI 24100554,24100554,20241005543,DELFUER,ROLANDO DARIO,,,,,,,,OBRA SOCIAL DE LOS EMPLEADOS DE COMERCIO Y ACTIVIDADES CIVILES,Titular
DNI 14730587,14730587,20147305878,CRUCIANI,JORGE ALBERTO,,,,,,,,O.S.P. MENDOZA (OSEP),Titular
DNI 25247705,25247705,20252477056,BLUMENFELD,MARIANO,,,,,,,,OBRA SOCIAL DE EJECUTIVOS Y DEL PERSONAL DE DIRECCION DE EMPRESAS,Titular
DNI 34100851,34100851,20341008515,WAUTHERS EMANUEL ALEJANDRO,"WAUTHERS, EMANUEL ALEJANDRO",,,,,,,,OBRA SOCIAL DEL PERSONAL DE LA ACTIVIDAD DEL TURF,Titular
