﻿IdExterno,Documento,CUIL,Apellido,Nombre,Sueldo,Calle,Altura,Piso,Depto,Localidad,Provincia,CP,EmpleadorRazonSocial,EmpleadorCUIT,EmpleadorCalle,EmpleadorAltura,EmpleadorPiso,EmpleadorDepto,EmpleadorLocalidad,EmpleadorProvincia,EmpleadorCP,EmpleadorCodigo,EmpleadorActividad,EmpleadorEmpleados
DNI 25599714,25599714,27255997144,MUÑOZ,AZUCENA DEL CARMEN,"183324,54",,,,,,,,SANATORIO SAN CARLOS S A,33586796149,EZEQUIEL BUSTILLO,000710,,,SAN CARLOS DE BARILO,"RIO NEGRO ",8400,869090,"SERVICIOS RELACIONADOS CON LA SALUD HUMANA N.C.P. (INCLUYE SERVICIOS DE PSICÓLOGOS, FONOAUDIÓLOGOS, SERVICIOS DE ENFERMERÍA, TERAPIA OCUPACIONAL, BANCOS DE SANGRE, DE SEMEN,ETC.)",386
DNI 31693201,31693201,27316932016,PANIAGUA,ADRIANA RAQUEL,"8514,46",,,,,,,,ANDSER QUIMICA SRL,30681823154,LAVALLE,000661,,,QUILMES,BUENOS AIRES,1878,477320,"VENTA AL POR MENOR DE PRODUCTOS COSMÉTICOS, DE TOCADOR Y DE PERFUMERÍA",258
DNIE95944575,95944575,27959445759,,FUENMAYOR VILLALOBOS MAYERLING COROMOTO,"178697,25",,,,,,,,MUNICIPALIDAD DE PILAR,30999005825,RIVADAVIA,000660,,,PILAR,BUENOS AIRES,1629,841100,"SERVICIOS GENERALES DE LA ADMINISTRACIÓN PÚBLICA (INCLUYE EL DESEMPEÑO DE FUNCIONES EJECUTIVAS Y LEGISLATIVAS DE ADMINISTRACIÓN POR PARTE DE LAS ENTIDADES DE LA ADMINISTRACIÓN CENTRAL, REGIONAL Y LOCAL, LA ADMINISTRACIÓN Y SUPERVISIÓN DE ASUNTOS FISCALES, LA A",6017
DNI 12432903,12432903,20124329036,KOVAC,DANIEL OMAR,"218312,60",,,,,,,,MINISTERIO DE JUSTICIA,30707051546,12 y 53,000000,9,,LA PLATA SUDESTE DE,BUENOS AIRES,1900,841100,"SERVICIOS GENERALES DE LA ADMINISTRACIÓN PÚBLICA (INCLUYE EL DESEMPEÑO DE FUNCIONES EJECUTIVAS Y LEGISLATIVAS DE ADMINISTRACIÓN POR PARTE DE LAS ENTIDADES DE LA ADMINISTRACIÓN CENTRAL, REGIONAL Y LOCAL, LA ADMINISTRACIÓN Y SUPERVISIÓN DE ASUNTOS FISCALES, LA A",20315
DNI 24758853,24758853,20247588532,GARCIA,PABLO EZEQUIEL,"71631,44",,,,,,,,ARHAT LOGISTICA SAS,30716479923,,,,,,,,469090,VENTA AL POR MAYOR DE MERCANCÍAS N.C.P.,17
DNI 26336241,26336241,20263362412,PAREDES,FEDERICO MIGUEL,"0,00",,,,,,,,UNIVERSIDAD TECNOLOGICA NACIONAL,30546671166,SARMIENTO,000440,07,,CAPITAL FEDERAL,"CAPITAL FEDERAL ",1347,853201,ENSEÑANZA UNIVERSITARIA EXCEPTO FORMACIÓN DE POSGRADO,8867
DNI 13598713,13598713,20135987132,AGUIRRE,JOSE BENITO,"98889,71",,,,,,,,NAMPA S R L,30701576469,AVDA INDEPENDENCIA,003675,,,MAR DEL PLATA SUR,BUENOS AIRES,7600,473000,VENTA AL POR MENOR DE COMBUSTIBLE PARA VEHÍCULOS AUTOMOTORES Y MOTOCICLETAS (INCLUYE LA VENTA AL POR MENOR DE PRODUCTOS LUBRICANTES Y REFRIGERANTES),15
DNI 24228430,24228430,20242284306,SINGH,CLAUDIO MARTIN,"98257,24",,,,,,,,ASIPROF SEGURIDAD S.A.,30709505501,ARREGUI,006253,,,CAPITAL FEDERAL,"CAPITAL FEDERAL ",1408,801090,SERVICIOS DE SEGURIDAD E INVESTIGACIÓN N.C.P.,544
DNI 28802926,28802926,27288029267,RODRIGUEZ,CAROLINA BEATRIZ,"0,00",,,,,,,,GOBIERNO DE LA CIUDAD DE BUENOS AIRES,34999032089,PERON JUAN TTE.GRAL.,000788,07,,CAPITAL FEDERAL,"CAPITAL FEDERAL ",1038,841100,"SERVICIOS GENERALES DE LA ADMINISTRACIÓN PÚBLICA (INCLUYE EL DESEMPEÑO DE FUNCIONES EJECUTIVAS Y LEGISLATIVAS DE ADMINISTRACIÓN POR PARTE DE LAS ENTIDADES DE LA ADMINISTRACIÓN CENTRAL, REGIONAL Y LOCAL, LA ADMINISTRACIÓN Y SUPERVISIÓN DE ASUNTOS FISCALES, LA A",153289
DNI 29376500,29376500,20293765007,RODRIGUEZ,JUAN ARNALDO,"15913,99",,,,,,,,ALTO MOLINO  S R L,30690705253,AV.EJERCITO GAUCHOS,000000,0,0,SALTA,"SALTA ",4400,492110,SERVICIO DE TRANSPORTE AUTOMOTOR URBANO Y SUBURBANO REGULAR DE PASAJEROS,354
DNI 34908844,34908844,20349088445,ASPITIA LEAL,LUCAS EZEQUIEL,"33086,82",,,,,,,,BENTKOVSKY GUILLERMO ENRIQUE,20139637446,,,,,,,,472171,VENTA AL POR MENOR DE PAN Y PRODUCTOS DE PANADERÍA,7
DNI 37753658,37753658,20377536585,CABALLERO,DAMIAN,"78710,46",,,,,,,,ENVAPLAST S R L,30586347760,LUZURIAGA,001684,PB,,CAPITAL FEDERAL,"CAPITAL FEDERAL ",1279,139204,FABRICACIÓN DE BOLSAS DE MATERIALES TEXTILES PARA PRODUCTOS A GRANEL,234
DNI 31494669,31494669,20314946694,MOYANO,SEBASTIAN ALBERTO,"152797,93",,,,,,,,TRANSPORTE AUTOMOTORES LA PLATA SA,30546414139,LAVALLE,001290,11,110,CAPITAL FEDERAL,"CAPITAL FEDERAL ",1048,492110,SERVICIO DE TRANSPORTE AUTOMOTOR URBANO Y SUBURBANO REGULAR DE PASAJEROS,576
DNI 38405488,38405488,23384054889,BOTARDA,ELIAS GASTON,"61928,40",,,,,,,,LOGICA NATURAL S.R.L.,30714322814,,,,,,,,103020,"ELABORACIÓN DE JUGOS NATURALES Y SUS CONCENTRADOS, DE FRUTAS, HORTALIZAS Y LEGUMBRES (NO INCLUYE LA ELABORACIÓN DE JUGOS PARA DILUIR O EN POLVO LLAMADOS ""SINTÉTICOS"" O DE UN CONTENIDO EN JUGOS NATURALES INFERIOR AL 50% ACTIVIDAD 110492)",54
DNI 39768152,39768152,27397681527,DOMINGUEZ,LUDMILA MARIQUENA,"46086,16",,,,,,,,GLOBAL SOLUTIONS SRL,30707781757,JUAN B JUSTO,000117,,,NEUQUEN,"NEUQUEN ",8300,829900,SERVICIOS EMPRESARIALES N.C.P.,77
DNI 30403385,30403385,27304033857,LAINO,ANALIA MICAELA,"0,00",,,,,,,,GATE GOURMET ARGENTINA SOCIEDAD DE RESPONSABILIDAD LIMITADA,30570955388,AV TTE GRAL MORILLAS,000000,,,AEROPUERTO EZEIZA,BUENOS AIRES,1802,107999,"ELABORACIÓN DE PRODUCTOS ALIMENTICIOS N.C.P. (INCLUYE LA ELABORACIÓN DE POLVOS PARA PREPARAR POSTRES Y GELATINAS, LEVADURA, PRODUCTOS PARA COPETÍN, SOPAS, SAL DE MESA, MAYONESA, MOSTAZA, ETC.)",1067
DNI 33935764,33935764,20339357642,HEGOBURO,MAURICIO EZEQUIEL,"0,01",,,,,,,,BAHIA GRANDE LN SOCIEDAD ANONIMA,30708153563,MAIPU,001252,8,,CAPITAL FEDERAL,"CAPITAL FEDERAL ",1006,501200,SERVICIO DE TRANSPORTE MARÍTIMO DE CARGA,143
DNI 35352345,35352345,24353523453,,"BARRIONUEVO NAHUEL OSVALDO                                                                                                                            ","66617,88",,,,,,,,CUSTOMER'S PROTECTION S.R.L.,33707795579,FLORIDA,000336,6,604,CAPITAL FEDERAL,"CAPITAL FEDERAL ",1005,801090,SERVICIOS DE SEGURIDAD E INVESTIGACIÓN N.C.P.,264
DNI 16735359,16735359,20167353593,SALAS,GUSTAVO ALDO,"88075,77",,,,,,,,PROCHAP SA,30709790001,AV RIVADAVIA,017274,,,HAEDO,BUENOS AIRES,1706,241009,FABRICACIÓN EN INDUSTRIAS BÁSICAS DE PRODUCTOS DE HIERRO Y ACERO N.C.P. (INCLUYE LA PRODUCCIÓN DE HOJALATA),91
DNI 36215685,36215685,27362156853,BURELLI,DAIANA STEFANIA,"84565,81",,,,,,,,INSTITUTO MEDICO OLAVARRIA S A,30545854127,GENERAL PAZ,002540,,,OLAVARRIA,BUENOS AIRES,7400,861010,SERVICIOS DE INTERNACIÓN EXCEPTO INSTITUCIONES RELACIONADAS CON LA SALUD MENTAL,39
DNI 38176141,38176141,20381761410,AMBROSIO,MAXIMILIANO ALEXANDER,"68059,01",,,,,,,,PCP PREVENCION Y CONTROL DE PERDIDAS SA,30686926946,GURRUCHAGA,000440,4,,CAPITAL FEDERAL,"CAPITAL FEDERAL ",1414,801090,SERVICIOS DE SEGURIDAD E INVESTIGACIÓN N.C.P.,558
DNI 39962337,39962337,20399623376,MACHADO,GONZALO NAHUEL,"109142,23",,,,,,,,FRIGORIFICO MARK S.A.,30710232489,,,,,,,,101020,PRODUCCIÓN Y PROCESAMIENTO DE CARNE DE AVES,201
DNI 47100621,47100621,20471006212,SALAZAR,DIEGO GABRIEL FERNANDO,"49970,57",,,,,,,,EXPORTADOR DE HAMBURGUESAS ARGENTINAS SA,30711361894,CORONEL UZAL,003710,,,OLIVOS,BUENOS AIRES,1636,107999,"ELABORACIÓN DE PRODUCTOS ALIMENTICIOS N.C.P. (INCLUYE LA ELABORACIÓN DE POLVOS PARA PREPARAR POSTRES Y GELATINAS, LEVADURA, PRODUCTOS PARA COPETÍN, SOPAS, SAL DE MESA, MAYONESA, MOSTAZA, ETC.)",82
DNI 32997695,32997695,20329976956,NUNES,JUAN PABLO,"88277,64",,,,,,,,LE VENDEUR SRL,30716408384,,,,,,,,829900,SERVICIOS EMPRESARIALES N.C.P.,51
DNI 36490269,36490269,27364902692,RIVERA,MARIA FLORENCIA,"39419,56",,,,,,,,NEXTRANS S.R.L.,30710106548,63,002289,,,BERAZATEGUI,BUENOS AIRES,1884,812090,SERVICIOS DE LIMPIEZA N.C.P.,440
DNI 41147665,41147665,20411476651,LOPEZ,RODRIGO MATIAS,"97237,51",,,,,,,,S.C.H. GROUP S.R.L.,30716977303,,,,,,,,475230,VENTA AL POR MENOR DE ARTÍCULOS DE FERRETERÍA Y MATERIALES ELÉCTRICOS,14
DNI 25977262,25977262,20259772622,CARRIZO,OSCAR ALEJANDRO,"65799,50",,,,,,,,PROTECCION DE RIESGOS S R L,30708826010,ARENALES,003776,,,FLORIDA,BUENOS AIRES,1602,801090,SERVICIOS DE SEGURIDAD E INVESTIGACIÓN N.C.P.,213
DNI 34378079,34378079,20343780797,PEREZ,JUAN PABLO,"78252,74",,,,,,,,TECOTEX S A C I F I Y A,30518855537,RUTA PCIAL. 301 KM.1,000000,,,LULES,"TUCUMAN ",4128,131202,"FABRICACIÓN DE TEJIDOS (TELAS) PLANOS DE ALGODÓN Y SUS MEZCLAS, INCLUYE HILANDERÍAS Y TEJEDURÍAS INTEGRADAS",368
DNI 34748417,34748417,20347484173,SILVA,EZEQUIEL DAMIAN,"61483,07",,,,,,,,INDUSTRIAS MAS SRL,30707041990,CAðADA DE GOMEZ,002224,,,CAPITAL FEDERAL,"CAPITAL FEDERAL ",1440,259999,FABRICACIÓN DE PRODUCTOS ELABORADOS DE METAL N.C.P.,152
DNI 36514379,36514379,20365143790,MATURANO,MICHAEL MARCEL,"72071,63",,,,,,,,A EVANGELISTA S A,30685218190,GUEMES MACACHA BOUL,000515,,,CAPITAL FEDERAL,CAPITAL FEDERAL,1106,429090,"CONSTRUCCIÓN DE OBRAS DE INGENIERÍA CIVIL N.C.P. (INCLUYE LOS TRABAJOS GENERALES DE CONSTRUCCIÓN PARA LA MINERÍA Y LA INDUSTRIA,  DE CENTRALES ELÉCTRICAS Y NUCLEARES, EXCAVACIONES DE SEPULTURAS, ETC.)",5027
DNI 42040773,42040773,23420407734,PAEZ,SABRINA BELEN,"60474,32",,,,,,,,AMOXI S.A.,30714771589,,,,,,,,477290,"VENTA AL POR MENOR DE ARTÍCULOS DE MARROQUINERÍA, PARAGUAS Y SIMILARES N.C.P.",16
DNI 28065046,28065046,20280650464,FERNANDEZ,LUIS RODRIGO,"89428,49",,,,,,,,PROSEGUR S A,30575170125,GRAL ROCA,004530,,,FLORIDA,BUENOS AIRES,1602,801090,SERVICIOS DE SEGURIDAD E INVESTIGACIÓN N.C.P.,6779
DNI 34248063,34248063,27342480638,MAIDANA,ESTEFANIA SOLEDAD,"92264,09",,,,,,,,VESTIDITOS  S A,30593229064,AVENIDA MITRE,003350,,,MUNRO,BUENOS AIRES,1605,141130,CONFECCIÓN DE PRENDAS DE VESTIR PARA BEBÉS Y NIÑOS,658
DNI 36950582,36950582,20369505824,OÑA,GUSTAVO DANIEL,"12317,65",,,,,,,,SODEXO ARGENTINA SOCIEDAD ANONIMA,30619652920,BELGRANO AV.,000456,03,,CAPITAL FEDERAL,"CAPITAL FEDERAL ",1092,562010,"SERVICIOS DE PREPARACIÓN DE COMIDAS PARA EMPRESAS Y EVENTOS (INCLUYE EL SERVICIO DE CATERING, EL SUMINISTRO DE COMIDAS PARA BANQUETES, BODAS, FIESTAS Y OTRAS CELEBRACIONES, COMIDAS PARA HOSPITAL, ETC.)",1952
DNI 37214687,37214687,20372146878,PACHECO,MARCELO ZENON,"116657,85",,,,,,,,DOÑA NOLY S R L,30583370028,MARCELO T DE ALVEAR,004497,,,CASEROS,BUENOS AIRES,1678,107410,ELABORACIÓN DE PASTAS ALIMENTARIAS FRESCAS,271
DNI 27042610,27042610,20270426108,ROBLE MARCELO DOMINGO,ROBLE MARCELO  DOMINGO,"65899,00",,,,,,,,HUARPE S.R.L.,33711084229,AV CORDOBA (OESTE),000195,,,SAN JUAN,SAN JUAN,5400,801090,SERVICIOS DE SEGURIDAD E INVESTIGACIÓN N.C.P.,456
DNI 25058102,25058102,27250581020,CASTAÑO,CAROLINA TERESA,"251434,90",,,,,,,,HSBC BANK ARGENTINA SA,33537186009,FLORIDA,000229,08,,CAPITAL FEDERAL,"CAPITAL FEDERAL ",1005,641930,SERVICIOS DE LA BANCA MINORISTA,3227
DNI 35631849,35631849,27356318493,VACCARILI,ORNELA CELESTE,"6250,00",,,,,,,,PUNTA  OCAMPO SRL,30711817596,OCAMPO,003603,,,SAN JUSTO,BUENOS AIRES,1754,561011,SERVICIOS DE RESTAURANTES Y CANTINAS SIN ESPECTÁCULO,6
DNI 17345419,17345419,20173454199,GOMEZ,ISIDORO,"74885,75",,,,,,,,SAN ANTONIO AGROSERVICIOS S.A.,30690701819,RIVADAVIA,000690,2,9,SALTA,"SALTA ",4400,11342,"CULTIVO DE LEGUMBRES SECAS (INCLUYE GARBANZO, LENTEJA, POROTO, ETC.)",73
DNI 22177267,22177267,27221772674,TUBIAS,ANDREA KARINA,"39165,34",,,,,,,,ARENIL ASOCIACION PARA LA REHABILITACION DEL NIÑO LISIADO,30546100738,SARMIENTO,001220,,,MORON,BUENOS AIRES,1708,869090,"SERVICIOS RELACIONADOS CON LA SALUD HUMANA N.C.P. (INCLUYE SERVICIOS DE PSICÓLOGOS, FONOAUDIÓLOGOS, SERVICIOS DE ENFERMERÍA, TERAPIA OCUPACIONAL, BANCOS DE SANGRE, DE SEMEN,ETC.)",1
DNI 32680284,32680284,20326802841,RIVERO,MAURICIO MARCOS,"143078,36",,,,,,,,AVEX SA,30708729929,CAZADORES DE COQUIMB,002841,3,,MUNRO,BUENOS AIRES,1605,101020,PRODUCCIÓN Y PROCESAMIENTO DE CARNE DE AVES,812
DNI 24873089,24873089,27248730892,CARRERO,CLAUDIA LORENA,"104506,88",,,,,,,,MUTUALIDAD FONDO COMPENSADOR PERSONAL CIVIL DEL EJERCITO,30634672393,ROCA JULIO A.PTE.AV.,000751,PB,,CAPITAL FEDERAL,"CAPITAL FEDERAL ",1067,949910,"SERVICIOS DE MUTUALES, EXCEPTO MUTUALES DE SALUD Y FINANCIERAS",16
DNI 26551103,26551103,20265511032,FERNANDEZ,HUGO DANIEL,"123928,72",,,,,,,,TECSA S.A.- PANEDILE ARGENTINA SAICFEI - ELEPRINT SA - UNION TRANSITORIA,30716073382,,,,,,,,422200,"CONSTRUCCIÓN, REFORMA Y REPARACIÓN DE REDES DISTRIBUCIÓN DE ELECTRICIDAD, GAS, AGUA, TELECOMUNICACIONES Y DE OTROS SERVICIOS PÚBLICOS",25
DNI 27820614,27820614,23278206149,LUCERO,RUBEN FRANCISCO,"97979,93",,,,,,,,UNIVERSIDAD DE BUENOS AIRES,30546666561,VIAMONTE,000444,,,CAPITAL FEDERAL,"CAPITAL FEDERAL ",1053,853100,ENSEÑANZA  TERCIARIA,32968
DNI 29120624,29120624,20291206248,RODA,ERNESTO CEFERINO,"70592,95",,,,,,,,GONZALEZ ROBERTO OMAR,20106274771,,,,,,,,711001,"SERVICIOS RELACIONADOS CON LA CONSTRUCCIÓN (INCLUYE LOS SERVICIOS PRESTADOS POR INGENIEROS, ARQUITECTOS Y TÉCNICOS)",9
DNI 33827373,33827373,27338273733,DEMA,GISELA ANAHI,"46925,65",,,,,,,,MINISTERIO DE EDUCACION,33999252449,SANTA ROSA,000751,3,,BARRIO CENTRO NORTE,"CORDOBA ",5000,841100,"SERVICIOS GENERALES DE LA ADMINISTRACIÓN PÚBLICA (INCLUYE EL DESEMPEÑO DE FUNCIONES EJECUTIVAS Y LEGISLATIVAS DE ADMINISTRACIÓN POR PARTE DE LAS ENTIDADES DE LA ADMINISTRACIÓN CENTRAL, REGIONAL Y LOCAL, LA ADMINISTRACIÓN Y SUPERVISIÓN DE ASUNTOS FISCALES, LA A",39012
DNI 38406429,38406429,23384064299,ACOSTA,CRISTIAN JOAQUIN,"132341,21",,,,,,,,MICRO OMNIBUS QUILMES SA COM IND Y FINANC,30522762179,AV RIGOLLEAU,000469,,,BERAZATEGUI,BUENOS AIRES,1884,492110,SERVICIO DE TRANSPORTE AUTOMOTOR URBANO Y SUBURBANO REGULAR DE PASAJEROS,1032
DNI 39587595,39587595,20395875958,PEÑA QUEVEDO,ELIAS EZEQUIEL,"29038,46",,,,,,,,SOLUTIONS GROUP SA,30660294836,MEXICO,001415,pb,,CAPITAL FEDERAL,"CAPITAL FEDERAL ",1097,780000,"OBTENCIÓN Y DOTACIÓN DE PERSONAL (INCLUYE LAS ACTIVIDADES VINCULADAS CON LA BÚSQUEDA, SELECCIÓN Y COLOCACIÓN DE PERSONAL, LA ACTIVIDAD DE CASTING DE ACTORES, ETC.)",906
DNI 40143268,40143268,27401432685,DELLAGIOVANNA,AGUSTINA BRENDA,"95414,23",,,,,,,,EL GALGO S.A.,30519165496,GORDILLO TIMOTEO,002339,,,CAPITAL FEDERAL,"CAPITAL FEDERAL ",1440,329020,"FABRICACIÓN DE ESCOBAS, CEPILLOS Y PINCELES",199
DNI 24889494,24889494,20248894947,LOPEZ,GUILLERMO HECTOR,"292329,66",,,,,,,,HIDROVIA S.A.,30683048050,CORRIENTES AV.,000316,02,,CAPITAL FEDERAL,"CAPITAL FEDERAL ",1043,524290,SERVICIOS COMPLEMENTARIOS PARA EL TRANSPORTE MARÍTIMO N.C.P. (INCLUYE EXPLOTACIÓN DE SERVICIOS DE TERMINALES COMO PUERTOS Y MUELLES),437
DNI 37451571,37451571,20374515714,PALACIO,JONATAN CARLOS,"19891,37",,,,,,,,SECURITAS ARGENTINA SA,30678239549,PAROISSIEN,002506,,,CAPITAL FEDERAL,"CAPITAL FEDERAL ",1429,801090,SERVICIOS DE SEGURIDAD E INVESTIGACIÓN N.C.P.,5171
DNI 13034369,13034369,20130343695,ALLENDE,EDUARDO PEDRO,"45919,36",,,,,,,,INSTITUTO DE PREVISION SOCIAL DE LA PCIA DE BS AS,33633178009,47,000530,,,LA PLATA NOROESTE CA,BUENOS AIRES,1900,843000,"SERVICIOS DE LA SEGURIDAD SOCIAL OBLIGATORIA, EXCEPTO OBRAS SOCIALES (INCLUYE PAMI Y ANSES)",311098
DNI 26267457,26267457,20262674577,COLUSSI,CLAUDIO DANIEL,"71252,12",,,,,,,,TRANSPORTE SNAIDER S R L,30699252456,RUTA NAC 11 KM 890.5,000000,,,LAS TOSCAS,SANTA FE,3586,492250,SERVICIO DE TRANSPORTE AUTOMOTOR DE MERCADERÍAS Y SUSTANCIAS PELIGROSAS,174
DNI 34104803,34104803,20341048037,PAZ SAAVEDRA,LEONARDO JAVIER,"64257,64",,,,,,,,HUNTER SECURITY S A,33687324809,BERNARDO DE IRIGOYEN,003091,,,MUNRO,BUENOS AIRES,1605,801090,SERVICIOS DE SEGURIDAD E INVESTIGACIÓN N.C.P.,1124
DNI 37821964,37821964,20378219648,CABANILLAS,ANGEL ANDRES,"36159,98",,,,,,,,GASTRONOMIA PURA S.A.,30715605178,,,,,,,,561013,"SERVICIOS DE ""FAST FOOD"" Y LOCALES DE VENTA DE COMIDAS Y BEBIDAS AL PASO (INCLUYE EL EXPENDIO DE HAMBURGUESAS, PRODUCTOS LÁCTEOS EXCEPTO HELADOS, ETC.)",14
DNI 38416730,38416730,27384167301,SARGNIOTTI CYNTIA DAIANA RITA,SARGNIOTTI CYNTIA DAIANA RITA,"64645,78",,,,,,,,MADRYN S.A.,30708551194,9 DE JULIO,000965,,,MENDOZA,"MENDOZA ",5500,477190,VENTA AL POR MENOR DE PRENDAS Y ACCESORIOS DE VESTIR N.C.P.,10
DNIE94456340,94456340,20944563408,Quispe Paricahua,Gregorio,"58946,55",,,,,,,,JGA SRL,30714633739,,,,,,,,472190,"VENTA AL POR MENOR DE PRODUCTOS ALIMENTICIOS N.C.P., EN COMERCIOS ESPECIALIZADOS",8
DNI 39193187,39193187,23391931879,GOMEZ ENZO ANTONIO,GOMEZ ENZO ANTONIO,"113357,82",,,,,,,,PETROCOR DOMINGO FERNANDEZ CAPURRO S A C F A I,30519296795,AVDA LIBERTAD Y RUTA,000012,,,CORRIENTES,CORRIENTES,3400,473000,VENTA AL POR MENOR DE COMBUSTIBLE PARA VEHÍCULOS AUTOMOTORES Y MOTOCICLETAS (INCLUYE LA VENTA AL POR MENOR DE PRODUCTOS LUBRICANTES Y REFRIGERANTES),23
DNI 30837316,30837316,23308373169,ARIAS PABLO FERNANDO,ARIAS PABLO FERNANDO,"109555,43",,,,,,,,BINSER S.A.,30708007680,DR. A SABATTINI,004601,,,CASEROS,BUENOS AIRES,1678,475490,"VENTA AL POR MENOR DE ARTÍCULOS PARA EL HOGAR N.C.P. (INCLUYE PERCHAS, MARCOS, CUADROS, ETC.)",785
DNI 32766236,32766236,20327662369,BARBIERI,FAVIO ALEJANDRO,"115626,36",,,,,,,,PROVINCIA DE TIERRA DEL FUEGO ANTARTIDA E ISLAS DEL ATLANTICO SUR,30546662434,SAN MARTIN,000450,,,USHUAIA,TIERRA DEL FUEGO,9410,841100,"SERVICIOS GENERALES DE LA ADMINISTRACIÓN PÚBLICA (INCLUYE EL DESEMPEÑO DE FUNCIONES EJECUTIVAS Y LEGISLATIVAS DE ADMINISTRACIÓN POR PARTE DE LAS ENTIDADES DE LA ADMINISTRACIÓN CENTRAL, REGIONAL Y LOCAL, LA ADMINISTRACIÓN Y SUPERVISIÓN DE ASUNTOS FISCALES, LA A",15490
DNI 32883290,32883290,27328832904,KERBS,CINTHIA ROMINA,"109593,25",,,,,,,,IRSA PROPIEDADES COMERCIALES S.A,30527677331,MORENO,000877,21,,CAPITAL FEDERAL,"CAPITAL FEDERAL ",1091,681098,"SERVICIOS INMOBILIARIOS REALIZADOS POR CUENTA PROPIA, CON BIENES URBANOS PROPIOS O ARRENDADOS N.C.P.",488
DNI 29053112,29053112,20290531129,MAIDANA,CESAR JAVIER,"71502,95",,,,,,,,PILISAR SOCIEDAD ANONIMA,33709180849,CERRITO,001070,4,74,CAPITAL FEDERAL,"CAPITAL FEDERAL ",1010,275020,"FABRICACIÓN DE HELADERAS, ""FREEZERS"", LAVARROPAS Y SECARROPAS",368
DNI 29666633,29666633,20296666336,CAJAL,JORGE LUIS,"75830,60",,,,,,,,SECURITAS ARGENTINA SA,30678239549,PAROISSIEN,002506,,,CAPITAL FEDERAL,"CAPITAL FEDERAL ",1429,801090,SERVICIOS DE SEGURIDAD E INVESTIGACIÓN N.C.P.,5171
DNI 30643252,30643252,20306432525,DIEZ,MAXIMILIANO,"343967,53",,,,,,,,TRANSBA SA,30666408485,EDIFICIO 5 BRRIO TER,000000,,,NECOCHEA,BUENOS AIRES,7630,351201,TRANSPORTE DE ENERGÍA ELÉCTRICA,410
DNI 36941394,36941394,20369413946,AGUIRRE,ALEJANDRO CRISTOBAL,"133544,26",,,,,,,,RUTA 12 S A,30702076869,JUSTO JUAN B AV.,007099,,,CAPITAL FEDERAL,"CAPITAL FEDERAL ",1407,473000,VENTA AL POR MENOR DE COMBUSTIBLE PARA VEHÍCULOS AUTOMOTORES Y MOTOCICLETAS (INCLUYE LA VENTA AL POR MENOR DE PRODUCTOS LUBRICANTES Y REFRIGERANTES),15
DNI 26190851,26190851,20261908515,RAGUASI OMAR DARIO,RAGUASI DARIO,"0,00",,,,,,,,PROVINCIA DE MENDOZA,30689235545,BARRIO CIVICO CASA D,000000,,,MENDOZA,"MENDOZA ",5500,841100,"SERVICIOS GENERALES DE LA ADMINISTRACIÓN PÚBLICA (INCLUYE EL DESEMPEÑO DE FUNCIONES EJECUTIVAS Y LEGISLATIVAS DE ADMINISTRACIÓN POR PARTE DE LAS ENTIDADES DE LA ADMINISTRACIÓN CENTRAL, REGIONAL Y LOCAL, LA ADMINISTRACIÓN Y SUPERVISIÓN DE ASUNTOS FISCALES, LA A",118315
DNI 33684878,33684878,20336848785,BENITEZ DIEGO DARIO,BENITEZ DIEGO DARIO,"52908,72",,,,,,,,BENITTI MARIA ELENA,27250654648,,,,,,,,477190,VENTA AL POR MENOR DE PRENDAS Y ACCESORIOS DE VESTIR N.C.P.,2
DNI 27248701,27248701,23272487014,GODOY,MARIA ESTER,"10439,14",,,,,,,,MINISTERIO DE EDUCACION,33999252449,SANTA ROSA,000751,3,,BARRIO CENTRO NORTE,"CORDOBA ",5000,841100,"SERVICIOS GENERALES DE LA ADMINISTRACIÓN PÚBLICA (INCLUYE EL DESEMPEÑO DE FUNCIONES EJECUTIVAS Y LEGISLATIVAS DE ADMINISTRACIÓN POR PARTE DE LAS ENTIDADES DE LA ADMINISTRACIÓN CENTRAL, REGIONAL Y LOCAL, LA ADMINISTRACIÓN Y SUPERVISIÓN DE ASUNTOS FISCALES, LA A",39012
DNI 32916483,32916483,20329164838,CRISTALDO,CESAR JAVIER,"70085,86",,,,,,,,SECURITAS SUR S.A.,30583670676,CATAMARCA,000962,,,CAPITAL FEDERAL,"CAPITAL FEDERAL ",1231,801090,SERVICIOS DE SEGURIDAD E INVESTIGACIÓN N.C.P.,762
DNI 36737710,36737710,20367377101,GUILQUERUCA,HECTOR DANIEL,"140779,04",,,,,,,,FABRI S A,30588300680,"JULIO A ROCA        ","000615 ","  ","   ","PUERTO MADRYN       ","CHUBUT              ","9120      ",439990,"ACTIVIDADES ESPECIALIZADAS DE CONSTRUCCIÓN N.C.P. (INCLUYE EL ALQUILER, MONTAJE Y DESMANTELAMIENTO DE ANDAMIOS,  LA CONSTRUCCIÓN DE CHIMENEAS Y HORNOS INDUSTRIALES, EL ACORAZAMIENTO DE CAJAS FUERTES Y CÁMARAS FRIGORÍFICAS, EL ARMADO E INSTALACIÓN DE COMPUERTAS",156
DNI 41233796,41233796,20412337965,ACEVEDO,TOBIAS ADRIAN,"123934,18",,,,,,,,SES SA,30647727545,CERRITO,001070,09,,CAPITAL FEDERAL,"CAPITAL FEDERAL ",1010,410021,"CONSTRUCCIÓN, REFORMA Y REPARACIÓN DE EDIFICIOS NO RESIDENCIALES (INCLUYE CONSTRUCCIÓN, REFORMA Y REPARACIÓN DE RESTAURANTES, BARES, CAMPAMENTOS, BANCOS, OFICINAS, GALERÍAS COMERCIALES, ESTACIONES DE SERVICIO, EDIFICIOS PARA TRÁFICO Y COMUNICACIONES, GARAJES,",558
DNI 42962211,42962211,20429622116,PEREYRA,RODRIGO AARON,"82503,18",,,,,,,,CRISTALES NORTE SRL,30715829572,,,,,,,,464631,VENTA AL POR MAYOR DE ARTÍCULOS DE VIDRIO,46
DNI 16694691,16694691,20166946914,GONZALEZ OSCAR ANTONIO,GONZALEZ OSCAR ANTONIO,"11000,00",,,,,,,,MOLINA PAMELA LOURDES,27267478789,,,,,,,,492120,"SERVICIOS DE TRANSPORTE AUTOMOTOR DE PASAJEROS MEDIANTE TAXIS Y REMISES, ALQUILER DE AUTOS CON CHOFER (INCLUYE LOS RADIOTAXIS)",1
DNI 30654337,30654337,20306543378,BUSTOS MEDINA,MARTIN ADOLFO,"46771,00",,,,,,,,CONS PROP JUNCAL 3715 AL 21,30550150448,JUNCAL,003715,,,CAPITAL FEDERAL,"CAPITAL FEDERAL ",1425,949920,SERVICIOS DE CONSORCIOS DE EDIFICIOS,1
DNI 34308719,34308719,20343087196,GUARI,JOSUÉ EMANUEL,"9860,40",,,,,,,,GIOMON AGENCIA DE INVESTIGACIONES PRIVADAS S.R.L.,30611288952,PTE PERON,008940,,,ITUZAINGO,BUENOS AIRES,1714,801090,SERVICIOS DE SEGURIDAD E INVESTIGACIÓN N.C.P.,390
DNI 16355461,16355461,20163554616,ROJAS,CARLOS RAMON,"230212,16",,,,,,,,HONORABLE CAMARA DE DIPUTADOS DE LA NACION,30534213332,,,,,,,,841100,"SERVICIOS GENERALES DE LA ADMINISTRACIÓN PÚBLICA (INCLUYE EL DESEMPEÑO DE FUNCIONES EJECUTIVAS Y LEGISLATIVAS DE ADMINISTRACIÓN POR PARTE DE LAS ENTIDADES DE LA ADMINISTRACIÓN CENTRAL, REGIONAL Y LOCAL, LA ADMINISTRACIÓN Y SUPERVISIÓN DE ASUNTOS FISCALES, LA A",4230
DNI 29901375,29901375,20299013759,CHAVES,MARCOS ALEJANDRO,"107093,91",,,,,,,,TRANSPORTADORA DE CAUDALES JUNCADELLA SOCIEDAD ANONIMA,30546969874,TRES ARROYOS,002835,,,CAPITAL FEDERAL,"CAPITAL FEDERAL ",1416,801010,SERVICIOS DE TRANSPORTE DE CAUDALES Y OBJETOS DE VALOR,4084
DNI 42147206,42147206,27421472063,CASTRO,MARIA VICTORIA,"0,00",,,,,,,,CORREO OFICIAL DE LA REPUBLICA ARGENTINA SOCIEDAD ANONIMA,30708574836,BRANDSEN,002070,1,,CAPITAL FEDERAL,"CAPITAL FEDERAL ",1287,530010,SERVICIO DE CORREO POSTAL (INCLUYE LAS ACTIVIDADES DE CORREO POSTAL SUJETAS A LA OBLIGACIÓN DE SERVICIO UNIVERSAL),26317
DNI 17944543,17944543,20179445434,OUTEDA,GUSTAVO FABIAN,"247868,36",,,,,,,,AGUA Y SANEAMIENTOS ARGENTINOS SOCIEDAD ANONIMA,30709565075,TUCUMAN,000752,20,,CAPITAL FEDERAL,"CAPITAL FEDERAL ",1049,360020,"CAPTACIÓN, DEPURACIÓN Y DISTRIBUCIÓN DE AGUA DE FUENTES SUPERFICIALES",7437
DNI 27930028,27930028,23279300289,STIVALA RENDINA,DIEGO GASTON,"223137,47",,,,,,,,LA SEGUNDA COOPERATIVA LTDA DE SEGUROS GENERALES,30500017704,JUAN MANUEL DE ROSAS,000957,,,ROSARIO NORTE,SANTA FE,2000,651220,SERVICIOS DE SEGUROS PATRIMONIALES EXCEPTO LOS DE LAS ASEGURADORAS DE RIESGO DE TRABAJO (ART),1122
DNI 37387373,37387373,20373873730,BARRIENTOS,DIEGO HERNAN,"65781,65",,,,,,,,RACAVAL SA,30707248536,PTE.ILLIA,006537,,,JOSE CLEMENTE PAZ,BUENOS AIRES,1665,431210,"MOVIMIENTO DE SUELOS Y PREPARACIÓN DE TERRENOS PARA OBRAS (INCLUYE EL DRENAJE, EXCAVACIÓN DE ZANJAS PARA CONSTRUCCIONES DIVERSAS, EL DESPEJE DE CAPAS SUPERFICIALES NO CONTAMINADAS, MOVIMIENTOS DE TIERRAS PARA HACER TERRAPLENES O DESMONTES PREVIOS A LA CONSTRUC",166
DNI 39056612,39056612,20390566124,AREVALO,DIEGO DAVID,"69153,55",,,,,,,,CONECTAR S.R.L.,30707559779,AUGUSTO LOPEZ,001153,,,BARRIO LEANDRO N. AL,"CORDOBA ",5012,432190,"INSTALACIÓN, EJECUCIÓN Y MANTENIMIENTO DE INSTALACIONES ELÉCTRICAS, ELECTROMECÁNICAS Y ELECTRÓNICAS N.C.P. (INCLUYE LA INSTALACIÓN DE ANTENAS, PARARRAYOS, SISTEMAS DE ALARMAS CONTRA INCENDIOS Y ROBOS, SISTEMAS DE TELECOMUNICACIÓN, ETC.)",212
DNI 43079302,43079302,20430793021,,"RUPAYAN ANDRES JOSE SIMON                                                                                                                             ","3563,40",,,,,,,,FYR S.A.,33714075379,"CALAFATE            ","003676 ","  ","   ","PUERTO MADRYN       ","CHUBUT              ","9120      ",102001,"ELABORACIÓN DE PESCADOS DE MAR, CRUSTÁCEOS Y  PRODUCTOS MARINOS",274
DNI 32693599,32693599,23326935999,BLANCO,ALEJANDRO MAXIMILIANO,"76757,31",,,,,,,,SISTEM MELESUR  ARGENTINA S.A.U,33715826009,,,,,,,,432990,INSTALACIONES PARA EDIFICIOS Y OBRAS DE INGENIERÍA CIVIL N.C.P. (INCLUYE INSTALACIÓN DE PUERTAS AUTOMÁTICAS O GIRATORIAS),456
DNI 33030302,33030302,20330303027,VEGA,ABEL EDGARDO,"21247,65",,,,,,,,TOINAR SRL,30714392820,,,,,,,,429090,"CONSTRUCCIÓN DE OBRAS DE INGENIERÍA CIVIL N.C.P. (INCLUYE LOS TRABAJOS GENERALES DE CONSTRUCCIÓN PARA LA MINERÍA Y LA INDUSTRIA,  DE CENTRALES ELÉCTRICAS Y NUCLEARES, EXCAVACIONES DE SEPULTURAS, ETC.)",31
DNI 40490400,40490400,20404904001,ARIAS,MATIAS ALEJANDRO,"66669,27",,,,,,,,PROSEGUR SEGURIDAD  SA,30660038724,TRES ARROYOS,002835,,,CAPITAL FEDERAL,"CAPITAL FEDERAL ",1416,801090,SERVICIOS DE SEGURIDAD E INVESTIGACIÓN N.C.P.,473
DNIE93003360,93003360,20930033600,TORALES,"FLEITAS DAMIAN        ","39583,98",,,,,,,,CONSORCIO DE PROPIETARIOS FINCA CALLE JU,30534873685,JUNCAL,001465,,,CAPITAL FEDERAL,"CAPITAL FEDERAL ",1062,949920,SERVICIOS DE CONSORCIOS DE EDIFICIOS,2
DNI 18366500,18366500,20183665007,GONZALEZ,JOSE ALBERTO,"154709,39",,,,,,,,BIOFARMA S A,30571438247,BV DE LOS POLACOS,006446,,,CIUDAD DE CORDOBA NO,"CORDOBA ",5000,108000,ELABORACIÓN DE ALIMENTOS PREPARADOS PARA ANIMALES,343
DNI 31827181,31827181,20318271810,SALEGA,ALEJANDRO JAVIER,"34197,33",,,,,,,,CERTUS S.A.,30715136216,,,,,,,,801090,SERVICIOS DE SEGURIDAD E INVESTIGACIÓN N.C.P.,77
DNI 34412323,34412323,20344123234,BAIGORRIA,JONATAN EDGARDO,"35286,82",,,,,,,,MERCADO DE SOLUCIONES S.A.,30715105892,,,,,,,,829900,SERVICIOS EMPRESARIALES N.C.P.,669
DNI 35417685,35417685,20354176859,MARCON,CARLOS YAMIL,"67101,51",,,,,,,,METALURGICA INGENIERIA Y DECORACION SRL,30711966486,"LA RIOJA            ","000528 ","  ","   ","VALENTIN ALSINA     ","BUENOS AIRES        ","1822      ",242090,FABRICACIÓN DE PRODUCTOS PRIMARIOS DE METALES PRECIOSOS Y METALES NO FERROSOS N.C.P. Y SUS SEMIELABORADOS,21
DNI 17259874,17259874,23172598749,ACOSTA,HECTOR OSVALDO,"72101,36",,,,,,,,CONTADURIA DE LA PROVINCIA,30671513963,SAN MARTIN PISO 3,000450,,,SAN SALVADOR DE JUJU,"JUJUY ",4600,841100,"SERVICIOS GENERALES DE LA ADMINISTRACIÓN PÚBLICA (INCLUYE EL DESEMPEÑO DE FUNCIONES EJECUTIVAS Y LEGISLATIVAS DE ADMINISTRACIÓN POR PARTE DE LAS ENTIDADES DE LA ADMINISTRACIÓN CENTRAL, REGIONAL Y LOCAL, LA ADMINISTRACIÓN Y SUPERVISIÓN DE ASUNTOS FISCALES, LA A",84128
DNI 25674832,25674832,20256748321,SOTZ CORONEL,GUSTAVO EZEQUIEL,"11227,36",,,,,,,,MURATA S A,30641063378,LOPE DE VEGA AV.,000443,01,,CAPITAL FEDERAL,"CAPITAL FEDERAL ",1407,801090,SERVICIOS DE SEGURIDAD E INVESTIGACIÓN N.C.P.,2365
DNI 31096867,31096867,27310968671,PEDONE,MARIA ALDANA,"26124,30",,,,,,,,VIERA GONZALEZ BLANCA ELISA,27946110979,,,,,,,,492120,"SERVICIOS DE TRANSPORTE AUTOMOTOR DE PASAJEROS MEDIANTE TAXIS Y REMISES, ALQUILER DE AUTOS CON CHOFER (INCLUYE LOS RADIOTAXIS)",6
DNI 38848217,38848217,20388482177,CAMPLI,GONZALO NICOLAS,"126262,64",,,,,,,,"PAN AMERICAN ENERGY, S.L.,  SUCURSAL ARGENTINA",30695542476,ALEM LEANDRO N. AV.,001180,09,,CAPITAL FEDERAL,"CAPITAL FEDERAL ",1001,61000,"EXTRACCIÓN DE PETRÓLEO CRUDO (INCLUYE ARENAS ALQUITRANÍFERAS, ESQUISTOS BITUMINOSOS O LUTITAS, ACEITES DE PETRÓLEO Y DE MINERALES BITUMINOSOS, PETRÓLEO, ETC.)",4236
DNI 40018488,40018488,20400184888,QUIROZ,IGNACIO RUBEN,"57924,14",,,,,,,,KALAHARI SA,30716145774,,,,,,,,101099,"MATANZA DE ANIMALES N.C.P. Y PROCESAMIENTO DE SU CARNE, ELABORACIÓN DE SUBPRODUCTOS CÁRNICOS N.C.P. (INCLUYE PRODUCCIÓN DE CARNE FRESCA, REFRIGERADA O CONGELADA DE LIEBRE, CONEJO, ANIMALES DE CAZA, ETC.)",233
DNI 34949565,34949565,20349495652,POMAR,NICOLAS EZEQUIEL,"35478,02",,,,,,,,GOLONOR S.A.,30714769290,,,,,,,,471190,"VENTA AL POR MENOR EN KIOSCOS, POLIRRUBROS Y COMERCIOS NO ESPECIALIZADOS N.C.P.",34
DNI 37538197,37538197,23375381974,MACIEL CASTRO,ALEJANDRA AYELEN,"40160,64",,,,,,,,TENIL S A,30690766392,MAIPU,000026,7,C,CAPITAL FEDERAL,"CAPITAL FEDERAL ",1084,511000,SERVICIO DE TRANSPORTE AÉREO DE PASAJEROS,3
DNI 23548221,23548221,27235482210,DICIANO,ELIZABETH INES,"43666,92",,,,,,,,SILVA ARIEL HUGO,20236106080,,,,,,,,141120,"CONFECCIÓN DE ROPA DE TRABAJO, UNIFORMES Y GUARDAPOLVOS",7
DNI 28882168,28882168,27288821688,GONZALO,SUSANA LAURA,"88352,84",,,,,,,,MINISTERIO DE EDUCACION DE LA PROVINCIA DE SANTA FE,30999079039,ARTURO ILLIA,001153,03,DGA,SANTA FE,SANTA FE,3000,841200,"SERVICIOS PARA LA REGULACIÓN DE LAS ACTIVIDADES SANITARIAS, EDUCATIVAS, CULTURALES, Y RESTANTES SERVICIOS SOCIALES, EXCEPTO SEGURIDAD SOCIAL OBLIGATORIA (INCLUYE  LA GESTIÓN ADMINISTRATIVA DE PROGRAMAS DESTINADOS A MEJORAR EL BIENESTAR DE LOS CIUDADANOS)",76574
DNI 31767357,31767357,23317673574,SIVICOTTI,FLAVIA ANABEL,"68037,10",,,,,,,,MINISTERIO DE EDUCACION,33999252449,SANTA ROSA,000751,3,,BARRIO CENTRO NORTE,"CORDOBA ",5000,841100,"SERVICIOS GENERALES DE LA ADMINISTRACIÓN PÚBLICA (INCLUYE EL DESEMPEÑO DE FUNCIONES EJECUTIVAS Y LEGISLATIVAS DE ADMINISTRACIÓN POR PARTE DE LAS ENTIDADES DE LA ADMINISTRACIÓN CENTRAL, REGIONAL Y LOCAL, LA ADMINISTRACIÓN Y SUPERVISIÓN DE ASUNTOS FISCALES, LA A",39012
DNI 34946835,34946835,27349468358,,"SANCHEZ DAVID FEDERICO                                                                                                                                ","79873,42",,,,,,,,EXPRESO LA PLATA BUENOS AIRES S A,30707299041,60,002530,,,LA PLATA SUDESTE CAL,BUENOS AIRES,1900,492190,SERVICIO DE TRANSPORTE AUTOMOTOR DE PASAJEROS N.C.P.,189
DNI 35987892,35987892,20359878924,MIRANDA BULNES,JONATHAN ENRIQUE,"130107,91",,,,,,,,ANDAMIOS MAF ARGENTINA S.R.L.,30712496017,CHANCAY,000268,,,BAHIA BLANCA,BUENOS AIRES,8000,773030,"ALQUILER DE MAQUINARIA Y EQUIPO DE CONSTRUCCIÓN E INGENIERÍA CIVIL, SIN OPERARIOS (INCLUYE EL ALQUILER DE ANDAMIOS SIN MONTAJE NI DESMANTELAMIENTO)",110
DNI 39713219,39713219,20397132197,LENCINA,LEANDRO JAVIER,"43592,20",,,,,,,,CF DISENIOS SA,30709445835,ALCARAZ,004768,,,CAPITAL FEDERAL,"CAPITAL FEDERAL ",1407,711001,"SERVICIOS RELACIONADOS CON LA CONSTRUCCIÓN (INCLUYE LOS SERVICIOS PRESTADOS POR INGENIEROS, ARQUITECTOS Y TÉCNICOS)",21
DNI 25901031,25901031,23259010314,QUIROGA,FABIANA ANDREA,"150306,84",,,,,,,,GEOVIAL SOCIEDAD DE RESPONSABILIDAD LIMITADA,30657256583,RUTA PROVINCIAL 1 KL,000004,,,COMODORO RIVADAVIA,CHUBUT,9000,431220,"PERFORACIÓN Y SONDEO, EXCEPTO PERFORACIÓN DE POZOS DE PETRÓLEO, DE GAS, DE MINAS E HIDRÁULICOS  Y PROSPECCIÓN DE YACIMIENTOS DE PETRÓLEO (INCLUYE LOS TRABAJOS DE PERFORACIÓN, SONDEO Y MUESTREO CON FINES DE CONSTRUCCIÓN O PARA ESTUDIOS GEOFÍSICOS, GEOLÓGICOS U",86
DNI 34779681,34779681,27347796811,VILLENA JARA,GABRIELA INES D,"5270,27",,,,,,,,BAIFER SRL,30716663252,,,,,,,,477190,VENTA AL POR MENOR DE PRENDAS Y ACCESORIOS DE VESTIR N.C.P.,24
DNI 42728275,42728275,27427282754,DELGADILLO,MICAELA AGOSTINA,"58515,00",,,,,,,,MAGUEN PROTECCION S.R.L.,30712131191,GALLO,000606,12,4,CAPITAL FEDERAL,"CAPITAL FEDERAL ",1172,801090,SERVICIOS DE SEGURIDAD E INVESTIGACIÓN N.C.P.,126
DNI 24732366,24732366,20247323660,SCHMIDT,ENRIQUE SERGIO MARCELO,"102929,13",,,,,,,,COMBUSTIBLES DEL SALADO S.A.,30712684107,AVELLANEDA,000026,,,GENERAL MADARIAGA,BUENOS AIRES,7163,473000,VENTA AL POR MENOR DE COMBUSTIBLE PARA VEHÍCULOS AUTOMOTORES Y MOTOCICLETAS (INCLUYE LA VENTA AL POR MENOR DE PRODUCTOS LUBRICANTES Y REFRIGERANTES),17
DNI 35339326,35339326,20353393260,GALVAN ESCOBAR,JONATHAN LEANDRO DANIEL,"48556,20",,,,,,,,SULIMP SA,30553004523,SEGUI F J ALMTE.,001442,,,CAPITAL FEDERAL,"CAPITAL FEDERAL ",1416,812010,SERVICIOS DE LIMPIEZA GENERAL DE EDIFICIOS,819
DNI 18491649,18491649,20184916496,ROCHELLE,CARLOS EDGARDO CEFERINO,"138403,72",,,,,,,,INDUSTRIAS MARO S A,30661228098,BERNABE DE SAN MARTI,000025,,,BARADERO,BUENOS AIRES,2942,293090,"FABRICACIÓN DE PARTES, PIEZAS Y ACCESORIOS PARA VEHÍCULOS AUTOMOTORES Y SUS MOTORES N.C.P.",381
DNI 23166021,23166021,27231660211,DABROWSKI,MONICA RAQUEL,"8838,35",,,,,,,,ASOCIACION CIVIL SINDICATO DE AMAS DE CASA,30658874736,COLON,001556,,,POSADAS,MISIONES,3300,949990,SERVICIOS DE ASOCIACIONES N.C.P.,58
DNI 23241280,23241280,27232412807,RAMACCIONI,DANIELA EGLE,"127636,26",,,,,,,,AGROANDINA S.A.,30707124284,AV. PERON,001317,,,CHILECITO,LA RIOJA,5360,107999,"ELABORACIÓN DE PRODUCTOS ALIMENTICIOS N.C.P. (INCLUYE LA ELABORACIÓN DE POLVOS PARA PREPARAR POSTRES Y GELATINAS, LEVADURA, PRODUCTOS PARA COPETÍN, SOPAS, SAL DE MESA, MAYONESA, MOSTAZA, ETC.)",218
DNI 23469991,23469991,27234699917,GRAMAJO CASELLINI,MARIA,"378693,75",,,,,,,,DIAGEO DE ARGENTINA S.A.,30715128302,,,,,,,,702099,"SERVICIOS DE ASESORAMIENTO, DIRECCIÓN Y GESTIÓN EMPRESARIAL N.C.P.",26
DNI 28174560,28174560,20281745604,PRONESTI,CARLOS ALBERTO,"68713,86",,,,,,,,GIORGIO BENETI S R L,30680429878,MANUEL BALIðA,001255,,,BANFIELD,BUENOS AIRES,1828,152011,"FABRICACIÓN DE CALZADO DE CUERO, EXCEPTO CALZADO DEPORTIVO Y ORTOPÉDICO",42
DNI 38699309,38699309,27386993098,TULIAN,MARIA SOL,"112420,69",,,,,,,,MINIMERCADO LOMA VERDE S.R.L.,30709650544,RUTA 9 KM 54.500,000000,,,ESCOBAR,BUENOS AIRES,1625,471130,"VENTA AL POR MENOR EN MINIMERCADOS (INCLUYE MERCADITOS, AUTOSERVICIOS Y ESTABLECIMIENTOS SIMILARES QUE VENDAN CARNES, VERDURAS Y DEMÁS PRODUCTOS ALIMENTICIOS EN FORMA CONJUNTA)",12
DNI 40463853,40463853,20404638530,RODRIGUEZ,GUILLERMO FROILAN,"69297,32",,,,,,,,GRUPO ESPECIALIZADO DE PROTECCION  S.A. (GEPSA),30707701672,PATRICIOS,001656,,,SANTOS LUGARES,BUENOS AIRES,1676,801090,SERVICIOS DE SEGURIDAD E INVESTIGACIÓN N.C.P.,182
DNI 40845815,40845815,20408458154,MORALES,RODRIGO SEBASTIAN,"98595,72",,,,,,,,PROIMAGE PRODUCIONES S.R.L.,30709868264,REPUBL. ARABE SIRIA,002930,9,C,CAPITAL FEDERAL,"CAPITAL FEDERAL ",1425,829900,SERVICIOS EMPRESARIALES N.C.P.,39
DNI 21172683,21172683,20211726831,CORONEL,MANUEL CLAUDIO,"112968,90",,,,,,,,TOLDER SOCIEDAD ANONIM,30612984243,veracruz,000518,pb,,LANUS,BUENOS AIRES,1824,139209,"FABRICACIÓN DE ARTÍCULOS CONFECCIONADOS DE MATERIALES TEXTILES N.C.P., EXCEPTO PRENDAS DE VESTIR",86
DNI 27013885,27013885,20270138854,CORREA,DANIEL AGUSTIN,"75296,49",,,,,,,,ORTIZ Y CIA SA,30503697579,AV DON BOSCO,005195,,,CIUDAD DE CORDOBA SU,"CORDOBA ",5000,241009,FABRICACIÓN EN INDUSTRIAS BÁSICAS DE PRODUCTOS DE HIERRO Y ACERO N.C.P. (INCLUYE LA PRODUCCIÓN DE HOJALATA),113
DNI 30341838,30341838,20303418386,LARA,EDUARDO JESUS,"41588,56",,,,,,,,SEGURIDAD PRIVADA G.R. SA,30708952555,GENERAL JUAN JOSE VA,000640,,,MORON,BUENOS AIRES,1708,801090,SERVICIOS DE SEGURIDAD E INVESTIGACIÓN N.C.P.,319
DNI 30572852,30572852,20305728528,SZURPIK,FERNANDO MARCELO ARIEL,"82288,80",,,,,,,,TECSESI S.A.,30715894501,,,,,,,,382010,RECUPERACIÓN DE MATERIALES Y DESECHOS METÁLICOS,398
DNI 31993992,31993992,20319939920,SANDOVAL,DIEGO JAVIER,"10195,09",,,,,,,,LA MEDITERRANEA SA,33693331019,AVDA. 844,002516,,,SAN FRANCISCO SOLANO,BUENOS AIRES,1881,920009,SERVICIOS RELACIONADOS CON JUEGOS DE AZAR Y APUESTAS N.C.P.,216
DNI 34251872,34251872,23342518729,D'ALESSANDRO,HUGO ROGELIO,"117893,21",,,,,,,,KEMINI SOCIEDAD ANONIMA,30707528458,ALVAREZ JULIAN,000761,,,CAPITAL FEDERAL,"CAPITAL FEDERAL ",1414,464129,"VENTA AL POR MAYOR DE PRENDAS Y ACCESORIOS DE VESTIR N.C.P., EXCEPTO UNIFORMES Y ROPA DE TRABAJO",246
DNI 34673147,34673147,27346731473,SILVA,KARINA NATALIA,"22112,83",,,,,,,,ASOCIACION DE RELIGIOSAS DE LA CONGREGA CION HIJAS DE CRISTO REY,30667678486,CABILDO,002099,,,GARIN,BUENOS AIRES,1619,851020,"ENSEÑANZA INICIAL, JARDÍN DE INFANTES Y PRIMARIA",78
DNI 36484027,36484027,20364840277,ANDINO,DAMIAN RAMON,"122074,75",,,,,,,,RAFAELA ALIMENTOS S A,33500529909,PARANA,000899,,,RAFAELA,SANTA FE,2300,101030,ELABORACIÓN DE FIAMBRES Y EMBUTIDOS,1330
DNI 45308265,45308265,27453082658,NAVARRO,ROCIO,"10472,20",,,,,,,,SERTEC SERVICIOS Y TECNOLOGIA EN LIMPIEZA S A,30687797376,MONTES DE OCA MANUEL,001367,4,B,CAPITAL FEDERAL,"CAPITAL FEDERAL ",1270,812010,SERVICIOS DE LIMPIEZA GENERAL DE EDIFICIOS,502
DNI 21393824,21393824,27213938245,LUND,LAURA ISABEL,"68268,10",,,,,,,,MINISTERIO DE EDUCACION,33999252449,SANTA ROSA,000751,3,,BARRIO CENTRO NORTE,"CORDOBA ",5000,841100,"SERVICIOS GENERALES DE LA ADMINISTRACIÓN PÚBLICA (INCLUYE EL DESEMPEÑO DE FUNCIONES EJECUTIVAS Y LEGISLATIVAS DE ADMINISTRACIÓN POR PARTE DE LAS ENTIDADES DE LA ADMINISTRACIÓN CENTRAL, REGIONAL Y LOCAL, LA ADMINISTRACIÓN Y SUPERVISIÓN DE ASUNTOS FISCALES, LA A",39012
DNI 27030616,27030616,20270306161,FERREYRA,ELIO GABRIEL,"152617,54",,,,,,,,PRODUNOA SA,30644786079,PARCELA 02 Bª PQUE I,000000,,,LA BANDA,"SANTIAGO DEL ESTERO ",4300,110492,"ELABORACIÓN DE BEBIDAS NO ALCOHÓLICAS N.C.P. (INCLUYE LOS JUGOS PARA DILUIR O EN POLVO LLAMADOS ""SINTÉTICOS"" O DE UN CONTENIDO EN JUGOS NATURALES INFERIOR AL 50%), (NO INCLUYE A LOS JUGOS NATURALES Y SUS CONCENTRADOS, DE FRUTAS, HORTALIZAS Y LEGUMBRES - ACTIVI",104
DNI 34511715,34511715,20345117157,NEQUI CESAR ROLANDO SEBASTIAN,NEQUI CESAR ROLANDO,"50374,81",,,,,,,,CLINICA PRIVADA DEL SOL S.A.,30615571454,CHACABUCO,000709,,,BARRIO NUEVA CORDOBA,"CORDOBA ",5000,869090,"SERVICIOS RELACIONADOS CON LA SALUD HUMANA N.C.P. (INCLUYE SERVICIOS DE PSICÓLOGOS, FONOAUDIÓLOGOS, SERVICIOS DE ENFERMERÍA, TERAPIA OCUPACIONAL, BANCOS DE SANGRE, DE SEMEN,ETC.)",249
DNI 21451211,21451211,20214512115,LOPEZ NARVAJA,GASTON JUAN SANTIAGO,"128030,70",,,,,,,,CONSTRUCCION DE VIVIENDA PARA LA ARMADA COVIARA,30546694646,RECONQUISTA,000385,05,,CAPITAL FEDERAL,"CAPITAL FEDERAL ",1003,410011,"CONSTRUCCIÓN, REFORMA Y REPARACIÓN DE EDIFICIOS RESIDENCIALES (INCLUYE LA CONSTRUCCIÓN, REFORMA Y REPARACIÓN  DE VIVIENDAS UNIFAMILIARES Y MULTIFAMILIARES, BUNGALOES, CABAÑAS, CASAS DE CAMPO, DEPARTAMENTOS, ALBERGUES PARA ANCIANOS, NIÑOS, ESTUDIANTES, ETC.)",44
DNI 13272143,13272143,20132721433,FERREYRA,LUIS EDUARDO,"136040,90",,,,,,,,LOTERIA DE LA PROVINCIA DE CORDOBA SOCIEDAD  DEL ESTADO,30694327237,27 DE ABRIL,000189,,,BARRIO CENTRO SUR,"CORDOBA ",5000,920009,SERVICIOS RELACIONADOS CON JUEGOS DE AZAR Y APUESTAS N.C.P.,1061
DNI 39721509,39721509,20397215092,VALDEZ,FRANCO DAVID,"49802,15",,,,,,,,CONTADURIA GENERAL DEL EJERCITO,30546690519,"PIEDRAS             ","000141 ",01,"   ","CAPITAL FEDERAL     ","CAPITAL FEDERAL     ","1070      ",842200,SERVICIOS DE DEFENSA,0
DNI 35939975,35939975,27359399753,GOMEZ,PAULA GISELA,"0,00",,,,,,,,PARQUE PAMPA S.A.,30579866019,DARWIN PASSAPONTI -,006002,,,MORENO,BUENOS AIRES,1744,281500,"FABRICACIÓN DE HORNOS, HOGARES Y QUEMADORES",225
DNI 32936618,32936618,23329366189,GAJO,NICOLAS DANIEL,"179506,85",,,,,,,,TRANSPORTES FURLONG SA,30519071521,RUTA PANAMERICANA KM,000000,,,GENERAL PACHECO,BUENOS AIRES,1617,492290,SERVICIO DE TRANSPORTE AUTOMOTOR DE CARGAS N.C.P. (INCLUYE  SERVICIOS DE TRANSPORTE DE CARGA REFRIGERADA Y TRANSPORTE PESADO),419
DNI 34415393,34415393,27344153936,AYALA,DEBORA BELEN,"62128,85",,,,,,,,FUNDACION TEMAIKEN,30707136185,RUTA 25 KM 0.700,000000,,,ESCOBAR,BUENOS AIRES,1625,910300,"SERVICIOS DE JARDINES BOTÁNICOS, ZOOLÓGICOS Y DE PARQUES NACIONALES",196
DNI 16083628,16083628,27160836283,TABORDA,MONICA DEL VALLE,"109182,78",,,,,,,,ALISER GASTRONOMIA S.A.,30708140569,AV. AMADEO SABATTINI,005025,,,CIUDAD DE CORDOBA SU,"CORDOBA ",5000,562010,"SERVICIOS DE PREPARACIÓN DE COMIDAS PARA EMPRESAS Y EVENTOS (INCLUYE EL SERVICIO DE CATERING, EL SUMINISTRO DE COMIDAS PARA BANQUETES, BODAS, FIESTAS Y OTRAS CELEBRACIONES, COMIDAS PARA HOSPITAL, ETC.)",230
DNI 34522813,34522813,20345228137,CACERES,VICTOR HUGO,"0,00",,,,,,,,LABOR LOGISTICA S.R.L,30715394053,,,,,,,,492290,SERVICIO DE TRANSPORTE AUTOMOTOR DE CARGAS N.C.P. (INCLUYE  SERVICIOS DE TRANSPORTE DE CARGA REFRIGERADA Y TRANSPORTE PESADO),370
DNI 36644056,36644056,23366440569,PRONER,MARIANO,"94006,44",,,,,,,,ALIMENTIC SRL,30715186256,,,,,,,,472130,"VENTA AL POR MENOR DE CARNES ROJAS, MENUDENCIAS Y CHACINADOS FRESCOS",19
DNI 32386318,32386318,27323863186,CASANO,MARIANA,"108436,39",,,,,,,,EKOPARTY SECURITY CONFERENCE,30716717174,,,,,,,,620900,SERVICIOS DE INFORMÁTICA N.C.P.,8
DNI 34101862,34101862,20341018626,PINTO BRETTI,NICOLAS EZEQUIEL,"43906,18",,,,,,,,AREA DE SERVICIOS SRL,30711849145,QUITO,000106,,,GENERAL PACHECO,BUENOS AIRES,1617,829900,SERVICIOS EMPRESARIALES N.C.P.,4
DNIE94090724,94090724,27940907247,SOBIESKI,"KAREN         ","210758,77",,,,,,,,EMC COMPUTER SYSTEMS ARGENTINA S A,30696216009,ALEM LEANDRO N. AV.,000855,17,,CAPITAL FEDERAL,"CAPITAL FEDERAL ",1001,474010,"VENTA AL POR MENOR DE EQUIPOS, PERIFÉRICOS,  ACCESORIOS Y PROGRAMAS INFORMÁTICOS",82
DNI 28758203,28758203,27287582035,RONDA,ANA MARIA RITA,"57014,73",,,,,,,,MINISTERIO DE EDUCACION DE CORRIENTES,30707318240,LA RIOJA,000663,,,CORRIENTES,CORRIENTES,3400,841200,"SERVICIOS PARA LA REGULACIÓN DE LAS ACTIVIDADES SANITARIAS, EDUCATIVAS, CULTURALES, Y RESTANTES SERVICIOS SOCIALES, EXCEPTO SEGURIDAD SOCIAL OBLIGATORIA (INCLUYE  LA GESTIÓN ADMINISTRATIVA DE PROGRAMAS DESTINADOS A MEJORAR EL BIENESTAR DE LOS CIUDADANOS)",20856
DNIE93970056,93970056,20939700561,LEVANO,"ESPINOZA JOSE ENRIQUE       ","103911,33",,,,,,,,BUENOS AIRES  LAB  SOCIEDAD ANONIMA,30619553388,CALLAO AV.,000025,2,D,CAPITAL FEDERAL,"CAPITAL FEDERAL ",1022,863190,SERVICIOS DE PRÁCTICAS DE DIAGNÓSTICO N.C.P.,3
DNI 24199784,24199784,24241997843,PACHECO CATALINO MIGUEL,,"54267,67",,,,,,,,BARACK ARGENTINA SRL,30710942893,HEREDIA,001565,,,SAN MARTIN,BUENOS AIRES,1650,139900,FABRICACIÓN DE PRODUCTOS TEXTILES N.C.P.,177
DNI 30614200,30614200,27306142009,CAÑETE,MARIA DE LOS ANGELES,"107181,32",,,,,,,,DISTRIBUIDORA A. SUAREZ S.R.L.,30708566515,PALMAR,007015,,,CAPITAL FEDERAL,"CAPITAL FEDERAL ",1408,463160,"VENTA AL POR MAYOR DE CHOCOLATES, GOLOSINAS Y PRODUCTOS PARA KIOSCOS Y POLIRRUBROS N.C.P., EXCEPTO CIGARRILLOS",13
DNI 16589828,16589828,20165898282,CUSANO,VICTOR RODOLFO,"89400,00",,,,,,,,TECH SECURITY SOCIEDAD DE RESPONSABILIDAD LIMITADA,30709463469,TALCAHUANO,000833,04,D,CAPITAL FEDERAL,"CAPITAL FEDERAL ",1013,801090,SERVICIOS DE SEGURIDAD E INVESTIGACIÓN N.C.P.,578
DNI 29932893,29932893,20299328938,SANTA CRUZ,MARTIN ALEJANDRO,"147672,50",,,,,,,,ROBERTO A.  VALLOSCURO SA,30587812122,TOMKINSON,001399,,,BECCAR,BUENOS AIRES,1643,473000,VENTA AL POR MENOR DE COMBUSTIBLE PARA VEHÍCULOS AUTOMOTORES Y MOTOCICLETAS (INCLUYE LA VENTA AL POR MENOR DE PRODUCTOS LUBRICANTES Y REFRIGERANTES),21
DNI 38588266,38588266,27385882667,ESPADA,MARIA LUCIA,"97449,07",,,,,,,,EY GDS CS ARGENTINA S.R.L.,33715789529,,,,,,,,829900,SERVICIOS EMPRESARIALES N.C.P.,1069
DNIE93260655,93260655,20932606551,ZAPATA,"ANGEL MATIAS       ","105856,71",,,,,,,,LA BRIGADA SA,30649635389,ESTADOS UNIDOS,000465,,,CAPITAL FEDERAL,"CAPITAL FEDERAL ",1101,561011,SERVICIOS DE RESTAURANTES Y CANTINAS SIN ESPECTÁCULO,37
DNIE95808303,95808303,27958083039,,SANZ CARIDAD AGUSTINA NIRVANA,"121657,80",,,,,,,,HDI SEGUROS SOCIEDAD ANONIMA,30500017011,PERON JUAN TTE.GRAL.,000650,05,,CAPITAL FEDERAL,"CAPITAL FEDERAL ",1038,651220,SERVICIOS DE SEGUROS PATRIMONIALES EXCEPTO LOS DE LAS ASEGURADORAS DE RIESGO DE TRABAJO (ART),149
DNI 27328765,27328765,20273287656,PAVON,ADRIAN ALEJANDRO,"232046,54",,,,,,,,COMPA#IA FLUVIAL DEL SUD SA,30554584728,H CESTINO Y CANAL O,000000,,,ENSENADA,BUENOS AIRES,1925,81300,"EXTRACCIÓN DE ARENAS, CANTO RODADO Y TRITURADOS PÉTREOS (INCLUYE ARENA PARA CONSTRUCCIÓN, ARENA SILÍCEA, OTRAS ARENAS NATURALES, CANTO RODADO, DOLOMITA TRITURADA, SALTO TRITURADO, PIEDRA PARTIDA  Y  OTROS TRITURADOS PÉTREOS, ETC.)",74
DNI 41101307,41101307,20411013074,AVALOS,JUAN SEBASTIAN,"12324,89",,,,,,,,CHOCALA ROMAN NARCISO,20927602955,,,,,,,,410011,"CONSTRUCCIÓN, REFORMA Y REPARACIÓN DE EDIFICIOS RESIDENCIALES (INCLUYE LA CONSTRUCCIÓN, REFORMA Y REPARACIÓN  DE VIVIENDAS UNIFAMILIARES Y MULTIFAMILIARES, BUNGALOES, CABAÑAS, CASAS DE CAMPO, DEPARTAMENTOS, ALBERGUES PARA ANCIANOS, NIÑOS, ESTUDIANTES, ETC.)",4
DNI 29230581,29230581,20292305819,GODOY,CRISTIAN SEBASTIAN,"122663,32",,,,,,,,COOPERATIVA DE SERVICIOS PUBLICOS HIGHLAND PARK LTDA,30520213291,AV. LOS JAZMINES Y C,000000,,,DEL VISO,BUENOS AIRES,1669,931020,"EXPLOTACIÓN DE INSTALACIONES DEPORTIVAS, EXCEPTO CLUBES",127
DNI 36062587,36062587,27360625872,BANCEROWSKI,SILVANA VANINA,"84186,86",,,,,,,,ODONTOSEC SA,30709502448,DE LAS CARRERAS S.,000010,1,,CAPITAL FEDERAL,"CAPITAL FEDERAL ",1407,862200,SERVICIOS ODONTOLÓGICOS,19
DNI 5387155,5387155,20053871551,ARRUA,ROBERTO OSCAR,"101438,13",,,,,,,,CAJA DE RETIROS JUBILACIONES Y PENSIONES DE LA POLICIA DE LA PROVINCIA DE BS AS,30620698012,48,000502,,,LA PLATA NOROESTE CA,BUENOS AIRES,1900,949990,SERVICIOS DE ASOCIACIONES N.C.P.,37808
RMS379975986181002,13923872,23139238729,ROSALES,RUBEN HILARIO,"143384,34",,,,,,,,CONTADURIA GENERAL DEL EJERCITO,30546690519,"PIEDRAS             ","000141 ",01,"   ","CAPITAL FEDERAL     ","CAPITAL FEDERAL     ","1070      ",842200,SERVICIOS DE DEFENSA,0
RMS376637062732008,33634168,20336341680,HIRIART URRUTY,RAMIRO JESUS,"316322,41",,,,,,,,AGGREKO ARGENTINA S.R.L.,30710360525,ALEM LEANDRO N. AV.,000465,2,D,CAPITAL FEDERAL,"CAPITAL FEDERAL ",1003,351110,"GENERACIÓN DE ENERGÍA TÉRMICA CONVENCIONAL (INCLUYE LA PRODUCCIÓN DE ENERGÍA ELÉCTRICA MEDIANTE MÁQUINAS TURBO-GAS, TURBO VAPOR, CICLO COMBINADO Y TURBO DIESEL)",175
RMS376416258942006,17951548,20179515483,BARRESI,ROBERTO DANIEL,"20001,01",,,,,,,,PLASTIFERRO TUBOS SA,33691265949,DEL PROGRESO,007221,,,9 DE ABRIL,BUENOS AIRES,1776,222090,"FABRICACIÓN DE PRODUCTOS PLÁSTICOS EN FORMAS BÁSICAS Y ARTÍCULOS DE PLÁSTICO N.C.P., EXCEPTO MUEBLES",128
RMS376636412332006,38469479,27384694794,PICO,MICAELA,"84456,17",,,,,,,,ESPACIO DE DISEÑO S.R.L.,30713807504,HELGUERA GERONIMO DE,620," "," ",CIUDAD AUTONOMA,CAPITAL FEDERAL,1406,321020,FABRICACIÓN DE BIJOUTERIE (INCLUYE LA FABRICACIÓN DE JOYAS DE FANTASÍA Y ACCESORIOS SIMILARES),45
RMS376636702321008,22537376,20225373761,CALDEZ,RUBEN ALBERTO,"83450,32",,,,,,,,MUNICIPALIDAD DE BAHIA BLANCA,30999002095,ALSINA,000065,,,BAHIA BLANCA,BUENOS AIRES,8000,841100,"SERVICIOS GENERALES DE LA ADMINISTRACIÓN PÚBLICA (INCLUYE EL DESEMPEÑO DE FUNCIONES EJECUTIVAS Y LEGISLATIVAS DE ADMINISTRACIÓN POR PARTE DE LAS ENTIDADES DE LA ADMINISTRACIÓN CENTRAL, REGIONAL Y LOCAL, LA ADMINISTRACIÓN Y SUPERVISIÓN DE ASUNTOS FISCALES, LA A",2513
RMS376417385931003,20694442,20206944421,MEANA,MARCELO RICARDO,"202952,34",,,,,,,,JUAN ROCCA S R L,30549765358,RUTA 28 KM 1 9,000000,,,GENERAL RODRIGUEZ,"BUENOS AIRES ",1748,492290,SERVICIO DE TRANSPORTE AUTOMOTOR DE CARGAS N.C.P. (INCLUYE  SERVICIOS DE TRANSPORTE DE CARGA REFRIGERADA Y TRANSPORTE PESADO),148
RMS376637071331008,10744247,20107442473,MIGONI,HECTOR DANIEL,"210676,53",,,,,,,,CAJA DE JUBILACIONES Y PENSIONES DE ENTRE RIOS,30671208710,ANDRES PAZOS,000127,,,PARANA,ENTRE RIOS,3100,843000,"SERVICIOS DE LA SEGURIDAD SOCIAL OBLIGATORIA, EXCEPTO OBRAS SOCIALES (INCLUYE PAMI Y ANSES)",46323
RMS376710087973004,13147496,20131474963,AMIEVA,ERNESTO RAUL,"0,01",,,,,,,,ISS FACILITY SERVICES SRL,30708776609,BAZURCO,002355,,,CAPITAL FEDERAL,"CAPITAL FEDERAL ",1419,812010,SERVICIOS DE LIMPIEZA GENERAL DE EDIFICIOS,576
RMS379975989381005,26605897,20266058978,GUEVARA,PABLO EMILIANO,"43164,73",,,,,,,,AV. FRANCISCO BEIRO 3834 S.R.L,30715782150,,,,,,,,561019,SERVICIOS DE EXPENDIO DE COMIDAS Y BEBIDAS EN ESTABLECIMIENTOS CON SERVICIO DE MESA Y/O EN MOSTRADOR N.C.P.,12
RMS376688842322008,21072737,27210727375,SCHLIMOVICH,PAULA LORENA,"0,00",,,,,,,,UNIVERSIDAD NACIONAL DE LOMAS DE ZAMORA,30586761656,JUAN XXIII,000000,,,LOMAS DE ZAMORA,BUENOS AIRES,1832,853201,ENSEÑANZA UNIVERSITARIA EXCEPTO FORMACIÓN DE POSGRADO,1984
RMS376687198942005,8387714,20083877147,RALLIN,HECTOR JOSE,"120247,50",,,,,,,,AGRIFER S.A.,30709179922,INDEPENDENCIA Y RUTA,000034,,,EMBARCACION,"SALTA ",4550,453291,"VENTA AL POR MENOR DE PARTES, PIEZAS Y ACCESORIOS NUEVOS N.C.P.",12
RMS376416651132007,24758389,20247583891,AGUILAR,JORGE ALEJANDRO,"0,00",,,,,,,,UNIVERSIDAD DE BUENOS AIRES,30546666561,VIAMONTE,000444,,,CAPITAL FEDERAL,"CAPITAL FEDERAL ",1053,853100,ENSEÑANZA  TERCIARIA,32968
RMS376418978952000,23292482,23232924829,HARTE,DIEGO,"232677,41",,,,,,,,CORREO OFICIAL DE LA REPUBLICA ARGENTINA SOCIEDAD ANONIMA,30708574836,BRANDSEN,002070,1,,CAPITAL FEDERAL,"CAPITAL FEDERAL ",1287,530010,SERVICIO DE CORREO POSTAL (INCLUYE LAS ACTIVIDADES DE CORREO POSTAL SUJETAS A LA OBLIGACIÓN DE SERVICIO UNIVERSAL),26317
RMS376407692951000,20400771,27204007719,BATTAIOLA VITAR,BLANCA SORAYA,"151794,56",,,,,,,,GOBIERNO DE LA CIUDAD DE BUENOS AIRES,34999032089,PERON JUAN TTE.GRAL.,000788,07,,CAPITAL FEDERAL,"CAPITAL FEDERAL ",1038,841100,"SERVICIOS GENERALES DE LA ADMINISTRACIÓN PÚBLICA (INCLUYE EL DESEMPEÑO DE FUNCIONES EJECUTIVAS Y LEGISLATIVAS DE ADMINISTRACIÓN POR PARTE DE LAS ENTIDADES DE LA ADMINISTRACIÓN CENTRAL, REGIONAL Y LOCAL, LA ADMINISTRACIÓN Y SUPERVISIÓN DE ASUNTOS FISCALES, LA A",153289
RMS376418652911009,17425663,20174256633,MACCARI,ELVIS HECTOR,"117842,55",,,,,,,,USINA LACTEA EL PUENTE S.A.,30647506190,DE LA TORRE LISANDRO,002215,,,CAPITAL FEDERAL,"CAPITAL FEDERAL ",1440,105020,ELABORACIÓN DE QUESOS (INCLUYE LA PRODUCCIÓN DE SUERO),610
RMS376687298542002,29193436,20291934367,BAEZ,ADRIAN LEONARDO,"210382,31",,,,,,,,POLICIA FEDERAL ARGENTINA,30624051919,DE MAYO AV,1333,3," ",CAPITAL FEDERAL,CAPITAL FEDERAL,1085,842300,SERVICIOS PARA EL ORDEN PÚBLICO Y LA SEGURIDAD,31795
RMS379975249391000,13635300,20136353005,SANCHEZ,DANIEL HECTOR,"247947,11",,,,,,,,CONUAR S A (COMBUSTIBLES NUCLEARES ARGENTINOS),30589673804,PBTO J GONZALEZ Y AR,000015,,,EZEIZA,BUENOS AIRES,1804,201140,"FABRICACIÓN DE COMBUSTIBLE NUCLEAR, SUSTANCIAS Y MATERIALES RADIACTIVOS",439
DNI 22470255,22470255,20224702559,BAIELI,MAXIMILIANO GUILLERMO,"98573,97",,,,,,,,EXPOVICTOR SA,30687047733,MERCADO CENTRAL NAVE,000000,00,030,MERCADO CENTRAL BUEN,BUENOS AIRES,1771,461029,VENTA AL POR MAYOR EN COMISIÓN O CONSIGNACIÓN DE PRODUCTOS PECUARIOS N.C.P.,25
DNI 30035304,30035304,20300353046,SOSA,IGNACIO GERARDO,"165305,56",,,,,,,,INVERSIONES Y DESARROLLOS ARGENTINOS SRL,30716452510,,,,,,,,410011,"CONSTRUCCIÓN, REFORMA Y REPARACIÓN DE EDIFICIOS RESIDENCIALES (INCLUYE LA CONSTRUCCIÓN, REFORMA Y REPARACIÓN  DE VIVIENDAS UNIFAMILIARES Y MULTIFAMILIARES, BUNGALOES, CABAÑAS, CASAS DE CAMPO, DEPARTAMENTOS, ALBERGUES PARA ANCIANOS, NIÑOS, ESTUDIANTES, ETC.)",5
DNI 95991017,95991017,20959910171,,FERNANDEZ QUIJADA ALEJANDRO MOISES,"118055,56",,,,,,,,FK TECH S.R.L,33711720109,PASO JUAN JOSE DR.,000665,1,2,CAPITAL FEDERAL,"CAPITAL FEDERAL ",1031,620100,SERVICIOS DE CONSULTORES EN INFORMÁTICA Y SUMINISTROS DE PROGRAMAS DE INFORMÁTICA,78
DNI 95721384,95721384,20957213848,ROJAS ALVARENGA ELIOENAI JOSUE,ROJAS ALVARENGA  ELIOENAI JOSUE,"54565,06",,,,,,,,FRANCISCO OSVALDO DIAZ SA,30570040487,ALVAREZ THOMAS AV.,001489,,,CAPITAL FEDERAL,"CAPITAL FEDERAL ",1427,451110,"VENTA DE AUTOS, CAMIONETAS Y UTILITARIOS NUEVOS (INCLUYE TAXIS, JEEPS, 4X4 Y VEHÍCULOS SIMILARES)",245
DNI 27663904,27663904,20276639049,RAFFAELLI,LUCAS EMILIANO,"194463,00",,,,,,,,GARANTIZAR SOCIEDAD DE GARANTIA RECIPROCA,30688331761,SARMIENTO,000663,6,,CAPITAL FEDERAL,"CAPITAL FEDERAL ",1316,829900,SERVICIOS EMPRESARIALES N.C.P.,374
DNI 27604674,27604674,20276046749,TORREZ,JOSE MARIA,"8535,49",,,,,,,,BENJAMIN ITURBE Y OTROS SRL,30709410268,ESPAðA,001430,,,CONCEPCION,"TUCUMAN ",4146,561014,"SERVICIOS DE EXPENDIO DE BEBIDAS EN BARES (INCLUYE: BARES, CERVECERÍAS, PUBS, CAFETERÍAS)",36
DNI 33505397,33505397,20335053975,ELIAS,JONATAN PABLO,"39270,83",,,,,,,,LIMPIDO SA,30689387108,PAVON,004254,,,CAPITAL FEDERAL,"CAPITAL FEDERAL ",1253,812010,SERVICIOS DE LIMPIEZA GENERAL DE EDIFICIOS,1008
DNI 14283196,14283196,20142831962,FANTIN,CARLOS ALBERTO,"83219,48",,,,,,,,STARSEG SRL,30651824938,ARTIGAS JOSE G.,004820,,,CAPITAL FEDERAL,"CAPITAL FEDERAL ",1419,801090,SERVICIOS DE SEGURIDAD E INVESTIGACIÓN N.C.P.,192
DNI 29251917,29251917,20292519177,MARTINEZ IBAÑEZ,JUAN ORLANDO,"46969,22",,,,,,,,RAMOS JOSE LUIS,20277005744,,,,,,,,432190,"INSTALACIÓN, EJECUCIÓN Y MANTENIMIENTO DE INSTALACIONES ELÉCTRICAS, ELECTROMECÁNICAS Y ELECTRÓNICAS N.C.P. (INCLUYE LA INSTALACIÓN DE ANTENAS, PARARRAYOS, SISTEMAS DE ALARMAS CONTRA INCENDIOS Y ROBOS, SISTEMAS DE TELECOMUNICACIÓN, ETC.)",9
DNI 28839174,28839174,27288391748,FERNANDEZ,OLGA VERONICA,"74662,24",,,,,,,,FUNDACION PARA LA LUCHA CONTRA LAS ENFERMEDADES NEUROLOGICAS DE LA INFANCIA FLEN,33561330609,MONTAðESES,002325,,,CAPITAL FEDERAL,"CAPITAL FEDERAL ",1428,949990,SERVICIOS DE ASOCIACIONES N.C.P.,1265
DNI 94702934,94702934,20947029348,CACERES SILVESTRE,,"64620,34",,,,,,,,CONSTRUCCIONES DE HORMIGON S.A.,30710210736,PUEYRREDON AV.,001005,4,D,CAPITAL FEDERAL,"CAPITAL FEDERAL ",1118,410011,"CONSTRUCCIÓN, REFORMA Y REPARACIÓN DE EDIFICIOS RESIDENCIALES (INCLUYE LA CONSTRUCCIÓN, REFORMA Y REPARACIÓN  DE VIVIENDAS UNIFAMILIARES Y MULTIFAMILIARES, BUNGALOES, CABAÑAS, CASAS DE CAMPO, DEPARTAMENTOS, ALBERGUES PARA ANCIANOS, NIÑOS, ESTUDIANTES, ETC.)",92
DNI 95686206,95686206,20956862060,Guzman Gimenez,Carlos Luis,"62361,37",,,,,,,,GIMNASIOS ARGENTINOS S A,30688979389,PASCO,000048,,,CAPITAL FEDERAL,"CAPITAL FEDERAL ",1081,931020,"EXPLOTACIÓN DE INSTALACIONES DEPORTIVAS, EXCEPTO CLUBES",679
DNI 29531572,29531572,20295315726,ZERMATHEN,MAURO NICOLAS,"169856,70",,,,,,,,OBRA SOCIAL DEL PERSONAL DEL TURISMO HOTELERO Y GASTRONOMICO DE LA UNION DE TRABAJADORES DEL TURISMO HOTELEROS Y GASTRONOMICOS DE LA REPUBLICA ARGENTIN OSUTHGRA,30531338657,AVENIDA DE MAYO,930,PB," ",CAPITAL FEDERAL,CAPITAL FEDERAL,1084,651310,OBRAS SOCIALES,253
DNI 30408049,30408049,20304080494,OJEDA,CARLOS FAUSTINO,"85680,00",,,,,,,,SICOMED SA,30707584706,AV JUAN M DE ROSAS,010841,,,GREGORIO DE LAFERRER,BUENOS AIRES,1757,869090,"SERVICIOS RELACIONADOS CON LA SALUD HUMANA N.C.P. (INCLUYE SERVICIOS DE PSICÓLOGOS, FONOAUDIÓLOGOS, SERVICIOS DE ENFERMERÍA, TERAPIA OCUPACIONAL, BANCOS DE SANGRE, DE SEMEN,ETC.)",338
DNI 33914359,33914359,27339143590,NASELLO,MARIA BELEN,"90677,23",,,,,,,,UNUC CENTRO TERAPEUTICO S R L,30707146911,MARIANO MORENO,000549,,,MORON,BUENOS AIRES,1708,863200,"SERVICIOS DE TRATAMIENTO (INCLUYE HEMODIÁLISIS, COBALTOTERAPIA, ETC)",26
DNI 28778851,28778851,27287788512,VARGAS ESPINOZA,NOELIA MAGALI,"125709,12",,,,,,,,ADMINISTRADORA SANATORIAL METROPOLITANA S A,30693520181,MITRE BARTOLOME,003565,,,CAPITAL FEDERAL,"CAPITAL FEDERAL ",1201,869090,"SERVICIOS RELACIONADOS CON LA SALUD HUMANA N.C.P. (INCLUYE SERVICIOS DE PSICÓLOGOS, FONOAUDIÓLOGOS, SERVICIOS DE ENFERMERÍA, TERAPIA OCUPACIONAL, BANCOS DE SANGRE, DE SEMEN,ETC.)",1250
DNI 32087744,32087744,27320877445,ALMIRON,JESICA LORENA,"234976,75",,,,,,,,S A IMPORTADORA Y EXPORTADORA DE LA PATAGONIA,30506730038,INT PEREZ QUINTANA,003850,,,ITUZAINGO,BUENOS AIRES,1714,471120,VENTA AL POR MENOR EN SUPERMERCADOS,9971
DNI 41812867,41812867,20418128675,ARIAS,JUAN RAMON,"43404,69",,,,,,,,GEMINELLI S A,30690927833,EVA PERON,001350,,,PEREZ,SANTA FE,2121,222090,"FABRICACIÓN DE PRODUCTOS PLÁSTICOS EN FORMAS BÁSICAS Y ARTÍCULOS DE PLÁSTICO N.C.P., EXCEPTO MUEBLES",95
DNI 6612694,6612694,20066126944,LEDESMA,RAUL NICOLAS,"62486,34",,,,,,,,INSTITUTO DE PREVISION SOCIAL DE LA PCIA DE BS AS,33633178009,47,000530,,,LA PLATA NOROESTE CA,BUENOS AIRES,1900,843000,"SERVICIOS DE LA SEGURIDAD SOCIAL OBLIGATORIA, EXCEPTO OBRAS SOCIALES (INCLUYE PAMI Y ANSES)",311098
DNI 21645785,21645785,20216457855,GOJMAN,LUIS DANIEL,"241474,00",,,,,,,,GENERAL INDUSTRIES ARGENTINA SOCIEDAD ANONIMA,30505395502,AV JULIO A ROCA,004530,,,FLORIDA,BUENOS AIRES,1602,711003,SERVICIOS RELACIONADOS CON LA ELECTRÓNICA Y LAS COMUNICACIONES,127
DNI 39643378,39643378,20396433789,CONTRERAS,MAURO LEANDRO,"22792,87",,,,,,,,SERVICIOS COMPASS DE ARGENTINA S A,30682505970,BLAS PARERA,002265,,,OLIVOS,BUENOS AIRES,1636,562010,"SERVICIOS DE PREPARACIÓN DE COMIDAS PARA EMPRESAS Y EVENTOS (INCLUYE EL SERVICIO DE CATERING, EL SUMINISTRO DE COMIDAS PARA BANQUETES, BODAS, FIESTAS Y OTRAS CELEBRACIONES, COMIDAS PARA HOSPITAL, ETC.)",2908
DNI 17435574,17435574,27174355741,FARRAPEIRA,CLAUDIA MIRIAM,"163527,06",,,,,,,,INSTITUTO DE PREVISION SOCIAL DE LA PCIA DE BS AS,33633178009,47,000530,,,LA PLATA NOROESTE CA,BUENOS AIRES,1900,843000,"SERVICIOS DE LA SEGURIDAD SOCIAL OBLIGATORIA, EXCEPTO OBRAS SOCIALES (INCLUYE PAMI Y ANSES)",311098
DNI 18144326,18144326,27181443265,DIAZ,ALICIA MARIA,"69926,87",,,,,,,,ABERTURAS MONTAJES ALSA CONSTRUCTORA S.R.L.,30710696450,MENDOZA,003473,,,VICTORIA,BUENOS AIRES,1644,259999,FABRICACIÓN DE PRODUCTOS ELABORADOS DE METAL N.C.P.,56
DNI 24313513,24313513,20243135134,BOSSO,DANIEL HERNAN,"53982,60",,,,,,,,CONS PROP CANGALLO 2178,30530723646,PTE GRAL J D PERON,2178," "," ",CAPITAL FEDERAL,CAPITAL FEDERAL,1040,949920,SERVICIOS DE CONSORCIOS DE EDIFICIOS,1
DNI 95607103,95607103,20956071039,,PRIETO MONTERO DIEGO FERNANDO,"355579,58",,,,,,,,ROMIKIN  SAU,30611163629,PARAGUAY,001535,,,CAPITAL FEDERAL,"CAPITAL FEDERAL ",1061,464340,VENTA AL POR MAYOR DE PRODUCTOS VETERINARIOS,89
DNI 18812441,18812441,20188124411,LA FUENTE MELGAR,JOSE LUIS,"113866,55",,,,,,,,NEODERMOS SRL,30612524609,CORRIENTES AV.,001670,09,00E,CAPITAL FEDERAL,"CAPITAL FEDERAL ",1042,464320,"VENTA AL POR MAYOR DE PRODUCTOS COSMÉTICOS, DE TOCADOR Y DE PERFUMERÍA (INCLUYE VENTA DE ARTÍCULOS PARA PELUQUERÍA EXCEPTO EQUIPAMIENTO)",12
DNI 22445165,22445165,20224451653,LUCERO,WALTER FABIAN,"152918,70",,,,,,,,MINISTERIO DE EDUCACION DE LA PROVINCIA DEL CHUBUT,30999157935,9 DE JULIO,000024,,,RAWSON,CHUBUT,9103,841100,"SERVICIOS GENERALES DE LA ADMINISTRACIÓN PÚBLICA (INCLUYE EL DESEMPEÑO DE FUNCIONES EJECUTIVAS Y LEGISLATIVAS DE ADMINISTRACIÓN POR PARTE DE LAS ENTIDADES DE LA ADMINISTRACIÓN CENTRAL, REGIONAL Y LOCAL, LA ADMINISTRACIÓN Y SUPERVISIÓN DE ASUNTOS FISCALES, LA A",19777
DNI 30257587,30257587,20302575879,OVIEDO CHAVEZ,VICTOR FERNANDO,"60968,97",,,,,,,,SERVICIOS COMPASS DE ARGENTINA S A,30682505970,BLAS PARERA,002265,,,OLIVOS,BUENOS AIRES,1636,562010,"SERVICIOS DE PREPARACIÓN DE COMIDAS PARA EMPRESAS Y EVENTOS (INCLUYE EL SERVICIO DE CATERING, EL SUMINISTRO DE COMIDAS PARA BANQUETES, BODAS, FIESTAS Y OTRAS CELEBRACIONES, COMIDAS PARA HOSPITAL, ETC.)",2908
DNI 95644512,95644512,20956445125,FEO MARCHAN CARLOS JOSE,"FEO MARCHAN, CARLOS JOSE","97136,85",,,,,,,,AGENCIA NUÑEZ S.A.,30708973544,"CRAMER AV.          ","002385 ","  ","   ","CAPITAL FEDERAL     ","CAPITAL FEDERAL     ","1428      ",662020,SERVICIOS DE PRODUCTORES  Y ASESORES DE SEGUROS,9
DNI 33504670,33504670,27335046701,NAVARRETE,MELISA YASMIN,"57066,79",,,,,,,,QUISPE HUACA CARLOS AUGUSTO,20941941274,,,,,,,,107129,"ELABORACIÓN DE PRODUCTOS DE PANADERÍA N.C.P. (INCLUYE LA ELABORACIÓN DE PAN, FACTURAS, CHURROS, PRE-PIZZAS, MASAS DE HOJALDRE, MASAS FRITAS, TORTAS, TARTAS, ETC), (NO INCLUYE LA FABRICACIÓN DE SÁNDWICH 561040)",0
DNI 14280637,14280637,20142806372,CONDON,GERARDO ENRIQUE,"378693,75",,,,,,,,MARLEW S.A.,33585510489,PERU,001815,,,AVELLANEDA,BUENOS AIRES,1870,273190,FABRICACIÓN DE HILOS Y CABLES AISLADOS N.C.P.,203
DNI 18760774,18760774,20187607745,GOMEZ,ANTONIO EDGARDO,"136895,94",,,,,,,,EMPRESA DISTRIBUIDORA Y COMERCIALIZADORA NORTE SOCIEDAD ANONIMA (EDENOR S A),30655116202,LIBERTADOR DEL AV.,006363,,,CAPITAL FEDERAL,"CAPITAL FEDERAL ",1428,351320,DISTRIBUCIÓN DE ENERGÍA ELÉCTRICA,4091
DNI 21316497,21316497,20213164970,BUSTILLOS,ABEL,"134080,76",,,,,,,,SOCIEDAD DEL ESTADO CASA DE MONEDA,30546676974,ANTARTIDA ARGENTINA,002085,,,CAPITAL FEDERAL,"CAPITAL FEDERAL ",1104,181109,"IMPRESIÓN N.C.P., EXCEPTO DE DIARIOS Y REVISTAS",1378
DNI 28164040,28164040,20281640403,FERNANDEZ,DIEGO CEFERINO,"21794,98",,,,,,,,COMAHUE SEGURIDAD PRIVADA S A,30523163171,MARTIN Y OMAR,000129,1,102,SAN ISIDRO,BUENOS AIRES,1642,801090,SERVICIOS DE SEGURIDAD E INVESTIGACIÓN N.C.P.,1834
DNI 39554190,39554190,20395541901,DI RISIO,BRAIAN URIEL,"165399,13",,,,,,,,TRANSPORTE LARRAZABAL CISA,30546344041,ECHAURI,001567,,,CAPITAL FEDERAL,"CAPITAL FEDERAL ",1437,492110,SERVICIO DE TRANSPORTE AUTOMOTOR URBANO Y SUBURBANO REGULAR DE PASAJEROS,715
DNI 27640676,27640676,27276406766,VEGA,LORENA JOSEFINA,"118434,65",,,,,,,,GENDARMERIA NACIONAL,30546694263,,,,,,,,842300,SERVICIOS PARA EL ORDEN PÚBLICO Y LA SEGURIDAD,37938
DNI 32014819,32014819,20320148198,ESPAÑOL,JUAN MARCOS,"87000,00",,,,,,,,NVX SAS,30715965832,,,,,,,,329090,"INDUSTRIAS MANUFACTURERAS N.C.P. (INCLUYE FABRICACIÓN DE PARAGUAS, TERMOS, PELUCAS, ETC.)",27
DNI 37688787,37688787,27376887877,KLEMAN,DALMA ROCIO,"114460,47",,,,,,,,PROSEGUR ACTIVA ARGENTINA SA,30709776564,TRES ARROYOS,002835,,,CAPITAL FEDERAL,"CAPITAL FEDERAL ",1416,801090,SERVICIOS DE SEGURIDAD E INVESTIGACIÓN N.C.P.,1011
DNI 40574043,40574043,20405740436,PERALTA,DAVID ALEJANDRO,"110425,04",,,,,,,,SUPERIMPERIO S A,30583747792,TUCUMAN,001455,08,A,CAPITAL FEDERAL,"CAPITAL FEDERAL ",1050,471120,VENTA AL POR MENOR EN SUPERMERCADOS,916
DNI 95959367,95959367,20959593672,,CASTRO QUINTERO CRISTIAN JESUS,"77098,79",,,,,,,,EPIDATA S.A.,30708851457,MAIPU,000521,1,a,CAPITAL FEDERAL,"CAPITAL FEDERAL ",1006,620100,SERVICIOS DE CONSULTORES EN INFORMÁTICA Y SUMINISTROS DE PROGRAMAS DE INFORMÁTICA,193
DNI 29337966,29337966,20293379662,NAVARRO,CESAR GUSTAVO,"102078,52",,,,,,,,SUPERMERCADOS MAYORISTAS MAKRO SA,30589621499,RICARDO GUTIERREZ,003647,,,MUNRO,BUENOS AIRES,1605,463180,VENTA AL POR MAYOR EN SUPERMERCADOS MAYORISTAS DE ALIMENTOS,2368
DNI 94026410,94026410,20940264104,COPA,"MAMANI RAUL OSCAR     ","0,01",,,,,,,,ESINEL S R L,33655075599,ESCALADA DE S.MARTIN,000743,,,CAPITAL FEDERAL,"CAPITAL FEDERAL ",1416,410021,"CONSTRUCCIÓN, REFORMA Y REPARACIÓN DE EDIFICIOS NO RESIDENCIALES (INCLUYE CONSTRUCCIÓN, REFORMA Y REPARACIÓN DE RESTAURANTES, BARES, CAMPAMENTOS, BANCOS, OFICINAS, GALERÍAS COMERCIALES, ESTACIONES DE SERVICIO, EDIFICIOS PARA TRÁFICO Y COMUNICACIONES, GARAJES,",44
DNI 32737653,32737653,20327376536,LALANDE,MARTIN ALEJANDRO,"105711,80",,,,,,,,ASOPROFARMA ASOCIACION PROPIETARIOS DE FARMACIAS COOPERATIVA DE PROVISION LTDA,30533285119,LARRALDE CRISOLOGO,006342,,,CAPITAL FEDERAL,"CAPITAL FEDERAL ",1431,464310,"VENTA AL POR MAYOR DE PRODUCTOS FARMACÉUTICOS (INCLUYE VENTA DE MEDICAMENTOS Y KITS DE DIAGNÓSTICO COMO TEST DE EMBARAZO, HEMOGLUCOTEST, VACUNAS, ETC.)",508
DNI 36566708,36566708,20365667080,RAMOS,ALEJANDRO JESUS SEBASTIAN,"8111,91",,,,,,,,LPR S.A.,30711961670,COLOMBRES,000994,,,CAPITAL FEDERAL,"CAPITAL FEDERAL ",1218,452101,LAVADO AUTOMÁTICO Y MANUAL DE VEHÍCULOS AUTOMOTORES,52
DNI 23801874,23801874,23238018749,RIQUELME,ENRIQUE OCTAVIO,"192234,14",,,,,,,,POLICIA FEDERAL ARGENTINA,30624051919,DE MAYO AV,1333,3," ",CAPITAL FEDERAL,CAPITAL FEDERAL,1085,842300,SERVICIOS PARA EL ORDEN PÚBLICO Y LA SEGURIDAD,31795
DNI 27258595,27258595,20272585955,DOMINGUEZ,RICARDO OMAR,"154470,85",,,,,,,,ARCANGEL MAGGIO SOCIEDAD ANONIMA,30500802568,LAFAYETTE,001695,,,CAPITAL FEDERAL,"CAPITAL FEDERAL ",1286,181109,"IMPRESIÓN N.C.P., EXCEPTO DE DIARIOS Y REVISTAS",168
DNI 35822685,35822685,20358226850,SINGH,ALFREDO EDUARDO,"88013,27",,,,,,,,NEOMAT S.A.,30709136026,HIPOLITO YRIGOYEN,004581,,,COMODORO RIVADAVIA,CHUBUT,9000,475290,VENTA AL POR MENOR DE MATERIALES DE CONSTRUCCIÓN N.C.P.,44
DNI 17024001,17024001,23170240014,VELAZQUEZ,MONICA BEATRIZ,"139444,62",,,,,,,,SILVER CROSS AMERICA INC. S.A.,30663434191,ACUðA DE FIGUEROA FC,001240,,,CAPITAL FEDERAL,"CAPITAL FEDERAL ",1180,861010,SERVICIOS DE INTERNACIÓN EXCEPTO INSTITUCIONES RELACIONADAS CON LA SALUD MENTAL,1940
DNI 32480322,32480322,27324803225,SANDOVAL,ALEJANDRA BEATRIZ,"145898,99",,,,,,,,ASOCIART SA ASEGURADORA DE RIESGOS  DEL TRABAJO,30686273330,ALEM LEANDRO N. AV.,000621,,,CAPITAL FEDERAL,"CAPITAL FEDERAL ",1001,651210,SERVICIOS DE ASEGURADORAS DE RIESGO DE TRABAJO (ART),832
DNI 35762512,35762512,20357625123,BOGADO,CRISTIAN ARIEL,"63669,63",,,,,,,,ACEROS ALFA S A,30515585415,BELGRANO,001227,,,AVELLANEDA,BUENOS AIRES,1870,259999,FABRICACIÓN DE PRODUCTOS ELABORADOS DE METAL N.C.P.,81
DNI 35460090,35460090,27354600906,MERCADO,FLORENCIA MAGALI,"7579,73",,,,,,,,ESCOBAR RAMIREZ LUIS ALBERTO,20302574627,,,,,,,,869090,"SERVICIOS RELACIONADOS CON LA SALUD HUMANA N.C.P. (INCLUYE SERVICIOS DE PSICÓLOGOS, FONOAUDIÓLOGOS, SERVICIOS DE ENFERMERÍA, TERAPIA OCUPACIONAL, BANCOS DE SANGRE, DE SEMEN,ETC.)",1
DNI 13362074,13362074,20133620746,AZOFRA,ROLANDO,"124369,59",,,,,,,,CAJA DE RETIROS JUBILACIONES Y PENSIONES DE LA POLICIA DE LA PROVINCIA DE BS AS,30620698012,48,000502,,,LA PLATA NOROESTE CA,BUENOS AIRES,1900,949990,SERVICIOS DE ASOCIACIONES N.C.P.,37808
DNI 29485702,29485702,20294857029,RAMIREZ,DIEGO MARTIN,"98270,30",,,,,,,,DESIREE S.A.,30707445706,8,001149,,,LA PLATA SUDESTE CAL,BUENOS AIRES,1900,107309,"ELABORACIÓN DE PRODUCTOS DE CONFITERÍA N.C.P. (INCLUYE ALFAJORES, CARAMELOS, FRUTAS CONFITADAS, PASTILLAS, GOMAS DE MASCAR, ETC.)",36
DNI 29570194,29570194,20295701944,CAMBERA Y SANCHEZ VALLE,MARIANO RODRIGO,"257120,71",,,,,,,,OSDE ORGANIZACION DE SERVICIOS DIRECTOS EMPRESARIOS,30546741253,ALEM LEANDRO N. AV.,001067,09,,CAPITAL FEDERAL,"CAPITAL FEDERAL ",1001,651310,OBRAS SOCIALES,6423
DNI 40346821,40346821,20403468216,AGUIRRE,PATRICIO IVAN,"62075,14",,,,,,,,EL HOTEL PILAR SA,30712292268,"RUTA 8 KM 60.5      ","000060 ","  ","   ",FATIMA ESTACION EMPA,"BUENOS AIRES        ","1633      ",551022,"SERVICIOS DE ALOJAMIENTO EN HOTELES, HOSTERÍAS Y RESIDENCIALES SIMILARES, EXCEPTO POR HORA, QUE INCLUYEN SERVICIO DE RESTAURANTE AL PÚBLICO",139
DNI 27049875,27049875,20270498753,DIAZ,JUAN MANUEL,"80787,86",,,,,,,,JUAN B STAGNARO E HIJOS SRL,30660136823,RODRIGUEZ MARTIN,000517,,,CAPITAL FEDERAL,"CAPITAL FEDERAL ",1159,561011,SERVICIOS DE RESTAURANTES Y CANTINAS SIN ESPECTÁCULO,10
DNI 38394008,38394008,20383940088,ZARAGOZA,BRIAN ABEL,"9588,21",,,,,,,,ASOKO TEMPO S.A.,30714410470,,,,,,,,780000,"OBTENCIÓN Y DOTACIÓN DE PERSONAL (INCLUYE LAS ACTIVIDADES VINCULADAS CON LA BÚSQUEDA, SELECCIÓN Y COLOCACIÓN DE PERSONAL, LA ACTIVIDAD DE CASTING DE ACTORES, ETC.)",1198
DNI 21582106,21582106,23215821064,ESPINOSA,SILVINA NOEMI,"209744,88",,,,,,,,DIRECCION GENERAL DE CULTURA Y EDUCACIONDE LA PROVINCIA DE BS AS,30627393713,13 ENTRE 56 Y 57,000000,,,LA PLATA SUDESTE CAL,BUENOS AIRES,1900,841200,"SERVICIOS PARA LA REGULACIÓN DE LAS ACTIVIDADES SANITARIAS, EDUCATIVAS, CULTURALES, Y RESTANTES SERVICIOS SOCIALES, EXCEPTO SEGURIDAD SOCIAL OBLIGATORIA (INCLUYE  LA GESTIÓN ADMINISTRATIVA DE PROGRAMAS DESTINADOS A MEJORAR EL BIENESTAR DE LOS CIUDADANOS)",277768
DNI 33345787,33345787,20333457874,MARTINEZ MOYANO ROMINA GISELE,,"168028,62",,,,,,,,MONDELEZ ARGENTINA SOCIEDAD ANONIMA,30500542620,AV HENRY FORD,003200,,,RICARDO ROJAS,BUENOS AIRES,1618,110492,"ELABORACIÓN DE BEBIDAS NO ALCOHÓLICAS N.C.P. (INCLUYE LOS JUGOS PARA DILUIR O EN POLVO LLAMADOS ""SINTÉTICOS"" O DE UN CONTENIDO EN JUGOS NATURALES INFERIOR AL 50%), (NO INCLUYE A LOS JUGOS NATURALES Y SUS CONCENTRADOS, DE FRUTAS, HORTALIZAS Y LEGUMBRES - ACTIVI",3598
DNI 38301897,38301897,27383018973,SANTANA,SILVINA ALEJANDRA,"88408,04",,,,,,,,AMX ARGENTINA SOCIEDAD ANONIMA,30663288497,DE MAYO AV.,000878,,,CAPITAL FEDERAL,"CAPITAL FEDERAL ",1084,614010,SERVICIOS DE PROVEEDORES DE ACCESO A INTERNET,3458
DNI 38315585,38315585,20383155852,AVALOS,PEDRO OSCAR,"25291,56",,,,,,,,FIDEICOMISO ENDORSEMENT,30716299143,,,,,,,,14610,PRODUCCIÓN DE LECHE BOVINA (INCLUYE LA CRÍA PARA LA PRODUCCIÓN DE LECHE DE VACA Y LA PRODUCCIÓN DE LECHE BUBALINA),4
DNI 23676601,23676601,27236766018,RONDINA,MARIA LAURA,"21239,12",,,,,,,,COLEGIO SANTA CATALINA DE SIENA,33684352119,INDEPENDENCIA,000082,,,SAN GUILLERMO,SANTA FE,2347,851020,"ENSEÑANZA INICIAL, JARDÍN DE INFANTES Y PRIMARIA",79
DNI 26236843,26236843,20262368433,FLORES,EDUARDO SEBASTIAN,"120000,00",,,,,,,,CLINICA ODONTO QUIRURGICA SA,30714760838,,,,,,,,862200,SERVICIOS ODONTOLÓGICOS,1
DNI 34394749,34394749,27343947491,DALOQUIO HERRERA,SABRINA,"195285,51",,,,,,,,ADMINISTRACION NACIONAL DE LA SEGURIDAD SOCIAL ANSES,33637617449,CORDOBA AV.,000720,01,,CAPITAL FEDERAL,"CAPITAL FEDERAL ",1054,843000,"SERVICIOS DE LA SEGURIDAD SOCIAL OBLIGATORIA, EXCEPTO OBRAS SOCIALES (INCLUYE PAMI Y ANSES)",13091
DNI 37246346,37246346,27372463460,MONTERO,JAZMIN SOL,"36362,28",,,,,,,,GERENSAL SRL,30713847409,AVENIDA CARABOBO,174," "," ",CIUDAD AUTONOMA,CAPITAL FEDERAL,1406,869090,"SERVICIOS RELACIONADOS CON LA SALUD HUMANA N.C.P. (INCLUYE SERVICIOS DE PSICÓLOGOS, FONOAUDIÓLOGOS, SERVICIOS DE ENFERMERÍA, TERAPIA OCUPACIONAL, BANCOS DE SANGRE, DE SEMEN,ETC.)",8
DNI 33867061,33867061,20338670614,CABRERA,BENJAMIN LUCIANO,"97418,84",,,,,,,,RESIMAR SOCIEDAD DE RESPONSABILIDAD LIMITADA,30637256986,1004 ESQ 1005 B. PUE,000000,,,MAR DEL PLATA SUR,BUENOS AIRES,7600,492229,SERVICIO DE TRANSPORTE AUTOMOTOR DE MERCADERÍAS A GRANEL N.C.P.,50
DNI 38348139,38348139,27383481398,HERNANDEZ JARMA,ERIKA JANNINA,"58976,84",,,,,,,,CITYTECH SOCIEDAD ANONIMA,30709086789,PELLEGRINI CARLOS,000887,10,,CAPITAL FEDERAL,"CAPITAL FEDERAL ",1009,822000,SERVICIOS DE CALL CENTER,5887
DNI 11887069,11887069,27118870692,AVALOS MOSQUEDA GLORIA CONCEPCION,AVALOS MOSQUEDA GLORIA CONCEPCION,"78526,94",,,,,,,,MINISTERIO DE LA COMUNIDAD,30710969694,PADRE GROTTI,001040,,,FORMOSA,"FORMOSA ",3600,841100,"SERVICIOS GENERALES DE LA ADMINISTRACIÓN PÚBLICA (INCLUYE EL DESEMPEÑO DE FUNCIONES EJECUTIVAS Y LEGISLATIVAS DE ADMINISTRACIÓN POR PARTE DE LAS ENTIDADES DE LA ADMINISTRACIÓN CENTRAL, REGIONAL Y LOCAL, LA ADMINISTRACIÓN Y SUPERVISIÓN DE ASUNTOS FISCALES, LA A",1006
DNI 32016499,32016499,20320164991,BARBOZA,IVAN GABRIEL,"152854,22",,,,,,,,EMPRESA DE TRANSPORTE DEL SUR SRL EF,30650800016,HIPOLITO IRIGOYEN E/,024268,,,GUERNICA,BUENOS AIRES,1862,492110,SERVICIO DE TRANSPORTE AUTOMOTOR URBANO Y SUBURBANO REGULAR DE PASAJEROS,447
DNI 33274776,33274776,27332747768,IRUSTA,IVANA PAOLA,"0,00",,,,,,,,PROVINCIA DE MENDOZA,30689235545,BARRIO CIVICO CASA D,000000,,,MENDOZA,"MENDOZA ",5500,841100,"SERVICIOS GENERALES DE LA ADMINISTRACIÓN PÚBLICA (INCLUYE EL DESEMPEÑO DE FUNCIONES EJECUTIVAS Y LEGISLATIVAS DE ADMINISTRACIÓN POR PARTE DE LAS ENTIDADES DE LA ADMINISTRACIÓN CENTRAL, REGIONAL Y LOCAL, LA ADMINISTRACIÓN Y SUPERVISIÓN DE ASUNTOS FISCALES, LA A",118315
DNI 92857135,92857135,20928571352,SAN,"MARTIN RUBILAR LEDINO E    ","20678,51",,,,,,,,SODEXO ARGENTINA SOCIEDAD ANONIMA,30619652920,BELGRANO AV.,000456,03,,CAPITAL FEDERAL,"CAPITAL FEDERAL ",1092,562010,"SERVICIOS DE PREPARACIÓN DE COMIDAS PARA EMPRESAS Y EVENTOS (INCLUYE EL SERVICIO DE CATERING, EL SUMINISTRO DE COMIDAS PARA BANQUETES, BODAS, FIESTAS Y OTRAS CELEBRACIONES, COMIDAS PARA HOSPITAL, ETC.)",1952
DNI 94567814,94567814,20945678144,MAIDANA MAIDANA DAVID FERNANDO,,"25856,60",,,,,,,,POSE SA,30709107123,RIOJA,001275,,,ROSARIO NORTE,SANTA FE,2000,431210,"MOVIMIENTO DE SUELOS Y PREPARACIÓN DE TERRENOS PARA OBRAS (INCLUYE EL DRENAJE, EXCAVACIÓN DE ZANJAS PARA CONSTRUCCIONES DIVERSAS, EL DESPEJE DE CAPAS SUPERFICIALES NO CONTAMINADAS, MOVIMIENTOS DE TIERRAS PARA HACER TERRAPLENES O DESMONTES PREVIOS A LA CONSTRUC",949
DNI 18153350,18153350,20181533502,SBRASCINI,CARLOS ANTONIO,"222480,70",,,,,,,,WIENER LABORATORIOS S.A.I.C.,30522228210,RIOBAMBA,002944,,,ROSARIO SUD,SANTA FE,2000,210090,FABRICACIÓN DE PRODUCTOS DE LABORATORIO Y PRODUCTOS BOTÁNICOS DE USO FARMACEÚTICO N.C.P.,286
DNI 34100851,34100851,20341008515,WAUTHERS EMANUEL ALEJANDRO,"WAUTHERS, EMANUEL ALEJANDRO","0,01",,,,,,,,SURVEY SRL,30715000462,,,,,,,,410021,"CONSTRUCCIÓN, REFORMA Y REPARACIÓN DE EDIFICIOS NO RESIDENCIALES (INCLUYE CONSTRUCCIÓN, REFORMA Y REPARACIÓN DE RESTAURANTES, BARES, CAMPAMENTOS, BANCOS, OFICINAS, GALERÍAS COMERCIALES, ESTACIONES DE SERVICIO, EDIFICIOS PARA TRÁFICO Y COMUNICACIONES, GARAJES,",11
