﻿IdExterno,CUIL,Documento,Apellido,Nombre,CUIT,Denominacion,Tipo,Ganancias,Iva,Monotributo,IntegranteSociedad,Empleador,Codigo,Actividad,Categoria
DNIE95944575,27959445759,95944575,,FUENMAYOR VILLALOBOS MAYERLING COROMOTO,27959445759,FUENMAYOR VILLALOBOS MAYERLING,,No Inscripto,No Inscripto,C,N,No Inscripto,869090,,C
DNI 17520001,20175200011,17520001,CERFOGLIO,ALBERTO DANIEL,20175200011,CERFOGLIO ALBERTO,,No Inscripto,No Inscripto,B,N,No Inscripto,960990,,B
DNI 25166302,20251663026,25166302,MERA AVILA,CARLOS NAHUEL,20251663026,MERA CARLOS NAHUEL,,No Inscripto,No Inscripto,B,N,No Inscripto,612000,,B
DNI 26336241,20263362412,26336241,PAREDES,FEDERICO MIGUEL,20263362412,PAREDES FEDERICO MIGUEL,,No Inscripto,No Inscripto,A,N,No Inscripto,854950,,A
DNI 12113446,20121134463,12113446,MACHINANDIARENA,JOSE ALBERTO,20121134463,MACHINANDIARENA JOSE ALBERTO,,No Inscripto,No Inscripto,BL,N,No Inscripto,530090,,BL
DNI 19018287,27190182873,19018287,CARRION,ROSA FRANCIA,27190182873,CARRION ROSA FRANCIA,,No Inscripto,No Inscripto,BV,N,No Inscripto,602120,,BV
DNI 21044897,20210448978,21044897,RODONE,JOSE LUIS,20210448978,RODONE JOSE LUIS,,Activo,Activo,No Inscripto,N,Activo,251102,,
DNI 33136175,27331361750,33136175,ESPIN,JESICA ROMINA,27331361750,ESPIN JESICA ROMINA,,Activo,Activo,No Inscripto,N,No Inscripto,471190,,
DNI 33471408,27334714085,33471408,RIOS,SONIA MARISELA,27334714085,RIOS SONIA MARISELA,,,,BL,N,,,,BL
DNI 31301744,20313017444,31301744,CUERVO,HERNAN DARIO,20313017444,CUERVO HERNAN DARIO,,No Inscripto,No Inscripto,G,N,No Inscripto,472130,,G
DNI 36120267,20361202679,36120267,AGUILERA NUÑEZ,ALAN NATANAEL,20361202679,AGUILERA NUÑEZ ALAN NATANAEL,,No Inscripto,No Inscripto,BT,N,No Inscripto,949990,,BT
DNI 28591060,23285910609,28591060,DANUZZO,JOSE MAXIMILIANO,23285910609,DANUZZO JOSE MAXIMILIANO,,Activo,Activo,No Inscripto,N,No Inscripto,453291,,
DNI 34058321,20340583214,34058321,IBARGUREN,SANTIAGO,20340583214,IBARGUREN SANTIAGO,,No Inscripto,No Inscripto,BL,N,No Inscripto,530090,,BL
DNIE95638248,20956382484,95638248,REYES DAVIOT ANDRES ALFREDO,REYES DAVIOT ANDRES ALFREDO,20956382484,REYES DAVIOT ANDRES ALFREDO,,No Inscripto,No Inscripto,A,N,No Inscripto,492190,,A
DNI 36500663,20365006637,36500663,CORONEL,CARLOS EMMANUEL,20365006637,CORONEL CARLOS EMMANUEL,,No Inscripto,No Inscripto,A,N,No Inscripto,492140,,A
DNIE94056787,23940567874,94056787,TRILLO,"SOLANO MARIA VERONICA       ",23940567874,TRILLO SOLANO MARIA VERONICA,,,,BL,N,,,,BL
DNI 17652545,20176525453,17652545,RAMIREZ,RAMON CESAR,20176525453,RAMIREZ RAMON CESAR,,No Inscripto,No Inscripto,A,N,No Inscripto,472120,,A
DNI 37041459,23370414599,37041459,NORIEGA SURBANO,MATIAS EMANUEL,23370414599,NORIEGA SURBANO MATIAS EMANUEL,,No Inscripto,No Inscripto,A,N,No Inscripto,530090,,A
DNI 24873089,27248730892,24873089,CARRERO,CLAUDIA LORENA,27248730892,CARRERO CLAUDIA LORENA,,Activo,Activo,No Inscripto,N,No Inscripto,682099,,
DNI 29120624,20291206248,29120624,RODA,ERNESTO CEFERINO,20291206248,RODA ERNESTO CEFERINO,,No Inscripto,No Inscripto,B,N,No Inscripto,829900,,B
DNIE94231668,20942316683,94231668,ROMERO,"GIMENEZ FREDDY       ",20942316683,ROMERO GIMENEZ FREDDY,,Activo,Activo,No Inscripto,N,No Inscripto,472140,,
DNIE94296776,20942967765,94296776,ZAVALETA,"JIMENEZ IVAN PEDRO         ",20942967765,ZAVALETA JIMENEZ IVAN PEDRO,,No Inscripto,No Inscripto,E,N,No Inscripto,492120,,E
DNI 34880621,20348806212,34880621,RAMIREZ MIGUEL ENRIQUE RAMON,RAMIREZ MIGUEL ENRIQUE RAMON,20348806212,RAMIREZ MIGUEL ENRIQUE RAMON,,,,BV,N,,,,BV
DNI 36636953,20366369539,36636953,ROJO SAGASTA,WALTER ARIEL,20366369539,ROJO  SAGASTA WALTER  ARIEL,,No Inscripto,No Inscripto,D,N,No Inscripto,492120,,D
DNIE95195771,27951957718,95195771,NEIRA PEREZ BEATRIZ,NEIRA BEATRIZ,27951957718,NEIRA PEREZ BEATRIZ,,No Inscripto,No Inscripto,BV,N,No Inscripto,631200,,BV
DNIE95852655,20958526556,95852655,,RAMIREZ YEDRA JEAN CARLOS JOSE,20958526556,RAMIREZ YEDRA JEAN CARLOS JOSE,,No Inscripto,No Inscripto,A,N,No Inscripto,492190,,A
DNI 23136756,20231367560,23136756,LUNA,PABLO ALEJANDRO,20231367560,LUNA PABLO ALEJANDRO,,No Inscripto,No Inscripto,D,N,No Inscripto,854990,,D
DNI 32320958,20323209589,32320958,COTARO,GASTON NICOLAS,20323209589,COTARO GASTON NICOLAS,,No Inscripto,No Inscripto,A,N,No Inscripto,433020,,A
DNI 32766236,20327662369,32766236,BARBIERI,FAVIO ALEJANDRO,20327662369,BARBIERI FAVIO ALEJANDRO,,No Inscripto,No Inscripto,E,N,No Inscripto,855000,,E
DNIE95889166,27958891666,95889166,,PORTELA DE PAULO JOSELAINE,27958891666,PORTELA DE PAULO JOSELAINE,,No Inscripto,No Inscripto,A,N,No Inscripto,,,A
DNI 29053112,20290531129,29053112,MAIDANA,CESAR JAVIER,20290531129,MAIDANA CESAR JAVIER,,No Inscripto,No Inscripto,A,N,No Inscripto,530090,,A
DNI 30643252,20306432525,30643252,DIEZ,MAXIMILIANO,20306432525,DIEZ MAXIMILIANO,,No Inscripto,No Inscripto,B,N,No Inscripto,711009,,B
DNI 26190851,20261908515,26190851,RAGUASI OMAR DARIO,RAGUASI DARIO,20261908515,RAGUASI OMAR DARIO,,Activo,No Inscripto,No Inscripto,N,No Inscripto,,,
DNI 34306744,20343067446,34306744,ZAMORA,FERNANDO ADRIEL,20343067446,ZAMORA FERNANDO ADRIEL,,No Inscripto,No Inscripto,B,N,No Inscripto,960990,,B
DNI 36055114,27360551143,36055114,HABERKON,ROMINA BELEN,27360551143,HABERKON ROMINA BELEN,,No Inscripto,No Inscripto,A,N,No Inscripto,,,A
DNI 27687124,27276871248,27687124,BELTRAN ELIZONDO,FLORENCIA ANDREA,27276871248,BELTRAN ELIZONDO FLORENCIA AND,,No Inscripto,No Inscripto,C,N,No Inscripto,492120,,C
DNI 34308719,20343087196,34308719,GUARI,JOSUÉ EMANUEL,20343087196,GUARI JOSUE EMANUEL,,No Inscripto,No Inscripto,B,N,No Inscripto,801090,,B
DNIE95961400,27959614003,95961400,,RAMOS TARAZONA DARMARIS DEL JESUS,27959614003,RAMOS TARAZONA DARMARIS DEL JE,,No Inscripto,No Inscripto,A,N,No Inscripto,530090,,A
DNI 37879941,23378799414,37879941,BUSSETTI,CAMILA MARIANA,23378799414,BUSSETTI CAMILA MARIANA,,No Inscripto,No Inscripto,D,N,No Inscripto,691001,,D
DNI 29124618,20291246185,29124618,ARCOLIA,ROQUE MOISES,20291246185,ARCOLIA ROQUE MOISES,,No Inscripto,No Inscripto,F,N,No Inscripto,477140,,F
DNI 31211501,20312115019,31211501,BLUMBERG,VICTOR MARCELO,20312115019,BLUMBERG VICTOR MARCELO,,No Inscripto,No Inscripto,A,N,No Inscripto,492120,,A
DNI 32347140,27323471407,32347140,DE BIEN,ROSA ROMINA,27323471407,DE BIEN ROSA ROMINA,,No Inscripto,No Inscripto,A,N,Activo,960990,,A
DNI 20410924,23204109249,20410924,GARONE,MARCELO ESTEBAN,23204109249,GARONE MARCELO ESTEBAN,,Activo,Activo,No Inscripto,N,Activo,107410,,
DNI 34784759,27347847599,34784759,AYALA BRAVO,MICAELA SOLEDAD,27347847599,AYALA BRAVO MICAELA SOLEDAD,,No Inscripto,No Inscripto,A,N,No Inscripto,960202,,A
DNI 34949565,20349495652,34949565,POMAR,NICOLAS EZEQUIEL,20349495652,POMAR NICOLAS EZEQUIEL,,No Inscripto,No Inscripto,B,N,No Inscripto,949990,,B
DNI 21109646,27211096468,21109646,VARGAS,MARCELA FABIANA,27211096468,VARGAS MARCELA FABIANA,,No Inscripto,No Inscripto,A,N,No Inscripto,960201,,A
DNI 27424639,20274246392,27424639,VARELA,DIEGO ARTEMIO,20274246392,VARELA DIEGO ARTEMIO,,No Inscripto,No Inscripto,A,N,No Inscripto,492280,,A
DNI 30526311,27305263112,30526311,GIMENEZ,MARIA ELOISA,27305263112,GIMENEZ MARIA ELOISA,,No Inscripto,No Inscripto,A,N,No Inscripto,870100,,A
DNI 25027540,20250275405,25027540,VAVA,GUSTAVO GASTON,20250275405,VAVA GUSTAVO GASTON,,Activo,Activo,No Inscripto,N,No Inscripto,620900,,
DNI 42728275,27427282754,42728275,DELGADILLO,MICAELA AGOSTINA,27427282754,DELGADILLO MICAELA AGOSTINA,,No Inscripto,No Inscripto,B,N,No Inscripto,880000,,B
DNI 20064244,27200642444,20064244,DEGIROLMO,LAURA MYRIAN,27200642444,DEGIROLMO LAURA MYRIAM,,No Inscripto,No Inscripto,A,N,No Inscripto,960990,,A
DNI 35122743,27351227430,35122743,BONIFACIO,MARIA SOLEDAD,27351227430,BONIFACIO MARIA SOLEDAD,,No Inscripto,No Inscripto,A,N,No Inscripto,477190,,A
DNI 37206323,20372063239,37206323,CHAVEZ,FEDERICO,20372063239,CHAVEZ FEDERICO,,No Inscripto,No Inscripto,A,N,No Inscripto,492120,,A
DNI 16905443,27169054431,16905443,PEREZ,ADRIANA DEL VALLE,27169054431,PEREZ ADRIANA DEL VALLE,,No Inscripto,No Inscripto,BC,N,No Inscripto,702092,,BC
DNI 28910396,20289103962,28910396,CARRASCO,MARIANO MARTIN RICARDO,20289103962,CARRASCO MARIANO MARTIN RICARD,,Activo,Activo,No Inscripto,N,No Inscripto,702099,,
DNI 38699309,27386993098,38699309,TULIAN,MARIA SOL,27386993098,TULIAN MARIA SOL,,No Inscripto,No Inscripto,A,N,No Inscripto,530090,,A
DNI 19069649,27190696494,19069649,CRISTALLINI SALINAS ANTONELLA LIZ,CRISTALLINI ANTONELLA LIZ,27190696494,CRISTALLINI SALINAS ANTONELLA,,No Inscripto,No Inscripto,A,N,No Inscripto,631110,,A
DNI 22177356,20221773560,22177356,WEISS,MAXIMILIANO PABLO,20221773560,WEISS MAXIMILIANO PABLO,,Activo,Exento,No Inscripto,N,No Inscripto,476110,,
DNI 13963393,20139633939,13963393,GALLEGO,ROQUE NICOLAS,20139633939,GALLEGO ROQUE NICOLAS,,No Inscripto,No Inscripto,B,N,No Inscripto,812010,,B
DNI 21393824,27213938245,21393824,LUND,LAURA ISABEL,27213938245,LUND LAURA ISABEL,,No Inscripto,No Inscripto,A,N,No Inscripto,476130,,A
DNI 24490881,27244908816,24490881,BERGOGLIO,VANESA,27244908816,BERGOGLIO VANESA,,No Inscripto,No Inscripto,A,N,No Inscripto,731009,,A
DNI 14628374,27146283743,14628374,BAEZ,HILDA GRACIELA,27146283743,BAEZ HILDA GRACIELA,,No Inscripto,No Inscripto,D,N,No Inscripto,492120,,D
DNI 30261948,20302619485,30261948,CALIVA,CESAR HORACIO CARMELO,20302619485,CALIVA CESAR HORACIO CARMELO,,No Inscripto,No Inscripto,BT,N,No Inscripto,451290,,BT
DNI 23124835,20231248359,23124835,ZILBERSZTEIN,DIEGO HERNAN,20231248359,ZILBERSZTEIN DIEGO HERNAN,,No Inscripto,No Inscripto,B,N,No Inscripto,620100,,B
DNI 34522813,20345228137,34522813,CACERES,VICTOR HUGO,20345228137,CACERES VICTOR HUGO,,No Inscripto,No Inscripto,A,N,No Inscripto,492120,,A
DNI 13236589,20132365890,13236589,ARONNO,JUAN H,20132365890,ARONNO JUAN HECTOR,,Activo,Activo,No Inscripto,N,No Inscripto,960990,,
DNIE93970056,20939700561,93970056,LEVANO,"ESPINOZA JOSE ENRIQUE       ",20939700561,LEVANO ESPINOZA JOSE ENRIQUE,,No Inscripto,No Inscripto,A,N,No Inscripto,492190,,A
DNI 24199577,20241995772,24199577,KAPOR,DRAGO VIDAL,20241995772,KAPOR DRAGO VIDAL,,Activo,Activo,No Inscripto,N,No Inscripto,11291,,
DNI 36916659,27369166595,36916659,MATIENZO,MELISA ALEJANDRA,27369166595,MATIENZO MELISA ALEJANDRA,,No Inscripto,No Inscripto,E,N,No Inscripto,960202,,E
DNI 21991950,20219919507,21991950,SCALZONE,FABIO ANTONIO,20219919507,SCALZONE FABIO ANTONIO,,No Inscripto,No Inscripto,E,N,No Inscripto,731009,,E
DNIE93418515,20934185154,93418515,FERNANDEZ,"FRANCISCO RAMON          ",20934185154,FERNANDEZ FRANCISCO RAMON,,No Inscripto,No Inscripto,A,N,No Inscripto,475430,,A
DNI 12137898,20121378982,12137898,GUDIÑO,EDUARDO,20121378982,GUDIÑO EDUARDO,,No Inscripto,No Inscripto,D,N,No Inscripto,601000,,D
DNI 29230581,20292305819,29230581,GODOY,CRISTIAN SEBASTIAN,20292305819,GODOY CRISTIAN SEBASTIAN,,No Inscripto,No Inscripto,A,N,No Inscripto,432200,,A
RMS379975047631003,27149587859,14958785,DAKESIAN,ROSA MARIA,27149587859,DAKESIAN ROSA MARIA,,Activo,Activo,No Inscripto,N,No Inscripto,692000,,
RMS376638657741008,27316380102,31638010,BARNES CASTILLO,MARIA TERESA,27316380102,BARNES CASTILLA MARIA TERESA,,No Inscripto,No Inscripto,E,N,Activo,960102,,E
RMS376711752365005,20362594171,36259417,MASSARI,MARTIN ALEJANDRO,20362594171,MASSARI MARTIN ALEJANDRO,,No Inscripto,No Inscripto,A,N,No Inscripto,562099,,A
RMS379975994611008,20219424095,21942409,OLIVIERI,CRISTIAN GABRIEL,20219424095,OLIVIERI CRISTIAN GABRIEL,,Activo,Activo,No Inscripto,N,No Inscripto,960990,,
RMS376687584731004,20082733567,8273356,CASCELLI,ALEJANDRO ALFREDO,20082733567,CASCELLI ALEJANDRO ALFREDO,,No Inscripto,No Inscripto,A,N,No Inscripto,960990,,A
RMS376637071331008,20107442473,10744247,MIGONI,HECTOR DANIEL,20107442473,MIGONI HECTOR DANIEL,,Activo,Activo,No Inscripto,N,No Inscripto,702092,,
RMS376418364031005,23076121079,7612107,GOMEZ,OSVALDO RUBEN,23076121079,GOMEZ OSVALDO RUBEN,,Activo,Activo,No Inscripto,N,No Inscripto,464223,,
RMS376418146361001,20120807383,12080738,MONDELLA,RICARDO,20120807383,MONDELLA RICARDO,,Activo,Activo,No Inscripto,N,No Inscripto,960990,,
RMS376418338361009,20107011901,10701190,GOMEZ,ABELINO,20107011901,GOMEZ ABELINO,,No Inscripto,No Inscripto,E,N,Activo,561011,,E
RMS376686649772003,23176064099,17606409,BALENA,RODOLFO EDUARDO,23176064099,BALENA RODOLFO,,Activo,No Inscripto,B,N,No Inscripto,702092,,B
RMS376711464373008,20214285402,21428540,SMITARELLO,PABLO JOSE ANTONIO,20214285402,SMITARELLO PABLO JOSE ANTONIO,,No Inscripto,No Inscripto,F,N,No Inscripto,731009,,F
RMS376418692513005,27014499623,1449962,MESA,TRANSITO MARIA DEL CARMEN,27014499623,MESA TRANSITO MARIA DEL CARMEN,,No Inscripto,No Inscripto,A,N,No Inscripto,960990,,A
RMS376637623312001,20231780840,23178084,PEREZ,CARLOS IGNACIO,20231780840,PEREZ CARLOS IGNACIO,,No Inscripto,Activo,No Inscripto,N,No Inscripto,422200,,
RMS376688842322008,27210727375,21072737,SCHLIMOVICH,PAULA LORENA,27210727375,SCHLIMOVICH PAULA LORENA,,No Inscripto,No Inscripto,A,N,No Inscripto,853201,,A
RMS376687198942005,20083877147,8387714,RALLIN,HECTOR JOSE,20083877147,RALLIN HECTOR JOSE,,Activo,Activo,No Inscripto,N,Activo,465990,,
RMS376416651132007,20247583891,24758389,AGUILAR,JORGE ALEJANDRO,20247583891,AGUILAR JORGE ALEJANDRO,,Activo,Activo,No Inscripto,N,No Inscripto,869090,,
RMS376407692951000,27204007719,20400771,BATTAIOLA VITAR,BLANCA SORAYA,27204007719,BATTAIOLA BLANCA SORAYA,,No Inscripto,No Inscripto,D,N,No Inscripto,869090,,D
RMS376638334192005,20260883292,26088329,ANDREOLI,FEDERICO SANTIAGO,20260883292,ANDREOLI FEDERICO SANTIAGO,,Activo,Activo,No Inscripto,N,No Inscripto,463153,,
RMS376686684302005,27099895271,9989527,DICARLO,DORA CRISTINA NIEVES,27099895271,DICARLO DORA CRISTINA NIEVES,,Activo,Activo,No Inscripto,N,No Inscripto,681098,,
RMS376635144344008,23148247439,14824743,BLANCO,MARCELO ALEJANDRO,23148247439,BLANCO MARCELO ALEJANDRO,,Activo,Activo,No Inscripto,N,No Inscripto,692000,,
RMS379975249391000,20136353005,13635300,SANCHEZ,DANIEL HECTOR,20136353005,SANCHEZ DANIEL HECTOR,,No Inscripto,No Inscripto,A,N,No Inscripto,702099,,A
DNI 30035304,20300353046,30035304,SOSA,IGNACIO GERARDO,20300353046,SOSA IGNACIO GERARDO,,Activo,No Inscripto,A,N,No Inscripto,931010,,A
DNI 95991017,20959910171,95991017,,FERNANDEZ QUIJADA ALEJANDRO MOISES,20959910171,FERNANDEZ QUIJADA ALEJANDRO MO,,No Inscripto,No Inscripto,A,N,No Inscripto,721010,,A
DNI 95721384,20957213848,95721384,ROJAS ALVARENGA ELIOENAI JOSUE,ROJAS ALVARENGA  ELIOENAI JOSUE,20957213848,ROJAS ALVARENGA ELIOENAI JOSUE,,No Inscripto,No Inscripto,A,N,No Inscripto,107129,,A
DNI 19065059,20190650597,19065059,ZAMORA GARCES JAMES,"ZAMORA GARCES, JAMES",20190650597,ZAMORA GARCES JAMES,,Activo,Exento,No Inscripto,N,No Inscripto,702092,,
DNI 27663904,20276639049,27663904,RAFFAELLI,LUCAS EMILIANO,20276639049,RAFFAELLI LUCAS EMILIANO,,No Inscripto,No Inscripto,A,N,No Inscripto,651220,,A
DNI 24678287,20246782874,24678287,ALTILIO,ANTONIO GERARDO,20246782874,ALTILIO ANTONIO GERARDO,,Activo,Exento,D,N,No Inscripto,702099,,D
DNI 25115305,20251153052,25115305,CAGESSO,MAXIMILIANO MARTIN,20251153052,CAGESSO MAXIMILIANO MARTIN,,No Inscripto,No Inscripto,A,N,No Inscripto,472171,,A
DNI 26703946,27267039467,26703946,CURA,ANDREA VALERIA,27267039467,CURA ANDREA VALERIA,,No Inscripto,No Inscripto,G,N,No Inscripto,477320,,G
DNI 27604674,20276046749,27604674,TORREZ,JOSE MARIA,20276046749,TORREZ JOSE MARIA,,No Inscripto,No Inscripto,A,N,No Inscripto,476130,,A
DNI 16199034,20161990346,16199034,BELINI,EDUARDO MARCELO,20161990346,BELINI EDUARDO MARCELO,,No Inscripto,No Inscripto,A,N,No Inscripto,960990,,A
DNI 95962538,27959625382,95962538,ALVES SALAZAR GUEDES ELIANA,SALAZAR GUEDES ELIANA ALVES,27959625382,ALVES SALAZAR GUEDES ELIANA,,Activo,Activo,No Inscripto,N,Activo,562099,,
DNI 18337332,20183373324,18337332,KLOSTER,CARLOS ALBERTO,20183373324,KLOSTER CARLOS ALBERTO,,No Inscripto,No Inscripto,A,N,No Inscripto,492190,,A
DNI 23670982,20236709826,23670982,D'ERRICO GIMENO,RODRIGO,20236709826,D'ERRICO GIMENO RODRIGO,,No Inscripto,No Inscripto,A,N,No Inscripto,862200,,A
DNI 14884167,20148841676,14884167,GUEDES,NESTOR FABIAN,20148841676,GUEDES NESTOR FABIAN,,No Inscripto,No Inscripto,E,N,No Inscripto,863300,,E
DNI 22641531,23226415319,22641531,OJEDA,MIGUEL ANGEL,23226415319,OJEDA MIGUEL ANGEL,,Activo,No Inscripto,No Inscripto,N,No Inscripto,492120,,
DNI 35081537,27350815371,35081537,GRAVE,MARIA ALEJANDRA,27350815371,GRAVE MARIA ALEJANDRA,,No Inscripto,No Inscripto,BL,N,No Inscripto,854990,,BL
DNI 28562143,20285621438,28562143,ARGENTIERI,FEDERICO CARLOS,20285621438,ARGENTIERI FEDERICO CARLOS,,No Inscripto,No Inscripto,A,N,No Inscripto,960201,,A
DNI 41812867,20418128675,41812867,ARIAS,JUAN RAMON,20418128675,ARIAS JUAN RAMON,,No Inscripto,No Inscripto,A,N,No Inscripto,960990,,A
DNI 12859463,23128594639,12859463,CLERICI,JORGE ANTONIO,23128594639,CLERICI JORGE ANTONIO,,Activo,Activo,No Inscripto,N,No Inscripto,11119,,
DNI 33196848,20331968480,33196848,CEBALLOS,MAXIMILIANO FABIAN,20331968480,CEBALLOS MAXIMILIANO FABIAN,,No Inscripto,No Inscripto,A,N,No Inscripto,620900,,A
DNI 24313513,20243135134,24313513,BOSSO,DANIEL HERNAN,20243135134,BOSSO DANIEL HERNAN,,No Inscripto,No Inscripto,D,N,No Inscripto,960990,,D
DNI 26504874,23265048749,26504874,TORRES,GERMAN JESUS,23265048749,TORRES GERMAN JESUS,,Activo,Activo,No Inscripto,N,Activo,432190,,
DNI 26635134,20266351349,26635134,CRUZ,DARIO CARLOS,20266351349,CRUZ DARIO CARLOS,,No Inscripto,No Inscripto,A,N,No Inscripto,422200,,A
DNI 95644512,20956445125,95644512,FEO MARCHAN CARLOS JOSE,"FEO MARCHAN, CARLOS JOSE",20956445125,FEO MARCHAN CARLOS JOSE,,No Inscripto,No Inscripto,A,N,No Inscripto,530090,,A
DNI 94607689,27946076894,94607689,DITA ALVAREZ ALBENYS ESTER,,27946076894,DITA ALVAREZ ALBENYS ESTHER,,No Inscripto,No Inscripto,D,N,No Inscripto,869090,,D
DNI 12349466,20123494661,12349466,GUTIERREZ,ALFREDO FRANCISCO,20123494661,GUTIERREZ ALFREDO FRANCISCO,,Activo,Activo,No Inscripto,N,Activo,524120,,
DNI 39004805,20390048050,39004805,FIGUEROA,JOSE GABRIEL,20390048050,FIGUEROA JOSE GABRIEL,,No Inscripto,No Inscripto,B,N,No Inscripto,471190,,B
DNI 14915931,27149159318,14915931,FERNANDEZ,MIRIAM SUSANA,27149159318,FERNANDEZ MIRIAM SUSANA,,No Inscripto,No Inscripto,A,N,No Inscripto,960990,,A
DNI 32014819,20320148198,32014819,ESPAÑOL,JUAN MARCOS,20320148198,ESPAÑOL JUAN MARCOS,,No Inscripto,No Inscripto,A,N,No Inscripto,492120,,A
DNI 3697332,27036973329,3697332,MIGUENS,AURELIA MARIA TERESA,27036973329,MIGUENS AURELIA MA,,Activo,Activo,No Inscripto,N,Activo,11119,,
DNI 38693129,20386931292,38693129,ViaÃ‘o Melanie Luciana,VIANO MELANIE LUCIANA,20386931292,VIAÑO MELANIE LUCIANA,,No Inscripto,No Inscripto,F,N,No Inscripto,869090,,F
DNI 18875210,20188752102,18875210,MIRANDA DIAZ ANGEL ANTONIO,MIRANDA DIAZ ANGEL ANTONIO,20188752102,MIRANDA DIAZ ANGEL ANTONIO,,Activo,Exento,No Inscripto,N,No Inscripto,492120,,
DNI 21350446,27213504466,21350446,DIAZ,SILVIA ELENA,27213504466,DIAZ SILVIA ELENA,,No Inscripto,No Inscripto,A,N,No Inscripto,960201,,A
DNI 32737653,20327376536,32737653,LALANDE,MARTIN ALEJANDRO,20327376536,LALANDE MARTIN ALEJANDRO,,No Inscripto,No Inscripto,A,N,No Inscripto,492120,,A
DNI 36161073,27361610739,36161073,FERREIRA,JOHANNA GABRIELA,27361610739,FERREIRA JOHANNA GABRIELA,,No Inscripto,No Inscripto,A,N,No Inscripto,841100,,A
DNI 23413140,27234131406,23413140,GELVEZ,ALICIA BEATRIZ,27234131406,GELVEZ ALICIA BEATRIZ,,No Inscripto,No Inscripto,A,N,No Inscripto,,,A
DNI 33373249,20333732492,33373249,AGUIRRE MAXIMILIANO  MARTIN,AGUIRRE MAXIMILIANO MART,20333732492,AGUIRRE MAXIMILIANO  MARTIN,,Activo,Activo,No Inscripto,N,No Inscripto,900091,,
DNI 8413816,23084138169,8413816,PLAZA,HECTOR SEGUNDO,23084138169,PLAZA HECTOR SEGUNDO,,Activo,Activo,No Inscripto,N,No Inscripto,433020,,
DNI 22361146,20223611460,22361146,DE FEO,FERNANDO DIEGO,20223611460,DE FEO FERNANDO DIEGO,,No Inscripto,No Inscripto,B,N,No Inscripto,711009,,B
DNI 11759232,23117592324,11759232,DALMAU,MIRTA BEATRIZ,23117592324,DALMAU MIRTA BEATRIZ,,Activo,Exento,No Inscripto,N,No Inscripto,476120,,
DNI 20633606,20206336065,20633606,ALVES,HECTOR DARIO,20206336065,ALVES HECTOR DARIO,,No Inscripto,No Inscripto,BV,N,No Inscripto,162909,,BV
DNI 26128221,27261282211,26128221,DELGADO,GLORIA ADRIANA,27261282211,DELGADO GLORIA ADRIANA,,No Inscripto,No Inscripto,A,N,No Inscripto,960990,,A
DNI 34671677,20346716771,34671677,ROSSO,EDGARDO FRANCISCO,20346716771,ROSSO EDGARDO FRANCISCO,,Activo,Activo,No Inscripto,N,No Inscripto,492290,,
DNI 38394008,20383940088,38394008,ZARAGOZA,BRIAN ABEL,20383940088,ZARAGOZA BRIAN ABEL,,No Inscripto,No Inscripto,B,N,No Inscripto,801020,,B
DNI 23568492,20235684927,23568492,DJANSEZIAN,SANTIAGO MARCELO,20235684927,DJANSEZIAN SANTIAGO MARCELO,,No Inscripto,No Inscripto,A,N,No Inscripto,492120,,A
DNI 6016114,20060161144,6016114,DEL GRECO,OVIDIO JOSE,20060161144,DEL GRECO OVIDIO JOSE,,Activo,No Inscripto,No Inscripto,N,No Inscripto,702091,,
DNI 13773037,27137730370,13773037,BARRIOS,EDIT ISABEL,27137730370,BARRIOS EDIT ISABEL,,No Inscripto,No Inscripto,BT,N,No Inscripto,960990,,BT
DNI 23676601,27236766018,23676601,RONDINA,MARIA LAURA,27236766018,RONDINA MARIA LAURA,,No Inscripto,No Inscripto,D,N,No Inscripto,691001,,D
DNI 26236843,20262368433,26236843,FLORES,EDUARDO SEBASTIAN,20262368433,FLORES EDUARDO SEBASTIAN,,No Inscripto,No Inscripto,E,N,Activo,960990,,E
DNI 38851835,23388518359,38851835,GIACONE,MARIANO,23388518359,GIACONE MARIANO,,Activo,No Inscripto,D,N,No Inscripto,681099,,D
DNI 11038104,27110381048,11038104,RODRIGUEZ,MARIA AMPARO,27110381048,RODRIGUEZ MARIA AMPARO,,No Inscripto,No Inscripto,A,N,No Inscripto,960990,,A
DNI 17072136,27170721360,17072136,PAZ,RAMONA LUCIA,27170721360,PAZ RAMONA LUCIA,,No Inscripto,No Inscripto,A,N,No Inscripto,960201,,A
DNI 21960935,20219609354,21960935,VARELA,CRISTIAN ANDRES,20219609354,VARELA CRISTIAN ANDRES,,No Inscripto,No Inscripto,H,N,No Inscripto,711009,,H
DNI 24959243,27249592434,24959243,MARTINEZ,MARIA LAURA,27249592434,MARTINEZ MARIA LAURA,,Activo,Activo,No Inscripto,N,Activo,471130,,
DNI 37147748,23371477489,37147748,ORTIZ PANIAGUA,LUTHER PATRICIO GUIDO,23371477489,ORTIZ PANIAGUA LUTHER PATRICIO,,Activo,Activo,No Inscripto,N,No Inscripto,472140,,
DNI 11887069,27118870692,11887069,AVALOS MOSQUEDA GLORIA CONCEPCION,AVALOS MOSQUEDA GLORIA CONCEPCION,27118870692,AVALOS MOSQUEDA GLORIA CONCEPC,,No Inscripto,No Inscripto,A,N,No Inscripto,960990,,A
DNI 18459041,27184590412,18459041,ETCHEVEST,CLAUDIA ALEJANDRA,27184590412,ETCHEVEST CLAUDIA ALEJANDRA,,No Inscripto,No Inscripto,C,N,No Inscripto,477490,,C
DNI 94487261,20944872613,94487261,VIVEROS,"RIOS JORGE ARMANDO        ",20944872613,VIVEROS RIOS JORGE ARMANDO,,No Inscripto,No Inscripto,I,N,No Inscripto,453100,,I
DNI 35868213,20358682139,35868213,CINELLI,ROBERTO IRINEO,20358682139,CINELLI ROBERTO IRINEO,,No Inscripto,No Inscripto,A,N,No Inscripto,410021,,A
DNI 24100554,20241005543,24100554,DELFUER,ROLANDO DARIO,20241005543,DELFUER ROLANDO DARIO,,No Inscripto,No Inscripto,A,N,No Inscripto,492290,,A
DNI 14730587,20147305878,14730587,CRUCIANI,JORGE ALBERTO,20147305878,CRUCIANI JORGE ALBERTO,,No Inscripto,No Inscripto,D,N,No Inscripto,829900,,D
DNI 25247705,20252477056,25247705,BLUMENFELD,MARIANO,20252477056,BLUMENFELD MARIANO,,No Inscripto,No Inscripto,B,N,No Inscripto,960910,,B
