﻿IdExterno,CUIT,Denominacion,Domicilio,Cp,Localidad,Partido,Provincia,Origen,DetOrigen
CUIT30711758654,30711758654,COSTA RIVERA S.R.L.,"MENDOZA 000716  ",5000,CIUDAD DE CORDOBA NO,,"CORDOBA ",ANSES,
CUIT30714448265,30714448265,GRANEVENT S.A.,"CONSTITUCION 357 PB ",,RAMOS MEJIA / LA MATANZA,,BUENOS AIRES,Cablevision,
CUIT30714448265,30714448265,GRANEVENT S.A.,"ROSALES 191 1 ",,RAMOS MEJIA / LA MATANZA,,BUENOS AIRES,Cablevision,
CUIT30714448265,30714448265,GRANEVENT S.A.,MARCELO T. DE ALVEAR 621,1058,C.AUTONOMA DE BS.AS,,CABA,Reg. Automotor (OWK727),
CUIT30713809205,30713809205,GRUPO TEMA SOCIEDAD DE RESPONSABILIDAD LIMITADA,AVENIDA CASTEX 1257   126,1804,CANNING,,PCIA BUENOS AIRES,ANSES,
CUIT30715592203,30715592203,JONATAN ANMUTH Y JULIAN ANMUTH,"RIOJA 1570  ",,ROSARIO / ROSARIO,,SANTA FE,Cablevision,
CUIT30683830530,30683830530,FARMACIA DE LA PLAZA SOC EN COM SIMPLE,"AV MITRE 000844  ",1870,AVELLANEDA,,BUENOS AIRES,ANSES,
CUIT30683830530,30683830530,FARMACIA DE LA PLAZA SOC EN COM SIMPLE,"MITRE PTE BARTOLOME, AV. 634 1 ",,AVELLANEDA / AVELLANEDA,,BUENOS AIRES,Cablevision,
CUIT30683830530,30683830530,FARMACIA DE LA PLAZA SOC EN COM SIMPLE,"MITRE PTE BARTOLOME, AV. 844  ",,AVELLANEDA / AVELLANEDA,,BUENOS AIRES,Cablevision,
CUIT30683830530,30683830530,FARMACIA DE LA PLAZA SOC EN COM SIMPLE,"YRIGOYEN HIPOLITO, AV. 4581  ",,LANUS / LANUS,,BUENOS AIRES,Cablevision,
CUIT30683830530,30683830530,FARMACIA DE LA PLAZA SOC EN COM SIMPLE,AV PRES BARTOLOME MITRE 1100,1870,AVELLANEDA,,BUENOS AIRES,Telefonia fija (Telefonica Argentina),Telefonica Argentina
CUIT30683830530,30683830530,FARMACIA DE LA PLAZA SOC EN COM SIMPLE,AV PRES BARTOLOME MITRE 844 PB,1870,AVELLANEDA,,BUENOS AIRES,Telefonia fija (Telefonica Argentina),Telefonica Argentina
CUIT30683830530,30683830530,FARMACIA DE LA PLAZA SOC EN COM SIMPLE,AV PRES BARTOLOME MITRE 1100 PB,1870,AVELLANEDA,,BUENOS AIRES,Telefonia fija (Telefonica Argentina),Telefonica Argentina
CUIT30708049022,30708049022,GUNAR S.A.,"GARAY 000555  ",2000,ROSARIO SUD,,SANTA FE,ANSES,
CUIT30711497036,30711497036,MALEMAX S.A.,"SOLDADO D.L.INDEPEN. 001364  2  D  ","1426      ","CAPITAL FEDERAL     ",,"CAPITAL FEDERAL     ",ANSES,
CUIT30711497036,30711497036,MALEMAX S.A.,"CRAMER, AV. 1642 1 ",,CAPITAL FEDERAL / CAPITAL FEDERAL,,CAPITAL FEDERAL,Cablevision,
