﻿IdExterno,CUIT,Denominacion,Entidad,Periodo,Monto,Situacion,SituacionDesc
CUIT30711758654,30711758654,COSTA RIVERA S.R.L.,BANCO SANTANDER RIO S.A.,07-2021,37000.00,5,Irrecuperable
CUIT30716543443,30716543443,FABRELLO SERVICIOS,BANCO DE LA NACION ARGENTINA,07-2021,1000.00,1,En situación normal
CUIT30716543443,30716543443,FABRELLO SERVICIOS,BANCO SANTANDER RIO S.A.,07-2021,55000.00,5,Irrecuperable
CUIT30716334313,30716334313,ABASTECEDORA PORCINA MB SRL,BANCO SANTANDER RIO S.A.,07-2021,463000.00,5,Irrecuperable
CUIT30716558815,30716558815,GABAME DISTRIBUIDORA SRL,BANCO SANTANDER RIO S.A.,07-2021,46000.00,5,Irrecuperable
CUIT30709408751,30709408751,ABOGADOS DE HOSPITALES DEL GOBIERNO DE LA CIUDAD DE LA CIUDAD DE BUENOS AIRES ASOCIACION CIVIL EN FORMACION,BANCO SANTANDER RIO S.A.,07-2021,5000.00,5,Irrecuperable
CUIT30714524158,30714524158,"MARTINEZ, ISRAEL DANIEL Y DIAZ, MATIAS EZEQUIEL",BANCO SANTANDER RIO S.A.,07-2021,14000.00,5,Irrecuperable
CUIT30716912384,30716912384,AGROCOMERCIALIZADORA RANQUEL S.A.S. S. A. S.,BANCO SANTANDER RIO S.A.,07-2021,120000.00,3,Con problemas
CUIT33716298189,33716298189,LOGISTICA Y DISTRIBUCION SAN CEFERINO DE CHILLAR SRL EN FORMACION,BANCO SANTANDER RIO S.A.,07-2021,4000.00,5,Irrecuperable
CUIT30716415127,30716415127,OURO PATRICIO LEONEL Y FAZIO MATIAS NICOLAS SOCIEDAD SIMPLE,BBVA BANCO FRANCES S.A.,07-2021,41000.00,5,Irrecuperable
CUIT30716415127,30716415127,OURO PATRICIO LEONEL Y FAZIO MATIAS NICOLAS SOCIEDAD SIMPLE,BANCO SANTANDER RIO S.A.,07-2021,5000.00,5,Irrecuperable
CUIT30715761560,30715761560,CORTECOR SOCIEDAD DE RESPONSABILIDAD LIMITADA,BANCO SANTANDER RIO S.A.,07-2021,862000.00,5,Irrecuperable
CUIT30714709743,30714709743,LEMART FINANZA S.A.,BANCO SANTANDER RIO S.A.,07-2021,25000.00,5,Irrecuperable
RMS376454849931006,30716365405,VMWARE ARGENTINA S.R.L.,AMERICAN EXPRESS ARGENTINA S.A.,07-2021,112000.00,1,En situación normal
CUIT30714448265,30714448265,GRANEVENT S.A.,BBVA BANCO FRANCES S.A.,07-2021,56000.00,1,En situación normal
CUIT30714448265,30714448265,GRANEVENT S.A.,BANCO SANTANDER RIO S.A.,07-2021,74000.00,1,En situación normal
CUIT30714448265,30714448265,GRANEVENT S.A.,AMERICAN EXPRESS ARGENTINA S.A.,07-2021,965000.00,1,En situación normal
CUIT30713809205,30713809205,GRUPO TEMA SOCIEDAD DE RESPONSABILIDAD LIMITADA,BANCO DE GALICIA Y BUENOS AIRES S.A.U.,07-2021,458000.00,1,En situación normal
CUIT30713809205,30713809205,GRUPO TEMA SOCIEDAD DE RESPONSABILIDAD LIMITADA,BANCO DE LA PROVINCIA DE BUENOS AIRES,07-2021,199000.00,1,En situación normal
CUIT30713809205,30713809205,GRUPO TEMA SOCIEDAD DE RESPONSABILIDAD LIMITADA,BBVA BANCO FRANCES S.A.,07-2021,139000.00,2,Con seguimiento especial
CUIT30713809205,30713809205,GRUPO TEMA SOCIEDAD DE RESPONSABILIDAD LIMITADA,BANCO COMAFI SOCIEDAD ANONIMA,07-2021,31000.00,11,Situación mal informada
CUIT30717079295,30717079295,VFGC SOCIEDAD ANONIMA,BBVA BANCO FRANCES S.A.,07-2021,219000.00,1,En situación normal
CUIT30717079295,30717079295,VFGC SOCIEDAD ANONIMA,BANCO SANTANDER RIO S.A.,07-2021,133000.00,3,Con problemas
CUIT30715592203,30715592203,JONATAN ANMUTH Y JULIAN ANMUTH,BBVA BANCO FRANCES S.A.,07-2021,156000.00,5,Irrecuperable
CUIT30683830530,30683830530,FARMACIA DE LA PLAZA SOC EN COM SIMPLE,BBVA BANCO FRANCES S.A.,07-2021,280000.00,4,Con alto riesgo de insolvencia
CUIT30683830530,30683830530,FARMACIA DE LA PLAZA SOC EN COM SIMPLE,BANCO SANTANDER RIO S.A.,07-2021,552000.00,1,En situación normal
CUIT30683830530,30683830530,FARMACIA DE LA PLAZA SOC EN COM SIMPLE,AMERICAN EXPRESS ARGENTINA S.A.,07-2021,169000.00,1,En situación normal
CUIT30708049022,30708049022,GUNAR S.A.,BBVA BANCO FRANCES S.A.,07-2021,134000.00,5,Irrecuperable
CUIT33710955269,33710955269,FIDEICOMISO LOS HUEMULES,BBVA BANCO FRANCES S.A.,07-2021,184000.00,5,Irrecuperable
CUIT30711497036,30711497036,MALEMAX S.A.,BANCO DE GALICIA Y BUENOS AIRES S.A.U.,07-2021,12544000.00,1,En situación normal
CUIT30711497036,30711497036,MALEMAX S.A.,BANCO DE LA NACION ARGENTINA,07-2021,4952000.00,2,Con seguimiento especial
CUIT30711497036,30711497036,MALEMAX S.A.,BANCO DE LA PROVINCIA DE BUENOS AIRES,07-2021,1000.00,1,En situación normal
CUIT30711497036,30711497036,MALEMAX S.A.,BBVA BANCO FRANCES S.A.,07-2021,13454000.00,4,Con alto riesgo de insolvencia
CUIT30711497036,30711497036,MALEMAX S.A.,BANCO DE LA CIUDAD DE BUENOS AIRES,07-2021,310000.00,1,En situación normal
CUIT30711497036,30711497036,MALEMAX S.A.,BANCO PATAGONIA S.A.,07-2021,4615000.00,1,En situación normal
CUIT30711497036,30711497036,MALEMAX S.A.,BANCO SANTANDER RIO S.A.,07-2021,403000.00,1,En situación normal
CUIT30711497036,30711497036,MALEMAX S.A.,GARANTIZAR SGR,07-2021,195000.00,2,Con seguimiento especial
