﻿IdExterno,CUIT,Denominacion,Numero,Domicilio,Localidad,Provincia,CP,TelefonoReferencia,TelefonoReferenciaTipo,Proveedor,Plan,Fuente
CUIT30714448265,30714448265,GRANEVENT S.A.,0111558851122,,,,,,,AMX ARGENTINA,-,Cablevision
CUIT30715592203,30715592203,JONATAN ANMUTH Y JULIAN ANMUTH,0346215560405,,,,,,,AMX ARGENTINA,-,Cablevision
CUIT30683830530,30683830530,FARMACIA DE LA PLAZA SOC EN COM SIMPLE,0111536737344,,,,,,,Telefonica Movistar,-,Cablevision
CUIT30711497036,30711497036,MALEMAX S.A.,0111538385132,,,,,,,Telefonica Movistar,-,Cablevision
