﻿IdExterno,Documento,CUIL,Apellido,Nombre,RazonSocial
CUIT30711758654,71175865,30711758654,,,",COSTA RIVERA SRL"
CUIT30716543443,71654344,30716543443,,,",FABRELLO SERVICIOS SAS"
CUIT30716334313,71633431,30716334313,,,",ABASTECEDORA PORCINA MB SRL"
CUIT30716558815,71655881,30716558815,,,",GABAME DISTRIBUIDORA SRL"
CUIT30709408751,70940875,30709408751,,,",ABOGADOS DE HOSPITALES DEL GOB ABOGADOS"
CUIT30714524158,71452415,30714524158,,,",MARTINEZ ID Y DIAZ ME SH"
CUIT30716912384,71691238,30716912384,,,",AGROCOMERCIALIZAD RANQUEL SAS"
CUIT33716298189,71629818,33716298189,,,",LOGISTICA Y DISTRIBUCION SAN C"
CUIT30716415127,71641512,30716415127,,,",OURO PATRICIO LEONEL Y FAZIO N"
CUIT30715761560,71576156,30715761560,,,",CORTECOR SRL"
CUIT30714709743,71470974,30714709743,,,",LEMART FINANZA SA"
CUIT30715060104,71506010,30715060104,,,",FUNDACION DE VIDA"
RMS376454849931006,71636540,30716365405,,,MARIANO JULIO C STOKLE
CUIT30714448265,71444826,30714448265,,,GRANEVENT SA
CUIT30713809205,71380920,30713809205,,,GRUPO TEMA SRL MIKEY
CUIT30717079295,71707929,30717079295,,,VFGC SOCIEDAD ANONIMA VFGC SOC
CUIT30715592203,71559220,30715592203,,,JONATAN ANMUTH Y JULIAN ANMUTH
CUIT30683830530,68383053,30683830530,,,FARMACIA DE LA PLAZA SCS FARMA
CUIT30708049022,70804902,30708049022,,,GUNAR SA GUNAR
CUIT33710955269,71095526,33710955269,,,FIDEICOMISO LOS HUEMELES FIDEI
CUIT30711497036,71149703,30711497036,,,MALEMAX SA MALEMAX SA
