﻿IdExterno,CUIT,Denominacion,Tipo,Ganancias,Iva,Monotributo,IntegranteSociedad,Empleador,Codigo,Actividad,Categoria
CUIT30711758654,30711758654,COSTA RIVERA S.R.L.,,Activo,Activo,,,,561019,,
CUIT30716543443,30716543443,FABRELLO SERVICIOS,,Activo,Activo,,,,492290,,
CUIT30716334313,30716334313,ABASTECEDORA PORCINA MB SRL,,,,,,,463121,,
CUIT30716558815,30716558815,GABAME DISTRIBUIDORA SRL,,Activo,Activo,,,,463121,,
CUIT30709408751,30709408751,ABOGADOS DE HOSPITALES DEL GOBIERNO DE LA CIUDAD DE LA CIUDAD DE BUENOS AIRES ASOCIACION CIVIL EN FORMACION,,,,,,,919900,,
CUIT30714524158,30714524158,"MARTINEZ, ISRAEL DANIEL Y DIAZ, MATIAS EZEQUIEL",,No corresponde,Activo,,,,474020,,
CUIT30716912384,30716912384,AGROCOMERCIALIZADORA RANQUEL S.A.S. S. A. S.,,,,,,,101011,,
CUIT33716298189,33716298189,LOGISTICA Y DISTRIBUCION SAN CEFERINO DE CHILLAR SRL EN FORMACION,,,,,,,492229,,
CUIT30716415127,30716415127,OURO PATRICIO LEONEL Y FAZIO MATIAS NICOLAS SOCIEDAD SIMPLE,,,,,,,475290,,
CUIT30715761560,30715761560,CORTECOR SOCIEDAD DE RESPONSABILIDAD LIMITADA,,Activo,Activo,,,,463121,,
CUIT30714709743,30714709743,LEMART FINANZA S.A.,,Activo,Activo,,,,162202,,
CUIT30715060104,30715060104,FUNDACION DE VIDA,,Activo,Exento,,,,854930,,
RMS376454849931006,30716365405,VMWARE ARGENTINA S.R.L.,,,,,,,731009,,
CUIT30714448265,30714448265,GRANEVENT S.A.,,Activo,Activo,,,,476110,,
CUIT30713809205,30713809205,GRUPO TEMA SOCIEDAD DE RESPONSABILIDAD LIMITADA,,Activo,Activo,,,,477320,,
CUIT30717079295,30717079295,VFGC SOCIEDAD ANONIMA,,,,,,,492290,,
CUIT30715592203,30715592203,JONATAN ANMUTH Y JULIAN ANMUTH,,No Inscripto,Activo,,,,477320,,
CUIT30683830530,30683830530,FARMACIA DE LA PLAZA SOC EN COM SIMPLE,,Activo,Activo,,,,477310,,
CUIT30708049022,30708049022,GUNAR S.A.,,Activo,Activo,,,,152040,,
CUIT33710955269,33710955269,FIDEICOMISO LOS HUEMULES,,No corresponde,Exento,,,,643001,,
CUIT30711497036,30711497036,MALEMAX S.A.,,Activo,Activo,,,,259999,,
