﻿IdExterno,CUIT,Denominacion,Numero,Domicilio,Localidad,Provincia,CP,TelefonoReferencia,TelefonoReferenciaTipo,Proveedor,Plan,Fuente
CUIT30683830530,30683830530,FARMACIA DE LA PLAZA SOC EN COM SIMPLE,01142010474,AV PRES BARTOLOME MITRE 1100,AVELLANEDA,BUENOS AIRES,1870,,,Telefonica Argentina,-,Telefonica
CUIT30683830530,30683830530,FARMACIA DE LA PLAZA SOC EN COM SIMPLE,01142224394,AV PRES BARTOLOME MITRE 1100,AVELLANEDA,BUENOS AIRES,1870,,,Telefonica Argentina,-,Telefonica
CUIT30683830530,30683830530,FARMACIA DE LA PLAZA SOC EN COM SIMPLE,01142222113,AV PRES BARTOLOME MITRE 844 PB,AVELLANEDA,BUENOS AIRES,1870,,,Telefonica Argentina,-,Telefonica
CUIT30683830530,30683830530,FARMACIA DE LA PLAZA SOC EN COM SIMPLE,01142221737,AV PRES BARTOLOME MITRE 1100 PB,AVELLANEDA,BUENOS AIRES,1870,,,Telefonica Argentina,-,Telefonica
CUIT30683830530,30683830530,FARMACIA DE LA PLAZA SOC EN COM SIMPLE,01142226900,AV PRES BARTOLOME MITRE 1100 PB,AVELLANEDA,BUENOS AIRES,1870,,,Telefonica Argentina,-,Telefonica
CUIT30683830530,30683830530,FARMACIA DE LA PLAZA SOC EN COM SIMPLE,01142221377,AV PRES BARTOLOME MITRE 844 PB,AVELLANEDA,BUENOS AIRES,1870,,,Telefonica Argentina,-,Telefonica
CUIT30683830530,30683830530,FARMACIA DE LA PLAZA SOC EN COM SIMPLE,01142016819,AV PRES BARTOLOME MITRE 844 PB,AVELLANEDA,BUENOS AIRES,1870,,,Telefonica Argentina,-,Telefonica
CUIT30683830530,30683830530,FARMACIA DE LA PLAZA SOC EN COM SIMPLE,01142010818,AV PRES BARTOLOME MITRE 844 PB,AVELLANEDA,BUENOS AIRES,1870,,,Telefonica Argentina,-,Telefonica
CUIT30683830530,30683830530,FARMACIA DE LA PLAZA SOC EN COM SIMPLE,01142014817,AV PRES BARTOLOME MITRE 844 PB,AVELLANEDA,BUENOS AIRES,1870,,,Telefonica Argentina,-,Telefonica
