﻿IdExterno,CUIT,Denominacion,Fuente,Direccion
CUIT30714448265,30714448265,GRANEVENT S.A.,Cablevision,analiamartinez@netmart.com.ar
CUIT30714448265,30714448265,GRANEVENT S.A.,Cablevision,admin@netmart.com.ar
CUIT30714448265,30714448265,GRANEVENT S.A.,Cablevision,gomezingaramo@yahoo.com.ar
CUIT30715592203,30715592203,JONATAN ANMUTH Y JULIAN ANMUTH,Cablevision,analia.soto@redfarmashop.com
CUIT30683830530,30683830530,FARMACIA DE LA PLAZA SOC EN COM SIMPLE,Cablevision,recepcion@puntofarma.com
CUIT30683830530,30683830530,FARMACIA DE LA PLAZA SOC EN COM SIMPLE,Cablevision,soporte@puntofarma.com
CUIT30683830530,30683830530,FARMACIA DE LA PLAZA SOC EN COM SIMPLE,Cablevision,bpaz@puntofarma.com
CUIT30711497036,30711497036,MALEMAX S.A.,Cablevision,smalugan@hotmail.com
CUIT30711497036,30711497036,MALEMAX S.A.,Cablevision,valesaal@gmail.com
